Rotation ID,Schools,Sites,Program,Experience,Student Count,Student Slots,Students,Start Date,End Date,Shift Start,Shift End,Total Hours per Person,Days of the Week,Faculty Name,Preceptor Name,Rotation Type,Course,Unit,Status
312937,Chamberlain College of Nursing - Georgia,Emory Decatur Hospital,Nursing,Cohort Rotation,8,8,"10001, 10002, 10003, 10004, 10005, 10006, 10007, 10008",1/9/23,4/24/23,7:00,19:00,144,Mon,2001,No Preceptor Assigned,MedSurg - Acute Care,NR 446/452 - Colaborative and Capstone - Senior Practicum,Stroke Telemetry - 4400,Archived (Completed)
312939,Chamberlain College of Nursing - Georgia,Emory Decatur Hospital,Nursing,Cohort Rotation,0,8,No Students Assigned,5/8/23,6/26/23,7:00,19:00,96,Mon,ID Missing,No Preceptor Assigned,MedSurg - Acute Care,NR 446 - Collaborative Health,General Medical,Archived (Denied)
312940,Chamberlain College of Nursing - Georgia,Emory Decatur Hospital,Nursing,Cohort Rotation,0,8,No Students Assigned,5/12/23,6/30/23,7:00,19:00,96,Fri,ID Missing,No Preceptor Assigned,MedSurg - Acute Care,NR 446 - Collaborative Health,General Medical,Archived (Denied)
312944,Chamberlain College of Nursing - Georgia,Emory Hillandale Hospital,Nursing,Cohort Rotation,0,6,No Students Assigned,1/9/23,4/24/23,7:00,19:00,144,Mon,ID Missing,No Preceptor Assigned,MedSurg - Acute Care,NR 446/452 - Colaborative and Capstone - Senior Practicum,Telemetry,Archived (Withdrawn)
312945,Chamberlain College of Nursing - Georgia,Emory Hillandale Hospital,Nursing,Cohort Rotation,0,6,No Students Assigned,1/13/23,4/28/23,7:00,19:00,144,Fri,ID Missing,No Preceptor Assigned,MedSurg - Acute Care,NR 446/452 - Colaborative and Capstone - Senior Practicum,Telemetry,Archived (Withdrawn)
312946,Chamberlain College of Nursing - Georgia,Emory Hillandale Hospital,Nursing,Cohort Rotation,0,6,No Students Assigned,5/8/23,6/26/23,7:00,19:00,96,Mon,ID Missing,No Preceptor Assigned,MedSurg - Acute Care,NR 446 - Collaborative Health,Telemetry,Archived (Withdrawn)
312947,Chamberlain College of Nursing - Georgia,Emory Hillandale Hospital,Nursing,Cohort Rotation,0,6,No Students Assigned,5/12/23,6/30/23,7:00,19:00,96,Fri,ID Missing,No Preceptor Assigned,MedSurg - Acute Care,NR 446 - Collaborative Health,Telemetry,Archived (Withdrawn)
312951,Chamberlain College of Nursing - Georgia,Emory Johns Creek Hospital,Nursing,Cohort Rotation,0,8,No Students Assigned,1/2/23,4/26/23,7:00,19:00,144,Mon,ID Missing,No Preceptor Assigned,MedSurg - Acute Care,NR 446/452 - Colaborative and Capstone - Senior Practicum,3rd floor: med-surg,Archived (Denied)
312952,Chamberlain College of Nursing - Georgia,Emory Johns Creek Hospital,Nursing,Cohort Rotation,0,8,No Students Assigned,1/2/23,4/26/23,7:00,19:00,144,Tue,ID Missing,No Preceptor Assigned,MedSurg - Acute Care,NR 446/452 - Colaborative and Capstone - Senior Practicum,3rd floor: med-surg,Archived (Denied)
312953,Chamberlain College of Nursing - Georgia,Emory Johns Creek Hospital,Nursing,Cohort Rotation,0,8,No Students Assigned,5/1/23,6/25/23,7:00,19:00,96,Mon,ID Missing,No Preceptor Assigned,MedSurg - Acute Care,NR 446 - Senior Practicum - Collaborative Healthcare,3rd floor: med-surg,Archived (Denied)
312954,Chamberlain College of Nursing - Georgia,Emory Johns Creek Hospital,Nursing,Cohort Rotation,0,8,No Students Assigned,5/1/23,6/25/23,7:00,19:00,96,Tue,ID Missing,No Preceptor Assigned,MedSurg - Acute Care,NR 446 - Senior Practicum - Collaborative Healthcare,3rd floor: med-surg,Archived (Denied)
312959,Chamberlain College of Nursing - Georgia,Emory Saint Joseph's Hospital,Nursing,Cohort Rotation,0,8,No Students Assigned,1/11/23,4/26/23,7:00,19:00,144,Wed,ID Missing,No Preceptor Assigned,MedSurg - Acute Care,NR 446/452 - Colaborative and Capstone - Senior Practicum,6E,Archived (Withdrawn)
312960,Chamberlain College of Nursing - Georgia,Emory Saint Joseph's Hospital,Nursing,Cohort Rotation,8,8,"10009, 10010, 10011, 10012, 10013, 10014, 10015, 10016",1/13/23,4/28/23,7:00,19:00,144,Fri,ID Missing,No Preceptor Assigned,MedSurg - Acute Care,NR 446/452 - Colaborative and Capstone - Senior Practicum,3SW,Archived (Completed)
312961,Chamberlain College of Nursing - Georgia,Emory Saint Joseph's Hospital,Nursing,Cohort Rotation,8,8,"10017, 10018, 10019, 10020, 10021, 10022, 10023, 10024",5/10/23,6/28/23,7:00,19:00,96,Wed,ID Missing,No Preceptor Assigned,MedSurg - Acute Care,NR 446 - Senior Practicum - Collaborative Healthcare,6W,Archived (Completed)
312962,Chamberlain College of Nursing - Georgia,Emory Saint Joseph's Hospital,Nursing,Cohort Rotation,8,8,"10025, 10026, 10027, 10028, 10029, 10030, 10031, 10032",5/12/23,6/30/23,7:00,19:00,96,Fri,ID Missing,No Preceptor Assigned,MedSurg - Acute Care,NR 446 - Senior Practicum - Collaborative Healthcare,3SW,Archived (Completed)
312968,Chamberlain College of Nursing - Georgia,Emory University Hospital Midtown,Nursing,Cohort Rotation,0,8,No Students Assigned,1/11/23,4/26/23,7:00,19:00,144,Wed,ID Missing,No Preceptor Assigned,MedSurg - Acute Care,NR 446/452 - Colaborative and Capstone - Senior Practicum,51: Med-Surg,Archived (Withdrawn)
312969,Chamberlain College of Nursing - Georgia,Emory University Hospital Midtown,Nursing,Cohort Rotation,0,8,No Students Assigned,1/2/23,4/26/23,7:00,19:00,144,Fri,ID Missing,No Preceptor Assigned,MedSurg - Acute Care,NR 446/452 - Colaborative and Capstone - Senior Practicum,51: Med-Surg,Archived (Denied)
312970,Chamberlain College of Nursing - Georgia,Emory University Hospital Midtown,Nursing,Cohort Rotation,0,8,No Students Assigned,5/1/23,6/25/23,7:00,19:00,96,Wed,ID Missing,No Preceptor Assigned,MedSurg - Acute Care,NR 446 - Collaborative Health,51: Med-Surg,Archived (Denied)
312971,Chamberlain College of Nursing - Georgia,Emory University Hospital Midtown,Nursing,Cohort Rotation,0,8,No Students Assigned,5/1/23,6/25/23,7:00,19:00,96,Fri,ID Missing,No Preceptor Assigned,MedSurg - Acute Care,NR 446 - Senior Practicum - Collaborative Healthcare,51: Med-Surg,Archived (Denied)
319596,Chamberlain College of Nursing - Georgia,Emory Decatur Hospital,Nursing,Cohort Rotation,6,6,"10033, 10034, 10035, 10036, 10037, 10038",3/10/23,4/28/23,7:00,15:00,48,Fri,ID Missing,No Preceptor Assigned,Psychiatry; Mental Health; Behavioral Medicine,NR 326 - Mental Health Nursing,Behavioral Health (acute) - 1800,Archived (Completed)
319605,Chamberlain College of Nursing - Georgia,Emory University Hospital at Wesley Woods,Nursing,Cohort Rotation,6,6,"10039, 10040, 10041, 10042, 10043, 10044",1/13/23,3/3/23,7:00,15:00,48,Fri,ID Missing,No Preceptor Assigned,Psychiatry; Mental Health; Behavioral Medicine,NR 326 - Mental Health Nursing,Inpatient Psych,Archived (Completed)
319606,Chamberlain College of Nursing - Georgia,Emory University Hospital at Wesley Woods,Nursing,Cohort Rotation,6,6,"10045, 10046, 10047, 10048, 10049, 10050",3/10/23,4/28/23,7:00,15:00,48,Fri,ID Missing,No Preceptor Assigned,Psychiatry; Mental Health; Behavioral Medicine,NR 326 - Mental Health Nursing,-no preference-,Archived (Completed)
322010,Chamberlain College of Nursing - Georgia,Emory Saint Joseph's Hospital,Nursing,Cohort Rotation,7,8,"10051, 10052, 10053, 10054, 10055, 10056, 10057",1/12/23,2/24/23,7:00,15:00,48,Thu,ID Missing,No Preceptor Assigned,Fundamentals,NR 226 - Fundamentals - Patient Care,4W,Archived (Completed)
322011,Chamberlain College of Nursing - Georgia,Emory Saint Joseph's Hospital,Nursing,Cohort Rotation,6,8,"10058, 10059, 10060, 10061, 10062, 10063",1/12/23,3/2/23,7:00,15:00,48,Thu,ID Missing,No Preceptor Assigned,Fundamentals,NR 226 - Fundamentals - Patient Care,5E,Archived (Completed)
322012,Chamberlain College of Nursing - Georgia,Emory Saint Joseph's Hospital,Nursing,Cohort Rotation,0,8,No Students Assigned,1/6/23,2/24/23,7:00,15:00,48,Fri,ID Missing,No Preceptor Assigned,Fundamentals,NR 226 - Fundamentals - Patient Care,4W,Archived (Denied)
337862,Georgia Baptist College of Nursing of Mercer University - Undergraduate Nursing,Emory University Hospital Midtown,Nursing,Precepted Rotation,1,1,10064,3/15/23,4/30/23,0:00,23:59,125,"Wed, Thu, Fri, Sat, Sun",ID Missing,No Preceptor Assigned,Practicum,NUR 404 - Senior Practicum and Role Transition,42/54: Mother/Baby,Archived (Completed)
338971,Georgia Baptist College of Nursing of Mercer University - Undergraduate Nursing,Emory Hillandale Hospital,Nursing,Precepted Rotation,0,1,No Students Assigned,1/11/23,3/12/23,0:00,23:59,125,"Wed, Thu, Fri, Sat, Sun",ID Missing,No Preceptor Assigned,Practicum,NUR 404 - Senior Practicum and Role Transition,Emergency Dept,Archived (Denied)
338972,Georgia Baptist College of Nursing of Mercer University - Undergraduate Nursing,Emory Hillandale Hospital,Nursing,Precepted Rotation,0,1,No Students Assigned,1/11/23,3/12/23,0:00,23:59,125,"Wed, Thu, Fri, Sat, Sun",ID Missing,No Preceptor Assigned,Practicum,NUR 404 - Senior Practicum and Role Transition,Med/Surg,Archived (Denied)
338977,Georgia Baptist College of Nursing of Mercer University - Undergraduate Nursing,Emory Hillandale Hospital,Nursing,Precepted Rotation,0,1,No Students Assigned,1/11/23,3/12/23,0:00,23:59,125,"Wed, Thu, Fri, Sat, Sun",ID Missing,No Preceptor Assigned,Practicum,NUR 404 - Senior Practicum and Role Transition,3rd floor,Archived (Denied)
338993,Georgia Baptist College of Nursing of Mercer University - Undergraduate Nursing,Emory University Hospital,Nursing,Precepted Rotation,0,1,No Students Assigned,1/11/23,3/12/23,0:00,23:59,125,"Wed, Thu, Fri, Sat, Sun",ID Missing,No Preceptor Assigned,Practicum,NUR 404 - Senior Practicum and Role Transition,5G: Medical,Archived (Denied)
338994,Georgia Baptist College of Nursing of Mercer University - Undergraduate Nursing,Emory University Hospital,Nursing,Precepted Rotation,0,1,No Students Assigned,1/11/23,3/12/23,0:00,23:59,125,"Wed, Thu, Fri, Sat, Sun",ID Missing,No Preceptor Assigned,Practicum,NUR 404 - Senior Practicum and Role Transition,4G: Telemetry,Archived (Denied)
338995,Georgia Baptist College of Nursing of Mercer University - Undergraduate Nursing,Emory University Hospital,Nursing,Precepted Rotation,0,1,No Students Assigned,1/11/23,3/12/23,0:00,23:59,125,"Wed, Thu, Fri, Sat, Sun",ID Missing,No Preceptor Assigned,Practicum,NUR 404 - Senior Practicum and Role Transition,6G: Medical,Archived (Denied)
338996,Georgia Baptist College of Nursing of Mercer University - Undergraduate Nursing,Emory University Hospital,Nursing,Precepted Rotation,1,1,10065,3/15/23,4/30/23,0:00,23:59,125,"Wed, Thu, Fri, Sat, Sun",ID Missing,No Preceptor Assigned,Practicum,NUR 404 - Senior Practicum and Role Transition,7T: Surgical,Archived (Completed)
338999,Georgia Baptist College of Nursing of Mercer University - Undergraduate Nursing,Emory Saint Joseph's Hospital,Nursing,Precepted Rotation,0,1,No Students Assigned,1/11/23,3/12/23,0:00,23:59,125,"Wed, Thu, Fri, Sat, Sun",ID Missing,No Preceptor Assigned,Practicum,NUR 404 - Senior Practicum and Role Transition,3W,Archived (Denied)
339000,Georgia Baptist College of Nursing of Mercer University - Undergraduate Nursing,Emory Saint Joseph's Hospital,Nursing,Precepted Rotation,0,1,No Students Assigned,1/11/23,3/12/23,0:00,23:59,125,"Wed, Thu, Fri, Sat, Sun",ID Missing,No Preceptor Assigned,Practicum,NUR 404 - Senior Practicum and Role Transition,4W,Archived (Denied)
339001,Georgia Baptist College of Nursing of Mercer University - Undergraduate Nursing,Emory Saint Joseph's Hospital,Nursing,Precepted Rotation,0,1,No Students Assigned,1/11/23,3/12/23,0:00,23:59,125,"Wed, Thu, Fri, Sat, Sun",ID Missing,No Preceptor Assigned,Practicum,NUR 404 - Senior Practicum and Role Transition,5W,Archived (Denied)
339109,Georgia Baptist College of Nursing of Mercer University - Undergraduate Nursing,Emory Saint Joseph's Hospital,Nursing,Cohort Rotation,6,8,"10066, 10067, 10068, 10069, 10070, 10071",1/19/23,4/20/23,7:00,16:00,95,Thu,ID Missing,No Preceptor Assigned,MedSurg - Acute Care,NUR 317 - Adult Health,6E,Archived (Completed)
340221,Georgia Baptist College of Nursing of Mercer University - Undergraduate Nursing,Emory Saint Joseph's Hospital,Nursing,Cohort Rotation,6,8,"10072, 10073, 10074, 10075, 10076, 10077",1/18/23,4/19/23,7:00,16:00,95,Wed,ID Missing,No Preceptor Assigned,MedSurg - Acute Care,NUR 317 - Adult Health,6W,Archived (Completed)
343680,Chamberlain College of Nursing - Georgia,Emory Saint Joseph's Hospital,Nursing,Cohort Rotation,0,8,No Students Assigned,1/14/23,4/29/23,7:00,19:00,144,Sat,ID Missing,No Preceptor Assigned,MedSurg - Acute Care,NR 446/452 - Colaborative and Capstone - Senior Practicum,6W,Archived (Withdrawn)
343681,Chamberlain College of Nursing - Georgia,Emory Saint Joseph's Hospital,Nursing,Cohort Rotation,0,8,No Students Assigned,1/14/23,4/29/23,7:00,19:00,144,Sat,ID Missing,No Preceptor Assigned,MedSurg - Acute Care,NR 446/452 - Colaborative and Capstone - Senior Practicum,3SW,Archived (Withdrawn)
343682,Chamberlain College of Nursing - Georgia,Emory Saint Joseph's Hospital,Nursing,Cohort Rotation,0,8,No Students Assigned,5/13/23,7/1/23,7:00,19:00,96,Sat,ID Missing,No Preceptor Assigned,MedSurg - Acute Care,NR 446 - Senior Practicum - Collaborative Healthcare,6W,Archived (Denied)
343683,Chamberlain College of Nursing - Georgia,Emory Saint Joseph's Hospital,Nursing,Cohort Rotation,0,8,No Students Assigned,5/13/23,7/1/23,7:00,19:00,96,Sat,ID Missing,No Preceptor Assigned,MedSurg - Acute Care,NR 446 - Collaborative Health,3SW,Archived (Withdrawn)
343684,Chamberlain College of Nursing - Georgia,Emory University Hospital Midtown,Nursing,Cohort Rotation,0,8,No Students Assigned,1/14/23,4/29/23,7:00,19:00,144,Sat,ID Missing,No Preceptor Assigned,MedSurg - Acute Care,NR 446/452 - Colaborative and Capstone - Senior Practicum,51: Med-Surg,Archived (Withdrawn)
343685,Chamberlain College of Nursing - Georgia,Emory University Hospital Midtown,Nursing,Cohort Rotation,0,8,No Students Assigned,5/1/23,6/25/23,7:00,19:00,96,Sat,ID Missing,No Preceptor Assigned,MedSurg - Acute Care,NR 446 - Senior Practicum - Collaborative Healthcare,51: Med-Surg,Archived (Denied)
343686,Chamberlain College of Nursing - Georgia,Emory Johns Creek Hospital,Nursing,Cohort Rotation,0,8,No Students Assigned,1/14/23,4/29/23,7:00,19:00,144,Sat,ID Missing,No Preceptor Assigned,MedSurg - Acute Care,NR 446/452 - Colaborative and Capstone - Senior Practicum,3rd floor: med-surg,Archived (Withdrawn)
343687,Chamberlain College of Nursing - Georgia,Emory Johns Creek Hospital,Nursing,Cohort Rotation,0,8,No Students Assigned,5/13/23,7/1/23,7:00,19:00,96,Sat,ID Missing,No Preceptor Assigned,MedSurg - Acute Care,NR 446 - Senior Practicum - Collaborative Healthcare,3rd floor: med-surg,Archived (Withdrawn)
343690,Chamberlain College of Nursing - Georgia,Emory Decatur Hospital,Nursing,Cohort Rotation,0,6,No Students Assigned,1/2/23,1/29/23,7:00,19:00,48,Mon,ID Missing,No Preceptor Assigned,Perinatal - OB,NR 327 - Maternal Child,L&D,Archived (Denied)
343691,Chamberlain College of Nursing - Georgia,Emory Decatur Hospital,Nursing,Cohort Rotation,0,6,No Students Assigned,1/30/23,2/26/23,7:00,19:00,48,Mon,ID Missing,No Preceptor Assigned,Perinatal - OB,NR 327 - Maternal Child,L&D,Archived (Denied)
343692,Chamberlain College of Nursing - Georgia,Emory Decatur Hospital,Nursing,Cohort Rotation,0,6,No Students Assigned,1/2/23,1/29/23,7:00,19:00,48,Wed,ID Missing,No Preceptor Assigned,Perinatal - OB,NR 327 - Maternal Child,L&D,Archived (Denied)
343693,Chamberlain College of Nursing - Georgia,Emory Decatur Hospital,Nursing,Cohort Rotation,0,6,No Students Assigned,1/30/23,2/26/23,7:00,19:00,48,Wed,ID Missing,No Preceptor Assigned,Perinatal - OB,NR 327 - Maternal Child,L&D,Archived (Denied)
343696,Chamberlain College of Nursing - Georgia,Emory Decatur Hospital,Nursing,Cohort Rotation,0,6,No Students Assigned,1/2/23,1/29/23,7:00,19:00,48,Sat,ID Missing,No Preceptor Assigned,Perinatal - OB,NR 327 - Maternal Child,L&D,Archived (Denied)
343697,Chamberlain College of Nursing - Georgia,Emory Decatur Hospital,Nursing,Cohort Rotation,0,6,No Students Assigned,1/30/23,2/26/23,7:00,19:00,48,Sat,ID Missing,No Preceptor Assigned,Perinatal - OB,NR 327 - Maternal Child,L&D,Archived (Denied)
343698,Chamberlain College of Nursing - Georgia,Emory Decatur Hospital,Nursing,Cohort Rotation,0,6,No Students Assigned,2/27/23,3/26/23,7:00,19:00,48,Mon,ID Missing,No Preceptor Assigned,Perinatal - OB,NR 327 - Maternal Child,L&D,Archived (Denied)
343699,Chamberlain College of Nursing - Georgia,Emory Decatur Hospital,Nursing,Cohort Rotation,0,6,No Students Assigned,3/27/23,4/23/23,7:00,19:00,48,Mon,ID Missing,No Preceptor Assigned,Perinatal - OB,NR 327 - Maternal Child,L&D,Archived (Denied)
343700,Chamberlain College of Nursing - Georgia,Emory Decatur Hospital,Nursing,Cohort Rotation,0,6,No Students Assigned,2/27/23,3/26/23,7:00,19:00,48,Wed,ID Missing,No Preceptor Assigned,Perinatal - OB,NR 327 - Maternal Child,L&D,Archived (Denied)
343701,Chamberlain College of Nursing - Georgia,Emory Decatur Hospital,Nursing,Cohort Rotation,0,6,No Students Assigned,3/27/23,4/23/23,7:00,19:00,48,Wed,ID Missing,No Preceptor Assigned,Perinatal - OB,NR 327 - Maternal Child,L&D,Archived (Denied)
343702,Chamberlain College of Nursing - Georgia,Emory Decatur Hospital,Nursing,Cohort Rotation,6,6,"10078, 10079, 10039, 10080, 10081, 10082",3/10/23,3/31/23,7:00,19:00,48,Fri,ID Missing,No Preceptor Assigned,Perinatal - OB,NR 327 - Maternal Child,L&D,Archived (Completed)
343703,Chamberlain College of Nursing - Georgia,Emory Decatur Hospital,Nursing,Cohort Rotation,0,6,No Students Assigned,4/7/23,4/28/23,7:00,19:00,48,Fri,ID Missing,No Preceptor Assigned,Perinatal - OB,NR 327 - Maternal Child,L&D,Archived (Withdrawn)
343704,Chamberlain College of Nursing - Georgia,Emory Decatur Hospital,Nursing,Cohort Rotation,0,6,No Students Assigned,2/27/23,3/26/23,7:00,19:00,48,Sat,ID Missing,No Preceptor Assigned,Perinatal - OB,NR 327 - Maternal Child,L&D,Archived (Denied)
343705,Chamberlain College of Nursing - Georgia,Emory Decatur Hospital,Nursing,Cohort Rotation,0,6,No Students Assigned,3/27/23,4/23/23,7:00,19:00,48,Sat,ID Missing,No Preceptor Assigned,Perinatal - OB,NR 327 - Maternal Child,L&D,Archived (Denied)
343706,Chamberlain College of Nursing - Georgia,Emory Decatur Hospital,Nursing,Cohort Rotation,0,6,No Students Assigned,5/1/23,5/28/23,7:00,19:00,48,Mon,ID Missing,No Preceptor Assigned,Perinatal - OB,NR 327 - Maternal Child,L&D,Archived (Denied)
343707,Chamberlain College of Nursing - Georgia,Emory Decatur Hospital,Nursing,Cohort Rotation,0,6,No Students Assigned,5/29/23,6/25/23,7:00,19:00,48,Mon,ID Missing,No Preceptor Assigned,Perinatal - OB,NR 327 - Maternal Child,L&D,Archived (Denied)
343708,Chamberlain College of Nursing - Georgia,Emory Decatur Hospital,Nursing,Cohort Rotation,0,6,No Students Assigned,5/1/23,5/28/23,7:00,19:00,48,Wed,ID Missing,No Preceptor Assigned,Perinatal - OB,NR 327 - Maternal Child,L&D,Archived (Denied)
343709,Chamberlain College of Nursing - Georgia,Emory Decatur Hospital,Nursing,Cohort Rotation,0,6,No Students Assigned,5/29/23,6/25/23,7:00,19:00,48,Wed,ID Missing,No Preceptor Assigned,Perinatal - OB,NR 327 - Maternal Child,L&D,Archived (Denied)
343712,Chamberlain College of Nursing - Georgia,Emory Decatur Hospital,Nursing,Cohort Rotation,0,6,No Students Assigned,5/1/23,5/28/23,7:00,19:00,48,Sat,ID Missing,No Preceptor Assigned,Perinatal - OB,NR 327 - Maternal Child,L&D,Archived (Denied)
343713,Chamberlain College of Nursing - Georgia,Emory Decatur Hospital,Nursing,Cohort Rotation,0,6,No Students Assigned,5/29/23,6/25/23,7:00,19:00,48,Sat,ID Missing,No Preceptor Assigned,Perinatal - OB,NR 327 - Maternal Child,L&D,Archived (Denied)
343901,Chamberlain College of Nursing - Georgia,Emory Decatur Hospital,Nursing,Cohort Rotation,8,8,"10083, 10084, 10085, 10086, 10087, 10088, 10089, 10090",1/14/23,4/29/23,7:00,19:00,144,Sat,ID Missing,No Preceptor Assigned,MedSurg - Acute Care,NR 446/452 - Colaborative and Capstone - Senior Practicum,Stroke Telemetry - 4400,Archived (Completed)
343902,Chamberlain College of Nursing - Georgia,Emory Decatur Hospital,Nursing,Cohort Rotation,0,8,No Students Assigned,5/11/23,6/29/23,7:00,19:00,96,Thu,ID Missing,No Preceptor Assigned,MedSurg - Acute Care,NR 446 - Senior Practicum - Collaborative Healthcare,General Medical,Archived (Denied)
343903,Chamberlain College of Nursing - Georgia,Emory Decatur Hospital,Nursing,Cohort Rotation,0,8,No Students Assigned,5/13/23,7/1/23,7:00,19:00,96,Sat,ID Missing,No Preceptor Assigned,MedSurg - Acute Care,NR 446 - Senior Practicum - Collaborative Healthcare,General Medical,Archived (Withdrawn)
344178,Chamberlain College of Nursing - Georgia,Emory Decatur Hospital,Nursing,Cohort Rotation,0,8,No Students Assigned,5/9/23,6/27/23,7:00,19:00,96,Tue,ID Missing,No Preceptor Assigned,MedSurg - Acute Care,NR 325 - Adult Health II,Surgical Oncology,Archived (Denied)
344179,Chamberlain College of Nursing - Georgia,Emory Decatur Hospital,Nursing,Cohort Rotation,0,8,No Students Assigned,5/11/23,6/29/23,7:00,19:00,96,Thu,ID Missing,No Preceptor Assigned,MedSurg - Acute Care,NR 325 - Adult Health II,Surgical Oncology,Archived (Denied)
344180,Chamberlain College of Nursing - Georgia,Emory University Hospital Midtown,Nursing,Cohort Rotation,7,8,"10091, 10092, 10093, 10094, 10095, 10096, 10097",1/10/23,2/28/23,7:00,19:00,96,Tue,ID Missing,No Preceptor Assigned,MedSurg - Acute Care,NR 325 - Adult Health II,22: Med/Surg,Archived (Completed)
344181,Chamberlain College of Nursing - Georgia,Emory University Hospital Midtown,Nursing,Cohort Rotation,8,8,"10079, 10098, 10099, 10100, 10101, 10102, 10103, 10104",1/12/23,3/2/23,7:00,19:00,96,Thu,ID Missing,No Preceptor Assigned,MedSurg - Acute Care,NR 325 - Adult Health II,22: Med/Surg,Archived (Completed)
344182,Chamberlain College of Nursing - Georgia,Emory University Hospital Midtown,Nursing,Cohort Rotation,6,8,"10058, 10059, 10060, 10061, 10063, 10105",2/28/23,4/23/23,7:00,19:00,96,Tue,ID Missing,No Preceptor Assigned,MedSurg - Acute Care,NR 324 - Adult Health I,22: Med/Surg,Archived (Completed)
344183,Chamberlain College of Nursing - Georgia,Emory University Hospital Midtown,Nursing,Cohort Rotation,8,8,"10106, 10107, 10108, 10109, 10110, 10111, 10112, 10113",3/2/23,4/20/23,7:00,19:00,96,Thu,ID Missing,No Preceptor Assigned,MedSurg - Acute Care,NR 324 - Adult Health I,22: Med/Surg,Archived (Completed)
344184,Chamberlain College of Nursing - Georgia,Emory University Hospital Midtown,Nursing,Cohort Rotation,8,8,"10107, 10108, 10109, 10110, 10111, 10112, 10113, 10114",5/9/23,6/27/23,7:00,19:00,96,Tue,ID Missing,No Preceptor Assigned,MedSurg - Acute Care,NR 325 - Adult Health II,22: Med/Surg,Archived (Completed)
344185,Chamberlain College of Nursing - Georgia,Emory University Hospital Midtown,Nursing,Cohort Rotation,7,8,"10058, 10059, 10060, 10061, 10063, 10105, 10115",5/11/23,6/29/23,7:00,19:00,96,Thu,ID Missing,No Preceptor Assigned,MedSurg - Acute Care,NR 325 - Adult Health II,22: Med/Surg,Archived (Completed)
344186,Chamberlain College of Nursing - Georgia,Emory Saint Joseph's Hospital,Nursing,Cohort Rotation,8,8,"10051, 10052, 10053, 10054, 10055, 10116, 10117, 10118",3/7/23,4/25/23,7:00,19:00,96,Tue,ID Missing,No Preceptor Assigned,MedSurg - Acute Care,NR 324 - Adult Health I,3SW,Archived (Completed)
344187,Chamberlain College of Nursing - Georgia,Emory Saint Joseph's Hospital,Nursing,Cohort Rotation,8,8,"10119, 10120, 10121, 10122, 10123, 10124, 10125, 10126",3/7/23,4/25/23,7:00,19:00,96,Tue,ID Missing,No Preceptor Assigned,MedSurg - Acute Care,NR 324 - Adult Health I,5W,Archived (Completed)
344188,Chamberlain College of Nursing - Georgia,Emory Saint Joseph's Hospital,Nursing,Cohort Rotation,0,8,No Students Assigned,3/2/23,4/20/23,7:00,19:00,96,Thu,ID Missing,No Preceptor Assigned,MedSurg - Acute Care,NR 324 - Adult Health I,5W,Archived (Withdrawn)
344189,Chamberlain College of Nursing - Georgia,Emory Saint Joseph's Hospital,Nursing,Cohort Rotation,7,8,"10127, 10128, 10129, 10130, 10131, 10132, 10133",1/10/23,2/28/23,7:00,19:00,96,Tue,ID Missing,No Preceptor Assigned,MedSurg - Acute Care,NR 325 - Adult Health II,3SW,Archived (Completed)
344190,Chamberlain College of Nursing - Georgia,Emory Saint Joseph's Hospital,Nursing,Cohort Rotation,8,8,"10134, 10135, 10136, 10137, 10138, 10139, 10140, 10141",1/10/23,2/28/23,7:00,19:00,96,Tue,ID Missing,No Preceptor Assigned,MedSurg - Acute Care,NR 325 - Adult Health II,5W,Archived (Completed)
344191,Chamberlain College of Nursing - Georgia,Emory Saint Joseph's Hospital,Nursing,Cohort Rotation,7,8,"10078, 10142, 10034, 10143, 10050, 10144, 10145",1/12/23,3/2/23,7:00,19:00,96,Thu,ID Missing,No Preceptor Assigned,MedSurg - Acute Care,NR 325 - Adult Health II,5W,Archived (Completed)
344192,Chamberlain College of Nursing - Georgia,Emory Saint Joseph's Hospital,Nursing,Cohort Rotation,8,8,"10051, 10052, 10053, 10054, 10055, 10117, 10118, 10116",5/9/23,6/27/23,7:00,19:00,96,Tue,ID Missing,No Preceptor Assigned,MedSurg - Acute Care,NR 325 - Adult Health II,3SW,Archived (Completed)
344193,Chamberlain College of Nursing - Georgia,Emory Saint Joseph's Hospital,Nursing,Cohort Rotation,8,8,"10123, 10119, 10120, 10124, 10126, 10125, 10122, 10133",5/9/23,6/27/23,7:00,19:00,96,Tue,ID Missing,No Preceptor Assigned,MedSurg - Acute Care,NR 325 - Adult Health II,5W,Archived (Completed)
344194,Chamberlain College of Nursing - Georgia,Emory Saint Joseph's Hospital,Nursing,Cohort Rotation,0,8,No Students Assigned,5/11/23,6/29/23,7:00,19:00,96,Thu,ID Missing,No Preceptor Assigned,MedSurg - Acute Care,NR 325 - Adult Health II,5W,Archived (Withdrawn)
344201,Chamberlain College of Nursing - Georgia,Emory Saint Joseph's Hospital,Nursing,Cohort Rotation,7,8,"10146, 10147, 10148, 10149, 10150, 10151, 10152",1/14/23,3/4/23,7:00,15:00,48,Sat,ID Missing,No Preceptor Assigned,Fundamentals,NR 226 - Fundamentals - Patient Care,4W,Archived (Completed)
344202,Chamberlain College of Nursing - Georgia,Emory Saint Joseph's Hospital,Nursing,Cohort Rotation,8,8,"10153, 10154, 10155, 10156, 10157, 10158, 10159, 10160",5/11/23,6/29/23,7:00,15:00,48,Thu,ID Missing,No Preceptor Assigned,Fundamentals,NR 226 - Fundamentals - Patient Care,5E,Archived (Completed)
344203,Chamberlain College of Nursing - Georgia,Emory Saint Joseph's Hospital,Nursing,Cohort Rotation,8,8,"10161, 10162, 10163, 10164, 10165, 10166, 10167, 10168",5/11/23,6/29/23,7:00,15:00,48,Thu,ID Missing,No Preceptor Assigned,Fundamentals,NR 226 - Fundamentals - Patient Care,4W,Archived (Completed)
344204,Chamberlain College of Nursing - Georgia,Emory Saint Joseph's Hospital,Nursing,Cohort Rotation,6,8,"10169, 10170, 10171, 10172, 10173, 10174",5/12/23,6/30/23,7:00,15:00,48,Fri,ID Missing,No Preceptor Assigned,Fundamentals,NR 226 - Fundamentals - Patient Care,4W,Archived (Completed)
344207,Chamberlain College of Nursing - Georgia,Emory Saint Joseph's Hospital,Nursing,Cohort Rotation,8,8,"10175, 10176, 10177, 10178, 10179, 10180, 10181, 10182",5/13/23,7/1/23,7:00,15:00,48,Sat,ID Missing,No Preceptor Assigned,Fundamentals,NR 226 - Fundamentals - Patient Care,4W,Archived (Completed)
344389,Chamberlain College of Nursing - Georgia,Emory Decatur Hospital,Nursing,Cohort Rotation,0,6,No Students Assigned,5/12/23,6/30/23,7:00,15:00,48,Fri,ID Missing,No Preceptor Assigned,Psychiatry; Mental Health; Behavioral Medicine,NR 326 - Mental Health Nursing,Behavioral Health,Archived (Withdrawn)
344426,Chamberlain College of Nursing - Georgia,Emory University Hospital Midtown,Nursing,Cohort Rotation,0,6,No Students Assigned,1/2/23,1/29/23,7:00,19:00,96,Mon,ID Missing,No Preceptor Assigned,Critical/Intensive Care,NR341 - Complex Adult Health,31: ICU,Archived (Denied)
344427,Chamberlain College of Nursing - Georgia,Emory University Hospital Midtown,Nursing,Cohort Rotation,0,6,No Students Assigned,1/30/23,2/26/23,7:00,19:00,96,Mon,ID Missing,No Preceptor Assigned,Critical/Intensive Care,NR341 - Complex Adult Health,31: ICU,Archived (Denied)
344428,Chamberlain College of Nursing - Georgia,Emory University Hospital Midtown,Nursing,Cohort Rotation,0,6,No Students Assigned,1/7/23,1/28/23,7:00,19:00,96,Sat,ID Missing,No Preceptor Assigned,Critical/Intensive Care,NR341 - Complex Adult Health,31: ICU,Archived (Denied)
344429,Chamberlain College of Nursing - Georgia,Emory University Hospital Midtown,Nursing,Cohort Rotation,0,6,No Students Assigned,2/4/23,2/25/23,7:00,19:00,96,Sat,ID Missing,No Preceptor Assigned,Critical/Intensive Care,NR341 - Complex Adult Health,31: ICU,Archived (Denied)
344433,Chamberlain College of Nursing - Georgia,Emory University Hospital Midtown,Nursing,Cohort Rotation,0,6,No Students Assigned,2/27/23,3/20/23,7:00,19:00,96,Mon,ID Missing,No Preceptor Assigned,Critical/Intensive Care,NR341 - Complex Adult Health,21: ICU,Archived (Denied)
344434,Chamberlain College of Nursing - Georgia,Emory University Hospital Midtown,Nursing,Cohort Rotation,0,6,No Students Assigned,3/27/23,4/17/23,7:00,19:00,96,Mon,ID Missing,No Preceptor Assigned,Critical/Intensive Care,NR341 - Complex Adult Health,21: ICU,Archived (Denied)
344435,Chamberlain College of Nursing - Georgia,Emory University Hospital Midtown,Nursing,Cohort Rotation,0,6,No Students Assigned,3/4/23,3/25/23,7:00,19:00,96,Sat,ID Missing,No Preceptor Assigned,Critical/Intensive Care,NR341 - Complex Adult Health,21: ICU,Archived (Denied)
344436,Chamberlain College of Nursing - Georgia,Emory University Hospital Midtown,Nursing,Cohort Rotation,0,6,No Students Assigned,4/1/23,4/22/23,7:00,19:00,96,Sat,ID Missing,No Preceptor Assigned,Critical/Intensive Care,NR341 - Complex Adult Health,21: ICU,Archived (Denied)
344437,Chamberlain College of Nursing - Georgia,Emory University Hospital Midtown,Nursing,Cohort Rotation,0,6,No Students Assigned,3/10/23,3/31/23,7:00,19:00,96,Fri,ID Missing,No Preceptor Assigned,Critical/Intensive Care,NR341 - Complex Adult Health,62: Renal,Archived (Denied)
344439,Chamberlain College of Nursing - Georgia,Emory University Hospital Midtown,Nursing,Cohort Rotation,0,6,No Students Assigned,5/1/23,5/22/23,7:00,19:00,96,Mon,ID Missing,No Preceptor Assigned,Critical/Intensive Care,NR341 - Complex Adult Health,31: ICU,Archived (Denied)
344440,Chamberlain College of Nursing - Georgia,Emory University Hospital Midtown,Nursing,Cohort Rotation,0,6,No Students Assigned,5/29/23,6/25/23,7:00,19:00,96,Mon,ID Missing,No Preceptor Assigned,Critical/Intensive Care,NR341 - Complex Adult Health,31: ICU,Archived (Denied)
347990,Kennesaw State University - Nursing,Emory Saint Joseph's Hospital,Nursing,Cohort Rotation,7,8,"10183, 10184, 10185, 10186, 10187, 10188, 10189",3/1/23,4/23/23,6:30,13:00,46,Sat,ID Missing,No Preceptor Assigned,Fundamentals,3209 - Holistic Nursing,4S,Archived (Completed)
348030,Emory University - SON Pre-licensure,Emory Johns Creek Hospital,Nursing,Cohort Rotation,6,8,"10190, 10191, 10192, 10193, 10194, 10195",4/16/23,5/14/23,7:00,19:00,96,,ID Missing,No Preceptor Assigned,MedSurg - Acute Care,NRSG 356D - Acute and Chronic I Care Clinical Practicum Adult and Geriatric Populations,3rd floor: med-surg,Archived (Completed)
348053,Kennesaw State University - Nursing,Emory Saint Joseph's Hospital,Nursing,Cohort Rotation,8,8,"10196, 10197, 10198, 10199, 10200, 10201, 10202, 10203",1/29/23,4/29/23,6:30,15:00,96,Thu,ID Missing,No Preceptor Assigned,MedSurg - Acute Care,3313 - Adult Health,4S,Archived (Completed)
348081,Emory University - SON Pre-licensure,Emory Johns Creek Hospital,Nursing,Cohort Rotation,0,8,No Students Assigned,4/16/23,5/14/23,7:00,19:00,96,,ID Missing,No Preceptor Assigned,MedSurg - Acute Care,NRSG 360D - Acute and Chronic Care II Adult and Geriatric Practicum,4th floor: med-surg,Archived (Completed)
348084,Emory University - SON Pre-licensure,Emory Johns Creek Hospital,Nursing,Cohort Rotation,5,8,"10204, 10205, 10206, 10207, 10208",4/16/23,5/14/23,7:00,19:00,96,,"ID Missing, ID Missing",No Preceptor Assigned,MedSurg - Acute Care,NRSG 360D - Acute and Chronic Care II Adult and Geriatric Practicum,6N: medical,Archived (Completed)
348095,Emory University - SON Pre-licensure,Emory University Hospital,Nursing,Cohort Rotation,5,8,"10209, 10210, 10211, 10212, 10213",4/16/23,5/14/23,7:00,19:00,96,,"ID Missing, ID Missing",No Preceptor Assigned,MedSurg - Acute Care,NRSG 360D - Acute and Chronic Care II Adult and Geriatric Practicum,7T: Surgical,Archived (Completed)
348124,Emory University - SON,Emory Saint Joseph's Hospital,Nursing,Cohort Rotation,0,8,No Students Assigned,4/16/23,5/14/23,7:00,19:00,96,,ID Missing,No Preceptor Assigned,MedSurg - Acute Care,NRSG 360D - Acute and Chronic Care II Adult and Geriatric Practicum,3E,Archived (Denied)
348125,Emory University - SON,Emory Saint Joseph's Hospital,Nursing,Cohort Rotation,0,8,No Students Assigned,4/16/23,5/14/23,7:00,19:00,96,,ID Missing,No Preceptor Assigned,MedSurg - Acute Care,NRSG 360D - Acute and Chronic Care II Adult and Geriatric Practicum,3W,Archived (Denied)
348126,Emory University - SON Pre-licensure,Emory University Hospital Midtown,Nursing,Cohort Rotation,5,8,"10214, 10215, 10216, 10217, 10218",4/16/23,5/14/23,7:00,19:00,96,,"ID Missing, ID Missing, ID Missing",No Preceptor Assigned,MedSurg - Acute Care,NRSG 360D - Acute and Chronic Care II Adult and Geriatric Practicum,72: Med/Surg,Archived (Completed)
348673,Georgia State University - Perimeter College,Emory Long Term Acute Care Hospital,Nursing,Cohort Rotation,4,6,"10219, 10220, 10221, 10222",1/26/23,2/23/23,7:00,19:00,60,Thu,ID Missing,No Preceptor Assigned,MedSurg - Acute Care,NURS 1930 - Intermediate Concepts of Nursing,LTAC,Archived (Completed)
348676,Georgia State University - Perimeter College,Emory Long Term Acute Care Hospital,Nursing,Cohort Rotation,6,6,"10223, 10224, 10225, 10226, 10227, 10228",3/2/23,4/6/23,0:00,19:00,6,Thu,ID Missing,No Preceptor Assigned,MedSurg - Acute Care,NURS 1930 - Intermediate Concepts of Nursing,LTAC,Archived (Completed)
348678,Georgia State University - Perimeter College,Emory Decatur Hospital,Nursing,Cohort Rotation,5,6,"10229, 10230, 10231, 10232, 10233",1/20/23,2/17/23,7:00,19:00,60,Fri,ID Missing,No Preceptor Assigned,MedSurg - Acute Care,NURS 1930 - Intermediate Concepts of Nursing,Inpatient Rehab,Archived (Completed)
348679,Georgia State University - Perimeter College,Emory Decatur Hospital,Nursing,Cohort Rotation,6,6,"10234, 10235, 10236, 10237, 10238, 10239",2/24/23,3/31/23,7:00,19:00,60,Fri,ID Missing,No Preceptor Assigned,MedSurg - Acute Care,NURS 1930 - Intermediate Concepts of Nursing,Inpatient Rehab - 3600,Archived (Completed)
350042,University of North Georgia - Nursing,Emory Johns Creek Hospital,Nursing,Cohort Rotation,0,8,No Students Assigned,1/23/23,2/20/23,6:30,18:30,72,Mon,ID Missing,No Preceptor Assigned,MedSurg - Acute Care,N3705 - Adult Health I,3rd floor: med-surg,Archived (Completed)
350043,University of North Georgia - Nursing,Emory Johns Creek Hospital,Nursing,Cohort Rotation,0,8,No Students Assigned,3/20/23,4/24/23,6:30,18:30,72,Mon,ID Missing,No Preceptor Assigned,MedSurg - Acute Care,N4405 - Adult Health II,3rd floor: med-surg,Archived (Completed)
350299,Georgia State University - SON - Undergraduate,Emory University Hospital at Wesley Woods,Nursing,Cohort Rotation,0,8,No Students Assigned,1/12/23,2/23/23,6:30,16:30,10,Thu,ID Missing,No Preceptor Assigned,Psychiatry; Mental Health; Behavioral Medicine,NURS 3810 - Psych Mental Health,-no preference-,Archived (Denied)
350307,Georgia State University - SON - Undergraduate,Emory University Hospital at Wesley Woods,Nursing,Cohort Rotation,0,8,No Students Assigned,3/2/23,4/20/23,6:30,23:59,10,Thu,ID Missing,No Preceptor Assigned,Psychiatry; Mental Health; Behavioral Medicine,NURS 3810 - Psych Mental Health,-no preference-,Archived (Denied)
350687,Brenau University,Emory University Hospital at Wesley Woods,Nursing,Cohort Rotation,0,5,No Students Assigned,1/17/23,4/28/23,7:00,19:00,140,"Sat, Sun",ID Missing,No Preceptor Assigned,Psychiatry; Mental Health; Behavioral Medicine,NG 308 - Behavioral Health,Inpatient Psych,Archived (Denied)
352562,Georgia State University - Perimeter College,Emory University Hospital at Wesley Woods,Nursing,Cohort Rotation,0,4,No Students Assigned,1/22/23,1/29/23,7:00,19:00,24,Sun,ID Missing,No Preceptor Assigned,Psychiatry; Mental Health; Behavioral Medicine,Nurs 2924 - Psychiatric/Mental Health,Inpatient Psych,Archived (Denied)
352563,Georgia State University - Perimeter College,Emory University Hospital at Wesley Woods,Nursing,Cohort Rotation,0,4,No Students Assigned,2/5/23,2/12/23,7:00,19:00,24,Sun,ID Missing,No Preceptor Assigned,Psychiatry; Mental Health; Behavioral Medicine,Nurs 2924 - Psychiatric/Mental Health,Inpatient Psych,Archived (Denied)
352564,Georgia State University - Perimeter College,Emory University Hospital at Wesley Woods,Nursing,Cohort Rotation,0,4,No Students Assigned,2/19/23,2/26/23,7:00,19:00,4,Sun,ID Missing,No Preceptor Assigned,Psychiatry; Mental Health; Behavioral Medicine,Nurs 2924 - Psychiatric/Mental Health,Inpatient Psych,Archived (Denied)
352565,Georgia State University - Perimeter College,Emory University Hospital at Wesley Woods,Nursing,Cohort Rotation,0,4,No Students Assigned,3/5/23,3/12/23,7:00,19:00,24,Sun,ID Missing,No Preceptor Assigned,Psychiatry; Mental Health; Behavioral Medicine,Nurs 2924 - Psychiatric/Mental Health,Inpatient Psych,Archived (Denied)
352700,University of North Georgia - Nursing,Emory Johns Creek Hospital,Nursing,Cohort Rotation,0,8,No Students Assigned,1/19/23,4/27/23,7:00,19:00,144,Thu,ID Missing,No Preceptor Assigned,MedSurg - Acute Care,N4707 - Synthesis of Nursing Practice,4th floor: med-surg,Archived (Completed)
352794,University of North Georgia - Nursing,Emory Johns Creek Hospital,Nursing,Cohort Rotation,4,6,"10240, 10241, 10242, 10243",1/20/23,2/24/23,6:30,18:30,72,Fri,ID Missing,No Preceptor Assigned,Perinatal - OB,N3804 - Nursing Care of the Childbearing Family,"Maternity: M/B, L&D, NICU",Archived (Completed)
352795,University of North Georgia - Nursing,Emory Johns Creek Hospital,Nursing,Cohort Rotation,4,6,"10244, 10245, 10246, 10247",3/3/23,4/14/23,6:30,18:30,72,Fri,ID Missing,No Preceptor Assigned,Perinatal - OB,N3804 - Nursing Care of the Childbearing Family,"Maternity: M/B, L&D, NICU",Archived (Completed)
353326,Chamberlain College of Nursing - Georgia,Emory Decatur Hospital,Nursing,Cohort Rotation,6,6,"10248, 10249, 10250, 10251, 10026, 10252",1/13/23,2/3/23,7:00,19:00,96,Fri,ID Missing,No Preceptor Assigned,Critical/Intensive Care,NR341 - Complex Adult Health,ICU,Archived (Completed)
353327,Chamberlain College of Nursing - Georgia,Emory Decatur Hospital,Nursing,Cohort Rotation,6,6,"10027, 10033, 10028, 10253, 10254, 10255",2/10/23,3/3/23,7:00,19:00,96,Fri,ID Missing,No Preceptor Assigned,Critical/Intensive Care,NR341 - Complex Adult Health,ICU,Archived (Completed)
353328,Chamberlain College of Nursing - Georgia,Emory Decatur Hospital,Nursing,Cohort Rotation,6,6,"10256, 10257, 10258, 10091, 10259, 10260",3/10/23,3/31/23,7:00,19:00,96,Fri,ID Missing,No Preceptor Assigned,Critical/Intensive Care,NR341 - Complex Adult Health,ICU - 2500,Archived (Completed)
353329,Chamberlain College of Nursing - Georgia,Emory Decatur Hospital,Nursing,Cohort Rotation,6,6,"10261, 10262, 10263, 10264, 10135, 10137",4/7/23,4/28/23,7:00,19:00,96,Fri,ID Missing,No Preceptor Assigned,Critical/Intensive Care,NR341 - Complex Adult Health,ICU - 2500,Archived (Completed)
353330,Chamberlain College of Nursing - Georgia,Emory Decatur Hospital,Nursing,Cohort Rotation,0,6,No Students Assigned,5/12/23,6/2/23,7:00,19:00,96,Fri,ID Missing,No Preceptor Assigned,Critical/Intensive Care,NR341 - Complex Adult Health,ICU,Archived (Withdrawn)
353356,Brenau University,Emory Decatur Hospital,Nursing,Precepted Rotation,0,1,No Students Assigned,1/17/23,4/28/23,0:00,23:59,120,,ID Missing,No Preceptor Assigned,Practicum,NG 445 - Transition to Practice/Capstone Practicum,Behavioral Health,Archived (Denied)
353357,Brenau University,Emory Decatur Hospital,Nursing,Precepted Rotation,0,1,No Students Assigned,1/17/23,4/28/23,0:00,23:59,120,,ID Missing,No Preceptor Assigned,Practicum,NG 445 - Transition to Practice/Capstone Practicum,Behavioral Health,Archived (Denied)
353454,University of North Georgia - Nursing,Emory Johns Creek Hospital,Nursing,Precepted Rotation,0,1,No Students Assigned,1/17/23,4/28/23,0:00,23:59,144,"Mon, Tue, Fri, Sat, Sun",ID Missing,No Preceptor Assigned,Practicum,N4707 Practicum - Synthesis of Nursing Practice-Senior Practicum,"Maternity: M/B, L&D, NICU",Archived (Denied)
353456,University of North Georgia - Nursing,Emory Johns Creek Hospital,Nursing,Precepted Rotation,0,1,No Students Assigned,1/17/23,4/28/23,0:00,23:59,144,"Mon, Tue, Fri, Sat, Sun",ID Missing,No Preceptor Assigned,Practicum,N4707 Practicum - Synthesis of Nursing Practice-Senior Practicum,ICU: critical care,Archived (Denied)
353457,University of North Georgia - Nursing,Emory Johns Creek Hospital,Nursing,Precepted Rotation,0,1,No Students Assigned,1/17/23,4/28/23,0:00,23:59,144,"Mon, Tue, Fri, Sat, Sun",ID Missing,No Preceptor Assigned,Practicum,N4707 Practicum - Synthesis of Nursing Practice-Senior Practicum,ED: emergency,Archived (Denied)
353458,University of North Georgia - Nursing,Emory Saint Joseph's Hospital,Nursing,Precepted Rotation,0,1,No Students Assigned,1/17/23,4/28/23,0:00,23:59,144,"Mon, Tue, Fri, Sat, Sun",ID Missing,No Preceptor Assigned,Practicum,N4707 Practicum - Synthesis of Nursing Practice-Senior Practicum,Any Available,Archived (Denied)
353517,Georgia Gwinnett College,Emory Decatur Hospital,Nursing,Cohort Rotation,0,6,No Students Assigned,1/23/23,4/25/23,0:00,23:59,84,"Mon, Tue",ID Missing,No Preceptor Assigned,Perinatal - OB,NURS 4020 - Wellness & Illness III,Mother/Baby,Archived (Denied)
353518,Georgia Gwinnett College,Emory Decatur Hospital,Nursing,Cohort Rotation,0,2,No Students Assigned,1/23/23,4/25/23,0:00,23:59,12,"Mon, Tue",ID Missing,No Preceptor Assigned,Perinatal - OB,NURS 4020 - Wellness & Illness III,L&D,Archived (Denied)
353520,Georgia Gwinnett College,Emory Decatur Hospital,Nursing,Cohort Rotation,0,2,No Students Assigned,1/23/23,4/25/23,0:00,23:59,12,"Mon, Tue",ID Missing,No Preceptor Assigned,Perinatal - OB,NURS 4020 - Wellness & Illness III,NICU,Archived (Denied)
353521,Georgia Gwinnett College,Emory Decatur Hospital,Nursing,Cohort Rotation,0,6,No Students Assigned,1/23/23,4/25/23,0:00,23:59,48,"Mon, Tue, Sat, Sun",ID Missing,No Preceptor Assigned,Psychiatry; Mental Health; Behavioral Medicine,NURS 4020 - Wellness & Illness III,Behavioral Health,Archived (Denied)
353522,Georgia Gwinnett College,Emory University Hospital at Wesley Woods,Nursing,Cohort Rotation,7,7,"10265, 10266, 10267, 10268, 10269, 10270, 10271",4/3/23,4/25/23,0:00,23:59,48,Mon,ID Missing,No Preceptor Assigned,Psychiatry; Mental Health; Behavioral Medicine,NURS 4020 - Wellness & Illness III,Inpatient Psych,Archived (Completed)
353527,Georgia Gwinnett College,Emory University Hospital at Wesley Woods,Nursing,Cohort Rotation,0,6,No Students Assigned,1/23/23,4/25/23,0:00,23:59,48,"Mon, Tue, Sat, Sun",ID Missing,No Preceptor Assigned,Psychiatry; Mental Health; Behavioral Medicine,NURS 4020 - Wellness & Illness III,Inpatient Psych,Archived (Denied)
353529,Georgia Gwinnett College,Emory Decatur Hospital,Nursing,Cohort Rotation,0,6,No Students Assigned,1/23/23,4/25/23,0:00,23:59,48,"Mon, Tue, Sat, Sun",ID Missing,No Preceptor Assigned,Psychiatry; Mental Health; Behavioral Medicine,NURS 4020 - Wellness & Illness III,Behavioral Health,Archived (Denied)
355114,Indiana State University - Online LPN to BSN Track,Emory Johns Creek Hospital,Nursing,Precepted Rotation,0,1,No Students Assigned,1/16/23,4/28/23,0:00,23:59,110,,2002,ID Missing,MedSurg - Acute Care,NURS 484 - Reflections on Nursing Practice--Senior Practicum,2W: Oncology,Archived (Denied)
357371,Herzing University,Emory University Hospital Midtown,Nursing,Precepted Rotation,1,1,10272,1/23/23,4/14/23,0:00,23:59,135,,ID Missing,No Preceptor Assigned,Practicum,NU 448 - NU 448 - Adult Health III/Nursing Practicum,41: Med Cardiology,Archived (Withdrawn)
357543,Emory University - SON Pre-licensure,Emory University Hospital Midtown,Nursing,Cohort Rotation,7,8,"10273, 10274, 10275, 10276, 10277, 10278, 10279",1/17/23,2/28/23,7:00,19:00,60,Tue,ID Missing,No Preceptor Assigned,Other (see comments),NRSG 391 Practicum - Adult and Geriatric Practicum,51: Med-Surg,Archived (Completed)
357544,Emory University - SON Pre-licensure,Emory University Hospital,Nursing,Cohort Rotation,8,8,"10280, 10281, 10282, 10283, 10284, 10285, 10286, 10287",1/17/23,2/28/23,7:00,19:00,60,Tue,ID Missing,No Preceptor Assigned,Other (see comments),NRSG 391 Practicum - Adult and Geriatric Practicum,9E: Neuroscience,Archived (Completed)
357549,Emory University - SON Pre-licensure,Emory Saint Joseph's Hospital,Nursing,Cohort Rotation,6,8,"10288, 10289, 10290, 10291, 10292, 10293",1/17/23,2/28/23,7:00,19:00,60,Tue,ID Missing,No Preceptor Assigned,Other (see comments),NRSG 391 Practicum - Adult and Geriatric Practicum,6W,Archived (Completed)
357550,Emory University - SON Pre-licensure,Emory University Hospital,Nursing,Cohort Rotation,8,8,"10294, 10295, 10296, 10297, 10298, 10299, 10300, 10301",1/17/23,2/28/23,7:00,19:00,60,Tue,ID Missing,No Preceptor Assigned,Other (see comments),NRSG 391 Practicum - Adult and Geriatric Practicum,3G: Neurosciences,Archived (Completed)
357552,Emory University - SON Pre-licensure,Emory Saint Joseph's Hospital,Nursing,Cohort Rotation,7,8,"10302, 10303, 10304, 10305, 10306, 10307, 10308",1/18/23,3/1/23,7:00,19:00,60,Wed,ID Missing,No Preceptor Assigned,Other (see comments),NRSG 391 Practicum - Adult and Geriatric Practicum,5E,Archived (Completed)
357554,Emory University - SON Pre-licensure,Emory Johns Creek Hospital,Nursing,Cohort Rotation,8,8,"10309, 10310, 10311, 10312, 10313, 10314, 10315, 10316",1/18/23,3/1/23,7:00,19:00,60,Wed,ID Missing,No Preceptor Assigned,Other (see comments),NRSG 391 Practicum - Adult and Geriatric Practicum,4th floor: med-surg,Archived (Completed)
357566,Emory University - SON Pre-licensure,Emory University Hospital Midtown,Nursing,Cohort Rotation,8,8,"10317, 10318, 10319, 10320, 10321, 10322, 10323, 10324",1/18/23,3/1/23,7:00,19:00,60,Wed,ID Missing,No Preceptor Assigned,Other (see comments),NRSG 391 Practicum - Adult and Geriatric Practicum,31: Ortho/Neuro,Archived (Completed)
357568,Emory University - SON Pre-licensure,Emory University Hospital,Nursing,Cohort Rotation,8,8,"10325, 10326, 10327, 10328, 10329, 10330, 10331, 10332",1/18/23,3/1/23,7:00,19:00,60,Wed,ID Missing,No Preceptor Assigned,Other (see comments),NRSG 391 Practicum - Adult and Geriatric Practicum,6G: Medical,Archived (Completed)
357569,Emory University - SON Pre-licensure,Emory University Hospital Midtown,Nursing,Cohort Rotation,5,5,"10333, 10334, 10335, 10336, 10337",1/21/23,3/4/23,7:00,19:00,60,Sat,ID Missing,No Preceptor Assigned,Other (see comments),NRSG 391 Practicum - Adult and Geriatric Practicum,72: Med/Surg,Archived (Completed)
357570,Emory University - SON Pre-licensure,Emory University Hospital,Nursing,Cohort Rotation,8,8,"10338, 10339, 10340, 10341, 10342, 10343, 10344, 10345",1/21/23,3/4/23,7:00,19:00,60,Sat,ID Missing,No Preceptor Assigned,Other (see comments),NRSG 391 Practicum - Adult and Geriatric Practicum,7T: Surgical,Archived (Completed)
357603,Brenau University,Emory University Hospital at Wesley Woods,Nursing,Cohort Rotation,6,6,"10346, 10347, 10348, 10349, 10350, 10351",1/16/23,4/21/23,7:00,19:00,140,Thu,ID Missing,No Preceptor Assigned,Psychiatry; Mental Health; Behavioral Medicine,NG 308 - Behavioral Health,Inpatient Psych,Archived (Completed)
358744,Augusta University (Athens Campus) - Nursing,Emory University Hospital,Nursing,Precepted Rotation,0,2,No Students Assigned,1/16/23,5/2/23,7:00,19:00,180,,ID Missing,No Preceptor Assigned,Practicum,NURS 4806 - Transitions into Nursing Practice,5ST: SICU,Archived (Denied)
358748,Augusta University (Athens Campus) - Nursing,Emory University Hospital,Nursing,Precepted Rotation,0,2,No Students Assigned,1/16/23,5/2/23,7:00,19:00,180,,ID Missing,No Preceptor Assigned,Practicum,NURS 4806 - Transitions into Nursing Practice,ED: Emergency,Archived (Denied)
358750,Augusta University (Athens Campus) - Nursing,Emory University Hospital,Nursing,Precepted Rotation,0,2,No Students Assigned,1/16/23,5/2/23,7:00,19:00,180,,ID Missing,No Preceptor Assigned,Practicum,NURS 4806 - Transitions into Nursing Practice,-no preference-,Archived (Denied)
358771,Augusta University (Athens Campus) - Nursing,Emory University Hospital Midtown,Nursing,Precepted Rotation,0,1,No Students Assigned,1/16/23,5/5/23,7:00,19:00,180,,ID Missing,No Preceptor Assigned,Practicum,NURS 4806 - Transitions into Nursing Practice,ED: Emergency,Archived (Denied)
358772,Augusta University (Athens Campus) - Nursing,Emory University Hospital Midtown,Nursing,Precepted Rotation,0,1,No Students Assigned,1/16/23,5/5/23,7:00,19:00,180,,ID Missing,No Preceptor Assigned,Practicum,NURS 4806 - Transitions into Nursing Practice,31: ICU,Archived (Denied)
358794,Indiana State University - Online LPN to BSN Track,Emory Saint Joseph's Hospital,Nursing,Precepted Rotation,0,1,No Students Assigned,1/16/23,4/28/23,0:00,23:59,82,,2002,ID Missing,MedSurg - Acute Care,NURS 324 - Nursing Care of the Adult II,6E,Archived (Denied)
358988,Georgia State University - SON - Undergraduate,Emory University Hospital at Wesley Woods,Nursing,Precepted Rotation,1,1,10352,1/23/23,4/24/23,0:00,23:59,144,"Sat, Sun",ID Missing,No Preceptor Assigned,Practicum,NURS 4610 - Senior Practicum,-no preference-,Archived (Denied)
359015,Georgia State University - SON - Undergraduate,Emory Decatur Hospital,Nursing,Cohort Rotation,0,6,No Students Assigned,1/9/23,2/26/23,7:00,19:00,12,"Tue, Wed, Thu, Sat, Sun",ID Missing,No Preceptor Assigned,Perinatal - OB,NURS 3610 - Childbearing,Mother/Baby,Archived (Denied)
359017,Georgia State University - SON - Undergraduate,Emory Decatur Hospital,Nursing,Cohort Rotation,0,6,No Students Assigned,1/9/23,2/27/23,7:00,19:00,12,"Tue, Wed, Thu, Sat, Sun",ID Missing,No Preceptor Assigned,Perinatal - OB,NURS 3610 - Childbearing,L&D,Archived (Denied)
359018,Georgia State University - SON - Undergraduate,Emory Decatur Hospital,Nursing,Cohort Rotation,0,6,No Students Assigned,1/9/23,2/26/23,7:00,19:00,12,"Tue, Wed, Thu, Sat, Sun",ID Missing,No Preceptor Assigned,Perinatal - OB,NURS 3610 - Childbearing,NICU,Archived (Denied)
359027,Georgia State University - SON - Undergraduate,Emory Decatur Hospital,Nursing,Cohort Rotation,0,6,No Students Assigned,2/27/23,4/24/23,0:00,23:59,12,"Tue, Wed, Thu, Sat, Sun",ID Missing,No Preceptor Assigned,Perinatal - OB,NURS 3610 - Childbearing,Mother/Baby,Archived (Denied)
359029,Georgia State University - SON - Undergraduate,Emory Decatur Hospital,Nursing,Cohort Rotation,0,6,No Students Assigned,2/27/23,4/24/23,0:00,23:59,12,"Tue, Wed, Thu, Sat, Sun",ID Missing,No Preceptor Assigned,Perinatal - OB,NURS 3610 - Childbearing,L&D,Archived (Denied)
359030,Georgia State University - SON - Undergraduate,Emory Decatur Hospital,Nursing,Cohort Rotation,0,6,No Students Assigned,2/27/23,4/24/23,0:00,23:59,12,"Tue, Wed, Thu, Sat, Sun",ID Missing,No Preceptor Assigned,Perinatal - OB,NURS 3610 - Childbearing,NICU,Archived (Denied)
359033,Emory University - SON Pre-licensure,Emory Johns Creek Hospital,Nursing,Cohort Rotation,6,6,"10353, 10354, 10355, 10356, 10357, 10358",3/16/23,4/27/23,7:00,17:00,60,Thu,ID Missing,No Preceptor Assigned,Fundamentals,527 MN - Foundation of Nursing Practice,6W oncology,Archived (Completed)
359034,Emory University - SON Pre-licensure,Emory Saint Joseph's Hospital,Nursing,Cohort Rotation,5,8,"10359, 10360, 10361, 10362, 10363",3/16/23,5/4/23,0:00,23:59,60,Thu,ID Missing,No Preceptor Assigned,Fundamentals,527 MN - Foundation of Nursing Practice,4E,Archived (Completed)
359038,Emory University - SON Pre-licensure,Emory Decatur Hospital,Nursing,Cohort Rotation,6,8,"10364, 10365, 10366, 10367, 10368, 10369",3/16/23,4/27/23,7:00,17:00,60,Thu,ID Missing,No Preceptor Assigned,Fundamentals,527 MN - Foundation of Nursing Practice,Surgical Oncology - 4200,Archived (Completed)
359039,Emory University - SON Pre-licensure,Emory University Orthopaedics and Spine Hospital,Nursing,Cohort Rotation,5,8,"10370, 10371, 10372, 10373, 10374",3/16/23,4/27/23,7:00,17:00,60,Thu,ID Missing,No Preceptor Assigned,Fundamentals,527 MN - Foundation of Nursing Practice,2-4 floors: Orthopaedics,Archived (Completed)
359048,Emory University - SON Pre-licensure,Emory University Hospital,Nursing,Cohort Rotation,7,8,"10375, 10376, 10377, 10378, 10379, 10380, 10381",3/16/23,4/27/23,17:00,17:00,60,Thu,ID Missing,No Preceptor Assigned,Fundamentals,527 MN - Foundation of Nursing Practice,3G: Neurosciences,Archived (Completed)
359062,Emory University - SON Pre-licensure,Emory University Hospital Midtown,Nursing,Cohort Rotation,4,8,"10382, 10383, 10384, 10385",3/16/23,4/27/23,7:00,17:00,60,Thu,ID Missing,No Preceptor Assigned,Fundamentals,527 MN - Foundation of Nursing Practice,31: Ortho/Neuro,Archived (Completed)
359067,Emory University - SON Pre-licensure,Emory University Hospital,Nursing,Cohort Rotation,7,8,"10386, 10387, 10388, 10389, 10390, 10391, 10392",3/17/23,4/28/23,7:00,17:00,60,Fri,ID Missing,No Preceptor Assigned,Fundamentals,527 MN - Foundation of Nursing Practice,7T: Surgical,Archived (Completed)
359070,Emory University - SON Pre-licensure,Emory Saint Joseph's Hospital,Nursing,Cohort Rotation,6,8,"10393, 10394, 10395, 10396, 10397, 10398",3/17/23,4/28/23,7:00,17:00,60,Fri,ID Missing,No Preceptor Assigned,Fundamentals,527 MN - Foundation of Nursing Practice,6E,Archived (Completed)
359071,Emory University - SON Pre-licensure,Emory Decatur Hospital,Nursing,Cohort Rotation,7,8,"10399, 10400, 10401, 10402, 10403, 10404, 10405",3/17/23,4/28/23,7:00,17:00,60,Fri,ID Missing,No Preceptor Assigned,Fundamentals,527 MN - Foundation of Nursing Practice,Cardiac Telemetry - 2400,Archived (Completed)
359072,Emory University - SON Pre-licensure,Emory University Hospital Midtown,Nursing,Cohort Rotation,5,8,"10406, 10407, 10408, 10409, 10410",3/17/23,4/28/23,7:00,17:00,60,Fri,ID Missing,No Preceptor Assigned,Fundamentals,527 MN - Foundation of Nursing Practice,71: Oncology,Archived (Completed)
359073,Emory University - SON Pre-licensure,Emory University Hospital,Nursing,Cohort Rotation,6,8,"10411, 10412, 10413, 10414, 10415, 10416",3/17/23,4/28/23,7:00,17:00,60,Fri,ID Missing,No Preceptor Assigned,Fundamentals,527 MN - Foundation of Nursing Practice,6G: Medical,Archived (Completed)
359075,Emory University - SON Pre-licensure,Emory Johns Creek Hospital,Nursing,Cohort Rotation,4,8,"10417, 10418, 10419, 10420",3/17/23,4/28/23,7:00,17:00,60,Fri,ID Missing,No Preceptor Assigned,Fundamentals,527 MN - Foundation of Nursing Practice,6N: medical,Archived (Completed)
359077,Emory University - SON Pre-licensure,Emory University Hospital Midtown,Nursing,Cohort Rotation,7,8,"10421, 10422, 10423, 10424, 10425, 10426, 10427",3/21/23,5/2/23,7:00,19:00,60,Tue,ID Missing,No Preceptor Assigned,Other (see comments),NRSG 391 Practicum - Adult and Geriatric Practicum,51: Med-Surg,Archived (Completed)
359080,Emory University - SON Pre-licensure,Emory University Hospital,Nursing,Cohort Rotation,8,8,"10428, 10429, 10430, 10431, 10432, 10433, 10434, 10435",3/21/23,5/2/23,7:00,19:00,60,Tue,ID Missing,No Preceptor Assigned,Other (see comments),NRSG 391 Practicum - Adult and Geriatric Practicum,9E: Neuroscience,Archived (Completed)
359082,Emory University - SON Pre-licensure,Emory Saint Joseph's Hospital,Nursing,Cohort Rotation,7,8,"10436, 10437, 10438, 10439, 10440, 10441, 10442",3/21/23,5/2/23,7:00,19:00,60,Tue,ID Missing,No Preceptor Assigned,Other (see comments),NRSG 391 Practicum - Adult and Geriatric Practicum,6W,Archived (Completed)
359111,Emory University - SON Pre-licensure,Emory University Hospital,Nursing,Cohort Rotation,8,8,"10443, 10444, 10445, 10446, 10447, 10448, 10449, 10450",3/21/23,5/2/23,7:00,19:00,60,Tue,ID Missing,No Preceptor Assigned,Other (see comments),NRSG 391 Practicum - Adult and Geriatric Practicum,3G: Neurosciences,Archived (Completed)
359119,Emory University - SON Pre-licensure,Emory Saint Joseph's Hospital,Nursing,Cohort Rotation,7,8,"10451, 10452, 10453, 10454, 10455, 10456, 10457",3/22/23,5/3/23,7:00,19:00,60,Wed,ID Missing,No Preceptor Assigned,Other (see comments),NRSG 391 Practicum - Adult and Geriatric Practicum,5E,Archived (Completed)
359129,Emory University - SON Pre-licensure,Emory Johns Creek Hospital,Nursing,Cohort Rotation,5,8,"10458, 10459, 10460, 10461, 10462",3/22/23,5/3/23,7:00,19:00,60,Wed,ID Missing,No Preceptor Assigned,Other (see comments),NRSG 391 Practicum - Adult and Geriatric Practicum,4th floor: med-surg,Archived (Completed)
359133,Emory University - SON Pre-licensure,Emory University Hospital Midtown,Nursing,Cohort Rotation,7,8,"10463, 10464, 10465, 10466, 10467, 10468, 10469",3/22/23,5/3/23,7:00,19:00,60,Wed,ID Missing,No Preceptor Assigned,Other (see comments),NRSG 391 Practicum - Adult and Geriatric Practicum,31: Ortho/Neuro,Archived (Completed)
359135,Emory University - SON Pre-licensure,Emory University Hospital,Nursing,Cohort Rotation,8,8,"10470, 10471, 10472, 10473, 10474, 10475, 10476, 10477",3/22/23,5/3/23,7:00,19:00,60,Wed,ID Missing,No Preceptor Assigned,Other (see comments),NRSG 391 Practicum - Adult and Geriatric Practicum,6G: Medical,Archived (Completed)
359138,Emory University - SON Pre-licensure,Emory University Hospital Midtown,Nursing,Cohort Rotation,4,5,"10478, 10479, 10480, 10481",3/18/23,5/6/23,7:00,19:00,60,Sat,"ID Missing, ID Missing, ID Missing, ID Missing, ID Missing",No Preceptor Assigned,Other (see comments),NRSG 391 Practicum - Adult and Geriatric Practicum,72: Med/Surg,Archived (Completed)
359141,Emory University - SON Pre-licensure,Emory University Hospital,Nursing,Cohort Rotation,4,8,"10482, 10483, 10484, 10485",3/25/23,5/6/23,7:00,19:00,60,Sat,"ID Missing, ID Missing, ID Missing, ID Missing, ID Missing",No Preceptor Assigned,Other (see comments),NRSG 391 Practicum - Adult and Geriatric Practicum,7T: Surgical,Archived (Completed)
359187,Emory University - SON Pre-licensure,Emory University Hospital,Nursing,Cohort Rotation,8,8,"10486, 10487, 10488, 10489, 10490, 10491, 10492, 10493",1/17/23,2/28/23,7:00,19:00,60,Tue,ID Missing,No Preceptor Assigned,Other (see comments),NRSG 391 Practicum - Adult and Geriatric Practicum,10E (DEU): Surgical,Archived (Completed)
359193,Emory University - SON Pre-licensure,Emory Johns Creek Hospital,Nursing,Cohort Rotation,6,8,"10494, 10495, 10496, 10497, 10498, 10499",1/17/23,2/28/23,7:00,19:00,60,Tue,ID Missing,No Preceptor Assigned,Other (see comments),NRSG 391 Practicum - Adult and Geriatric Practicum,4th floor: med-surg,Archived (Completed)
359194,Emory University - SON Pre-licensure,Emory University Hospital,Nursing,Cohort Rotation,6,8,"10500, 10501, 10502, 10503, 10504, 10505",1/18/23,3/1/23,7:00,19:00,60,Wed,ID Missing,No Preceptor Assigned,Other (see comments),NRSG 391 Practicum - Adult and Geriatric Practicum,6T: Transplant,Archived (Completed)
359196,Emory University - SON Pre-licensure,Emory Saint Joseph's Hospital,Nursing,Cohort Rotation,8,8,"10506, 10507, 10508, 10509, 10510, 10511, 10512, 10513",1/18/23,3/1/23,7:00,19:00,60,Wed,ID Missing,No Preceptor Assigned,Other (see comments),NRSG 391 Practicum - Adult and Geriatric Practicum,4W,Archived (Completed)
359203,Emory University - SON Pre-licensure,Emory University Hospital Midtown,Nursing,Cohort Rotation,6,8,"10514, 10515, 10516, 10517, 10345, 10518",1/18/23,3/1/23,7:00,19:00,60,Wed,ID Missing,No Preceptor Assigned,Other (see comments),NRSG 391 Practicum - Adult and Geriatric Practicum,21: General Surgery,Archived (Completed)
359210,Emory University - SON Pre-licensure,Emory University Hospital,Nursing,Cohort Rotation,8,8,"10519, 10520, 10521, 10522, 10523, 10524, 10525, 10526",3/21/23,5/2/23,7:00,19:00,60,Tue,ID Missing,No Preceptor Assigned,Other (see comments),NRSG 391 Practicum - Adult and Geriatric Practicum,10E (DEU): Surgical,Archived (Completed)
359211,Emory University - SON Pre-licensure,Emory Johns Creek Hospital,Nursing,Cohort Rotation,7,8,"10527, 10528, 10529, 10530, 10531, 10532, 10533",3/21/23,5/2/23,7:00,19:00,60,Tue,ID Missing,No Preceptor Assigned,Other (see comments),NRSG 391 Practicum - Adult and Geriatric Practicum,4th floor: med-surg,Archived (Completed)
359310,Emory University - SON Pre-licensure,Emory University Hospital at Wesley Woods,Nursing,Cohort Rotation,8,9,"10421, 10428, 10447, 10423, 10469, 10478, 10482, 10450",1/17/23,2/28/23,7:00,19:00,60,Tue,ID Missing,No Preceptor Assigned,Psychiatry; Mental Health; Behavioral Medicine,NRSG 393 Practicum - Mental Health Practicum,-no preference-,Archived (Completed)
359311,Emory University - SON Pre-licensure,Emory University Hospital at Wesley Woods,Nursing,Cohort Rotation,9,9,"10288, 10273, 10274, 10281, 10275, 10318, 10276, 10277, 10278",3/21/23,5/2/23,7:00,19:00,60,Tue,ID Missing,No Preceptor Assigned,Psychiatry; Mental Health; Behavioral Medicine,NRSG 393 Practicum - Mental Health Practicum,-no preference-,Archived (Completed)
359313,Augusta University (Athens Campus) - Nursing,Emory University Hospital,Nursing,Precepted Rotation,0,2,No Students Assigned,1/16/23,5/2/23,0:00,23:59,180,"Mon, Wed, Thu, Fri, Sat, Sun",ID Missing,No Preceptor Assigned,Practicum,NURS 4806 - Transitions into Nursing Practice,2D ICU: Neuro,Archived (Denied)
359315,Emory University - SON Pre-licensure,Emory Decatur Hospital,Nursing,Cohort Rotation,9,9,"10422, 10424, 10451, 10479, 10434, 10466, 10439, 10429, 10446",1/17/23,2/21/23,7:00,19:00,60,Tue,ID Missing,No Preceptor Assigned,Psychiatry; Mental Health; Behavioral Medicine,NRSG 393 Practicum - Mental Health Practicum,Behavioral Health,Archived (Completed)
359317,Augusta University (Athens Campus) - Nursing,Emory University Hospital,Nursing,Precepted Rotation,0,2,No Students Assigned,1/16/23,5/2/23,0:00,23:59,180,"Mon, Wed, Thu, Fri, Sat, Sun",ID Missing,No Preceptor Assigned,Practicum,NURS 4806 - Transitions into Nursing Practice,-no preference-,Archived (Denied)
359318,Emory University - SON Pre-licensure,Emory Decatur Hospital,Nursing,Cohort Rotation,9,9,"10289, 10298, 10290, 10291, 10292, 10293, 10321, 10326, 10330",3/21/23,4/25/23,7:00,19:00,60,Tue,ID Missing,No Preceptor Assigned,Psychiatry; Mental Health; Behavioral Medicine,NRSG 393 Practicum - Mental Health Practicum,Behavioral Health (acute) - 1800,Archived (Completed)
359321,Augusta University (Athens Campus) - Nursing,Emory Johns Creek Hospital,Nursing,Precepted Rotation,0,2,No Students Assigned,1/16/23,5/2/23,0:00,23:59,180,"Mon, Wed, Thu, Fri, Sat, Sun",ID Missing,No Preceptor Assigned,Practicum,NURS 4806 - Transitions into Nursing Practice,"Maternity: M/B, L&D, NICU",Archived (Denied)
359325,Augusta University (Athens Campus) - Nursing,Emory Johns Creek Hospital,Nursing,Precepted Rotation,0,1,No Students Assigned,1/16/23,5/2/23,0:00,23:59,180,"Mon, Wed, Thu, Fri, Sat, Sun",ID Missing,No Preceptor Assigned,Practicum,NURS 4806 - Transitions into Nursing Practice,ICU: critical care,Archived (Denied)
359328,Augusta University (Athens Campus) - Nursing,Emory Johns Creek Hospital,Nursing,Precepted Rotation,0,1,No Students Assigned,1/16/23,5/2/23,0:00,23:59,1,"Mon, Wed, Thu, Fri, Sat, Sun",ID Missing,No Preceptor Assigned,Practicum,NURS 4806 - Transitions into Nursing Practice,ED: emergency,Archived (Denied)
359338,Emory University - SON Pre-licensure,Emory Decatur Hospital,Nursing,Cohort Rotation,7,9,"10471, 10534, 10485, 10442, 10535, 10449, 10536",1/21/23,2/25/23,7:00,19:00,60,Sat,ID Missing,No Preceptor Assigned,Psychiatry; Mental Health; Behavioral Medicine,NRSG 393 Practicum - Mental Health Practicum,Behavioral Health,Archived (Completed)
359339,Emory University - SON Pre-licensure,Emory Decatur Hospital,Nursing,Cohort Rotation,8,9,"10311, 10312, 10313, 10319, 10320, 10328, 10338, 10329",3/25/23,4/29/23,7:00,19:00,60,Sat,"ID Missing, ID Missing, ID Missing",No Preceptor Assigned,Psychiatry; Mental Health; Behavioral Medicine,NRSG 393 Practicum - Mental Health Practicum,Behavioral Health (acute) - 1800,Archived (Completed)
359343,Emory University - SON Pre-licensure,Emory University Hospital at Wesley Woods,Nursing,Cohort Rotation,9,9,"10537, 10538, 10539, 10540, 10541, 10542, 10543, 10544, 10545",1/18/23,3/1/23,7:00,19:00,60,Wed,ID Missing,No Preceptor Assigned,Psychiatry; Mental Health; Behavioral Medicine,NRSG 393 Practicum - Mental Health Practicum,-no preference-,Archived (Completed)
359344,Emory University - SON Pre-licensure,Emory Decatur Hospital,Nursing,Cohort Rotation,9,9,"10546, 10547, 10548, 10549, 10550, 10551, 10552, 10553, 10554",1/18/23,3/1/23,7:00,19:00,60,Wed,ID Missing,No Preceptor Assigned,Psychiatry; Mental Health; Behavioral Medicine,NRSG 393 Practicum - Mental Health Practicum,Behavioral Health,Archived (Completed)
359347,Emory University - SON Pre-licensure,Emory University Hospital at Wesley Woods,Nursing,Cohort Rotation,8,9,"10555, 10556, 10557, 10558, 10559, 10560, 10561, 10562",1/21/23,3/4/23,7:00,19:00,60,Sat,ID Missing,No Preceptor Assigned,Psychiatry; Mental Health; Behavioral Medicine,NRSG 393 Practicum - Mental Health Practicum,-no preference-,Archived (Completed)
359348,Emory University - SON Pre-licensure,Emory University Hospital at Wesley Woods,Nursing,Cohort Rotation,9,9,"10563, 10564, 10565, 10566, 10567, 10568, 10569, 10570, 10571",3/22/23,5/3/23,7:00,19:00,60,Wed,ID Missing,No Preceptor Assigned,Psychiatry; Mental Health; Behavioral Medicine,NRSG 393 Practicum - Mental Health Practicum,-no preference-,Archived (Completed)
359349,Emory University - SON Pre-licensure,Emory Decatur Hospital,Nursing,Cohort Rotation,9,9,"10572, 10573, 10574, 10575, 10576, 10577, 10578, 10579, 10580",3/22/23,5/3/23,7:00,19:00,60,Wed,ID Missing,No Preceptor Assigned,Psychiatry; Mental Health; Behavioral Medicine,NRSG 393 Practicum - Mental Health Practicum,Behavioral Health (acute) - 1800,Archived (Completed)
359351,Emory University - SON Pre-licensure,Emory University Hospital at Wesley Woods,Nursing,Cohort Rotation,9,10,"10581, 10582, 10583, 10584, 10585, 10586, 10587, 10588, 10589",3/25/23,4/29/23,7:00,19:00,60,Sat,"ID Missing, ID Missing, ID Missing",No Preceptor Assigned,Psychiatry; Mental Health; Behavioral Medicine,NRSG 393 Practicum - Mental Health Practicum,-no preference-,Archived (Completed)
359353,Georgia State University - SON - Undergraduate,Emory Decatur Hospital,Nursing,Cohort Rotation,5,8,"10590, 10591, 10592, 10593, 10594",1/14/23,2/25/23,6:30,19:00,12,Sat,ID Missing,No Preceptor Assigned,MedSurg - Acute Care,NURS 3510 - Med Surg,-no preference-,Archived (Completed)
359354,Georgia State University - SON - Undergraduate,Emory Decatur Hospital,Nursing,Cohort Rotation,6,8,"10595, 10596, 10597, 10598, 10599, 10600",3/4/23,4/22/23,6:30,19:00,12,Sat,ID Missing,No Preceptor Assigned,MedSurg - Acute Care,NURS 3510 - Med Surg,-no preference-,Archived (Completed)
359635,Emory University - SON Pre-licensure,Emory University Hospital,Nursing,Cohort Rotation,7,8,"10601, 10602, 10603, 10604, 10605, 10606, 10607",3/22/23,5/3/23,7:00,19:00,60,Wed,ID Missing,No Preceptor Assigned,Other (see comments),NRSG 391 Practicum - Adult and Geriatric Practicum,6T: Transplant,Archived (Completed)
359638,Emory University - SON Pre-licensure,Emory Saint Joseph's Hospital,Nursing,Cohort Rotation,8,8,"10608, 10609, 10610, 10611, 10612, 10613, 10614, 10615",3/22/23,5/3/23,7:00,19:00,8,Wed,ID Missing,No Preceptor Assigned,Other (see comments),NRSG 391 Practicum - Adult and Geriatric Practicum,4W,Archived (Completed)
359640,Emory University - SON Pre-licensure,Emory University Hospital Midtown,Nursing,Cohort Rotation,8,8,"10616, 10617, 10618, 10619, 10620, 10621, 10622, 10623",3/22/23,5/3/23,7:00,19:00,60,Wed,ID Missing,No Preceptor Assigned,Other (see comments),NRSG 391 Practicum - Adult and Geriatric Practicum,21: General Surgery,Archived (Completed)
359641,Emory University - SON Pre-licensure,Emory University Hospital Midtown,Nursing,Cohort Rotation,6,8,"10565, 10624, 10567, 10625, 10626, 10627",1/10/23,2/28/23,7:00,19:00,60,Tue,ID Missing,No Preceptor Assigned,Perinatal - OB,NRSG 392 Practicum - Maternity Practicum,42/54: Mother/Baby,Archived (Completed)
359643,Emory University - SON Pre-licensure,Emory Decatur Hospital,Nursing,Cohort Rotation,6,6,"10628, 10568, 10569, 10629, 10630, 10631",1/10/23,2/28/23,7:00,19:00,60,Tue,ID Missing,No Preceptor Assigned,Perinatal - OB,NRSG 392 Practicum - Maternity Practicum,Mother/Baby,Archived (Completed)
359645,Emory University - SON,Emory Johns Creek Hospital,Nursing,Cohort Rotation,0,6,No Students Assigned,1/10/23,2/28/23,0:00,23:59,60,Tue,ID Missing,No Preceptor Assigned,Perinatal - OB,NRSG 392 Practicum - Maternity Practicum,"Maternity: M/B, L&D, NICU",Archived (Denied)
359649,Emory University - SON Pre-licensure,Emory University Hospital Midtown,Nursing,Cohort Rotation,5,8,"10632, 10633, 10634, 10635, 10636",1/11/23,2/22/23,7:00,19:00,60,Wed,ID Missing,No Preceptor Assigned,Perinatal - OB,NRSG 392 Practicum - Maternity Practicum,42/54: Mother/Baby,Archived (Completed)
359650,Emory University - SON Pre-licensure,Emory Decatur Hospital,Nursing,Cohort Rotation,6,6,"10637, 10563, 10638, 10571, 10572, 10639",1/10/23,3/1/23,7:00,19:00,60,Wed,ID Missing,No Preceptor Assigned,Other (see comments),NRSG 392 Practicum - Maternity Practicum,Mother/Baby,Archived (Completed)
359652,Emory University - SON Pre-licensure,Emory Johns Creek Hospital,Nursing,Cohort Rotation,6,6,"10640, 10641, 10588, 10642, 10643, 10577",1/11/23,2/22/23,7:00,19:00,60,Wed,ID Missing,No Preceptor Assigned,Perinatal - OB,NRSG 392 Practicum - Maternity Practicum,"Maternity: M/B, L&D, NICU",Archived (Completed)
359656,Emory University - SON Pre-licensure,Emory University Hospital Midtown,Nursing,Cohort Rotation,6,6,"10566, 10644, 10570, 10645, 10646, 10647",1/14/23,3/4/23,7:00,19:00,60,Sat,ID Missing,No Preceptor Assigned,Perinatal - OB,NRSG 392 Practicum - Maternity Practicum,42/54: Mother/Baby,Archived (Completed)
359657,Emory University - SON Pre-licensure,Emory Decatur Hospital,Nursing,Cohort Rotation,5,6,"10648, 10649, 10573, 10587, 10650",1/14/23,3/4/23,7:00,19:00,60,Sat,ID Missing,No Preceptor Assigned,Perinatal - OB,NRSG 392 Practicum - Maternity Practicum,Mother/Baby,Archived (Completed)
359660,Emory University - SON,Emory Johns Creek Hospital,Nursing,Cohort Rotation,0,6,No Students Assigned,1/14/23,3/4/23,7:00,19:00,60,Sat,ID Missing,No Preceptor Assigned,Perinatal - OB,NRSG 392 Practicum - Maternity Practicum,"Maternity: M/B, L&D, NICU",Archived (Denied)
359662,Emory University - SON Pre-licensure,Emory University Hospital Midtown,Nursing,Cohort Rotation,6,8,"10537, 10547, 10651, 10652, 10545, 10550",3/14/23,4/25/23,7:00,19:00,60,Tue,ID Missing,No Preceptor Assigned,Perinatal - OB,NRSG 392 Practicum - Maternity Practicum,42/54: Mother/Baby,Archived (Completed)
359665,Emory University - SON Pre-licensure,Emory Decatur Hospital,Nursing,Cohort Rotation,6,6,"10548, 10549, 10653, 10654, 10655, 10656",3/14/23,4/25/23,7:00,19:00,60,Tue,ID Missing,No Preceptor Assigned,Perinatal - OB,NRSG 392 Practicum - Maternity Practicum,Mother/Baby,Archived (Completed)
359667,Emory University - SON,Emory Johns Creek Hospital,Nursing,Cohort Rotation,0,6,No Students Assigned,3/14/23,4/25/23,7:00,19:00,60,Tue,ID Missing,No Preceptor Assigned,Perinatal - OB,NRSG 392 Practicum - Maternity Practicum,"Maternity: M/B, L&D, NICU",Archived (Denied)
359669,Emory University - SON Pre-licensure,Emory University Hospital Midtown,Nursing,Cohort Rotation,6,8,"10657, 10658, 10554, 10659, 10558, 10559",3/15/23,4/26/23,0:00,23:59,60,Wed,ID Missing,No Preceptor Assigned,Perinatal - OB,NRSG 392 Practicum - Maternity Practicum,42/54: Mother/Baby,Archived (Completed)
359671,Emory University - SON Pre-licensure,Emory Decatur Hospital,Nursing,Cohort Rotation,6,6,"10286, 10555, 10660, 10661, 10662, 10663",3/15/23,4/26/23,7:00,19:00,60,Wed,ID Missing,No Preceptor Assigned,Perinatal - OB,NRSG 392 Practicum - Maternity Practicum,Mother/Baby,Archived (Completed)
359673,Emory University - SON Pre-licensure,Emory Johns Creek Hospital,Nursing,Cohort Rotation,6,6,"10664, 10665, 10542, 10540, 10666, 10667",3/15/23,4/26/23,7:00,19:00,60,Wed,ID Missing,No Preceptor Assigned,Perinatal - OB,NRSG 392 Practicum - Maternity Practicum,"Maternity: M/B, L&D, NICU",Archived (Completed)
359678,Emory University - SON Pre-licensure,Emory University Hospital Midtown,Nursing,Cohort Rotation,5,8,"10668, 10669, 10670, 10671, 10672",3/18/23,4/29/23,7:00,19:00,60,Sat,"ID Missing, ID Missing, ID Missing, ID Missing, ID Missing",No Preceptor Assigned,Perinatal - OB,NRSG 392 Practicum - Maternity Practicum,42/54: Mother/Baby,Archived (Completed)
359681,Emory University - SON Pre-licensure,Emory Decatur Hospital,Nursing,Cohort Rotation,5,6,"10673, 10674, 10556, 10551, 10560",3/18/23,4/22/23,7:00,19:00,60,Sat,"ID Missing, ID Missing, ID Missing, ID Missing, ID Missing",No Preceptor Assigned,Perinatal - OB,NRSG 392 Practicum - Maternity Practicum,Mother/Baby,Archived (Completed)
359686,Emory University - SON,Emory Johns Creek Hospital,Nursing,Cohort Rotation,0,6,No Students Assigned,3/18/23,4/22/23,7:00,19:00,60,Sat,ID Missing,No Preceptor Assigned,Perinatal - OB,NRSG 392 Practicum - Maternity Practicum,"Maternity: M/B, L&D, NICU",Archived (Denied)
359810,Kennesaw State University - Nursing,"Emory Offsite locations - The Emory Clinic, Ambulatory Surgery Centers and the Emory Specialty Assocs",Nursing,Precepted Rotation,1,1,10675,1/11/23,2/16/23,0:00,23:59,96,"Thu, Fri",ID Missing,No Preceptor Assigned,Community,4412 - Community Health,Other (see comments),Archived (Completed)
359813,Kennesaw State University - Nursing,"Emory Offsite locations - The Emory Clinic, Ambulatory Surgery Centers and the Emory Specialty Assocs",Nursing,Precepted Rotation,1,1,10676,3/15/23,4/20/23,0:00,23:59,96,"Thu, Fri",ID Missing,No Preceptor Assigned,Community,4412 - Community Health,Other (see comments),Archived (Completed)
360627,Emory University - SON,Emory Saint Joseph's Hospital,Nursing,Cohort Rotation,0,8,No Students Assigned,1/21/23,3/4/23,7:00,19:00,60,Sat,ID Missing,No Preceptor Assigned,Other (see comments),NRSG 391 Practicum - Adult and Geriatric Practicum,5W,Archived (Withdrawn)
360628,Emory University - SON Pre-licensure,Emory Saint Joseph's Hospital,Nursing,Cohort Rotation,0,8,No Students Assigned,3/25/23,5/6/23,7:00,19:00,60,Sat,ID Missing,No Preceptor Assigned,Other (see comments),NRSG 391 Practicum - Adult and Geriatric Practicum,5W,Archived (Completed)
360681,Indiana State University - Online LPN to BSN Track,Emory University Hospital,Nursing,Precepted Rotation,0,1,No Students Assigned,1/16/23,4/28/23,0:00,23:59,82,,2002,ID Missing,MedSurg - Acute Care,NURS 324 - Nursing Care of the Adult II,7E: Medical,Archived (Denied)
362994,Chamberlain College of Nursing - Georgia,Emory Saint Joseph's Hospital,Nursing,Cohort Rotation,0,8,No Students Assigned,3/11/23,4/29/23,7:00,19:00,48,Sat,ID Missing,No Preceptor Assigned,Critical/Intensive Care,NR 324 - Adult Health I,3SW,Archived (Denied)
362995,Chamberlain College of Nursing - Georgia,Emory University Hospital Midtown,Nursing,Cohort Rotation,0,8,No Students Assigned,3/11/23,4/29/23,7:00,19:00,48,Sat,ID Missing,No Preceptor Assigned,Critical/Intensive Care,NR 324 - Adult Health I,22: Med/Surg,Archived (Denied)
363323,Emory University - SON Pre-licensure,Emory University Hospital at Wesley Woods,Nursing,Precepted Rotation,1,1,10677,1/9/23,3/1/23,0:00,23:59,132,"Mon, Tue, Wed, Sat, Sun",2003,3001,Practicum,NRSG 648 MN - Transitions to Nursing Practice,Inpatient Psych,Archived (Completed)
363324,Emory University - SON Pre-licensure,Emory Johns Creek Hospital,Nursing,Precepted Rotation,1,1,10678,1/9/23,3/1/23,0:00,23:59,132,"Mon, Tue, Wed, Sat, Sun",ID Missing,ID Missing,Practicum,NRSG 648 MN - Transitions to Nursing Practice,ED: emergency,Archived (Completed)
363327,Emory University - SON Pre-licensure,Emory Johns Creek Hospital,Nursing,Precepted Rotation,1,1,10679,1/9/23,3/1/23,0:00,23:59,132,"Mon, Tue, Fri, Sat, Sun",ID Missing,ID Missing,Practicum,NRSG 648 MN - Transitions to Nursing Practice,ED: emergency,Archived (Completed)
363328,Emory University - SON Pre-licensure,Emory Johns Creek Hospital,Nursing,Precepted Rotation,1,1,10680,1/9/23,3/1/23,0:00,23:59,132,"Mon, Tue, Wed, Sat, Sun",2004,"3002, ID Missing",Practicum,NRSG 648 MN - Transitions to Nursing Practice,"Maternity: M/B, L&D, NICU",Archived (Completed)
363329,Emory University - SON Pre-licensure,Emory Johns Creek Hospital,Nursing,Precepted Rotation,1,1,10681,1/9/23,3/1/23,0:00,23:59,132,"Mon, Tue, Wed, Sat, Sun",ID Missing,ID Missing,Practicum,NRSG 648 MN - Transitions to Nursing Practice,ICU: critical care,Archived (Completed)
363331,Emory University - SON Pre-licensure,Emory Johns Creek Hospital,Nursing,Precepted Rotation,1,1,10562,1/9/23,3/1/23,0:00,23:59,132,"Mon, Tue, Fri, Sat, Sun",ID Missing,ID Missing,Practicum,NRSG 648 MN - Transitions to Nursing Practice,ICU: critical care,Archived (Completed)
363333,Emory University - SON Pre-licensure,Emory Saint Joseph's Hospital,Nursing,Precepted Rotation,1,1,10682,1/9/23,3/1/23,0:00,23:59,132,,2005,3003,Practicum,NRSG 648 MN - Transitions to Nursing Practice,OR,Archived (Completed)
363338,Emory University - SON Pre-licensure,Emory Saint Joseph's Hospital,Nursing,Precepted Rotation,1,1,10683,1/9/23,3/1/23,0:00,23:59,132,"Mon, Tue, Wed, Sat, Sun",ID Missing,ID Missing,Practicum,NRSG 648 MN - Transitions to Nursing Practice,2SW,Archived (Completed)
363341,Emory University - SON Pre-licensure,Emory Saint Joseph's Hospital,Nursing,Precepted Rotation,1,1,10684,1/9/23,3/1/23,0:00,23:59,132,"Mon, Tue, Fri, Sat, Sun",2005,"ID Missing, ID Missing",Practicum,NRSG 648 MN - Transitions to Nursing Practice,2SW,Archived (Completed)
363347,Emory University - SON Pre-licensure,Emory University Hospital,Nursing,Precepted Rotation,1,1,10685,1/9/23,3/1/23,0:00,23:59,132,"Mon, Tue, Wed, Sat, Sun",2006,"3004, ID Missing",Practicum,NRSG 648 MN - Transitions to Nursing Practice,9T: Bone Marrow Transplant,Archived (Completed)
363350,Emory University - SON Pre-licensure,Emory University Hospital,Nursing,Precepted Rotation,1,1,10686,1/9/23,3/1/23,0:00,23:59,132,"Mon, Tue, Fri, Sat, Sun",2006,3003,Practicum,NRSG 648 MN - Transitions to Nursing Practice,3G/4G CCU,Archived (Completed)
363351,Emory University - SON Pre-licensure,Emory University Hospital,Nursing,Precepted Rotation,1,1,10687,1/9/23,3/1/23,0:00,23:59,72,"Mon, Tue, Fri, Sat, Sun",ID Missing,ID Missing,Practicum,NRSG 648 MN - Transitions to Nursing Practice,ED: Emergency,Archived (Completed)
363352,Emory University - SON Pre-licensure,Emory University Hospital,Nursing,Precepted Rotation,1,1,10688,1/9/23,3/1/23,0:00,23:59,132,"Mon, Tue, Wed, Sat, Sun",2006,ID Missing,Practicum,NRSG 648 MN - Transitions to Nursing Practice,-no preference-,Archived (Completed)
363354,Emory University - SON Pre-licensure,Emory University Hospital,Nursing,Precepted Rotation,1,1,10689,1/9/23,3/1/23,0:00,23:59,132,,2006,"ID Missing, ID Missing",Practicum,NRSG 648 MN - Transitions to Nursing Practice,2D ICU: Neuro,Archived (Completed)
363355,Emory University - SON Pre-licensure,Emory University Hospital,Nursing,Precepted Rotation,1,1,10690,1/9/23,3/1/23,0:00,23:59,132,"Mon, Tue, Fri, Sat, Sun",2006,"ID Missing, ID Missing",Practicum,NRSG 648 MN - Transitions to Nursing Practice,5T North:  MICU,Archived (Completed)
363358,Emory University - SON Pre-licensure,Emory University Hospital Midtown,Nursing,Precepted Rotation,1,1,10691,1/9/23,3/1/23,0:00,23:59,132,"Mon, Tue, Wed, Sat, Sun",2007,"3005, ID Missing",Practicum,NRSG 648 MN - Transitions to Nursing Practice,42/54: Mother/Baby,Archived (Completed)
363360,Emory University - SON Pre-licensure,Emory University Hospital Midtown,Nursing,Precepted Rotation,1,1,10692,1/9/23,3/1/23,0:00,23:59,132,"Mon, Tue, Fri, Sat, Sun",2004,ID Missing,Practicum,NRSG 648 MN - Transitions to Nursing Practice,42/54: Mother/Baby,Archived (Completed)
363364,Emory University - SON Pre-licensure,Emory University Hospital Midtown,Nursing,Precepted Rotation,1,1,10693,1/9/23,3/1/23,0:00,23:59,132,"Mon, Tue, Wed, Sat, Sun",2008,"3006, ID Missing",Practicum,NRSG 648 MN - Transitions to Nursing Practice,11: CV Surgery SD,Archived (Completed)
363365,Emory University - SON Pre-licensure,Emory University Hospital Midtown,Nursing,Precepted Rotation,1,1,10694,1/9/23,3/1/23,0:00,23:59,132,"Mon, Tue, Wed, Sat, Sun",2008,ID Missing,Practicum,NRSG 648 MN - Transitions to Nursing Practice,21: ICU,Archived (Completed)
363367,Emory University - SON Pre-licensure,Emory University Hospital Midtown,Nursing,Precepted Rotation,1,1,10695,1/9/23,3/1/23,0:00,23:59,132,"Mon, Tue, Wed, Sat, Sun",ID Missing,ID Missing,Practicum,NRSG 648 MN - Transitions to Nursing Practice,31: ICU,Archived (Completed)
363369,Emory University - SON Pre-licensure,Emory University Hospital Midtown,Nursing,Precepted Rotation,1,1,10696,1/9/23,3/1/23,0:00,23:59,132,"Mon, Tue, Fri, Sat, Sun",2008,ID Missing,Practicum,NRSG 648 MN - Transitions to Nursing Practice,31: ICU,Archived (Completed)
363373,Emory University - SON Pre-licensure,Emory Decatur Hospital,Nursing,Precepted Rotation,1,1,10697,1/9/23,3/1/23,0:00,23:59,132,,2004,3003,Practicum,NRSG 648 MN - Transitions to Nursing Practice,Mother/Baby,Archived (Completed)
363375,Emory University - SON Pre-licensure,Emory Decatur Hospital,Nursing,Precepted Rotation,1,1,10698,1/9/23,3/1/23,0:00,23:59,132,,2004,3003,Practicum,NRSG 648 MN - Transitions to Nursing Practice,Mother/Baby,Archived (Completed)
363378,Emory University - SON Pre-licensure,Emory Decatur Hospital,Nursing,Precepted Rotation,1,1,10699,1/9/23,3/1/23,0:00,23:59,132,,2004,3003,Practicum,NRSG 648 MN - Transitions to Nursing Practice,Mother/Baby,Archived (Completed)
363381,Emory University - SON Pre-licensure,Emory Decatur Hospital,Nursing,Precepted Rotation,1,1,10700,1/9/23,3/1/23,0:00,23:59,132,"Sat, Sun",2009,"3007, ID Missing",Practicum,NRSG 648 MN - Transitions to Nursing Practice,ICU,Archived (Completed)
363384,Emory University - SON Pre-licensure,Emory Decatur Hospital,Nursing,Precepted Rotation,1,1,10701,1/9/23,3/1/23,0:00,23:59,132,"Mon, Tue, Fri, Sat, Sun",2009,"ID Missing, ID Missing",Practicum,NRSG 648 MN - Transitions to Nursing Practice,ICU,Archived (Completed)
363390,Emory University - SON Pre-licensure,Emory Hillandale Hospital,Nursing,Precepted Rotation,1,1,10702,1/9/23,3/1/23,0:00,23:59,132,,2003,3003,Practicum,NRSG 648 MN - Transitions to Nursing Practice,Emergency Dept,Archived (Completed)
363421,Emory University - SON Pre-licensure,Emory University Hospital at Wesley Woods,Nursing,Precepted Rotation,1,1,10703,3/13/23,5/3/23,0:00,23:59,132,"Mon, Tue, Wed, Sat, Sun",2004,3001,Practicum,NRSG 648 MN - Transitions to Nursing Practice,Inpatient Psych,Archived (Completed)
363422,Emory University - SON Pre-licensure,Emory Johns Creek Hospital,Nursing,Precepted Rotation,1,1,10704,3/13/23,5/3/23,0:00,23:59,132,"Mon, Tue, Wed, Sat, Sun",ID Missing,ID Missing,Practicum,NRSG 648 MN - Transitions to Nursing Practice,ED: emergency,Archived (Completed)
363424,Emory University - SON Pre-licensure,Emory Johns Creek Hospital,Nursing,Precepted Rotation,1,1,10705,1/9/23,3/1/23,0:00,23:59,132,"Mon, Tue, Fri, Sat, Sun",ID Missing,ID Missing,Practicum,NRSG 648 MN - Transitions to Nursing Practice,ED: emergency,Archived (Completed)
363425,Emory University - SON Pre-licensure,Emory Johns Creek Hospital,Nursing,Precepted Rotation,1,1,10706,3/13/23,5/3/23,0:00,23:59,132,"Mon, Tue, Wed, Sat, Sun",ID Missing,ID Missing,Practicum,NRSG 648 MN - Transitions to Nursing Practice,ICU: critical care,Archived (Completed)
363426,Emory University - SON Pre-licensure,Emory Johns Creek Hospital,Nursing,Precepted Rotation,1,1,10707,3/13/23,5/3/23,0:00,23:59,132,"Mon, Tue, Fri, Sat, Sun",ID Missing,ID Missing,Practicum,NRSG 648 MN - Transitions to Nursing Practice,ICU: critical care,Archived (Completed)
363427,Emory University - SON Pre-licensure,Emory Saint Joseph's Hospital,Nursing,Precepted Rotation,1,1,10708,3/13/23,5/3/23,0:00,23:59,132,,2003,3009,Practicum,NRSG 648 MN - Transitions to Nursing Practice,OR,Archived (Completed)
363429,Emory University - SON Pre-licensure,Emory Saint Joseph's Hospital,Nursing,Precepted Rotation,1,1,10709,3/13/23,5/3/23,0:00,23:59,132,"Mon, Tue, Wed, Sat, Sun",2005,3016,Practicum,NRSG 648 MN - Transitions to Nursing Practice,2SW,Archived (Completed)
363430,Emory University - SON Pre-licensure,Emory Saint Joseph's Hospital,Nursing,Precepted Rotation,1,1,10710,3/13/23,5/3/23,0:00,23:59,132,"Mon, Tue, Fri, Sat, Sun",2005,ID Missing,Practicum,NRSG 648 MN - Transitions to Nursing Practice,2SW,Archived (Completed)
363431,Emory University - SON Pre-licensure,Emory University Hospital,Nursing,Precepted Rotation,1,1,10711,3/13/23,5/3/23,0:00,23:59,132,"Mon, Tue, Wed, Sat, Sun",2010,3008,Practicum,NRSG 648 MN - Transitions to Nursing Practice,9T: Bone Marrow Transplant,Archived (Completed)
363432,Emory University - SON Pre-licensure,Emory University Hospital,Nursing,Precepted Rotation,1,1,10712,3/13/23,5/3/23,0:00,23:59,132,"Mon, Tue, Fri, Sat, Sun",2011,3009,Practicum,NRSG 648 MN - Transitions to Nursing Practice,3G/4G CCU,Archived (Completed)
363435,Emory University - SON Pre-licensure,Emory University Hospital,Nursing,Precepted Rotation,0,1,No Students Assigned,3/13/23,5/3/23,0:00,23:59,132,"Mon, Tue, Wed, Sat, Sun",ID Missing,ID Missing,Practicum,NRSG 648 MN - Transitions to Nursing Practice,-no preference-,Archived (Completed)
363439,Emory University - SON Pre-licensure,Emory University Hospital,Nursing,Precepted Rotation,1,1,10713,3/13/23,5/3/23,0:00,23:59,132,,2010,3009,Practicum,NRSG 648 MN - Transitions to Nursing Practice,2D ICU: Neuro,Archived (Completed)
363441,Emory University - SON Pre-licensure,Emory University Hospital,Nursing,Precepted Rotation,1,1,10714,3/13/23,5/3/23,0:00,23:59,132,"Mon, Tue, Fri, Sat, Sun",2010,ID Missing,Practicum,NRSG 648 MN - Transitions to Nursing Practice,5T North:  MICU,Archived (Completed)
363442,Emory University - SON Pre-licensure,Emory University Hospital Midtown,Nursing,Precepted Rotation,1,1,10715,1/9/23,3/1/23,0:00,23:59,132,"Mon, Tue, Wed, Sat, Sun",2004,"ID Missing, ID Missing",Practicum,NRSG 648 MN - Transitions to Nursing Practice,42/54: Mother/Baby,Archived (Completed)
363444,Emory University - SON Pre-licensure,Emory University Hospital Midtown,Nursing,Precepted Rotation,1,1,10716,3/13/23,5/3/23,0:00,23:59,132,"Mon, Tue, Fri, Sat, Sun",2009,"ID Missing, ID Missing, ID Missing, ID Missing, ID Missing",Practicum,NRSG 648 MN - Transitions to Nursing Practice,42/54: Mother/Baby,Archived (Completed)
363447,Emory University - SON Pre-licensure,Emory University Hospital Midtown,Nursing,Precepted Rotation,1,1,10717,3/13/23,5/3/23,0:00,23:59,132,"Mon, Tue, Wed, Sat, Sun",2008,ID Missing,Practicum,NRSG 648 MN - Transitions to Nursing Practice,11: CV Surgery SD,Archived (Completed)
363451,Emory University - SON Pre-licensure,Emory University Hospital Midtown,Nursing,Precepted Rotation,1,1,10718,1/9/23,3/1/23,0:00,23:59,132,"Mon, Tue, Fri, Sat, Sun",ID Missing,ID Missing,Practicum,NRSG 648 MN - Transitions to Nursing Practice,21: ICU,Archived (Completed)
363455,Emory University - SON Pre-licensure,Emory University Hospital Midtown,Nursing,Precepted Rotation,0,1,No Students Assigned,3/13/23,5/3/23,0:00,23:59,132,"Mon, Tue, Wed, Sat, Sun",2008,ID Missing,Practicum,NRSG 648 MN - Transitions to Nursing Practice,31: ICU,Archived (Completed)
363456,Emory University - SON Pre-licensure,Emory University Hospital Midtown,Nursing,Precepted Rotation,0,1,No Students Assigned,3/13/23,5/3/23,0:00,23:59,132,"Mon, Tue, Fri, Sat, Sun",2008,ID Missing,Practicum,NRSG 648 MN - Transitions to Nursing Practice,31: ICU,Archived (Completed)
363458,Emory University - SON Pre-licensure,Emory Decatur Hospital,Nursing,Precepted Rotation,1,1,10719,1/9/23,3/1/23,0:00,23:59,132,,2004,3003,Practicum,NRSG 648 MN - Transitions to Nursing Practice,Mother/Baby,Archived (Completed)
363461,Emory University - SON Pre-licensure,Emory Decatur Hospital,Nursing,Precepted Rotation,1,1,10720,3/13/23,5/3/23,0:00,23:59,132,,2004,ID Missing,Practicum,NRSG 648 MN - Transitions to Nursing Practice,Mother/Baby,Archived (Completed)
363466,Emory University - SON Pre-licensure,Emory Decatur Hospital,Nursing,Precepted Rotation,1,1,10721,3/13/23,5/3/23,0:00,23:59,132,"Sat, Sun",2011,3009,Practicum,NRSG 648 MN - Transitions to Nursing Practice,ICU - 2500,Archived (Completed)
363469,Emory University - SON Pre-licensure,Emory Decatur Hospital,Nursing,Precepted Rotation,1,1,10722,3/13/23,5/3/23,0:00,23:59,132,"Mon, Tue, Fri, Sat, Sun",2003,3009,Practicum,NRSG 648 MN - Transitions to Nursing Practice,ICU - 2500,Archived (Completed)
363471,Emory University - SON Pre-licensure,Emory Hillandale Hospital,Nursing,Precepted Rotation,1,1,10723,1/9/23,3/1/23,0:00,23:59,132,,2003,3003,Practicum,NRSG 648 MN - Transitions to Nursing Practice,Emergency Dept,Archived (Completed)
364025,Emory University - SON Pre-licensure,Emory University Hospital at Wesley Woods,Nursing,Cohort Rotation,8,9,"10661, 10663, 10724, 10725, 10726, 10727, 10728, 10542",1/15/23,2/26/23,7:00,19:00,60,Sun,ID Missing,No Preceptor Assigned,Psychiatry; Mental Health; Behavioral Medicine,775 - NRSG 775D Mental Health,Inpatient Psych,Archived (Completed)
364031,Emory University - SON Pre-licensure,Emory University Hospital at Wesley Woods,Nursing,Cohort Rotation,9,9,"10650, 10633, 10307, 10639, 10729, 10730, 10731, 10647, 10732",3/19/23,4/30/23,0:00,23:59,60,Sun,ID Missing,No Preceptor Assigned,Psychiatry; Mental Health; Behavioral Medicine,775 - NRSG 775D Mental Health,Inpatient Psych,Archived (Completed)
364232,Chamberlain College of Nursing - Georgia,Emory Saint Joseph's Hospital,Nursing,Cohort Rotation,8,8,"10146, 10148, 10149, 10150, 10115, 10733, 10734, 10735",3/11/23,4/29/23,7:00,19:00,96,Sat,"ID Missing, ID Missing",No Preceptor Assigned,MedSurg - Acute Care,NR 324 - Adult Health I,3S,Archived (Completed)
364381,Emory University - SON Pre-licensure,Emory Johns Creek Hospital,Nursing,Precepted Rotation,1,1,10736,1/9/23,3/1/23,0:00,23:59,132,"Mon, Tue, Wed, Sat, Sun",2009,"ID Missing, ID Missing",Practicum,NRSG 431 - Clinical Practicum IV,"Maternity: M/B, L&D, NICU",Archived (Completed)
364384,Emory University - SON Pre-licensure,Emory Saint Joseph's Hospital,Nursing,Precepted Rotation,1,1,10737,1/9/23,3/1/23,0:00,23:59,132,"Mon, Tue, Wed, Sat, Sun",2005,"ID Missing, ID Missing",Practicum,NRSG 648 MN - Transitions to Nursing Practice,2E,Archived (Completed)
364387,Emory University - SON Pre-licensure,Emory Saint Joseph's Hospital,Nursing,Precepted Rotation,1,1,10738,3/13/23,5/3/23,0:00,23:59,132,"Mon, Tue, Wed, Sat, Sun",2005,ID Missing,Practicum,NRSG 648 MN - Transitions to Nursing Practice,2E,Archived (Completed)
364388,Emory University - SON Pre-licensure,Emory Decatur Hospital,Nursing,Precepted Rotation,1,1,10739,1/9/23,3/1/23,0:00,23:59,132,"Mon, Tue, Wed, Sat, Sun",2003,ID Missing,Practicum,NRSG 648 MN - Transitions to Nursing Practice,NICU,Archived (Completed)
364389,Emory University - SON Pre-licensure,Emory Decatur Hospital,Nursing,Precepted Rotation,1,1,10740,1/9/23,3/1/23,0:00,23:59,132,"Mon, Tue, Wed, Sat, Sun",2003,ID Missing,Practicum,NRSG 648 MN - Transitions to Nursing Practice,NICU,Archived (Completed)
364390,Emory University - SON Pre-licensure,Emory Decatur Hospital,Nursing,Precepted Rotation,1,1,10741,3/13/23,5/3/23,0:00,23:59,132,"Mon, Tue, Fri, Sat, Sun",2004,ID Missing,Practicum,NRSG 648 MN - Transitions to Nursing Practice,NICU,Archived (Completed)
364391,Emory University - SON Pre-licensure,Emory Decatur Hospital,Nursing,Precepted Rotation,1,1,10742,3/13/23,5/3/23,0:00,23:59,132,"Mon, Tue, Fri, Sat, Sun",2004,ID Missing,Practicum,NRSG 648 MN - Transitions to Nursing Practice,NICU,Archived (Completed)
364598,Emory University - SON Pre-licensure,Emory Saint Joseph's Hospital,Nursing,Precepted Rotation,1,1,10743,1/9/23,3/1/23,0:00,23:59,132,"Mon, Tue, Wed, Sat, Sun",2005,ID Missing,Practicum,NRSG 648 MN - Transitions to Nursing Practice,ED,Archived (Completed)
364599,Emory University - SON Pre-licensure,Emory Saint Joseph's Hospital,Nursing,Precepted Rotation,1,1,10744,1/9/23,3/1/23,0:00,23:59,132,"Mon, Tue, Fri, Sat, Sun",ID Missing,ID Missing,Practicum,NRSG 648 MN - Transitions to Nursing Practice,ED,Archived (Completed)
364600,Emory University - SON Pre-licensure,Emory Saint Joseph's Hospital,Nursing,Precepted Rotation,1,1,10745,3/13/23,5/3/23,0:00,23:59,132,"Mon, Tue, Wed, Sat, Sun",2005,ID Missing,Practicum,NRSG 648 MN - Transitions to Nursing Practice,ED,Archived (Completed)
364603,Emory University - SON Pre-licensure,Emory Saint Joseph's Hospital,Nursing,Precepted Rotation,1,1,10746,3/13/23,5/3/23,0:00,23:59,132,"Mon, Tue, Fri, Sat, Sun",2005,ID Missing,Practicum,NRSG 648 MN - Transitions to Nursing Practice,ED,Archived (Completed)
364607,Emory University - SON Pre-licensure,Emory Decatur Hospital,Nursing,Precepted Rotation,1,1,10747,1/9/23,3/1/23,0:00,23:59,132,"Mon, Tue, Wed, Sat, Sun",2003,ID Missing,Practicum,NRSG 648 MN - Transitions to Nursing Practice,Operating Room,Archived (Completed)
364608,Emory University - SON Pre-licensure,Emory Decatur Hospital,Nursing,Precepted Rotation,1,1,10748,3/13/23,5/3/23,0:00,23:59,132,"Mon, Tue, Wed, Sat, Sun",2011,ID Missing,Practicum,NRSG 431 - Clinical Practicum IV,Cardiac Telemetry - 2400,Archived (Completed)
365040,Emory University - SON Pre-licensure,Emory University Hospital Midtown,Nursing,Precepted Rotation,1,1,10749,1/9/23,3/1/23,0:00,23:59,132,"Mon, Tue, Wed, Sat, Sun",ID Missing,ID Missing,Practicum,NRSG 648 MN - Transitions to Nursing Practice,11 ICU: CV ICU,Archived (Completed)
365043,Emory University - SON Pre-licensure,Emory University Hospital Midtown,Nursing,Precepted Rotation,1,1,10750,1/9/23,3/1/23,0:00,23:59,132,"Mon, Tue, Fri, Sat, Sun",ID Missing,ID Missing,Practicum,NRSG 648 MN - Transitions to Nursing Practice,11 ICU: CV ICU,Archived (Completed)
365044,Emory University - SON Pre-licensure,Emory University Hospital Midtown,Nursing,Precepted Rotation,1,1,10751,3/13/23,5/3/23,0:00,23:59,132,"Mon, Tue, Wed, Sat, Sun",2009,ID Missing,Practicum,NRSG 648 MN - Transitions to Nursing Practice,11 ICU: CV ICU,Archived (Completed)
365046,Emory University - SON Pre-licensure,Emory University Hospital Midtown,Nursing,Precepted Rotation,1,1,10752,3/13/23,5/3/23,0:00,23:59,132,"Mon, Tue, Fri, Sat, Sun",2008,ID Missing,Practicum,NRSG 648 MN - Transitions to Nursing Practice,11 ICU: CV ICU,Archived (Completed)
365051,Emory University - SON Pre-licensure,Emory University Hospital Midtown,Nursing,Precepted Rotation,1,1,10753,1/9/23,3/1/23,0:00,23:59,132,"Mon, Tue, Wed, Sat, Sun",2008,ID Missing,Practicum,NRSG 648 MN - Transitions to Nursing Practice,41 ICU: Med Cardiology,Archived (Completed)
365052,Emory University - SON Pre-licensure,Emory University Hospital Midtown,Nursing,Precepted Rotation,1,1,10754,3/13/23,5/3/23,0:00,23:59,132,"Mon, Tue, Wed, Sat, Sun",2003,ID Missing,Practicum,NRSG 648 MN - Transitions to Nursing Practice,41 ICU: Med Cardiology,Archived (Completed)
365055,Emory University - SON Pre-licensure,Emory University Hospital Midtown,Nursing,Precepted Rotation,1,1,10755,1/9/23,3/1/23,0:00,23:59,132,"Mon, Tue, Wed, Sat, Sun",2008,ID Missing,Practicum,NRSG 648 MN - Transitions to Nursing Practice,41 ICU: Med Cardiology,Archived (Completed)
365233,Emory University - SON Pre-licensure,Emory Decatur Hospital,Nursing,Precepted Rotation,1,1,10756,1/9/23,3/1/23,0:00,23:59,132,"Mon, Tue, Wed, Sat, Sun",2003,ID Missing,Practicum,NRSG 648 MN - Transitions to Nursing Practice,Emergency Dept- North Decatur,Archived (Completed)
365235,Emory University - SON Pre-licensure,Emory Decatur Hospital,Nursing,Precepted Rotation,1,1,10649,3/13/23,5/3/23,0:00,23:59,132,"Mon, Tue, Wed, Sat, Sun",2003,3009,Practicum,NRSG 648 MN - Transitions to Nursing Practice,Emergency Dept- North Decatur,Archived (Completed)
365654,Emory University - SON Pre-licensure,Emory University Hospital Midtown,Nursing,Cohort Rotation,6,6,"10757, 10758, 10759, 10760, 10581, 10731",1/15/23,3/5/23,7:00,19:00,60,Sun,ID Missing,No Preceptor Assigned,Perinatal - OB,NRSG 392 Practicum - Maternity Practicum,42/54: Mother/Baby,Archived (Completed)
365659,Emory University - SON Pre-licensure,Emory University Hospital Midtown,Nursing,Cohort Rotation,6,6,"10761, 10546, 10762, 10725, 10763, 10764",3/19/23,4/30/23,7:00,19:00,60,Sun,ID Missing,No Preceptor Assigned,Perinatal - OB,NRSG 392 Practicum - Maternity Practicum,42/54: Mother/Baby,Archived (Completed)
366028,Emory University - SON Pre-licensure,Emory Johns Creek Hospital,Nursing,Precepted Rotation,1,1,10765,1/9/23,3/1/23,0:00,23:59,132,"Mon, Tue, Wed, Sat, Sun",ID Missing,ID Missing,Practicum,NRSG 648 MN - Transitions to Nursing Practice,3rd floor: med-surg,Archived (Completed)
366144,Emory University - SON Pre-licensure,Emory Saint Joseph's Hospital,Nursing,Precepted Rotation,1,1,10766,1/9/23,3/1/23,0:00,23:59,132,"Mon, Tue, Wed, Sat, Sun",2005,ID Missing,Practicum,NRSG 648 MN - Transitions to Nursing Practice,2W,Archived (Completed)
366145,Emory University - SON Pre-licensure,Emory Saint Joseph's Hospital,Nursing,Precepted Rotation,1,1,10767,1/9/23,3/1/23,0:00,23:59,132,"Mon, Tue, Fri, Sat, Sun",2005,"ID Missing, ID Missing",Practicum,NRSG 648 MN - Transitions to Nursing Practice,2W,Archived (Completed)
366341,Emory University - SON Pre-licensure,Emory University Hospital,Nursing,Precepted Rotation,1,1,10768,1/9/23,3/1/23,0:00,23:59,132,"Mon, Tue, Wed, Sat, Sun",ID Missing,ID Missing,Practicum,NRSG 648 MN - Transitions to Nursing Practice,4G: Telemetry,Archived (Completed)
366477,Emory University - SON Pre-licensure,Emory University Hospital Midtown,Nursing,Precepted Rotation,0,132,No Students Assigned,1/9/23,3/1/23,0:00,23:59,132,"Mon, Tue, Wed, Sat, Sun",2008,ID Missing,Practicum,NRSG 648 MN - Transitions to Nursing Practice,71: Oncology,Archived (Completed)
366484,Emory University - SON Pre-licensure,Emory Saint Joseph's Hospital,Nursing,Precepted Rotation,0,1,No Students Assigned,1/9/23,3/1/23,0:00,23:59,132,"Mon, Tue, Wed, Sat, Sun",ID Missing,ID Missing,Practicum,NRSG 431 - Clinical Practicum IV,3S,Archived (Completed)
366518,Chamberlain College of Nursing - Georgia,Emory Saint Joseph's Hospital,Nursing,Precepted Rotation,1,1,10769,1/9/23,4/29/23,0:00,23:59,144,,ID Missing,ID Missing,Practicum,NR 446/452 - Colaborative and Capstone - Senior Practicum,Any Available,Archived (Completed)
366519,Chamberlain College of Nursing - Georgia,Emory Saint Joseph's Hospital,Nursing,Precepted Rotation,1,1,10770,1/9/23,4/29/23,0:00,23:59,144,,ID Missing,ID Missing,Practicum,NR 446/452 - Colaborative and Capstone - Senior Practicum,Any Available,Archived (Completed)
366520,Chamberlain College of Nursing - Georgia,Emory Saint Joseph's Hospital,Nursing,Precepted Rotation,1,1,10771,1/9/23,4/29/23,0:00,23:59,144,,ID Missing,ID Missing,Practicum,NR 446/452 - Colaborative and Capstone - Senior Practicum,Any Available,Archived (Completed)
366521,Chamberlain College of Nursing - Georgia,Emory Saint Joseph's Hospital,Nursing,Precepted Rotation,1,1,10772,1/9/23,4/29/23,0:00,23:59,144,,ID Missing,ID Missing,Practicum,NR 446/452 - Colaborative and Capstone - Senior Practicum,Any Available,Archived (Completed)
366522,Chamberlain College of Nursing - Georgia,Emory Saint Joseph's Hospital,Nursing,Precepted Rotation,1,1,10773,1/9/23,4/29/23,0:00,23:59,144,,ID Missing,ID Missing,Practicum,NR 446/452 - Colaborative and Capstone - Senior Practicum,Any Available,Archived (Completed)
366523,Chamberlain College of Nursing - Georgia,Emory Saint Joseph's Hospital,Nursing,Precepted Rotation,1,1,10774,1/9/23,4/29/23,0:00,23:59,144,,ID Missing,ID Missing,Practicum,NR 446/452 - Colaborative and Capstone - Senior Practicum,Any Available,Archived (Completed)
366524,Chamberlain College of Nursing - Georgia,Emory Saint Joseph's Hospital,Nursing,Precepted Rotation,1,1,10775,1/9/23,4/29/23,0:00,23:59,144,,ID Missing,ID Missing,Practicum,NR 446/452 - Colaborative and Capstone - Senior Practicum,Any Available,Archived (Completed)
366655,Brenau University,Emory University Hospital Midtown,Nursing,Precepted Rotation,0,1,No Students Assigned,1/16/23,4/21/23,0:00,23:59,120,,ID Missing,No Preceptor Assigned,Practicum,NG 445 - Transition to Practice/Capstone Practicum,L&D (DEU),Archived (Denied)
366658,Brenau University,Emory University Hospital Midtown,Nursing,Precepted Rotation,0,1,No Students Assigned,1/16/23,4/21/23,0:00,23:59,120,,ID Missing,No Preceptor Assigned,Practicum,NG 445 - Transition to Practice/Capstone Practicum,Nurseries (DEU): NICU,Archived (Denied)
366660,Brenau University,Emory University Hospital Midtown,Nursing,Precepted Rotation,0,1,No Students Assigned,1/16/23,4/21/23,0:00,23:59,120,,ID Missing,ID Missing,Practicum,NG 445 - Transition to Practice/Capstone Practicum,22: Med/Surg,Archived (Withdrawn)
366801,Emory University - SON Pre-licensure,Emory Johns Creek Hospital,Nursing,Precepted Rotation,1,1,10776,1/9/23,3/1/23,0:00,23:59,72,"Mon, Tue, Wed, Sat, Sun",2012,3010,Practicum,NRSG 648 MN - Transitions to Nursing Practice,"Maternity: M/B, L&D, NICU",Archived (Completed)
366802,Emory University - SON Pre-licensure,Emory Johns Creek Hospital,Nursing,Precepted Rotation,0,1,No Students Assigned,3/13/23,5/3/23,0:00,23:59,132,"Mon, Tue, Wed, Sat, Sun",ID Missing,ID Missing,Practicum,NRSG 648 MN - Transitions to Nursing Practice,"Maternity: M/B, L&D, NICU",Archived (Completed)
366986,Emory University - SON Pre-licensure,Emory University Hospital,Nursing,Precepted Rotation,1,1,10777,1/9/23,3/1/23,0:00,23:59,132,"Mon, Tue, Wed, Sat, Sun",ID Missing,"ID Missing, ID Missing, ID Missing",Practicum,NRSG 648 MN - Transitions to Nursing Practice,PACU: Post Op,Archived (Completed)
366988,Emory University - SON Pre-licensure,Emory University Hospital,Nursing,Precepted Rotation,1,1,10778,1/9/23,3/1/23,0:00,23:59,132,"Mon, Tue, Wed, Sat, Sun",ID Missing,"ID Missing, ID Missing",Practicum,NRSG 648 MN - Transitions to Nursing Practice,PACU: Post Op,Archived (Completed)
366989,Emory University - SON Pre-licensure,Emory University Hospital,Nursing,Precepted Rotation,1,1,10779,3/13/23,5/3/23,0:00,23:59,132,"Mon, Tue, Wed, Sat, Sun",2011,ID Missing,Practicum,NRSG 648 MN - Transitions to Nursing Practice,PACU: Post Op,Archived (Completed)
366990,Emory University - SON Pre-licensure,Emory University Hospital,Nursing,Precepted Rotation,0,1,No Students Assigned,3/13/23,5/3/23,0:00,23:59,132,"Mon, Tue, Wed, Sat, Sun",ID Missing,ID Missing,Practicum,NRSG 648 MN - Transitions to Nursing Practice,PACU: Post Op,Archived (Completed)
367056,Brenau University,Emory Saint Joseph's Hospital,Nursing,Precepted Rotation,1,1,10780,1/16/23,4/21/23,0:00,23:59,120,,ID Missing,No Preceptor Assigned,Practicum,NG 445 - Transition to Practice/Capstone Practicum,2SW,Archived (Completed)
367060,Brenau University,Emory University Hospital Midtown,Nursing,Precepted Rotation,0,1,No Students Assigned,1/16/23,4/21/23,0:00,23:59,120,,ID Missing,No Preceptor Assigned,Practicum,NG 445 - Transition to Practice/Capstone Practicum,42/54: Mother/Baby,Archived (Denied)
367062,Brenau University,Emory University Hospital Midtown,Nursing,Precepted Rotation,0,1,No Students Assigned,1/16/23,4/21/23,0:00,23:59,120,,ID Missing,No Preceptor Assigned,Practicum,NG 445 - Transition to Practice/Capstone Practicum,L&D (DEU),Archived (Denied)
367063,Brenau University,Emory University Hospital,Nursing,Precepted Rotation,0,1,No Students Assigned,1/16/23,4/21/23,0:00,23:59,120,,ID Missing,No Preceptor Assigned,Practicum,NG 445 - Transition to Practice/Capstone Practicum,ED: Emergency,Archived (Denied)
367064,Brenau University,Emory University Hospital,Nursing,Precepted Rotation,0,1,No Students Assigned,1/16/23,4/21/23,0:00,23:59,120,,ID Missing,No Preceptor Assigned,Practicum,NG 445 - Transition to Practice/Capstone Practicum,3G/4G CCU,Archived (Denied)
367065,Brenau University,Emory Johns Creek Hospital,Nursing,Precepted Rotation,1,1,10781,1/16/23,4/21/23,0:00,23:59,120,,ID Missing,No Preceptor Assigned,Practicum,NG 445 - Transition to Practice/Capstone Practicum,ED: emergency,Archived (Completed)
367067,Brenau University,Emory Hillandale Hospital,Nursing,Precepted Rotation,1,1,10782,1/16/23,4/21/23,0:00,23:59,120,,ID Missing,No Preceptor Assigned,Practicum,NG 445 - Transition to Practice/Capstone Practicum,Emergency Dept,Archived (Completed)
367068,Brenau University,Emory Hillandale Hospital,Nursing,Precepted Rotation,0,1,No Students Assigned,1/16/23,4/21/23,0:00,23:59,120,,ID Missing,No Preceptor Assigned,Practicum,NG 445 - Transition to Practice/Capstone Practicum,ICU,Archived (Denied)
367069,Brenau University,Emory University Hospital,Nursing,Precepted Rotation,0,1,No Students Assigned,1/16/23,4/21/23,0:00,23:59,120,,ID Missing,No Preceptor Assigned,Practicum,NG 445 - Transition to Practice/Capstone Practicum,ED: Emergency,Archived (Denied)
367328,Emory University - SON Pre-licensure,Emory University Hospital,Nursing,Precepted Rotation,1,1,10783,1/9/23,3/1/23,0:00,23:59,132,"Mon, Tue, Wed, Sat, Sun",ID Missing,3003,Practicum,NRSG 431 - Clinical Practicum IV,8T South: Hematology/Leukemia,Archived (Completed)
367343,Emory University - SON Pre-licensure,Emory University Orthopaedics and Spine Hospital,Nursing,Precepted Rotation,1,1,10784,3/13/23,5/3/23,0:00,23:59,132,"Mon, Tue, Wed, Sat, Sun",2010,ID Missing,Practicum,NRSG 648 MN - Transitions to Nursing Practice,2-4 floors: Orthopaedics,Archived (Completed)
367524,Emory University - SON Pre-licensure,Emory Johns Creek Hospital,Nursing,Precepted Rotation,1,1,10785,1/9/23,3/1/23,0:00,23:59,132,"Mon, Tue, Fri, Sat, Sun",2004,"ID Missing, ID Missing",Practicum,NRSG 648 MN - Transitions to Nursing Practice,"Maternity: M/B, L&D, NICU",Archived (Completed)
367784,Georgia Baptist College of Nursing of Mercer University - Undergraduate Nursing,Emory Saint Joseph's Hospital,Nursing,Precepted Rotation,1,1,10786,1/9/23,5/12/23,0:00,23:59,45,,ID Missing,ID Missing,Leadership,NURN 402 - RN-BSN Leadership course,Any Available,Archived (Completed)
368109,Emory University - SON Pre-licensure,Emory University Hospital,Nursing,Precepted Rotation,1,1,10787,2/1/23,3/1/23,0:00,23:59,108,"Mon, Tue, Wed, Sat, Sun",ID Missing,ID Missing,Practicum,NRSG 648 MN - Transitions to Nursing Practice,6T: Transplant,Archived (Completed)
368114,Emory University - SON Pre-licensure,Emory Decatur Hospital,Nursing,Precepted Rotation,1,1,10788,1/9/23,3/1/23,0:00,23:59,132,"Mon, Tue, Wed, Sat, Sun",2008,ID Missing,Practicum,NRSG 648 MN - Transitions to Nursing Practice,PACU,Archived (Completed)
368474,Emory University - SON Pre-licensure,Emory University Hospital at Wesley Woods,Nursing,Precepted Rotation,1,1,10789,1/9/23,3/1/23,0:00,23:59,132,"Mon, Tue, Wed, Sat, Sun",2003,ID Missing,Practicum,NRSG 648 MN - Transitions to Nursing Practice,Inpatient Psych,Archived (Completed)
369505,Auburn University - College of Nursing - BSN,Emory University Hospital Midtown,Nursing,Precepted Rotation,1,1,10790,2/27/23,4/22/23,0:00,23:59,212,,ID Missing,No Preceptor Assigned,Practicum,NURS 4921 - Nursing Practice Preceptorship-Senior Practicum,41: Med Cardiology,Archived (Completed)
369994,Emory University - SON Pre-licensure,"Emory Offsite locations - The Emory Clinic, Ambulatory Surgery Centers and the Emory Specialty Assocs",Nursing,Precepted Rotation,1,1,10716,1/9/23,3/1/23,0:00,23:59,24,Tue,ID Missing,ID Missing,Ambulatory,NRSG 432 - Ambulatory Care,Other (see comments),Archived (Completed)
369995,Emory University - SON Pre-licensure,"Emory Offsite locations - The Emory Clinic, Ambulatory Surgery Centers and the Emory Specialty Assocs",Nursing,Precepted Rotation,1,1,10791,1/9/23,3/1/23,0:00,23:59,24,Tue,ID Missing,ID Missing,Ambulatory,NRSG 432 - Ambulatory Care,Other (see comments),Archived (Completed)
369996,Emory University - SON Pre-licensure,"Emory Offsite locations - The Emory Clinic, Ambulatory Surgery Centers and the Emory Specialty Assocs",Nursing,Precepted Rotation,1,1,10792,1/9/23,3/1/23,0:00,23:59,24,Tue,ID Missing,ID Missing,Ambulatory,NRSG 432 - Ambulatory Care,Other (see comments),Archived (Completed)
369997,Emory University - SON Pre-licensure,"Emory Offsite locations - The Emory Clinic, Ambulatory Surgery Centers and the Emory Specialty Assocs",Nursing,Precepted Rotation,1,1,10793,1/9/23,3/1/23,0:00,23:59,24,Tue,ID Missing,ID Missing,Ambulatory,NRSG 432 - Ambulatory Care,Other (see comments),Archived (Completed)
369998,Emory University - SON Pre-licensure,"Emory Offsite locations - The Emory Clinic, Ambulatory Surgery Centers and the Emory Specialty Assocs",Nursing,Precepted Rotation,1,1,10751,1/9/23,3/1/23,0:00,23:59,24,Tue,ID Missing,ID Missing,Ambulatory,NRSG 432 - Ambulatory Care,Other (see comments),Archived (Completed)
369999,Emory University - SON Pre-licensure,"Emory Offsite locations - The Emory Clinic, Ambulatory Surgery Centers and the Emory Specialty Assocs",Nursing,Precepted Rotation,1,1,10794,1/9/23,3/1/23,0:00,23:59,24,Tue,ID Missing,ID Missing,Ambulatory,NRSG 432 - Ambulatory Care,Other (see comments),Archived (Completed)
370000,Emory University - SON Pre-licensure,"Emory Offsite locations - The Emory Clinic, Ambulatory Surgery Centers and the Emory Specialty Assocs",Nursing,Precepted Rotation,1,1,10795,1/9/23,3/1/23,0:00,23:59,24,Tue,ID Missing,ID Missing,Ambulatory,NRSG 432 - Ambulatory Care,Other (see comments),Archived (Completed)
370001,Emory University - SON Pre-licensure,"Emory Offsite locations - The Emory Clinic, Ambulatory Surgery Centers and the Emory Specialty Assocs",Nursing,Precepted Rotation,1,1,10748,1/9/23,3/1/23,0:00,23:59,24,Wed,2012,ID Missing,Ambulatory,NRSG 432 - Ambulatory Care,Other (see comments),Archived (Completed)
370002,Emory University - SON Pre-licensure,"Emory Offsite locations - The Emory Clinic, Ambulatory Surgery Centers and the Emory Specialty Assocs",Nursing,Precepted Rotation,1,1,10796,1/9/23,3/1/23,0:00,23:59,24,Wed,ID Missing,ID Missing,Ambulatory,NRSG 432 - Ambulatory Care,Other (see comments),Archived (Completed)
370003,Emory University - SON Pre-licensure,"Emory Offsite locations - The Emory Clinic, Ambulatory Surgery Centers and the Emory Specialty Assocs",Nursing,Precepted Rotation,1,1,10797,1/9/23,3/1/23,0:00,23:59,24,Wed,ID Missing,ID Missing,Ambulatory,NRSG 432 - Ambulatory Care,Other (see comments),Archived (Completed)
370004,Emory University - SON Pre-licensure,"Emory Offsite locations - The Emory Clinic, Ambulatory Surgery Centers and the Emory Specialty Assocs",Nursing,Precepted Rotation,1,1,10798,1/9/23,3/1/23,0:00,23:59,24,Wed,2012,ID Missing,Ambulatory,NRSG 432 - Ambulatory Care,Other (see comments),Archived (Completed)
370005,Emory University - SON Pre-licensure,"Emory Offsite locations - The Emory Clinic, Ambulatory Surgery Centers and the Emory Specialty Assocs",Nursing,Precepted Rotation,1,1,10799,1/9/23,3/1/23,0:00,23:59,24,Wed,2012,ID Missing,Ambulatory,NRSG 432 - Ambulatory Care,Other (see comments),Archived (Completed)
370006,Emory University - SON Pre-licensure,"Emory Offsite locations - The Emory Clinic, Ambulatory Surgery Centers and the Emory Specialty Assocs",Nursing,Precepted Rotation,1,1,10555,1/9/23,3/1/23,0:00,23:59,24,Wed,ID Missing,ID Missing,Ambulatory,NRSG 432 - Ambulatory Care,Other (see comments),Archived (Completed)
370027,Emory University - SON Pre-licensure,"Emory Offsite locations - The Emory Clinic, Ambulatory Surgery Centers and the Emory Specialty Assocs",Nursing,Precepted Rotation,1,1,10709,1/9/23,3/1/23,0:00,23:59,24,Tue,ID Missing,ID Missing,Ambulatory,NRSG 676 MN - Care Transitions Practicum,Other (see comments),Archived (Completed)
370029,Emory University - SON Pre-licensure,"Emory Offsite locations - The Emory Clinic, Ambulatory Surgery Centers and the Emory Specialty Assocs",Nursing,Precepted Rotation,1,1,10704,1/9/23,3/1/23,0:00,23:59,24,Tue,ID Missing,ID Missing,Ambulatory,NRSG 676 MN - Care Transitions Practicum,Other (see comments),Archived (Completed)
370032,Emory University - SON Pre-licensure,"Emory Offsite locations - The Emory Clinic, Ambulatory Surgery Centers and the Emory Specialty Assocs",Nursing,Precepted Rotation,1,1,10800,1/9/23,3/1/23,0:00,23:59,24,Tue,ID Missing,ID Missing,Ambulatory,NRSG 676 MN - Care Transitions Practicum,Other (see comments),Archived (Completed)
370035,Emory University - SON Pre-licensure,"Emory Offsite locations - The Emory Clinic, Ambulatory Surgery Centers and the Emory Specialty Assocs",Nursing,Precepted Rotation,1,1,10706,1/9/23,3/1/23,0:00,23:59,24,Tue,ID Missing,ID Missing,Ambulatory,NRSG 676 MN - Care Transitions Practicum,Other (see comments),Archived (Completed)
370040,Emory University - SON Pre-licensure,"Emory Offsite locations - The Emory Clinic, Ambulatory Surgery Centers and the Emory Specialty Assocs",Nursing,Precepted Rotation,1,1,10746,1/9/23,3/1/23,0:00,23:59,24,Tue,ID Missing,ID Missing,Ambulatory,NRSG 676 MN - Care Transitions Practicum,Other (see comments),Archived (Completed)
370043,Emory University - SON Pre-licensure,"Emory Offsite locations - The Emory Clinic, Ambulatory Surgery Centers and the Emory Specialty Assocs",Nursing,Precepted Rotation,1,1,10710,1/9/23,3/1/23,0:00,23:59,24,Tue,ID Missing,ID Missing,Ambulatory,NRSG 676 MN - Care Transitions Practicum,Other (see comments),Archived (Completed)
370044,Emory University - SON Pre-licensure,"Emory Offsite locations - The Emory Clinic, Ambulatory Surgery Centers and the Emory Specialty Assocs",Nursing,Precepted Rotation,1,1,10754,1/9/23,3/1/23,0:00,23:59,24,Tue,ID Missing,ID Missing,Ambulatory,NRSG 676 MN - Care Transitions Practicum,Other (see comments),Archived (Completed)
370050,Emory University - SON Pre-licensure,"Emory Offsite locations - The Emory Clinic, Ambulatory Surgery Centers and the Emory Specialty Assocs",Nursing,Precepted Rotation,1,1,10664,1/9/23,3/1/23,0:00,23:59,24,Tue,ID Missing,ID Missing,Ambulatory,NRSG 676 MN - Care Transitions Practicum,Other (see comments),Archived (Completed)
370052,Emory University - SON Pre-licensure,"Emory Offsite locations - The Emory Clinic, Ambulatory Surgery Centers and the Emory Specialty Assocs",Nursing,Precepted Rotation,1,1,10801,1/9/23,3/1/23,0:00,23:59,24,Tue,ID Missing,ID Missing,Ambulatory,NRSG 676 MN - Care Transitions Practicum,Other (see comments),Archived (Completed)
370055,Emory University - SON Pre-licensure,"Emory Offsite locations - The Emory Clinic, Ambulatory Surgery Centers and the Emory Specialty Assocs",Nursing,Precepted Rotation,0,1,No Students Assigned,1/9/23,3/1/23,0:00,23:59,24,Tue,ID Missing,ID Missing,Ambulatory,NRSG 676 MN - Care Transitions Practicum,Other (see comments),Archived (Completed)
370061,Emory University - SON Pre-licensure,"Emory Offsite locations - The Emory Clinic, Ambulatory Surgery Centers and the Emory Specialty Assocs",Nursing,Precepted Rotation,1,1,10703,1/9/23,3/1/23,0:00,23:59,24,Tue,ID Missing,ID Missing,Ambulatory,NRSG 676 MN - Care Transitions Practicum,Other (see comments),Archived (Completed)
370065,Emory University - SON Pre-licensure,"Emory Offsite locations - The Emory Clinic, Ambulatory Surgery Centers and the Emory Specialty Assocs",Nursing,Precepted Rotation,1,1,10752,1/9/23,3/1/23,0:00,23:59,24,Tue,ID Missing,ID Missing,Ambulatory,NRSG 676 MN - Care Transitions Practicum,Other (see comments),Archived (Completed)
370071,Emory University - SON Pre-licensure,"Emory Offsite locations - The Emory Clinic, Ambulatory Surgery Centers and the Emory Specialty Assocs",Nursing,Precepted Rotation,1,1,10802,1/9/23,3/1/23,0:00,23:59,24,Wed,ID Missing,ID Missing,Ambulatory,NRSG 676 MN - Care Transitions Practicum,Other (see comments),Archived (Completed)
370088,Emory University - SON Pre-licensure,"Emory Offsite locations - The Emory Clinic, Ambulatory Surgery Centers and the Emory Specialty Assocs",Nursing,Precepted Rotation,1,1,10742,1/9/23,3/1/23,0:00,23:59,24,Wed,ID Missing,ID Missing,Ambulatory,NRSG 676 MN - Care Transitions Practicum,Other (see comments),Archived (Completed)
370091,Emory University - SON Pre-licensure,"Emory Offsite locations - The Emory Clinic, Ambulatory Surgery Centers and the Emory Specialty Assocs",Nursing,Precepted Rotation,1,1,10741,1/9/23,3/1/23,0:00,23:59,24,Wed,ID Missing,ID Missing,Ambulatory,NRSG 676 MN - Care Transitions Practicum,Other (see comments),Archived (Completed)
370093,Emory University - SON Pre-licensure,"Emory Offsite locations - The Emory Clinic, Ambulatory Surgery Centers and the Emory Specialty Assocs",Nursing,Precepted Rotation,1,1,10708,1/9/23,3/1/23,0:00,23:59,24,Wed,ID Missing,ID Missing,Ambulatory,NRSG 676 MN - Care Transitions Practicum,Other (see comments),Archived (Completed)
370095,Emory University - SON Pre-licensure,"Emory Offsite locations - The Emory Clinic, Ambulatory Surgery Centers and the Emory Specialty Assocs",Nursing,Precepted Rotation,1,1,10738,1/9/23,3/1/23,0:00,23:59,24,Wed,ID Missing,ID Missing,Ambulatory,NRSG 676 MN - Care Transitions Practicum,Other (see comments),Archived (Completed)
370096,Emory University - SON Pre-licensure,"Emory Offsite locations - The Emory Clinic, Ambulatory Surgery Centers and the Emory Specialty Assocs",Nursing,Precepted Rotation,1,1,10784,1/9/23,3/1/23,0:00,23:59,24,Wed,ID Missing,ID Missing,Ambulatory,NRSG 676 MN - Care Transitions Practicum,Other (see comments),Archived (Completed)
370098,Emory University - SON Pre-licensure,"Emory Offsite locations - The Emory Clinic, Ambulatory Surgery Centers and the Emory Specialty Assocs",Nursing,Precepted Rotation,1,1,10745,1/9/23,3/1/23,0:00,23:59,24,Wed,ID Missing,ID Missing,Ambulatory,NRSG 676 MN - Care Transitions Practicum,Other (see comments),Archived (Completed)
370102,Emory University - SON Pre-licensure,"Emory Offsite locations - The Emory Clinic, Ambulatory Surgery Centers and the Emory Specialty Assocs",Nursing,Precepted Rotation,1,1,10707,1/9/23,3/1/23,0:00,23:59,24,Wed,ID Missing,ID Missing,Ambulatory,NRSG 676 MN - Care Transitions Practicum,Other (see comments),Archived (Completed)
370104,Emory University - SON Pre-licensure,"Emory Offsite locations - The Emory Clinic, Ambulatory Surgery Centers and the Emory Specialty Assocs",Nursing,Precepted Rotation,1,1,10803,1/9/23,3/1/23,0:00,23:59,24,Wed,ID Missing,ID Missing,Ambulatory,NRSG 676 MN - Care Transitions Practicum,Other (see comments),Archived (Completed)
370106,Emory University - SON Pre-licensure,"Emory Offsite locations - The Emory Clinic, Ambulatory Surgery Centers and the Emory Specialty Assocs",Nursing,Precepted Rotation,1,1,10711,1/9/23,3/1/23,0:00,23:59,24,Wed,ID Missing,ID Missing,Ambulatory,NRSG 676 MN - Care Transitions Practicum,Other (see comments),Archived (Completed)
370109,Emory University - SON Pre-licensure,"Emory Offsite locations - The Emory Clinic, Ambulatory Surgery Centers and the Emory Specialty Assocs",Nursing,Precepted Rotation,1,1,10714,1/9/23,3/1/23,0:00,23:59,24,Wed,ID Missing,ID Missing,Ambulatory,NRSG 676 MN - Care Transitions Practicum,Other (see comments),Archived (Completed)
371572,Excelsior University,Emory Johns Creek Hospital,Nursing,Precepted Rotation,0,1,No Students Assigned,1/11/23,4/30/23,0:00,23:59,45,,2013,3011,Other (see comments),NUR 462 - Nursing Capstone,-no preference-,Archived (Completed)
371674,Emory University - SON Pre-licensure,Emory Johns Creek Hospital,Nursing,Cohort Rotation,6,8,"10804, 10805, 10806, 10807, 10808, 10809",8/6/23,9/2/23,7:00,19:00,96,,"ID Missing, ID Missing, ID Missing, ID Missing",No Preceptor Assigned,MedSurg - Acute Care,NRSG 356D - Acute and Chronic I Care Clinical Practicum Adult and Geriatric Populations,3rd floor: med-surg,Archived (Completed)
371675,Emory University - SON Pre-licensure,Emory Johns Creek Hospital,Nursing,Cohort Rotation,0,8,No Students Assigned,8/6/23,9/2/23,7:00,19:00,96,,ID Missing,No Preceptor Assigned,MedSurg - Acute Care,NRSG 356D - Acute and Chronic I Care Clinical Practicum Adult and Geriatric Populations,4th floor: med-surg,Archived (Completed)
371676,Emory University - SON Pre-licensure,Emory Johns Creek Hospital,Nursing,Cohort Rotation,6,8,"10810, 10811, 10812, 10813, 10814, 10815",8/6/23,9/2/23,7:00,19:00,96,,"ID Missing, ID Missing, ID Missing",No Preceptor Assigned,MedSurg - Acute Care,NRSG 356D - Acute and Chronic I Care Clinical Practicum Adult and Geriatric Populations,6N: medical,Archived (Completed)
371678,Emory University - SON,Emory University Hospital,Nursing,Cohort Rotation,0,8,No Students Assigned,8/6/23,9/2/23,7:00,19:00,96,,ID Missing,No Preceptor Assigned,MedSurg - Acute Care,NRSG 356D - Acute and Chronic I Care Clinical Practicum Adult and Geriatric Populations,7T: Surgical,Archived (Withdrawn)
371679,Emory University - SON Pre-licensure,Emory Saint Joseph's Hospital,Nursing,Cohort Rotation,4,8,"10816, 10817, 10818, 10819",8/6/23,9/2/23,7:00,19:00,96,,ID Missing,No Preceptor Assigned,MedSurg - Acute Care,NRSG 356D - Acute and Chronic I Care Clinical Practicum Adult and Geriatric Populations,3E,Archived (Completed)
371680,Emory University - SON,Emory Saint Joseph's Hospital,Nursing,Cohort Rotation,0,8,No Students Assigned,8/6/23,9/2/23,7:00,19:00,96,,ID Missing,No Preceptor Assigned,MedSurg - Acute Care,NRSG 356D - Acute and Chronic I Care Clinical Practicum Adult and Geriatric Populations,3W,Archived (Denied)
371681,Emory University - SON Pre-licensure,Emory University Hospital Midtown,Nursing,Cohort Rotation,4,8,"10820, 10821, 10822, 10823",8/6/23,9/2/23,7:00,19:00,96,,"ID Missing, ID Missing, ID Missing",No Preceptor Assigned,MedSurg - Acute Care,NRSG 356D - Acute and Chronic I Care Clinical Practicum Adult and Geriatric Populations,72: Med/Surg,Archived (Completed)
372167,Emory University - SON Pre-licensure,"Emory Offsite locations - The Emory Clinic, Ambulatory Surgery Centers and the Emory Specialty Assocs",Nursing,Precepted Rotation,1,1,10717,1/9/23,3/1/23,0:00,23:59,24,Tue,ID Missing,ID Missing,Ambulatory,NRSG 676 MN - Care Transitions Practicum,Other (see comments),Archived (Completed)
374448,Columbus State University - Nursing,Emory University Hospital Midtown,Nursing,Precepted Rotation,1,1,10824,3/6/23,4/24/23,0:00,23:59,45,,ID Missing,No Preceptor Assigned,MedSurg - Acute Care,4698 - Senior Project RN,22: Med/Surg,Archived (Completed)
374452,Brenau University,Emory University Hospital at Wesley Woods,Nursing,Cohort Rotation,0,6,No Students Assigned,5/22/23,8/13/23,7:00,19:00,126,Sun,ID Missing,No Preceptor Assigned,Psychiatry; Mental Health; Behavioral Medicine,NG 308 - Behavioral Health,Inpatient Psych,Archived (Withdrawn)
374702,Chamberlain College of Nursing - Georgia,Emory Decatur Hospital,Nursing,Cohort Rotation,0,6,No Students Assigned,7/10/23,8/5/23,7:00,19:00,48,Mon,ID Missing,No Preceptor Assigned,Perinatal - OB,NR 327 - Maternal Child,L&D,Archived (Withdrawn)
374703,Chamberlain College of Nursing - Georgia,Emory Decatur Hospital,Nursing,Cohort Rotation,0,6,No Students Assigned,8/7/23,9/2/23,7:00,19:00,48,Mon,ID Missing,No Preceptor Assigned,Perinatal - OB,NR 327 - Maternal Child,L&D,Archived (Denied)
374706,Chamberlain College of Nursing - Georgia,Emory Decatur Hospital,Nursing,Cohort Rotation,0,6,No Students Assigned,9/4/23,9/30/23,7:00,19:00,48,Mon,ID Missing,No Preceptor Assigned,Perinatal - OB,NR 327 - Maternal Child,L&D,Archived (Denied)
374707,Chamberlain College of Nursing - Georgia,Emory Decatur Hospital,Nursing,Cohort Rotation,0,6,No Students Assigned,10/2/23,10/28/23,7:00,19:00,48,Mon,ID Missing,No Preceptor Assigned,Perinatal - OB,NR 327 - Maternal Child,L&D,Archived (Denied)
374708,Chamberlain College of Nursing - Georgia,Emory Decatur Hospital,Nursing,Cohort Rotation,0,6,No Students Assigned,9/4/23,9/30/23,7:00,19:00,48,Fri,ID Missing,No Preceptor Assigned,Perinatal - OB,NR 327 - Maternal Child,L&D,Archived (Denied)
374709,Chamberlain College of Nursing - Georgia,Emory Decatur Hospital,Nursing,Cohort Rotation,0,6,No Students Assigned,10/2/23,10/28/23,7:00,19:00,48,Fri,ID Missing,No Preceptor Assigned,Perinatal - OB,NR 327 - Maternal Child,L&D,Archived (Denied)
374710,Chamberlain College of Nursing - Georgia,Emory Decatur Hospital,Nursing,Cohort Rotation,0,6,No Students Assigned,10/30/23,11/13/23,7:00,19:00,48,Mon,ID Missing,No Preceptor Assigned,Perinatal - OB,NR 327 - Maternal Child,L&D,Archived (Denied)
374711,Chamberlain College of Nursing - Georgia,Emory Decatur Hospital,Nursing,Cohort Rotation,0,6,No Students Assigned,11/20/23,12/4/23,7:00,19:00,48,Mon,ID Missing,No Preceptor Assigned,Perinatal - OB,NR 327 - Maternal Child,L&D,Archived (Denied)
374712,Chamberlain College of Nursing - Georgia,Emory Decatur Hospital,Nursing,Cohort Rotation,0,6,No Students Assigned,11/3/23,11/17/23,7:00,19:00,48,Fri,ID Missing,No Preceptor Assigned,Perinatal - OB,NR 327 - Maternal Child,L&D,Archived (Denied)
374713,Chamberlain College of Nursing - Georgia,Emory Decatur Hospital,Nursing,Cohort Rotation,0,6,No Students Assigned,11/24/23,12/8/23,7:00,19:00,48,Fri,ID Missing,No Preceptor Assigned,Perinatal - OB,NR 327 - Maternal Child,L&D,Archived (Denied)
374714,Chamberlain College of Nursing - Georgia,Emory Decatur Hospital,Nursing,Cohort Rotation,0,8,No Students Assigned,7/10/23,9/2/23,7:00,19:00,48,Mon,ID Missing,No Preceptor Assigned,MedSurg - Acute Care,NR 452 - Capstone Course,General Medical,Archived (Withdrawn)
374723,Chamberlain College of Nursing - Georgia,Emory Decatur Hospital,Nursing,Cohort Rotation,0,8,No Students Assigned,11/2/23,11/30/23,7:00,19:00,48,Thu,ID Missing,No Preceptor Assigned,MedSurg - Acute Care,NR 452 - Capstone Course,General Medical,Archived (Denied)
374724,Chamberlain College of Nursing - Georgia,Emory Decatur Hospital,Nursing,Cohort Rotation,0,8,No Students Assigned,11/3/23,12/1/23,7:00,19:00,48,Fri,ID Missing,No Preceptor Assigned,MedSurg - Acute Care,NR 452 - Capstone Course,General Medical,Archived (Denied)
374726,Chamberlain College of Nursing - Georgia,Emory Hillandale Hospital,Nursing,Cohort Rotation,0,6,No Students Assigned,7/10/23,9/2/23,7:00,19:00,48,Mon,ID Missing,No Preceptor Assigned,MedSurg - Acute Care,NR 452 - Capstone Course,Telemetry,Archived (Withdrawn)
374727,Chamberlain College of Nursing - Georgia,Emory Hillandale Hospital,Nursing,Cohort Rotation,0,6,No Students Assigned,7/10/23,9/2/23,7:00,19:00,48,Fri,ID Missing,No Preceptor Assigned,MedSurg - Acute Care,NR 452 - Capstone Course,Telemetry,Archived (Withdrawn)
374728,Chamberlain College of Nursing - Georgia,Emory Hillandale Hospital,Nursing,Cohort Rotation,0,6,No Students Assigned,9/4/23,10/28/23,7:00,19:00,96,Mon,ID Missing,No Preceptor Assigned,MedSurg - Acute Care,NR 446 - Collaborative Health,Telemetry,Archived (Withdrawn)
374730,Chamberlain College of Nursing - Georgia,Emory Hillandale Hospital,Nursing,Cohort Rotation,6,6,"10825, 10826, 10827, 10036, 10828, 10829",10/30/23,11/20/23,7:00,19:00,48,Mon,ID Missing,No Preceptor Assigned,MedSurg - Acute Care,NR 452 - Capstone Course,4th floor - telemetry,Archived (Completed)
374731,Chamberlain College of Nursing - Georgia,Emory Hillandale Hospital,Nursing,Cohort Rotation,0,6,No Students Assigned,11/30/23,12/1/23,7:00,19:00,48,Fri,ID Missing,No Preceptor Assigned,MedSurg - Acute Care,NR 452 - Capstone Course,Telemetry,Archived (Denied)
374734,Chamberlain College of Nursing - Georgia,Emory Johns Creek Hospital,Nursing,Cohort Rotation,0,6,No Students Assigned,7/10/23,8/5/23,7:00,19:00,48,Mon,ID Missing,No Preceptor Assigned,Perinatal - OB,NR 327 - Maternal Child,"Maternity: M/B, L&D, NICU",Archived (Denied)
374735,Chamberlain College of Nursing - Georgia,Emory Johns Creek Hospital,Nursing,Cohort Rotation,0,6,No Students Assigned,8/7/23,9/2/23,7:00,19:00,48,Mon,ID Missing,No Preceptor Assigned,Perinatal - OB,NR 327 - Maternal Child,"Maternity: M/B, L&D, NICU",Archived (Denied)
374736,Chamberlain College of Nursing - Georgia,Emory Johns Creek Hospital,Nursing,Cohort Rotation,0,6,No Students Assigned,7/10/23,8/5/23,7:00,19:00,48,Fri,ID Missing,No Preceptor Assigned,Perinatal - OB,NR 327 - Maternal Child,"Maternity: M/B, L&D, NICU",Archived (Denied)
374737,Chamberlain College of Nursing - Georgia,Emory Johns Creek Hospital,Nursing,Cohort Rotation,0,6,No Students Assigned,8/7/23,9/2/23,7:00,19:00,48,Fri,ID Missing,No Preceptor Assigned,Perinatal - OB,NR 327 - Maternal Child,"Maternity: M/B, L&D, NICU",Archived (Denied)
374738,Chamberlain College of Nursing - Georgia,Emory Johns Creek Hospital,Nursing,Cohort Rotation,0,6,No Students Assigned,9/4/23,9/30/23,7:00,19:00,48,Mon,ID Missing,No Preceptor Assigned,Perinatal - OB,NR 327 - Maternal Child,"Maternity: M/B, L&D, NICU",Archived (Denied)
374739,Chamberlain College of Nursing - Georgia,Emory Johns Creek Hospital,Nursing,Cohort Rotation,0,6,No Students Assigned,10/2/23,10/28/23,7:00,19:00,48,Mon,ID Missing,No Preceptor Assigned,Perinatal - OB,NR 327 - Maternal Child,"Maternity: M/B, L&D, NICU",Archived (Denied)
374740,Chamberlain College of Nursing - Georgia,Emory Johns Creek Hospital,Nursing,Cohort Rotation,0,6,No Students Assigned,9/4/23,9/30/23,7:00,19:00,48,Fri,ID Missing,No Preceptor Assigned,Perinatal - OB,NR 327 - Maternal Child,"Maternity: M/B, L&D, NICU",Archived (Denied)
374741,Chamberlain College of Nursing - Georgia,Emory Johns Creek Hospital,Nursing,Cohort Rotation,0,6,No Students Assigned,10/2/23,10/28/23,7:00,19:00,48,Fri,ID Missing,No Preceptor Assigned,Perinatal - OB,NR 327 - Maternal Child,"Maternity: M/B, L&D, NICU",Archived (Denied)
374742,Chamberlain College of Nursing - Georgia,Emory Johns Creek Hospital,Nursing,Cohort Rotation,0,6,No Students Assigned,10/30/23,11/13/23,7:00,19:00,48,Mon,ID Missing,No Preceptor Assigned,Perinatal - OB,NR 327 - Maternal Child,"Maternity: M/B, L&D, NICU",Archived (Denied)
374743,Chamberlain College of Nursing - Georgia,Emory Johns Creek Hospital,Nursing,Cohort Rotation,0,6,No Students Assigned,11/20/23,12/4/23,7:00,19:00,48,Mon,ID Missing,No Preceptor Assigned,Perinatal - OB,NR 327 - Maternal Child,"Maternity: M/B, L&D, NICU",Archived (Denied)
374744,Chamberlain College of Nursing - Georgia,Emory Johns Creek Hospital,Nursing,Cohort Rotation,0,6,No Students Assigned,11/3/23,11/17/23,7:00,19:00,48,Fri,ID Missing,No Preceptor Assigned,Perinatal - OB,NR 327 - Maternal Child,"Maternity: M/B, L&D, NICU",Archived (Denied)
374745,Chamberlain College of Nursing - Georgia,Emory Johns Creek Hospital,Nursing,Cohort Rotation,0,6,No Students Assigned,11/24/23,12/8/23,7:00,19:00,48,Fri,ID Missing,No Preceptor Assigned,Perinatal - OB,NR 327 - Maternal Child,"Maternity: M/B, L&D, NICU",Archived (Denied)
374746,Chamberlain College of Nursing - Georgia,Emory Johns Creek Hospital,Nursing,Cohort Rotation,0,8,No Students Assigned,5/9/23,7/1/23,7:00,19:00,96,Tue,ID Missing,No Preceptor Assigned,MedSurg - Acute Care,NR 446 - Collaborative Health,3rd floor: med-surg,Archived (Withdrawn)
374747,Chamberlain College of Nursing - Georgia,Emory Johns Creek Hospital,Nursing,Cohort Rotation,0,8,No Students Assigned,7/10/23,9/2/23,7:00,19:00,96,Tue,ID Missing,No Preceptor Assigned,MedSurg - Acute Care,NR 324 - Adult Health I,3rd floor: med-surg,Archived (Withdrawn)
374748,Chamberlain College of Nursing - Georgia,Emory Johns Creek Hospital,Nursing,Cohort Rotation,0,8,No Students Assigned,7/10/23,9/2/23,7:00,19:00,48,Sat,ID Missing,No Preceptor Assigned,MedSurg - Acute Care,NR 452 - Capstone Course,3rd floor: med-surg,Archived (Withdrawn)
374749,Chamberlain College of Nursing - Georgia,Emory Johns Creek Hospital,Nursing,Cohort Rotation,0,8,No Students Assigned,9/4/23,10/28/23,7:00,19:00,96,Tue,ID Missing,No Preceptor Assigned,MedSurg - Acute Care,NR 446 - Collaborative Health,3rd floor: med-surg,Archived (Denied)
374750,Chamberlain College of Nursing - Georgia,Emory Johns Creek Hospital,Nursing,Cohort Rotation,6,8,"10830, 10831, 10832, 10833, 10834, 10835",9/4/23,10/28/23,7:00,19:00,96,Sat,ID Missing,No Preceptor Assigned,MedSurg - Acute Care,NR 446 - Collaborative Health,3rd floor: med-surg,Archived (Completed)
374751,Chamberlain College of Nursing - Georgia,Emory Johns Creek Hospital,Nursing,Cohort Rotation,0,8,No Students Assigned,10/31/23,11/21/23,7:00,19:00,48,Tue,ID Missing,No Preceptor Assigned,MedSurg - Acute Care,NR 452 - Capstone Course,3rd floor: med-surg,Archived (Denied)
374752,Chamberlain College of Nursing - Georgia,Emory Johns Creek Hospital,Nursing,Cohort Rotation,8,8,"10830, 10831, 10832, 10833, 10834, 10835, 10836, 10837",11/4/23,11/25/23,7:00,19:00,48,Sat,ID Missing,No Preceptor Assigned,MedSurg - Acute Care,NR 452 - Capstone Course,3rd floor: med-surg,Archived (Completed)
374754,Chamberlain College of Nursing - Georgia,Emory Saint Joseph's Hospital,Nursing,Cohort Rotation,8,8,"10017, 10018, 10019, 10020, 10021, 10022, 10023, 10024",7/10/23,9/2/23,7:00,19:00,48,Wed,ID Missing,No Preceptor Assigned,MedSurg - Acute Care,NR 452 - Capstone Course,6W,Archived (Completed)
374755,Chamberlain College of Nursing - Georgia,Emory Saint Joseph's Hospital,Nursing,Cohort Rotation,8,8,"10025, 10027, 10028, 10029, 10030, 10031, 10032, 10838",7/10/23,9/2/23,7:00,19:00,48,Fri,ID Missing,No Preceptor Assigned,MedSurg - Acute Care,NR 452 - Capstone Course,3SW,Archived (Completed)
374756,Chamberlain College of Nursing - Georgia,Emory Saint Joseph's Hospital,Nursing,Cohort Rotation,0,8,No Students Assigned,7/10/23,9/2/23,7:00,19:00,48,Sat,ID Missing,No Preceptor Assigned,MedSurg - Acute Care,NR 452 - Capstone Course,6W,Archived (Denied)
374757,Chamberlain College of Nursing - Georgia,Emory Saint Joseph's Hospital,Nursing,Cohort Rotation,0,8,No Students Assigned,7/10/23,9/2/23,7:00,19:00,48,Sat,ID Missing,No Preceptor Assigned,MedSurg - Acute Care,NR 452 - Capstone Course,3SW,Archived (Withdrawn)
374758,Chamberlain College of Nursing - Georgia,Emory Saint Joseph's Hospital,Nursing,Cohort Rotation,7,8,"10839, 10840, 10841, 10842, 10843, 10844, 10845",9/4/23,10/28/23,7:00,19:00,96,Wed,ID Missing,No Preceptor Assigned,MedSurg - Acute Care,NR 446 - Collaborative Health,6W,Archived (Completed)
374759,Chamberlain College of Nursing - Georgia,Emory Saint Joseph's Hospital,Nursing,Cohort Rotation,7,8,"10846, 10847, 10848, 10849, 10850, 10851, 10852",9/4/23,10/28/23,7:00,19:00,96,Fri,ID Missing,No Preceptor Assigned,MedSurg - Acute Care,NR 446 - Collaborative Health,3SW,Archived (Completed)
374760,Chamberlain College of Nursing - Georgia,Emory Saint Joseph's Hospital,Nursing,Cohort Rotation,0,8,No Students Assigned,9/4/23,10/28/23,7:00,19:00,96,Sat,ID Missing,No Preceptor Assigned,MedSurg - Acute Care,NR 446 - Collaborative Health,6W,Archived (Withdrawn)
374761,Chamberlain College of Nursing - Georgia,Emory Saint Joseph's Hospital,Nursing,Cohort Rotation,0,8,No Students Assigned,9/4/23,10/28/23,7:00,19:00,96,Sat,ID Missing,No Preceptor Assigned,MedSurg - Acute Care,NR 446 - Collaborative Health,3SW,Archived (Withdrawn)
374762,Chamberlain College of Nursing - Georgia,Emory Saint Joseph's Hospital,Nursing,Cohort Rotation,8,8,"10839, 10840, 10841, 10842, 10843, 10844, 10845, 10853",11/1/23,12/29/23,7:00,19:00,48,Wed,ID Missing,No Preceptor Assigned,MedSurg - Acute Care,NR 452 - Capstone Course,6W pulmonary thoracic,Archived (Completed)
374763,Chamberlain College of Nursing - Georgia,Emory Saint Joseph's Hospital,Nursing,Cohort Rotation,8,8,"10852, 10854, 10846, 10847, 10848, 10849, 10850, 10851",11/3/23,12/1/23,7:00,19:00,48,Fri,ID Missing,No Preceptor Assigned,MedSurg - Acute Care,NR 452 - Capstone Course,3SW GI medicine/bariatrics,Archived (Completed)
374764,Chamberlain College of Nursing - Georgia,Emory Saint Joseph's Hospital,Nursing,Cohort Rotation,0,8,No Students Assigned,11/4/23,11/25/23,7:00,19:00,48,Sat,ID Missing,No Preceptor Assigned,MedSurg - Acute Care,NR 452 - Capstone Course,6W pulmonary thoracic,Archived (Completed)
374765,Chamberlain College of Nursing - Georgia,Emory Saint Joseph's Hospital,Nursing,Cohort Rotation,0,8,No Students Assigned,11/4/23,11/25/23,7:00,19:00,48,Sat,ID Missing,No Preceptor Assigned,MedSurg - Acute Care,NR 452 - Capstone Course,3SW GI medicine/bariatrics,Archived (Completed)
374768,Chamberlain College of Nursing - Georgia,Emory University Hospital Midtown,Nursing,Cohort Rotation,0,8,No Students Assigned,7/10/23,9/2/23,7:00,19:00,48,Wed,ID Missing,No Preceptor Assigned,MedSurg - Acute Care,NR 452 - Capstone Course,51: Med-Surg,Archived (Denied)
374769,Chamberlain College of Nursing - Georgia,Emory University Hospital Midtown,Nursing,Cohort Rotation,0,8,No Students Assigned,7/10/23,9/2/23,7:00,19:00,48,Fri,ID Missing,No Preceptor Assigned,MedSurg - Acute Care,NR 452 - Capstone Course,51: Med-Surg,Archived (Denied)
374770,Chamberlain College of Nursing - Georgia,Emory University Hospital Midtown,Nursing,Cohort Rotation,0,8,No Students Assigned,7/10/23,9/2/23,7:00,19:00,48,Sat,ID Missing,No Preceptor Assigned,MedSurg - Acute Care,NR 452 - Capstone Course,51: Med-Surg,Archived (Denied)
374772,Chamberlain College of Nursing - Georgia,Emory University Hospital Midtown,Nursing,Cohort Rotation,0,8,No Students Assigned,9/4/23,10/28/23,7:00,19:00,96,Fri,ID Missing,No Preceptor Assigned,MedSurg - Acute Care,NR 446 - Collaborative Health,51: Med-Surg,Archived (Denied)
374773,Chamberlain College of Nursing - Georgia,Emory University Hospital Midtown,Nursing,Cohort Rotation,0,8,No Students Assigned,9/4/23,10/28/23,7:00,19:00,96,Sat,ID Missing,No Preceptor Assigned,MedSurg - Acute Care,NR 446 - Collaborative Health,51: Med-Surg,Archived (Denied)
374774,Chamberlain College of Nursing - Georgia,Emory University Hospital Midtown,Nursing,Cohort Rotation,0,8,No Students Assigned,11/1/23,11/29/23,7:00,19:00,48,Wed,ID Missing,No Preceptor Assigned,MedSurg - Acute Care,NR 452 - Capstone Course,51: Med-Surg,Archived (Denied)
374775,Chamberlain College of Nursing - Georgia,Emory University Hospital Midtown,Nursing,Cohort Rotation,0,8,No Students Assigned,11/3/23,12/1/23,7:00,19:00,48,Fri,ID Missing,No Preceptor Assigned,MedSurg - Acute Care,NR 452 - Capstone Course,51: Med-Surg,Archived (Denied)
374776,Chamberlain College of Nursing - Georgia,Emory University Hospital Midtown,Nursing,Cohort Rotation,0,8,No Students Assigned,11/4/23,11/25/23,7:00,19:00,48,Sat,ID Missing,No Preceptor Assigned,MedSurg - Acute Care,NR 452 - Capstone Course,51: Med-Surg,Archived (Denied)
374884,Chamberlain College of Nursing - Georgia,Emory Saint Joseph's Hospital,Nursing,Cohort Rotation,0,8,No Students Assigned,5/13/23,7/1/23,7:00,19:00,96,Sat,ID Missing,No Preceptor Assigned,MedSurg - Acute Care,NR 325 - Adult Health II,3S,Archived (Withdrawn)
374902,Chamberlain College of Nursing - Georgia,Emory Saint Joseph's Hospital,Nursing,Cohort Rotation,8,8,"10169, 10170, 10165, 10172, 10173, 10174, 10162, 10161",7/13/23,8/31/23,7:00,19:00,96,Thu,ID Missing,No Preceptor Assigned,MedSurg - Acute Care,NR 324 - Adult Health I,5W,Archived (Completed)
374903,Chamberlain College of Nursing - Georgia,Emory Saint Joseph's Hospital,Nursing,Cohort Rotation,7,8,"10153, 10154, 10155, 10157, 10158, 10159, 10160",7/11/23,8/29/23,7:00,19:00,96,Tue,ID Missing,No Preceptor Assigned,MedSurg - Acute Care,NR 324 - Adult Health I,5W,Archived (Completed)
374904,Chamberlain College of Nursing - Georgia,Emory Saint Joseph's Hospital,Nursing,Cohort Rotation,8,8,"10175, 10176, 10177, 10178, 10179, 10180, 10181, 10168",7/15/23,9/2/23,7:00,19:00,96,Sat,ID Missing,No Preceptor Assigned,MedSurg - Acute Care,NR 324 - Adult Health I,3S,Archived (Completed)
374906,Chamberlain College of Nursing - Georgia,Emory University Hospital Midtown,Nursing,Cohort Rotation,0,8,No Students Assigned,7/11/23,8/29/23,7:00,19:00,96,Tue,ID Missing,No Preceptor Assigned,MedSurg - Acute Care,NR 324 - Adult Health I,22: Med/Surg,Archived (Withdrawn)
374907,Chamberlain College of Nursing - Georgia,Emory University Hospital Midtown,Nursing,Cohort Rotation,8,8,"10855, 10163, 10164, 10166, 10856, 10857, 10858, 10859",7/13/23,8/31/23,7:00,19:00,96,Thu,ID Missing,No Preceptor Assigned,MedSurg - Acute Care,NR 324 - Adult Health I,22: Med/Surg,Archived (Completed)
374923,Chamberlain College of Nursing - Georgia,Emory Decatur Hospital,Nursing,Cohort Rotation,4,6,"10142, 10860, 10058, 10861",7/14/23,8/4/23,7:00,19:00,96,Wed,ID Missing,No Preceptor Assigned,Critical/Intensive Care,NR341 - Complex Adult Health,ICU - 2500,Archived (Completed)
374924,Chamberlain College of Nursing - Georgia,Emory Decatur Hospital,Nursing,Cohort Rotation,5,6,"10862, 10863, 10864, 10123, 10865",8/11/23,9/1/23,7:00,19:00,96,Wed,ID Missing,No Preceptor Assigned,Critical/Intensive Care,NR341 - Complex Adult Health,ICU - 2500,Archived (Completed)
374925,Chamberlain College of Nursing - Georgia,Emory Decatur Hospital,Nursing,Cohort Rotation,6,6,"10127, 10866, 10867, 10082, 10054, 10095",7/14/23,9/1/23,7:00,15:00,48,Fri,ID Missing,No Preceptor Assigned,Psychiatry; Mental Health; Behavioral Medicine,NR 326 - Mental Health Nursing,Behavioral Health (acute) - 1800,Archived (Completed)
375147,Chamberlain College of Nursing - Georgia,Emory University Hospital at Wesley Woods,Nursing,Cohort Rotation,6,6,"10055, 10868, 10869, 10870, 10078, 10128",7/14/23,9/1/23,7:00,15:00,48,Fri,ID Missing,No Preceptor Assigned,Psychiatry; Mental Health; Behavioral Medicine,NR 326 - Mental Health Nursing,Inpatient Psych,Archived (Completed)
375148,Chamberlain College of Nursing - Georgia,Emory University Hospital at Wesley Woods,Nursing,Cohort Rotation,6,6,"10871, 10872, 10873, 10874, 10875, 10876",5/12/23,6/30/23,7:00,15:00,48,Fri,ID Missing,No Preceptor Assigned,Psychiatry; Mental Health; Behavioral Medicine,NR 326 - Mental Health Nursing,Inpatient Psych,Archived (Completed)
375215,Chamberlain College of Nursing - Georgia,Emory Saint Joseph's Hospital,Nursing,Cohort Rotation,8,8,"10877, 10878, 10879, 10880, 10881, 10882, 10883, 10884",9/5/23,10/24/23,7:00,19:00,96,Tue,ID Missing,No Preceptor Assigned,MedSurg - Acute Care,NR 325 - Adult Health II,3SW,Archived (Completed)
375216,Chamberlain College of Nursing - Georgia,Emory Saint Joseph's Hospital,Nursing,Cohort Rotation,8,8,"10169, 10170, 10165, 10172, 10173, 10174, 10162, 10161",9/6/23,10/26/23,7:00,19:00,96,Thu,ID Missing,No Preceptor Assigned,MedSurg - Acute Care,NR 325 - Adult Health II,5W,Archived (Completed)
375217,Chamberlain College of Nursing - Georgia,Emory Saint Joseph's Hospital,Nursing,Cohort Rotation,8,8,"10153, 10154, 10155, 10157, 10158, 10159, 10160, 10105",9/5/23,10/24/23,7:00,19:00,96,Tue,ID Missing,No Preceptor Assigned,MedSurg - Acute Care,NR 325 - Adult Health II,5W,Archived (Completed)
375218,Chamberlain College of Nursing - Georgia,Emory Saint Joseph's Hospital,Nursing,Cohort Rotation,7,8,"10175, 10176, 10177, 10178, 10179, 10180, 10181",9/9/23,10/28/23,7:00,19:00,96,Sat,"ID Missing, ID Missing",No Preceptor Assigned,MedSurg - Acute Care,NR 325 - Adult Health II,3S,Archived (Completed)
375219,Chamberlain College of Nursing - Georgia,Emory Saint Joseph's Hospital,Nursing,Cohort Rotation,8,8,"10885, 10886, 10887, 10888, 10889, 10890, 10891, 10892",10/31/23,12/19/23,7:00,19:00,96,Tue,ID Missing,No Preceptor Assigned,MedSurg - Acute Care,NR 324 - Adult Health I,3SW GI medicine/bariatrics,Archived (Completed)
375220,Chamberlain College of Nursing - Georgia,Emory Saint Joseph's Hospital,Nursing,Cohort Rotation,8,8,"10893, 10894, 10895, 10896, 10897, 10898, 10899, 10900",11/2/23,12/14/23,7:00,19:00,96,Thu,ID Missing,No Preceptor Assigned,MedSurg - Acute Care,NR 324 - Adult Health I,5W internal medicine,Archived (Completed)
375221,Chamberlain College of Nursing - Georgia,Emory Saint Joseph's Hospital,Nursing,Cohort Rotation,7,8,"10901, 10902, 10903, 10904, 10905, 10906, 10907",10/31/23,12/19/23,7:00,19:00,96,Tue,ID Missing,No Preceptor Assigned,MedSurg - Acute Care,NR 324 - Adult Health I,5W internal medicine,Archived (Completed)
375222,Chamberlain College of Nursing - Georgia,Emory Saint Joseph's Hospital,Nursing,Cohort Rotation,7,8,"10908, 10909, 10910, 10911, 10912, 10913, 10914",11/4/23,12/16/23,7:00,19:00,96,Sat,"ID Missing, ID Missing",No Preceptor Assigned,MedSurg - Acute Care,NR 324 - Adult Health I,3S GI surgery,Archived (Completed)
375223,Chamberlain College of Nursing - Georgia,Emory Saint Joseph's Hospital,Nursing,Cohort Rotation,0,8,No Students Assigned,9/7/23,10/26/23,7:00,15:00,48,Thu,ID Missing,No Preceptor Assigned,Fundamentals,NR 226 - Fundamentals - Patient Care,4W,Archived (Withdrawn)
375224,Chamberlain College of Nursing - Georgia,Emory Saint Joseph's Hospital,Nursing,Cohort Rotation,8,8,"10885, 10892, 10915, 10890, 10888, 10889, 10891, 10886",9/8/23,10/27/23,7:00,15:00,48,Fri,ID Missing,No Preceptor Assigned,Fundamentals,NR 226 - Fundamentals - Patient Care,5E,Archived (Completed)
375225,Chamberlain College of Nursing - Georgia,Emory Saint Joseph's Hospital,Nursing,Cohort Rotation,8,8,"10916, 10917, 10918, 10919, 10900, 10920, 10921, 10922",9/9/23,10/28/23,7:00,15:00,48,Sat,ID Missing,No Preceptor Assigned,Fundamentals,NR 226 - Fundamentals - Patient Care,4W,Archived (Completed)
375393,Chamberlain College of Nursing - Georgia,Emory Decatur Hospital,Nursing,Cohort Rotation,6,6,"10923, 10924, 10152, 10925, 10734, 10151",9/8/23,10/27/23,7:00,15:00,48,Fri,ID Missing,No Preceptor Assigned,Psychiatry; Mental Health; Behavioral Medicine,NR 326 - Mental Health Nursing,Behavioral Health (acute) - 1800,Archived (Completed)
375394,Chamberlain College of Nursing - Georgia,Emory Saint Joseph's Hospital,Nursing,Precepted Rotation,1,1,10926,7/10/23,9/2/23,0:00,23:59,48,"Mon, Thu, Fri",ID Missing,ID Missing,MedSurg - Acute Care,NR 452 - Senior Practicum - Capstone Course,6W,Archived (Completed)
375395,Chamberlain College of Nursing - Georgia,Emory Saint Joseph's Hospital,Nursing,Precepted Rotation,1,1,10927,7/10/23,9/2/23,0:00,23:59,48,"Mon, Thu, Fri",ID Missing,ID Missing,MedSurg - Acute Care,NR 452 - Senior Practicum - Capstone Course,3E,Archived (Completed)
375414,Chamberlain College of Nursing - Georgia,Emory Decatur Hospital,Nursing,Cohort Rotation,6,6,"10928, 10929, 10863, 10930, 10117, 10931",11/3/23,12/15/23,7:00,15:00,48,Fri,ID Missing,No Preceptor Assigned,Psychiatry; Mental Health; Behavioral Medicine,NR 326 - Mental Health Nursing,Behavioral Health (acute) - 1800,Archived (Completed)
375427,Chamberlain College of Nursing - Georgia,Emory University Hospital at Wesley Woods,Nursing,Cohort Rotation,0,6,No Students Assigned,9/8/23,9/29/23,7:00,19:00,48,Fri,ID Missing,No Preceptor Assigned,Psychiatry; Mental Health; Behavioral Medicine,NR 326 - Mental Health Nursing,Inpatient Psych,Archived (Withdrawn)
375428,Chamberlain College of Nursing - Georgia,Emory University Hospital At Wesley Woods,Nursing,Cohort Rotation,6,6,"10059, 10932, 10933, 10934, 10124, 10125",11/3/23,12/15/23,7:00,15:00,48,Fri,ID Missing,No Preceptor Assigned,Psychiatry; Mental Health; Behavioral Medicine,NR 326 - Mental Health Nursing,Inpatient Psych,Archived (Completed)
375451,Chamberlain College of Nursing - Georgia,Emory University Hospital Midtown,Nursing,Cohort Rotation,0,8,No Students Assigned,9/5/23,10/24/23,7:00,19:00,96,Tue,ID Missing,No Preceptor Assigned,MedSurg - Acute Care,NR 325 - Adult Health II,22: Med/Surg,Archived (Withdrawn)
375452,Chamberlain College of Nursing - Georgia,Emory University Hospital Midtown,Nursing,Cohort Rotation,8,8,"10855, 10163, 10164, 10166, 10856, 10857, 10858, 10859",9/7/23,10/26/23,7:00,19:00,96,Thu,ID Missing,No Preceptor Assigned,MedSurg - Acute Care,NR 325 - Adult Health II,22: Med/Surg,Archived (Completed)
375453,Chamberlain College of Nursing - Georgia,Emory University Hospital Midtown,Nursing,Cohort Rotation,8,8,"10935, 10936, 10937, 10938, 10939, 10940, 10941, 10942",10/31/23,12/19/23,7:00,19:00,96,Tue,ID Missing,No Preceptor Assigned,MedSurg - Acute Care,NR 324 - Adult Health I,22: Med/Surg,Archived (Completed)
375454,Chamberlain College of Nursing - Georgia,Emory University Hospital Midtown,Nursing,Cohort Rotation,0,8,No Students Assigned,11/2/23,12/14/23,7:00,19:00,96,Thu,ID Missing,No Preceptor Assigned,MedSurg - Acute Care,NR 324 - Adult Health I,22: Med/Surg,Archived (Completed)
375849,Emory University - SON Pre-licensure,Emory Decatur Hospital,Nursing,Precepted Rotation,1,1,10943,2/1/23,3/1/23,0:00,23:59,60,"Mon, Tue, Wed, Sat, Sun",ID Missing,3003,Practicum,NRSG 431 - Clinical Practicum IV,ICU,Archived (Completed)
375857,Grand Canyon University,Emory Hillandale Hospital,Nursing,Precepted Rotation,1,1,10944,4/3/23,6/11/23,0:00,23:59,100,,2014,3012,MedSurg - Acute Care,NRS-493 - Professional Capstone and Practicum,5th floor - med surg,Archived (Completed)
375983,Georgia State University - Perimeter College,Emory Long Term Acute Care Hospital,Nursing,Cohort Rotation,0,6,No Students Assigned,9/21/23,10/19/23,7:00,19:00,60,Thu,ID Missing,No Preceptor Assigned,MedSurg - Acute Care,NURS 1921 - Fundamentals,LTAC,Archived (Withdrawn)
375984,Georgia State University - Perimeter College,Emory Long Term Acute Care Hospital,Nursing,Cohort Rotation,0,6,No Students Assigned,10/26/23,11/30/23,7:00,19:00,60,Thu,ID Missing,No Preceptor Assigned,MedSurg - Acute Care,NURS 1921 - Fundamentals,LTAC,Archived (Withdrawn)
375985,Georgia State University - Perimeter College,Emory Long Term Acute Care Hospital,Nursing,Cohort Rotation,6,6,"10945, 10219, 10946, 10947, 10948, 10949",9/29/23,11/17/23,7:00,19:00,96,Fri,ID Missing,No Preceptor Assigned,MedSurg - Acute Care,NURS 1930 - Intermediate Concepts of Nursing,LTAC,Archived (Completed)
375988,Georgia State University - Perimeter College,Emory Decatur Hospital,Nursing,Cohort Rotation,0,6,No Students Assigned,9/21/23,10/19/23,7:00,19:00,60,Thu,ID Missing,No Preceptor Assigned,MedSurg - Acute Care,NURS 1921 - Fundamentals,Inpatient Rehab,Archived (Withdrawn)
375989,Georgia State University - Perimeter College,Emory Decatur Hospital,Nursing,Cohort Rotation,0,6,No Students Assigned,10/26/23,11/30/23,7:00,19:00,60,Thu,ID Missing,No Preceptor Assigned,MedSurg - Acute Care,NURS 1921 - Fundamentals,Inpatient Rehab,Archived (Withdrawn)
375990,Georgia State University - Perimeter College,Emory Decatur Hospital,Nursing,Cohort Rotation,0,6,No Students Assigned,9/22/23,10/20/23,7:00,19:00,60,Fri,ID Missing,No Preceptor Assigned,MedSurg - Acute Care,NURS 1921 - Fundamentals,Inpatient Rehab,Archived (Denied)
375991,Georgia State University - Perimeter College,Emory Decatur Hospital,Nursing,Cohort Rotation,0,6,No Students Assigned,10/27/23,12/1/23,7:00,19:00,60,Fri,ID Missing,No Preceptor Assigned,MedSurg - Acute Care,NURS 1921 - Fundamentals,Inpatient Rehab,Archived (Denied)
377397,Auburn University - College of Nursing - BSN,Emory Saint Joseph's Hospital,Nursing,Precepted Rotation,1,1,10950,6/10/23,7/29/23,0:00,23:59,212,,ID Missing,No Preceptor Assigned,Practicum,NURS 4921 - Nursing Practice Preceptorship-Senior Practicum,2SW,Archived (Completed)
377406,Auburn University - College of Nursing - BSN,Emory University Hospital Midtown,Nursing,Precepted Rotation,1,1,10951,6/10/23,7/29/23,0:00,23:59,212,,ID Missing,No Preceptor Assigned,Practicum,NURS 4921 - Nursing Practice Preceptorship-Senior Practicum,31: ICU,Archived (Completed)
377887,Emory University - SON Pre-licensure,Emory University Hospital at Wesley Woods,Nursing,Precepted Rotation,1,1,10952,3/13/23,5/3/23,0:00,23:59,132,"Mon, Tue, Wed, Sat, Sun",2009,ID Missing,Practicum,NRSG 431 - Clinical Practicum IV,Inpatient Psych,Archived (Completed)
379424,Emory University - SON Pre-licensure,Emory Johns Creek Hospital,Nursing,Precepted Rotation,1,1,10803,3/13/23,5/3/23,0:00,23:59,132,"Mon, Tue, Wed, Sat, Sun",2008,ID Missing,Practicum,NRSG 648 MN - Transitions to Nursing Practice,ICU: critical care,Archived (Completed)
379640,Chamberlain College of Nursing - Georgia,Emory Saint Joseph's Hospital,Nursing,Precepted Rotation,1,1,10926,5/8/23,6/30/23,0:00,23:59,96,"Mon, Thu, Fri",ID Missing,ID Missing,MedSurg - Acute Care,NR 446 - Senior Practicum - Collaborative Healthcare,6W,Archived (Completed)
379641,Chamberlain College of Nursing - Georgia,Emory Saint Joseph's Hospital,Nursing,Precepted Rotation,1,1,10927,5/8/23,6/30/23,0:00,23:59,96,"Mon, Thu, Fri",ID Missing,ID Missing,MedSurg - Acute Care,NR 446 - Senior Practicum - Collaborative Healthcare,3E,Archived (Completed)
379654,Emory University - SON Pre-licensure,Emory Saint Joseph's Hospital,Nursing,Precepted Rotation,1,1,10801,3/13/23,5/3/23,0:00,23:59,132,"Sat, Sun",ID Missing,ID Missing,Practicum,NRSG 648 MN - Transitions to Nursing Practice,2SW,Archived (Completed)
379935,Emory University - SON Pre-licensure,"Emory Offsite locations - The Emory Clinic, Ambulatory Surgery Centers and the Emory Specialty Assocs",Nursing,Precepted Rotation,1,1,10755,3/13/23,5/3/23,0:00,23:59,24,Tue,ID Missing,ID Missing,Ambulatory,NRSG 676 MN - Care Transitions Practicum,Other (see comments),Archived (Completed)
379936,Emory University - SON Pre-licensure,"Emory Offsite locations - The Emory Clinic, Ambulatory Surgery Centers and the Emory Specialty Assocs",Nursing,Precepted Rotation,1,1,10693,3/13/23,5/3/23,0:00,23:59,24,Tue,ID Missing,ID Missing,Ambulatory,NRSG 676 MN - Care Transitions Practicum,Other (see comments),Archived (Completed)
379937,Emory University - SON Pre-licensure,"Emory Offsite locations - The Emory Clinic, Ambulatory Surgery Centers and the Emory Specialty Assocs",Nursing,Precepted Rotation,1,1,10697,3/13/23,5/3/23,0:00,23:59,24,Tue,ID Missing,ID Missing,Ambulatory,NRSG 676 MN - Care Transitions Practicum,Other (see comments),Archived (Completed)
379939,Emory University - SON Pre-licensure,"Emory Offsite locations - The Emory Clinic, Ambulatory Surgery Centers and the Emory Specialty Assocs",Nursing,Precepted Rotation,1,1,10679,3/13/23,5/3/23,0:00,23:59,24,Wed,ID Missing,ID Missing,Ambulatory,NRSG 676 MN - Care Transitions Practicum,Other (see comments),Archived (Completed)
379940,Emory University - SON Pre-licensure,"Emory Offsite locations - The Emory Clinic, Ambulatory Surgery Centers and the Emory Specialty Assocs",Nursing,Precepted Rotation,1,1,10765,3/13/23,5/3/23,0:00,23:59,24,Wed,ID Missing,ID Missing,Ambulatory,NRSG 676 MN - Care Transitions Practicum,Other (see comments),Archived (Completed)
379941,Emory University - SON Pre-licensure,"Emory Offsite locations - The Emory Clinic, Ambulatory Surgery Centers and the Emory Specialty Assocs",Nursing,Precepted Rotation,1,1,10778,3/13/23,5/3/23,0:00,23:59,24,Tue,ID Missing,ID Missing,Ambulatory,NRSG 676 MN - Care Transitions Practicum,Other (see comments),Archived (Completed)
379943,Emory University - SON Pre-licensure,"Emory Offsite locations - The Emory Clinic, Ambulatory Surgery Centers and the Emory Specialty Assocs",Nursing,Precepted Rotation,1,1,10690,3/13/23,5/3/23,0:00,23:59,24,Tue,ID Missing,ID Missing,Ambulatory,NRSG 676 MN - Care Transitions Practicum,Other (see comments),Archived (Completed)
379956,Emory University - SON Pre-licensure,"Emory Offsite locations - The Emory Clinic, Ambulatory Surgery Centers and the Emory Specialty Assocs",Nursing,Precepted Rotation,1,1,10692,3/13/23,5/3/23,0:00,23:59,24,Wed,ID Missing,ID Missing,Ambulatory,NRSG 676 MN - Care Transitions Practicum,Other (see comments),Archived (Completed)
379960,Emory University - SON Pre-licensure,"Emory Offsite locations - The Emory Clinic, Ambulatory Surgery Centers and the Emory Specialty Assocs",Nursing,Precepted Rotation,1,1,10756,3/13/23,5/3/23,0:00,23:59,24,Tue,ID Missing,ID Missing,Ambulatory,NRSG 676 MN - Care Transitions Practicum,Other (see comments),Archived (Completed)
379964,Emory University - SON Pre-licensure,"Emory Offsite locations - The Emory Clinic, Ambulatory Surgery Centers and the Emory Specialty Assocs",Nursing,Precepted Rotation,1,1,10766,3/13/23,5/3/23,0:00,23:59,24,Tue,ID Missing,ID Missing,Ambulatory,NRSG 676 MN - Care Transitions Practicum,Other (see comments),Archived (Completed)
379966,Emory University - SON Pre-licensure,"Emory Offsite locations - The Emory Clinic, Ambulatory Surgery Centers and the Emory Specialty Assocs",Nursing,Precepted Rotation,1,1,10677,3/13/23,5/3/23,0:00,23:59,24,Wed,ID Missing,ID Missing,Ambulatory,NRSG 676 MN - Care Transitions Practicum,Other (see comments),Archived (Completed)
379969,Emory University - SON Pre-licensure,"Emory Offsite locations - The Emory Clinic, Ambulatory Surgery Centers and the Emory Specialty Assocs",Nursing,Precepted Rotation,1,1,10768,3/13/23,5/3/23,0:00,23:59,24,Wed,ID Missing,ID Missing,Ambulatory,NRSG 676 MN - Care Transitions Practicum,Other (see comments),Archived (Completed)
379975,Emory University - SON Pre-licensure,"Emory Offsite locations - The Emory Clinic, Ambulatory Surgery Centers and the Emory Specialty Assocs",Nursing,Precepted Rotation,1,1,10740,3/13/23,5/3/23,0:00,23:59,24,Wed,ID Missing,ID Missing,Ambulatory,NRSG 676 MN - Care Transitions Practicum,Other (see comments),Archived (Completed)
379977,Emory University - SON Pre-licensure,"Emory Offsite locations - The Emory Clinic, Ambulatory Surgery Centers and the Emory Specialty Assocs",Nursing,Precepted Rotation,1,1,10562,3/13/23,5/3/23,0:00,23:59,24,Tue,ID Missing,ID Missing,Ambulatory,NRSG 676 MN - Care Transitions Practicum,Other (see comments),Archived (Completed)
379987,Emory University - SON Pre-licensure,"Emory Offsite locations - The Emory Clinic, Ambulatory Surgery Centers and the Emory Specialty Assocs",Nursing,Precepted Rotation,1,1,10777,3/13/23,5/3/23,0:00,23:59,24,Tue,ID Missing,ID Missing,Ambulatory,NRSG 676 MN - Care Transitions Practicum,Other (see comments),Archived (Completed)
379990,Emory University - SON Pre-licensure,"Emory Offsite locations - The Emory Clinic, Ambulatory Surgery Centers and the Emory Specialty Assocs",Nursing,Precepted Rotation,1,1,10684,3/13/23,5/3/23,0:00,23:59,24,Tue,ID Missing,ID Missing,Ambulatory,NRSG 676 MN - Care Transitions Practicum,Other (see comments),Archived (Completed)
379991,Emory University - SON Pre-licensure,"Emory Offsite locations - The Emory Clinic, Ambulatory Surgery Centers and the Emory Specialty Assocs",Nursing,Precepted Rotation,1,1,10767,3/13/23,5/3/23,0:00,23:59,24,Wed,ID Missing,ID Missing,Ambulatory,NRSG 676 MN - Care Transitions Practicum,Other (see comments),Archived (Completed)
380030,Emory University - SON Pre-licensure,"Emory Offsite locations - The Emory Clinic, Ambulatory Surgery Centers and the Emory Specialty Assocs",Nursing,Precepted Rotation,1,1,10688,3/13/23,5/3/23,0:00,23:59,24,Wed,ID Missing,ID Missing,Ambulatory,NRSG 676 MN - Care Transitions Practicum,Other (see comments),Archived (Completed)
380256,Emory University - SON Pre-licensure,"Emory Offsite locations - The Emory Clinic, Ambulatory Surgery Centers and the Emory Specialty Assocs",Nursing,Precepted Rotation,1,1,10702,3/13/23,5/3/23,0:00,23:59,24,Tue,ID Missing,ID Missing,Ambulatory,NRSG 676 MN - Care Transitions Practicum,Other (see comments),Archived (Completed)
380258,Emory University - SON Pre-licensure,"Emory Offsite locations - The Emory Clinic, Ambulatory Surgery Centers and the Emory Specialty Assocs",Nursing,Precepted Rotation,1,1,10680,3/13/23,5/3/23,0:00,23:59,24,Wed,ID Missing,ID Missing,Ambulatory,NRSG 676 MN - Care Transitions Practicum,Other (see comments),Archived (Completed)
380260,Emory University - SON Pre-licensure,"Emory Offsite locations - The Emory Clinic, Ambulatory Surgery Centers and the Emory Specialty Assocs",Nursing,Precepted Rotation,1,1,10685,3/13/23,5/3/23,0:00,23:59,24,Tue,ID Missing,ID Missing,Ambulatory,NRSG 676 MN - Care Transitions Practicum,Other (see comments),Archived (Completed)
380263,Emory University - SON Pre-licensure,"Emory Offsite locations - The Emory Clinic, Ambulatory Surgery Centers and the Emory Specialty Assocs",Nursing,Precepted Rotation,1,1,10739,3/13/23,5/3/23,0:00,23:59,24,Wed,ID Missing,ID Missing,Ambulatory,NRSG 676 MN - Care Transitions Practicum,Other (see comments),Archived (Completed)
380268,Emory University - SON Pre-licensure,"Emory Offsite locations - The Emory Clinic, Ambulatory Surgery Centers and the Emory Specialty Assocs",Nursing,Precepted Rotation,1,1,10953,3/13/23,5/3/23,0:00,23:59,24,Wed,ID Missing,ID Missing,Ambulatory,NRSG 676 MN - Care Transitions Practicum,Other (see comments),Archived (Completed)
380270,Emory University - SON Pre-licensure,"Emory Offsite locations - The Emory Clinic, Ambulatory Surgery Centers and the Emory Specialty Assocs",Nursing,Precepted Rotation,1,1,10788,3/13/23,5/3/23,0:00,23:59,24,Wed,ID Missing,ID Missing,Ambulatory,NRSG 676 MN - Care Transitions Practicum,Other (see comments),Archived (Completed)
380271,Emory University - SON Pre-licensure,"Emory Offsite locations - The Emory Clinic, Ambulatory Surgery Centers and the Emory Specialty Assocs",Nursing,Precepted Rotation,1,1,10785,3/13/23,5/3/23,0:00,23:59,24,Tue,ID Missing,ID Missing,Ambulatory,NRSG 676 MN - Care Transitions Practicum,Other (see comments),Archived (Completed)
380272,Emory University - SON Pre-licensure,"Emory Offsite locations - The Emory Clinic, Ambulatory Surgery Centers and the Emory Specialty Assocs",Nursing,Precepted Rotation,1,1,10743,3/13/23,5/3/23,0:00,23:59,24,Tue,ID Missing,ID Missing,Ambulatory,NRSG 676 MN - Care Transitions Practicum,Other (see comments),Archived (Completed)
380273,Emory University - SON Pre-licensure,"Emory Offsite locations - The Emory Clinic, Ambulatory Surgery Centers and the Emory Specialty Assocs",Nursing,Precepted Rotation,1,1,10698,3/13/23,5/3/23,0:00,23:59,24,Tue,ID Missing,ID Missing,Ambulatory,NRSG 676 MN - Care Transitions Practicum,Other (see comments),Archived (Completed)
380277,Emory University - SON Pre-licensure,"Emory Offsite locations - The Emory Clinic, Ambulatory Surgery Centers and the Emory Specialty Assocs",Nursing,Precepted Rotation,1,1,10753,3/13/23,5/3/23,0:00,23:59,24,Tue,ID Missing,ID Missing,Ambulatory,NRSG 676 MN - Care Transitions Practicum,Other (see comments),Archived (Completed)
380278,Emory University - SON Pre-licensure,"Emory Offsite locations - The Emory Clinic, Ambulatory Surgery Centers and the Emory Specialty Assocs",Nursing,Precepted Rotation,1,1,10699,3/13/23,5/3/23,0:00,23:59,24,Wed,ID Missing,ID Missing,Ambulatory,NRSG 676 MN - Care Transitions Practicum,Other (see comments),Archived (Completed)
380280,Emory University - SON Pre-licensure,"Emory Offsite locations - The Emory Clinic, Ambulatory Surgery Centers and the Emory Specialty Assocs",Nursing,Precepted Rotation,1,1,10682,3/13/23,5/3/23,0:00,23:59,24,Wed,ID Missing,ID Missing,Ambulatory,NRSG 676 MN - Care Transitions Practicum,Other (see comments),Archived (Completed)
380281,Emory University - SON Pre-licensure,"Emory Offsite locations - The Emory Clinic, Ambulatory Surgery Centers and the Emory Specialty Assocs",Nursing,Precepted Rotation,0,1,No Students Assigned,3/13/23,5/3/23,0:00,23:59,24,Wed,ID Missing,ID Missing,Ambulatory,NRSG 676 MN - Care Transitions Practicum,Other (see comments),Archived (Completed)
380283,Emory University - SON Pre-licensure,"Emory Offsite locations - The Emory Clinic, Ambulatory Surgery Centers and the Emory Specialty Assocs",Nursing,Precepted Rotation,1,1,10747,3/13/23,5/3/23,0:00,23:59,24,Tue,ID Missing,ID Missing,Ambulatory,NRSG 676 MN - Care Transitions Practicum,Other (see comments),Archived (Completed)
381159,Emory University - SON Pre-licensure,"Emory Offsite locations - The Emory Clinic, Ambulatory Surgery Centers and the Emory Specialty Assocs",Nursing,Precepted Rotation,1,1,10954,3/13/23,5/3/23,0:00,23:59,24,Tue,ID Missing,ID Missing,Ambulatory,NRSG 432 - Ambulatory Care,Other (see comments),Archived (Completed)
381165,Emory University - SON Pre-licensure,"Emory Offsite locations - The Emory Clinic, Ambulatory Surgery Centers and the Emory Specialty Assocs",Nursing,Precepted Rotation,1,1,10955,3/13/23,5/3/23,0:00,23:59,24,Tue,ID Missing,ID Missing,Ambulatory,NRSG 432 - Ambulatory Care,Other (see comments),Archived (Completed)
381167,Emory University - SON Pre-licensure,"Emory Offsite locations - The Emory Clinic, Ambulatory Surgery Centers and the Emory Specialty Assocs",Nursing,Precepted Rotation,1,1,10956,3/13/23,5/3/23,0:00,23:59,24,Tue,ID Missing,ID Missing,Ambulatory,NRSG 432 - Ambulatory Care,Other (see comments),Archived (Completed)
381169,Emory University - SON Pre-licensure,"Emory Offsite locations - The Emory Clinic, Ambulatory Surgery Centers and the Emory Specialty Assocs",Nursing,Precepted Rotation,1,1,10957,3/13/23,5/3/23,0:00,23:59,24,Tue,ID Missing,ID Missing,Ambulatory,NRSG 432 - Ambulatory Care,Other (see comments),Archived (Completed)
381173,Emory University - SON Pre-licensure,"Emory Offsite locations - The Emory Clinic, Ambulatory Surgery Centers and the Emory Specialty Assocs",Nursing,Precepted Rotation,1,1,10958,3/13/23,5/3/23,0:00,23:59,24,Tue,ID Missing,ID Missing,Ambulatory,NRSG 432 - Ambulatory Care,Other (see comments),Archived (Completed)
381176,Hope College of Arts & Sciences,Emory Saint Joseph's Hospital,Nursing,Precepted Rotation,1,1,10959,3/3/23,8/1/23,0:00,23:59,120,,2015,3013,Neonatal ICU,HCAS-NUR 4220C - Advanced Medical Surgical Nursing,5E,Archived (Completed)
381177,Emory University - SON Pre-licensure,"Emory Offsite locations - The Emory Clinic, Ambulatory Surgery Centers and the Emory Specialty Assocs",Nursing,Precepted Rotation,1,1,10960,3/13/23,5/3/23,0:00,23:59,24,Tue,ID Missing,ID Missing,Ambulatory,NRSG 432 - Ambulatory Care,Other (see comments),Archived (Completed)
381181,Emory University - SON Pre-licensure,"Emory Offsite locations - The Emory Clinic, Ambulatory Surgery Centers and the Emory Specialty Assocs",Nursing,Precepted Rotation,1,1,10691,3/13/23,5/3/23,0:00,23:59,24,Tue,ID Missing,ID Missing,Ambulatory,NRSG 432 - Ambulatory Care,Other (see comments),Archived (Completed)
381184,Emory University - SON Pre-licensure,"Emory Offsite locations - The Emory Clinic, Ambulatory Surgery Centers and the Emory Specialty Assocs",Nursing,Precepted Rotation,1,1,10961,3/13/23,5/3/23,0:00,23:59,24,Tue,ID Missing,ID Missing,Ambulatory,NRSG 432 - Ambulatory Care,Other (see comments),Archived (Completed)
381186,Hope College of Arts & Sciences,Emory Saint Joseph's Hospital,Nursing,Precepted Rotation,1,1,10962,3/3/23,8/5/23,0:00,23:59,120,,2015,3013,Pediatrics,NUR 2030C - Maternity & Newborn Nursing,5W,Archived (Completed)
381187,Emory University - SON Pre-licensure,"Emory Offsite locations - The Emory Clinic, Ambulatory Surgery Centers and the Emory Specialty Assocs",Nursing,Precepted Rotation,1,1,10963,3/13/23,5/3/23,0:00,23:59,24,Tue,ID Missing,ID Missing,Ambulatory,NRSG 432 - Ambulatory Care,Other (see comments),Archived (Completed)
381190,Emory University - SON Pre-licensure,"Emory Offsite locations - The Emory Clinic, Ambulatory Surgery Centers and the Emory Specialty Assocs",Nursing,Precepted Rotation,1,1,10700,3/13/23,5/3/23,0:00,23:59,24,Tue,ID Missing,ID Missing,Ambulatory,NRSG 432 - Ambulatory Care,Other (see comments),Archived (Completed)
381198,Emory University - SON Pre-licensure,"Emory Offsite locations - The Emory Clinic, Ambulatory Surgery Centers and the Emory Specialty Assocs",Nursing,Precepted Rotation,1,1,10695,3/13/23,5/3/23,0:00,23:59,24,Tue,ID Missing,ID Missing,Ambulatory,NRSG 432 - Ambulatory Care,Other (see comments),Archived (Completed)
381205,Emory University - SON Pre-licensure,"Emory Offsite locations - The Emory Clinic, Ambulatory Surgery Centers and the Emory Specialty Assocs",Nursing,Precepted Rotation,1,1,10764,3/13/23,5/3/23,0:00,23:59,24,Wed,2012,ID Missing,Ambulatory,NRSG 432 - Ambulatory Care,Other (see comments),Archived (Completed)
381210,Emory University - SON Pre-licensure,"Emory Offsite locations - The Emory Clinic, Ambulatory Surgery Centers and the Emory Specialty Assocs",Nursing,Precepted Rotation,1,1,10964,3/13/23,5/3/23,0:00,23:59,24,Wed,ID Missing,ID Missing,Ambulatory,NRSG 432 - Ambulatory Care,Other (see comments),Archived (Completed)
381220,Emory University - SON Pre-licensure,"Emory Offsite locations - The Emory Clinic, Ambulatory Surgery Centers and the Emory Specialty Assocs",Nursing,Precepted Rotation,1,1,10718,3/13/23,5/3/23,0:00,23:59,24,Wed,ID Missing,ID Missing,Ambulatory,NRSG 432 - Ambulatory Care,Other (see comments),Archived (Completed)
381227,Emory University - SON Pre-licensure,"Emory Offsite locations - The Emory Clinic, Ambulatory Surgery Centers and the Emory Specialty Assocs",Nursing,Precepted Rotation,1,1,10965,3/13/23,5/3/23,0:00,23:59,24,Wed,2012,ID Missing,Ambulatory,NRSG 432 - Ambulatory Care,Other (see comments),Archived (Completed)
381235,Emory University - SON Pre-licensure,"Emory Offsite locations - The Emory Clinic, Ambulatory Surgery Centers and the Emory Specialty Assocs",Nursing,Precepted Rotation,1,1,10966,3/13/23,5/3/23,0:00,23:59,24,Wed,ID Missing,ID Missing,Ambulatory,NRSG 432 - Ambulatory Care,Other (see comments),Archived (Completed)
381312,Emory University - SON Pre-licensure,"Emory Offsite locations - The Emory Clinic, Ambulatory Surgery Centers and the Emory Specialty Assocs",Nursing,Precepted Rotation,1,1,10789,3/13/23,5/3/23,0:00,23:59,24,Tue,ID Missing,ID Missing,Ambulatory,NRSG 676 MN - Care Transitions Practicum,Other (see comments),Archived (Completed)
381314,Emory University - SON Pre-licensure,"Emory Offsite locations - The Emory Clinic, Ambulatory Surgery Centers and the Emory Specialty Assocs",Nursing,Precepted Rotation,1,1,10681,3/13/23,5/3/23,0:00,23:59,24,Wed,2012,ID Missing,Ambulatory,NRSG 432 - Ambulatory Care,Other (see comments),Archived (Completed)
381324,Emory University - SON Pre-licensure,"Emory Offsite locations - The Emory Clinic, Ambulatory Surgery Centers and the Emory Specialty Assocs",Nursing,Precepted Rotation,1,1,10701,3/13/23,5/3/23,0:00,23:59,24,Wed,ID Missing,ID Missing,Ambulatory,NRSG 432 - Ambulatory Care,Other (see comments),Archived (Completed)
381325,Emory University - SON Pre-licensure,"Emory Offsite locations - The Emory Clinic, Ambulatory Surgery Centers and the Emory Specialty Assocs",Nursing,Precepted Rotation,1,1,10736,3/13/23,5/3/23,0:00,23:59,24,Wed,ID Missing,ID Missing,Ambulatory,NRSG 432 - Ambulatory Care,Other (see comments),Archived (Completed)
381326,Emory University - SON Pre-licensure,"Emory Offsite locations - The Emory Clinic, Ambulatory Surgery Centers and the Emory Specialty Assocs",Nursing,Precepted Rotation,1,1,10967,3/13/23,5/3/23,0:00,23:59,24,Wed,2012,ID Missing,Ambulatory,NRSG 432 - Ambulatory Care,Other (see comments),Archived (Completed)
381327,Emory University - SON Pre-licensure,"Emory Offsite locations - The Emory Clinic, Ambulatory Surgery Centers and the Emory Specialty Assocs",Nursing,Precepted Rotation,1,1,10968,3/13/23,5/3/23,0:00,23:59,24,Wed,ID Missing,ID Missing,Ambulatory,NRSG 432 - Ambulatory Care,Other (see comments),Archived (Completed)
381328,Emory University - SON Pre-licensure,"Emory Offsite locations - The Emory Clinic, Ambulatory Surgery Centers and the Emory Specialty Assocs",Nursing,Precepted Rotation,1,1,10969,3/13/23,5/3/23,0:00,23:59,24,Wed,2012,ID Missing,Ambulatory,NRSG 432 - Ambulatory Care,Other (see comments),Archived (Completed)
381554,Grand Canyon University,"Emory Offsite locations - The Emory Clinic, Ambulatory Surgery Centers and the Emory Specialty Assocs",Nursing,Precepted Rotation,1,1,10970,9/4/23,11/12/23,0:00,23:59,100,,2016,3014,Practicum,NRS-493 - Professional Capstone and Practicum,Other (see comments),Archived (Completed)
381895,Kennesaw State University - Nursing,"Emory Offsite locations - The Emory Clinic, Ambulatory Surgery Centers and the Emory Specialty Assocs",Nursing,Precepted Rotation,1,2,10971,5/17/23,6/16/23,0:00,23:59,96,"Wed, Thu, Fri",ID Missing,No Preceptor Assigned,Community,4412 - Community Health,Other (see comments),Archived (Completed)
381896,Kennesaw State University - Nursing,"Emory Offsite locations - The Emory Clinic, Ambulatory Surgery Centers and the Emory Specialty Assocs",Nursing,Precepted Rotation,1,2,10972,6/21/23,7/21/23,0:00,23:59,96,"Wed, Thu, Fri",ID Missing,No Preceptor Assigned,Community,4412 - Community Health,Other (see comments),Archived (Completed)
382320,Emory University - SON Pre-licensure,Emory University Hospital Midtown,Nursing,Cohort Rotation,6,6,"10289, 10429, 10439, 10451, 10464, 10308",5/16/23,6/20/23,7:00,19:00,60,Tue,ID Missing,No Preceptor Assigned,Perinatal - OB,NRSG 392 Practicum - Maternity Practicum,Maternity,Archived (Completed)
382324,Emory University - SON Pre-licensure,Emory University Hospital Midtown,Nursing,Cohort Rotation,6,6,"10292, 10446, 10421, 10290, 10291, 10316",5/17/23,6/21/23,7:00,19:00,60,Wed,ID Missing,No Preceptor Assigned,Perinatal - OB,NRSG 392 Practicum - Maternity Practicum,Maternity,Archived (Completed)
382326,Emory University - SON Pre-licensure,Emory University Hospital Midtown,Nursing,Cohort Rotation,6,6,"10467, 10343, 10475, 10311, 10483, 10973",5/20/23,6/24/23,7:00,19:00,60,Sat,ID Missing,No Preceptor Assigned,Perinatal - OB,NRSG 392 Practicum - Maternity Practicum,Maternity,Archived (Completed)
382329,Emory University - SON Pre-licensure,Emory Decatur Hospital,Nursing,Cohort Rotation,4,6,"10447, 10332, 10279, 10281",5/16/23,6/20/23,7:00,19:00,60,Tue,ID Missing,No Preceptor Assigned,Perinatal - OB,NRSG 392 Practicum - Maternity Practicum,Mother/Baby,Archived (Completed)
382330,Emory University - SON Pre-licensure,Emory Decatur Hospital,Nursing,Cohort Rotation,6,6,"10283, 10342, 10288, 10436, 10295, 10335",5/17/23,6/21/23,7:00,19:00,60,Wed,ID Missing,No Preceptor Assigned,Perinatal - OB,NRSG 392 Practicum - Maternity Practicum,Mother/Baby,Archived (Completed)
382332,Emory University - SON,Emory Decatur Hospital,Nursing,Cohort Rotation,0,6,No Students Assigned,5/20/23,6/24/23,7:00,19:00,60,Sat,ID Missing,No Preceptor Assigned,Perinatal - OB,NRSG 392 Practicum - Maternity Practicum,Mother/Baby,Archived (Withdrawn)
382343,Emory University - SON Pre-licensure,Emory Johns Creek Hospital,Nursing,Cohort Rotation,6,6,"10473, 10341, 10474, 10472, 10470, 10423",5/16/23,6/20/23,7:00,19:00,60,Tue,ID Missing,No Preceptor Assigned,Perinatal - OB,NRSG 392 Practicum - Maternity Practicum,"Maternity: M/B, L&D, NICU",Archived (Completed)
382347,Emory University - SON Pre-licensure,Emory Johns Creek Hospital,Nursing,Cohort Rotation,6,6,"10441, 10457, 10460, 10438, 10440, 10435",5/17/23,6/21/23,7:00,19:00,60,Wed,ID Missing,No Preceptor Assigned,Perinatal - OB,NRSG 392 Practicum - Maternity Practicum,"Maternity: M/B, L&D, NICU",Archived (Completed)
382519,Kennesaw State University - Nursing,Emory Saint Joseph's Hospital,Nursing,Cohort Rotation,4,8,"10974, 10975, 10976, 10977",6/15/23,7/21/23,7:00,15:00,96,"Thu, Fri",ID Missing,No Preceptor Assigned,MedSurg - Acute Care,3313 - Adult Health,4S,Archived (Completed)
382528,Georgia Baptist College of Nursing of Mercer University - Undergraduate Nursing,Emory Saint Joseph's Hospital,Nursing,Cohort Rotation,0,8,No Students Assigned,10/25/23,12/13/23,7:00,13:00,36,Wed,ID Missing,No Preceptor Assigned,Fundamentals,NUR 313 - Fundamentals,6E,Archived (Withdrawn)
382529,Georgia Baptist College of Nursing of Mercer University - Undergraduate Nursing,Emory Saint Joseph's Hospital,Nursing,Cohort Rotation,8,8,"10978, 10070, 10979, 10980, 10071, 10981, 10982, 10983",9/7/23,12/14/23,7:00,19:00,132,Thu,ID Missing,No Preceptor Assigned,MedSurg - Acute Care,NUR 408 - High Acuity Adult,6W pulmonary thoracic,Archived (Completed)
382564,Georgia Baptist College of Nursing of Mercer University - Undergraduate Nursing,Emory University Hospital Midtown,Nursing,Cohort Rotation,4,8,"10984, 10067, 10985, 10986",9/1/23,9/22/23,7:00,19:00,40,Fri,ID Missing,No Preceptor Assigned,Perinatal - OB,NUR 407 - Care of the Childbearing Family,42/54: Mother/Baby,Archived (Completed)
382565,Georgia Baptist College of Nursing of Mercer University - Undergraduate Nursing,Emory University Hospital Midtown,Nursing,Cohort Rotation,4,8,"10987, 10988, 10989, 10990",9/29/23,10/20/23,7:00,19:00,40,Fri,ID Missing,No Preceptor Assigned,Perinatal - OB,NUR 407 - Care of the Childbearing Family,42/54: Mother/Baby,Archived (Completed)
382566,Georgia Baptist College of Nursing of Mercer University - Undergraduate Nursing,Emory University Hospital Midtown,Nursing,Cohort Rotation,4,8,"10991, 10072, 10992, 10993",10/27/23,12/8/23,7:00,19:00,40,Fri,ID Missing,No Preceptor Assigned,Perinatal - OB,NUR 407 - Care of the Childbearing Family,42/54: Mother/Baby,Archived (Completed)
383059,Emory University - SON Pre-licensure,Emory University Hospital Midtown,Nursing,Precepted Rotation,1,1,10800,3/13/23,5/3/23,0:00,23:59,132,"Mon, Tue, Fri, Sat, Sun",ID Missing,ID Missing,Practicum,NRSG 648 MN - Transitions to Nursing Practice,31: Ortho/Neuro,Archived (Completed)
383360,Emory University - SON Pre-licensure,Emory Decatur Hospital,Nursing,Cohort Rotation,6,8,"10994, 10995, 10996, 10997, 10998, 10999",6/15/23,7/27/23,7:00,19:00,60,Thu,ID Missing,No Preceptor Assigned,Fundamentals,527 MN - Foundation of Nursing Practice,Cardiac Telemetry - 2400,Archived (Completed)
383361,Emory University - SON Pre-licensure,Emory Decatur Hospital,Nursing,Cohort Rotation,8,8,"11000, 11001, 11002, 11003, 11004, 11005, 11006, 11007",6/15/23,7/27/23,7:00,19:00,60,Thu,ID Missing,No Preceptor Assigned,Fundamentals,527 MN - Foundation of Nursing Practice,Surgical Oncology - 4200,Archived (Completed)
383362,Emory University - SON Pre-licensure,Emory Hillandale Hospital,Nursing,Cohort Rotation,8,8,"11008, 11009, 11010, 11011, 11012, 11013, 11014, 11015",6/15/23,7/27/23,7:00,19:00,60,Thu,ID Missing,No Preceptor Assigned,Fundamentals,527 MN - Foundation of Nursing Practice,4th floor - telemetry,Archived (Completed)
383363,Emory University - SON Pre-licensure,Emory Hillandale Hospital,Nursing,Cohort Rotation,8,8,"11016, 11017, 11018, 11019, 11020, 11021, 11022, 11023",6/15/23,7/27/23,7:00,19:00,60,Thu,ID Missing,No Preceptor Assigned,Fundamentals,527 MN - Foundation of Nursing Practice,3rd floor - med surg,Archived (Completed)
383365,Emory University - SON Pre-licensure,Emory Johns Creek Hospital,Nursing,Cohort Rotation,5,8,"11024, 11025, 11026, 11027, 11028",6/15/23,7/27/23,7:00,19:00,60,Thu,ID Missing,No Preceptor Assigned,Fundamentals,527 MN - Foundation of Nursing Practice,6W oncology,Archived (Completed)
383367,Emory University - SON Pre-licensure,Emory Saint Joseph's Hospital,Nursing,Cohort Rotation,8,8,"11029, 11030, 11031, 11032, 11033, 11034, 11035, 11036",6/15/23,7/27/23,7:00,19:00,60,Thu,ID Missing,No Preceptor Assigned,Fundamentals,527 MN - Foundation of Nursing Practice,4E,Archived (Completed)
383368,Emory University - SON Pre-licensure,Emory University Hospital,Nursing,Cohort Rotation,8,8,"11037, 11038, 11039, 11040, 11041, 11042, 11043, 11044",6/15/23,7/27/23,7:00,19:00,60,Thu,ID Missing,No Preceptor Assigned,Fundamentals,527 MN - Foundation of Nursing Practice,7T: Surgical,Archived (Completed)
383369,Emory University - SON Pre-licensure,Emory University Hospital,Nursing,Cohort Rotation,0,8,No Students Assigned,6/16/23,7/27/23,7:00,19:00,60,Thu,ID Missing,No Preceptor Assigned,Fundamentals,527 MN - Foundation of Nursing Practice,9E: Neuroscience,Archived (Completed)
383371,Emory University - SON Pre-licensure,Emory University Hospital,Nursing,Cohort Rotation,8,8,"11045, 11046, 11047, 11048, 11049, 11050, 11051, 11052",6/15/23,7/27/23,7:00,19:00,60,Thu,ID Missing,No Preceptor Assigned,Fundamentals,527 MN - Foundation of Nursing Practice,6G: Medical,Archived (Completed)
383372,Emory University - SON Pre-licensure,Emory University Orthopaedics and Spine Hospital,Nursing,Cohort Rotation,0,8,No Students Assigned,6/15/23,7/27/23,7:00,19:00,8,Thu,ID Missing,No Preceptor Assigned,Fundamentals,527 MN - Foundation of Nursing Practice,2-4 floors: Orthopaedics,Archived (Completed)
383373,Emory University - SON Pre-licensure,Emory University Hospital Midtown,Nursing,Cohort Rotation,8,8,"11053, 11054, 11055, 11056, 11057, 11058, 11059, 11060",6/15/23,7/27/23,7:00,19:00,60,Thu,ID Missing,No Preceptor Assigned,Fundamentals,527 MN - Foundation of Nursing Practice,21: General Surgery,Archived (Completed)
383375,Emory University - SON Pre-licensure,Emory Decatur Hospital,Nursing,Cohort Rotation,8,8,"11061, 10106, 11062, 11063, 11064, 11065, 11066, 11067",6/16/23,7/28/23,7:00,19:00,60,Fri,ID Missing,No Preceptor Assigned,Fundamentals,527 MN - Foundation of Nursing Practice,Cardiac Telemetry - 2400,Archived (Completed)
383376,Emory University - SON Pre-licensure,Emory Decatur Hospital,Nursing,Cohort Rotation,8,8,"11068, 11069, 11070, 11071, 11072, 11073, 11074, 11075",6/16/23,7/28/23,7:00,19:00,60,Fri,ID Missing,No Preceptor Assigned,Fundamentals,527 MN - Foundation of Nursing Practice,Stroke Telemetry - 4400,Archived (Completed)
383377,Emory University - SON Pre-licensure,Emory Johns Creek Hospital,Nursing,Cohort Rotation,8,8,"11076, 11077, 11078, 11079, 11080, 11081, 11082, 11083",6/16/23,7/28/23,7:00,19:00,60,Fri,ID Missing,No Preceptor Assigned,Fundamentals,527 MN - Foundation of Nursing Practice,6W oncology,Archived (Completed)
383379,Emory University - SON Pre-licensure,Emory Saint Joseph's Hospital,Nursing,Cohort Rotation,8,8,"11084, 11085, 11086, 11087, 11088, 11089, 11090, 11091",6/16/23,7/28/23,7:00,19:00,60,Fri,ID Missing,No Preceptor Assigned,Fundamentals,527 MN - Foundation of Nursing Practice,4E,Archived (Completed)
383382,Emory University - SON Pre-licensure,Emory Saint Joseph's Hospital,Nursing,Cohort Rotation,8,8,"11092, 11093, 11094, 11095, 11096, 11097, 11098, 11099",6/16/23,7/28/23,7:00,19:00,60,Fri,ID Missing,No Preceptor Assigned,Fundamentals,527 MN - Foundation of Nursing Practice,6E,Archived (Completed)
383384,Emory University - SON Pre-licensure,Emory University Hospital,Nursing,Cohort Rotation,8,8,"11100, 11101, 11102, 11103, 11104, 11105, 11106, 11107",6/16/23,7/28/23,7:00,19:00,60,Fri,ID Missing,No Preceptor Assigned,Fundamentals,527 MN - Foundation of Nursing Practice,6T: Transplant,Archived (Completed)
383387,Emory University - SON Pre-licensure,Emory University Hospital,Nursing,Cohort Rotation,8,8,"11108, 11109, 11110, 11111, 11112, 11113, 11114, 11115",6/16/23,7/28/23,7:00,19:00,60,Fri,ID Missing,No Preceptor Assigned,Fundamentals,527 MN - Foundation of Nursing Practice,7T: Surgical,Archived (Completed)
383389,Emory University - SON Pre-licensure,Emory University Hospital,Nursing,Cohort Rotation,0,8,No Students Assigned,6/16/23,7/28/23,7:00,19:00,60,Fri,ID Missing,No Preceptor Assigned,Fundamentals,527 MN - Foundation of Nursing Practice,9E: Neuroscience,Archived (Completed)
383390,Emory University - SON Pre-licensure,Emory University Hospital Midtown,Nursing,Cohort Rotation,0,8,No Students Assigned,6/16/23,7/28/23,7:00,19:00,60,Fri,ID Missing,No Preceptor Assigned,Fundamentals,527 MN - Foundation of Nursing Practice,31: Ortho/Neuro,Archived (Completed)
383391,Emory University - SON Pre-licensure,Emory University Hospital,Nursing,Cohort Rotation,8,8,"11116, 11117, 11118, 11119, 11120, 11121, 11122, 11123",6/16/23,7/28/23,7:00,19:00,60,Fri,ID Missing,No Preceptor Assigned,Fundamentals,527 MN - Foundation of Nursing Practice,6G: Medical,Archived (Completed)
383392,Emory University - SON Pre-licensure,Emory University Hospital Midtown,Nursing,Cohort Rotation,7,8,"11124, 11125, 11126, 11127, 11128, 11129, 11130",6/16/23,7/28/23,7:00,19:00,60,Fri,"ID Missing, ID Missing",No Preceptor Assigned,Fundamentals,527 MN - Foundation of Nursing Practice,21: General Surgery,Archived (Completed)
383394,Emory University - SON Pre-licensure,Emory Saint Joseph's Hospital,Nursing,Cohort Rotation,6,8,"10398, 10364, 10420, 10367, 10376, 10363",5/18/23,8/3/23,7:00,19:00,60,Thu,ID Missing,No Preceptor Assigned,Other (see comments),NRSG 391 Practicum - Adult and Geriatric Practicum,3S,Archived (Completed)
383404,Emory University - SON Pre-licensure,Emory University Hospital,Nursing,Cohort Rotation,6,8,"10381, 10415, 10405, 10390, 10395, 10391",5/18/23,8/3/23,7:00,19:00,60,Thu,ID Missing,No Preceptor Assigned,Other (see comments),NRSG 391 - Adult and Geriatric Practicum,6T: Transplant,Archived (Completed)
383412,Emory University - SON Pre-licensure,Emory University Hospital,Nursing,Cohort Rotation,6,8,"10357, 10401, 10413, 10416, 10417, 10358",5/18/23,8/3/23,7:00,19:00,60,Thu,"ID Missing, ID Missing",No Preceptor Assigned,Other (see comments),NRSG 391 - Adult and Geriatric Practicum,3G: Neurosciences,Archived (Completed)
383414,Emory University - SON Pre-licensure,Emory University Hospital Midtown,Nursing,Cohort Rotation,6,8,"10370, 10371, 10365, 10399, 10389, 11131",5/18/23,8/3/23,7:00,19:00,60,Thu,ID Missing,No Preceptor Assigned,Other (see comments),NRSG 391 - Adult and Geriatric Practicum,31: Ortho/Neuro,Archived (Completed)
383416,Emory University - SON Pre-licensure,Emory Saint Joseph's Hospital,Nursing,Cohort Rotation,6,8,"10368, 10377, 10396, 10400, 10353, 10361",5/18/23,8/3/23,7:00,19:00,60,Thu,ID Missing,No Preceptor Assigned,Other (see comments),NRSG 391 - Adult and Geriatric Practicum,3W,Archived (Completed)
383418,Emory University - SON Pre-licensure,Emory Saint Joseph's Hospital,Nursing,Cohort Rotation,6,8,"10404, 10386, 10403, 10402, 10412, 10414",5/13/23,8/5/23,7:00,19:00,60,Sat,ID Missing,No Preceptor Assigned,Other (see comments),NRSG 391 - Adult and Geriatric Practicum,3W,Archived (Completed)
383419,Emory University - SON Pre-licensure,Emory University Hospital,Nursing,Cohort Rotation,6,8,"10380, 10362, 10383, 10385, 10360, 10359",5/13/23,8/5/23,7:00,19:00,60,Sat,ID Missing,No Preceptor Assigned,Other (see comments),NRSG 391 - Adult and Geriatric Practicum,7T: Surgical,Archived (Completed)
383420,Emory University - SON Pre-licensure,Emory University Hospital Midtown,Nursing,Cohort Rotation,5,8,"10397, 10375, 10408, 10373, 10392",5/13/23,8/5/23,7:00,19:00,60,Sat,ID Missing,No Preceptor Assigned,Other (see comments),NRSG 391 - Adult and Geriatric Practicum,41: Med Cardiology,Archived (Completed)
383426,Emory University - SON Pre-licensure,Emory University Hospital Midtown,Nursing,Cohort Rotation,4,8,"10535, 10534, 10536, 11132",5/13/23,8/5/23,7:00,19:00,60,Sat,"ID Missing, ID Missing",No Preceptor Assigned,Other (see comments),NRSG 391 - Adult and Geriatric Practicum,72: Med/Surg,Archived (Completed)
383429,Emory University - SON Pre-licensure,Emory Saint Joseph's Hospital,Nursing,Cohort Rotation,4,8,"10394, 10366, 10379, 10387",5/13/23,8/5/23,7:00,19:00,60,Sat,ID Missing,No Preceptor Assigned,Other (see comments),NRSG 391 - Adult and Geriatric Practicum,6W,Archived (Completed)
383437,Emory University - SON Pre-licensure,Emory University Hospital,Nursing,Cohort Rotation,0,8,No Students Assigned,5/13/23,8/5/23,7:00,19:00,60,Sat,ID Missing,No Preceptor Assigned,Other (see comments),NRSG 391 - Adult and Geriatric Practicum,3G: Neurosciences,Archived (Completed)
384417,Georgia Baptist College of Nursing of Mercer University - Undergraduate Nursing,Emory Saint Joseph's Hospital,Nursing,Cohort Rotation,7,8,"11133, 11134, 11135, 11136, 11137, 11138, 11139",10/24/23,12/12/23,7:00,13:00,36,Tue,ID Missing,No Preceptor Assigned,Fundamentals,NUR 313 - Fundamentals,6W pulmonary thoracic,Archived (Completed)
384657,Emory University - SON Pre-licensure,Emory University Hospital Midtown,Nursing,Cohort Rotation,4,6,"10306, 10484, 10476, 10285",6/27/23,8/1/23,7:00,19:00,60,Tue,ID Missing,No Preceptor Assigned,Perinatal - OB,NRSG 392 Practicum - Maternity Practicum,Maternity,Archived (Completed)
384658,Emory University - SON Pre-licensure,Emory University Hospital Midtown,Nursing,Cohort Rotation,6,6,"10331, 10434, 10479, 10422, 10454, 10477",6/28/23,8/2/23,7:00,19:00,60,Wed,ID Missing,No Preceptor Assigned,Perinatal - OB,NRSG 392 Practicum - Maternity Practicum,Maternity,Archived (Completed)
384659,Emory University - SON Pre-licensure,Emory University Hospital Midtown,Nursing,Cohort Rotation,3,6,"10307, 10471, 10340",7/1/23,8/5/23,7:00,19:00,60,Sat,ID Missing,No Preceptor Assigned,Perinatal - OB,NRSG 392 Practicum - Maternity Practicum,Maternity,Archived (Completed)
384661,Emory University - SON Pre-licensure,Emory Decatur Hospital,Nursing,Cohort Rotation,6,6,"10478, 10428, 10469, 10482, 10458, 10445",6/27/23,8/1/23,7:00,19:00,60,Tue,ID Missing,No Preceptor Assigned,Perinatal - OB,NRSG 392 Practicum - Maternity Practicum,Mother/Baby,Archived (Completed)
384662,Emory University - SON Pre-licensure,Emory Decatur Hospital,Nursing,Cohort Rotation,4,6,"10273, 10455, 10465, 10278",6/28/23,8/2/23,7:00,19:00,60,Wed,ID Missing,No Preceptor Assigned,Perinatal - OB,NRSG 392 Practicum - Maternity Practicum,Mother/Baby,Archived (Completed)
384663,Emory University - SON,Emory Decatur Hospital,Nursing,Cohort Rotation,0,6,No Students Assigned,7/1/23,8/5/23,7:00,19:00,60,Sat,ID Missing,No Preceptor Assigned,Perinatal - OB,NRSG 392 Practicum - Maternity Practicum,Mother/Baby,Archived (Withdrawn)
384664,Emory University - SON Pre-licensure,Emory Johns Creek Hospital,Nursing,Cohort Rotation,5,6,"10327, 10462, 10323, 10333, 10325",6/27/23,8/1/23,7:00,19:00,60,Tue,ID Missing,No Preceptor Assigned,Perinatal - OB,NRSG 392 Practicum - Maternity Practicum,"Maternity: M/B, L&D, NICU",Archived (Completed)
384665,Emory University - SON Pre-licensure,Emory Johns Creek Hospital,Nursing,Cohort Rotation,5,6,"10277, 10322, 10317, 10324, 10336",6/28/23,8/2/23,7:00,19:00,60,Wed,ID Missing,No Preceptor Assigned,Perinatal - OB,NRSG 392 Practicum - Maternity Practicum,"Maternity: M/B, L&D, NICU",Archived (Completed)
384852,Emory University - SON Pre-licensure,Emory University Hospital at Wesley Woods,Nursing,Cohort Rotation,8,8,"10406, 10378, 10409, 10405, 10286, 11140, 10420, 11131",5/22/23,5/29/23,7:00,19:00,24,Mon,ID Missing,No Preceptor Assigned,Psychiatry; Mental Health; Behavioral Medicine,NRSG 393 - Mental Health Practicum,Inpatient Psych,Archived (Completed)
384855,Emory University - SON Pre-licensure,Emory Decatur Hospital,Nursing,Cohort Rotation,6,6,"10381, 10415, 10411, 10391, 10390, 10395",5/22/23,5/29/23,7:00,19:00,24,Mon,ID Missing,No Preceptor Assigned,Psychiatry; Mental Health; Behavioral Medicine,NRSG 393 - Mental Health Practicum,Behavioral Health (acute) - 1800,Archived (Completed)
384859,Emory University - SON Pre-licensure,Emory University Hospital at Wesley Woods,Nursing,Cohort Rotation,8,8,"10397, 10375, 10408, 10373, 10392, 10286, 11140, 11131",6/5/23,6/12/23,7:00,19:00,24,Mon,ID Missing,No Preceptor Assigned,Psychiatry; Mental Health; Behavioral Medicine,NRSG 393 - Mental Health Practicum,Inpatient Psych,Archived (Completed)
384862,Emory University - SON Pre-licensure,Emory Decatur Hospital,Nursing,Cohort Rotation,6,6,"10404, 10386, 10403, 10402, 10412, 10414",5/24/23,5/31/23,7:00,19:00,24,Wed,ID Missing,No Preceptor Assigned,Psychiatry; Mental Health; Behavioral Medicine,NRSG 393 Practicum - Mental Health Practicum,Behavioral Health (acute) - 1800,Archived (Completed)
384866,Emory University - SON Pre-licensure,Emory University Hospital at Wesley Woods,Nursing,Cohort Rotation,6,6,"10359, 10398, 10364, 10367, 10376, 10361",6/7/23,6/14/23,7:00,19:00,24,Wed,ID Missing,No Preceptor Assigned,Psychiatry; Mental Health; Behavioral Medicine,NRSG 393 - Mental Health Practicum,Inpatient Psych,Archived (Completed)
384869,Emory University - SON Pre-licensure,Emory Decatur Hospital,Nursing,Cohort Rotation,4,6,"10394, 10366, 10379, 10387",6/7/23,6/14/23,7:00,19:00,24,Wed,ID Missing,No Preceptor Assigned,Psychiatry; Mental Health; Behavioral Medicine,NRSG 393 - Mental Health Practicum,Behavioral Health (acute) - 1800,Archived (Completed)
384875,Emory University - SON Pre-licensure,Emory University Hospital at Wesley Woods,Nursing,Cohort Rotation,5,6,"10370, 10371, 10365, 10389, 10399",7/3/23,7/10/23,7:00,19:00,24,Mon,ID Missing,No Preceptor Assigned,Psychiatry; Mental Health; Behavioral Medicine,NRSG 393 Practicum - Mental Health Practicum,Inpatient Psych,Archived (Completed)
384876,Emory University - SON Pre-licensure,Emory Decatur Hospital,Nursing,Cohort Rotation,6,6,"10357, 10401, 10413, 10416, 10417, 10358",7/3/23,7/10/23,7:00,19:00,24,Mon,ID Missing,No Preceptor Assigned,Psychiatry; Mental Health; Behavioral Medicine,NRSG 393 - Mental Health Practicum,Behavioral Health (acute) - 1800,Archived (Completed)
384878,Emory University - SON Pre-licensure,Emory University Hospital at Wesley Woods,Nursing,Cohort Rotation,6,6,"10368, 10419, 10377, 10400, 10353, 10396",7/17/23,7/24/23,7:00,19:00,6,Wed,ID Missing,No Preceptor Assigned,Psychiatry; Mental Health; Behavioral Medicine,NRSG 393 - Mental Health Practicum,Inpatient Psych,Archived (Completed)
384879,Emory University - SON Pre-licensure,Emory University Hospital at Wesley Woods,Nursing,Cohort Rotation,5,8,"10356, 10354, 10410, 10369, 10355",7/19/23,7/26/23,7:00,19:00,24,Wed,ID Missing,No Preceptor Assigned,Psychiatry; Mental Health; Behavioral Medicine,NRSG 393 - Mental Health Practicum,Inpatient Psych,Archived (Completed)
384881,Emory University - SON Pre-licensure,Emory Decatur Hospital,Nursing,Cohort Rotation,6,6,"10382, 10384, 10374, 10418, 10388, 10407",7/19/23,7/26/23,7:00,19:00,24,Wed,ID Missing,No Preceptor Assigned,Psychiatry; Mental Health; Behavioral Medicine,NRSG 393 - Mental Health Practicum,Behavioral Health (acute) - 1800,Archived (Completed)
384883,Emory University - SON,Emory Decatur Hospital,Nursing,Cohort Rotation,0,6,No Students Assigned,7/23/23,7/30/23,7:00,19:00,24,Sun,ID Missing,No Preceptor Assigned,Psychiatry; Mental Health; Behavioral Medicine,NRSG 393 - Mental Health Practicum,Behavioral Health,Archived (Withdrawn)
385093,Grand Canyon University,Emory University Hospital Midtown,Nursing,Precepted Rotation,1,1,11141,4/17/23,6/25/23,0:00,23:59,100,,2017,3015,Observation,NRS-493 - Professional Capstone and Practicum,62: Renal,Archived (Denied)
385134,Emory University - SON Pre-licensure,Emory Johns Creek Hospital,Nursing,Cohort Rotation,6,8,"11142, 11143, 11144, 11145, 11146, 11147",12/1/23,12/16/23,7:00,19:00,96,,ID Missing,No Preceptor Assigned,MedSurg - Acute Care,NRSG 360D - Acute and Chronic Care II Adult and Geriatric Practicum,3rd floor: med-surg,Archived (Completed)
385136,Emory University - SON,Emory Johns Creek Hospital,Nursing,Cohort Rotation,0,8,No Students Assigned,12/1/23,12/16/23,7:00,19:00,96,,ID Missing,No Preceptor Assigned,MedSurg - Acute Care,NRSG 360D - Acute and Chronic Care II Adult and Geriatric Practicum,4th floor: med-surg,Archived (Withdrawn)
385138,Emory University - SON Pre-licensure,Emory Johns Creek Hospital,Nursing,Cohort Rotation,6,8,"11148, 11149, 11150, 11151, 11152, 11153",12/1/23,12/16/23,0:00,23:59,96,,"ID Missing, ID Missing, ID Missing",No Preceptor Assigned,MedSurg - Acute Care,NRSG 360D - Acute and Chronic Care II Adult and Geriatric Practicum,6N: medical cardiology,Archived (Completed)
385139,Emory University - SON Pre-licensure,Emory University Hospital,Nursing,Cohort Rotation,5,8,"11154, 11155, 11156, 11157, 11158",12/1/23,12/16/23,7:00,19:00,96,,ID Missing,No Preceptor Assigned,MedSurg - Acute Care,NRSG 360D - Acute and Chronic Care II Adult and Geriatric Practicum,7T: Surgical,Archived (Completed)
385141,Emory University - SON Pre-licensure,Emory University Hospital Midtown,Nursing,Cohort Rotation,5,8,"11159, 11160, 11161, 11162, 11163",12/1/23,12/16/23,7:00,19:00,96,,"ID Missing, ID Missing, ID Missing",No Preceptor Assigned,MedSurg - Acute Care,NRSG 360D - Acute and Chronic Care II Adult and Geriatric Practicum,72: Med/Surg,Archived (Completed)
385145,Emory University - SON Pre-licensure,Emory Saint Joseph's Hospital,Nursing,Cohort Rotation,5,8,"11164, 11165, 11166, 11167, 11168",12/1/23,12/16/23,0:00,23:59,96,,"ID Missing, ID Missing, ID Missing",No Preceptor Assigned,MedSurg - Acute Care,NRSG 360D - Acute and Chronic Care II Adult and Geriatric Practicum,3E heart failure,Archived (Completed)
385146,Emory University - SON,Emory Saint Joseph's Hospital,Nursing,Cohort Rotation,0,8,No Students Assigned,12/1/23,12/16/23,0:00,23:59,96,,ID Missing,No Preceptor Assigned,MedSurg - Acute Care,NRSG 360D - Acute and Chronic Care II Adult and Geriatric Practicum,3W,Archived (Denied)
385739,Emory University - SON Pre-licensure,"Emory Offsite locations - The Emory Clinic, Ambulatory Surgery Centers and the Emory Specialty Assocs",Nursing,Precepted Rotation,1,1,10776,3/13/23,5/3/23,0:00,23:59,24,Wed,ID Missing,ID Missing,Ambulatory,NRSG 432 - Ambulatory Care,Other (see comments),Archived (Completed)
385821,Chamberlain College of Nursing - Georgia,Emory University Hospital Midtown,Nursing,Precepted Rotation,1,1,11169,5/8/23,6/30/23,0:00,23:59,96,"Mon, Thu, Fri",ID Missing,No Preceptor Assigned,Practicum,NR 446 - Senior Practicum - Collaborative Healthcare,L&D (DEU),Archived (Completed)
385822,Chamberlain College of Nursing - Georgia,Emory University Hospital Midtown,Nursing,Precepted Rotation,1,1,11169,7/10/23,8/2/23,0:00,23:59,48,"Mon, Thu, Fri",ID Missing,No Preceptor Assigned,Practicum,NR 452 - Senior Practicum - Capstone Course,L&D (DEU),Archived (Completed)
385823,Chamberlain College of Nursing - Georgia,Emory University Hospital Midtown,Nursing,Precepted Rotation,1,1,10042,5/8/23,6/30/23,0:00,23:59,96,"Mon, Thu, Fri",ID Missing,No Preceptor Assigned,Practicum,NR 446 - Senior Practicum - Collaborative Healthcare,71 ICU: Med/Pulmonary,Archived (Completed)
385824,Chamberlain College of Nursing - Georgia,Emory University Hospital Midtown,Nursing,Precepted Rotation,1,1,10042,7/10/23,8/2/23,0:00,23:59,48,"Mon, Thu, Fri",ID Missing,No Preceptor Assigned,Practicum,NR 452 - Senior Practicum - Capstone Course,71 ICU: Med/Pulmonary,Archived (Completed)
385833,Chamberlain College of Nursing - Georgia,Emory Decatur Hospital,Nursing,Precepted Rotation,1,1,11170,5/8/23,6/30/23,0:00,23:59,96,"Mon, Thu, Fri",ID Missing,No Preceptor Assigned,Practicum,NR 446 - Senior Practicum - Collaborative Healthcare,ICU - 2500,Archived (Completed)
385834,Chamberlain College of Nursing - Georgia,Emory Decatur Hospital,Nursing,Precepted Rotation,1,1,11170,7/10/23,8/2/23,0:00,23:59,48,"Mon, Thu, Fri",ID Missing,No Preceptor Assigned,Practicum,NR 452 - Senior Practicum - Capstone Course,ICU - 2500,Archived (Completed)
385841,Chamberlain College of Nursing - Georgia,Emory Decatur Hospital,Nursing,Precepted Rotation,1,1,11171,5/8/23,6/30/23,0:00,23:59,96,Mon,ID Missing,No Preceptor Assigned,Practicum,NR 446 - Senior Practicum - Collaborative Healthcare,Stroke Telemetry - 4400,Archived (Completed)
385842,Chamberlain College of Nursing - Georgia,Emory Decatur Hospital,Nursing,Precepted Rotation,1,1,11171,7/10/23,8/2/23,0:00,23:59,48,"Mon, Thu, Fri",ID Missing,No Preceptor Assigned,Practicum,NR 452 - Senior Practicum - Capstone Course,Stroke Telemetry - 4400,Archived (Completed)
386557,Emory University - SON Pre-licensure,Emory Decatur Hospital,Nursing,Cohort Rotation,5,6,"10406, 10378, 10409, 10411, 10419",5/18/23,8/3/23,7:00,19:00,60,Thu,ID Missing,No Preceptor Assigned,Other (see comments),NRSG 391 - Adult and Geriatric Practicum,General Medical - 4500,Archived (Completed)
387234,Kennesaw State University - Nursing,Emory Saint Joseph's Hospital,Nursing,Cohort Rotation,8,8,"11172, 11173, 11174, 11175, 11176, 11177, 11178, 11179",10/4/23,11/19/23,6:30,13:00,46,Fri,ID Missing,No Preceptor Assigned,MedSurg - Acute Care,3209 - Holistic Nursing,4S,Archived (Completed)
387269,Kennesaw State University - Nursing,Emory Saint Joseph's Hospital,Nursing,Cohort Rotation,7,8,"11180, 11181, 11182, 11183, 11184, 11185, 11186",9/5/23,12/3/23,6:30,15:00,96,Thu,ID Missing,No Preceptor Assigned,MedSurg - Acute Care,3313 - Adult Health,4S ortho,Archived (Completed)
387541,Emory University - SON Pre-licensure,Emory University Hospital,Nursing,Cohort Rotation,4,6,"11187, 10461, 11188, 10449",5/18/23,8/3/23,7:00,19:00,60,Thu,"ID Missing, ID Missing, ID Missing",No Preceptor Assigned,Other (see comments),NRSG 391 - Adult and Geriatric Practicum,9T: Bone Marrow Transplant,Archived (Completed)
387543,Emory University - SON Pre-licensure,Emory Decatur Hospital,Nursing,Cohort Rotation,5,6,"10356, 10354, 10410, 10369, 10355",5/13/23,8/5/23,7:00,19:00,60,Sat,ID Missing,No Preceptor Assigned,Other (see comments),NRSG 391 - Adult and Geriatric Practicum,Stroke Telemetry - 4400,Archived (Completed)
387545,Emory University - SON Pre-licensure,Emory University Hospital,Nursing,Cohort Rotation,6,6,"10382, 10384, 10374, 10418, 10388, 10407",5/13/23,8/5/23,7:00,19:00,60,Sat,ID Missing,No Preceptor Assigned,Other (see comments),NRSG 391 - Adult and Geriatric Practicum,9T: Bone Marrow Transplant,Archived (Completed)
388224,Kennesaw State University - Nursing,Emory Saint Joseph's Hospital,Nursing,Precepted Rotation,1,1,11189,9/18/23,12/9/23,0:00,23:59,144,,ID Missing,No Preceptor Assigned,Practicum,4419 - Nursing Leadership Practicum,5E internal medicine,Archived (Completed)
388225,Kennesaw State University - Nursing,Emory Saint Joseph's Hospital,Nursing,Precepted Rotation,0,1,No Students Assigned,9/5/23,12/9/23,0:00,23:59,144,,ID Missing,No Preceptor Assigned,Practicum,4419 - Nursing Leadership Practicum,2E,Archived (Denied)
388226,Kennesaw State University - Nursing,Emory Saint Joseph's Hospital,Nursing,Precepted Rotation,0,1,No Students Assigned,9/5/23,12/9/23,0:00,23:59,144,,ID Missing,No Preceptor Assigned,Practicum,4419 - Nursing Leadership Practicum,2S,Archived (Denied)
388227,Kennesaw State University - Nursing,Emory Saint Joseph's Hospital,Nursing,Precepted Rotation,0,1,No Students Assigned,9/5/23,12/9/23,0:00,23:59,144,,ID Missing,No Preceptor Assigned,Practicum,4419 - Nursing Leadership Practicum,4S,Archived (Denied)
388228,Kennesaw State University - Nursing,Emory Saint Joseph's Hospital,Nursing,Precepted Rotation,0,1,No Students Assigned,9/5/23,12/9/23,0:00,23:59,144,,ID Missing,No Preceptor Assigned,Practicum,4419 - Nursing Leadership Practicum,4W,Archived (Denied)
388229,Kennesaw State University - Nursing,Emory Saint Joseph's Hospital,Nursing,Precepted Rotation,0,1,No Students Assigned,9/5/23,12/9/23,0:00,23:59,144,,ID Missing,No Preceptor Assigned,Practicum,4419 - Nursing Leadership Practicum,3E,Archived (Denied)
388230,Kennesaw State University - Nursing,Emory Decatur Hospital,Nursing,Precepted Rotation,0,1,No Students Assigned,9/5/23,12/9/23,0:00,23:59,144,,ID Missing,No Preceptor Assigned,Practicum,4419 - Nursing Leadership Practicum,ICU,Archived (Denied)
388231,Kennesaw State University - Nursing,Emory Decatur Hospital,Nursing,Precepted Rotation,0,1,No Students Assigned,9/5/23,12/9/23,0:00,23:59,144,,ID Missing,No Preceptor Assigned,Practicum,4419 - Nursing Leadership Practicum,L&D,Archived (Denied)
388232,Kennesaw State University - Nursing,Emory Decatur Hospital,Nursing,Precepted Rotation,0,1,No Students Assigned,9/5/23,12/9/23,0:00,23:59,144,,ID Missing,No Preceptor Assigned,Practicum,4419 - Nursing Leadership Practicum,Mother/Baby,Archived (Denied)
388233,Kennesaw State University - Nursing,Emory Decatur Hospital,Nursing,Precepted Rotation,0,1,No Students Assigned,9/5/23,12/9/23,0:00,23:59,144,,ID Missing,No Preceptor Assigned,Practicum,4419 - Nursing Leadership Practicum,General Medical,Archived (Denied)
388234,Kennesaw State University - Nursing,Emory Decatur Hospital,Nursing,Precepted Rotation,0,1,No Students Assigned,9/5/23,12/9/23,0:00,23:59,144,,ID Missing,No Preceptor Assigned,Practicum,4419 - Nursing Leadership Practicum,Ortho/Spine,Archived (Denied)
388235,Kennesaw State University - Nursing,Emory Decatur Hospital,Nursing,Precepted Rotation,0,1,No Students Assigned,9/5/23,12/9/23,0:00,23:59,144,,ID Missing,No Preceptor Assigned,Practicum,4419 - Nursing Leadership Practicum,Cardiac Telemetry,Archived (Denied)
388660,Georgia Gwinnett College,Emory Decatur Hospital,Nursing,Cohort Rotation,0,6,No Students Assigned,10/17/23,11/14/23,7:00,15:00,32,Tue,ID Missing,No Preceptor Assigned,Psychiatry; Mental Health; Behavioral Medicine,NURS 4020 - Wellness & Illness III,Behavioral Health,Archived (Denied)
388661,Georgia Gwinnett College,Emory Decatur Hospital,Nursing,Cohort Rotation,0,6,No Students Assigned,10/30/23,11/27/23,7:00,15:00,32,Mon,ID Missing,No Preceptor Assigned,Psychiatry; Mental Health; Behavioral Medicine,NURS 4020 - Wellness & Illness III,Behavioral Health,Archived (Withdrawn)
389371,Emory University - SON Pre-licensure,Emory University Hospital at Wesley Woods,Nursing,Precepted Rotation,1,1,10761,5/12/23,6/21/23,0:00,23:59,132,"Mon, Thu, Fri, Sat, Sun",2009,ID Missing,Practicum,NRSG 648 MN - Transitions to Nursing Practice,Inpatient Psych,Archived (Completed)
389373,Emory University - SON Pre-licensure,Emory Johns Creek Hospital,Nursing,Precepted Rotation,1,1,10636,5/12/23,6/21/23,0:00,23:59,132,"Mon, Thu, Fri, Sat, Sun",2008,ID Missing,Practicum,NRSG 648 MN - Transitions to Nursing Practice,ED: emergency,Archived (Completed)
389374,Emory University - SON,Emory Johns Creek Hospital,Nursing,Precepted Rotation,0,1,No Students Assigned,5/12/23,6/21/23,0:00,23:59,132,"Mon, Thu, Fri, Sat, Sun",ID Missing,ID Missing,Practicum,NRSG 648 MN - Transitions to Nursing Practice,ED: emergency,Archived (Withdrawn)
389375,Emory University - SON,Emory Johns Creek Hospital,Nursing,Precepted Rotation,0,1,No Students Assigned,5/12/23,6/21/23,0:00,23:59,132,"Wed, Thu, Fri, Sat, Sun",ID Missing,ID Missing,Practicum,NRSG 648 MN - Transitions to Nursing Practice,"Maternity: M/B, L&D, NICU",Archived (Withdrawn)
389377,Emory University - SON,Emory Johns Creek Hospital,Nursing,Precepted Rotation,0,1,No Students Assigned,5/12/23,6/21/23,0:00,23:59,132,"Wed, Thu, Fri, Sat, Sun",ID Missing,ID Missing,Practicum,NRSG 648 MN - Transitions to Nursing Practice,"Maternity: M/B, L&D, NICU",Archived (Withdrawn)
389378,Emory University - SON,Emory Johns Creek Hospital,Nursing,Precepted Rotation,0,1,No Students Assigned,5/12/23,6/21/23,0:00,23:59,132,"Mon, Thu, Fri, Sat, Sun",ID Missing,ID Missing,Practicum,NRSG 648 MN - Transitions to Nursing Practice,ICU: critical care,Archived (Withdrawn)
389380,Emory University - SON Pre-licensure,Emory Saint Joseph's Hospital,Nursing,Precepted Rotation,1,1,10558,5/12/23,6/21/23,0:00,23:59,132,"Mon, Thu, Fri, Sat, Sun",2018,3016,Practicum,NRSG 648 MN - Transitions to Nursing Practice,2SW,Archived (Completed)
389381,Emory University - SON,Emory Saint Joseph's Hospital,Nursing,Precepted Rotation,0,1,No Students Assigned,5/12/23,6/21/23,0:00,23:59,132,"Wed, Thu, Fri, Sat, Sun",ID Missing,ID Missing,Practicum,NRSG 648 MN - Transitions to Nursing Practice,2SW,Archived (Withdrawn)
389382,Emory University - SON Pre-licensure,Emory University Hospital,Nursing,Precepted Rotation,1,1,10570,5/12/23,6/21/23,0:00,23:59,132,"Mon, Thu, Fri, Sat, Sun",2009,ID Missing,Practicum,NRSG 648 MN - Transitions to Nursing Practice,3G: Neurosciences,Archived (Completed)
389383,Emory University - SON,Emory University Hospital,Nursing,Precepted Rotation,0,1,No Students Assigned,5/12/23,6/21/23,0:00,23:59,132,"Fri, Sat, Sun",ID Missing,ID Missing,Practicum,NRSG 648 MN - Transitions to Nursing Practice,3G: Neurosciences,Archived (Withdrawn)
389384,Emory University - SON Pre-licensure,Emory University Hospital,Nursing,Precepted Rotation,1,1,11190,5/12/23,6/21/23,0:00,23:59,132,"Mon, Thu, Fri, Sat, Sun",2019,"3017, ID Missing, ID Missing, ID Missing, ID Missing, ID Missing",Practicum,NRSG 648 MN - Transitions to Nursing Practice,ED: Emergency,Archived (Completed)
389385,Emory University - SON Pre-licensure,Emory University Hospital,Nursing,Precepted Rotation,1,1,10762,5/12/23,6/21/23,0:00,23:59,132,"Wed, Thu, Fri, Sat, Sun",2019,"ID Missing, ID Missing, ID Missing, ID Missing, ID Missing, ID Missing, ID Missing",Practicum,NRSG 648 MN - Transitions to Nursing Practice,ED: Emergency,Archived (Completed)
389386,Emory University - SON Pre-licensure,Emory University Hospital,Nursing,Precepted Rotation,1,1,10663,5/12/23,6/21/23,0:00,23:59,132,"Wed, Thu, Fri, Sat, Sun",2020,"3018, ID Missing, ID Missing",Practicum,NRSG 648 MN - Transitions to Nursing Practice,5E: CVICU,Archived (Completed)
389387,Emory University - SON Pre-licensure,Emory University Hospital,Nursing,Precepted Rotation,1,1,11191,5/12/23,6/21/23,0:00,23:59,132,"Mon, Thu, Fri, Sat, Sun",2019,ID Missing,Practicum,NRSG 648 MN - Transitions to Nursing Practice,5T North:  MICU,Archived (Completed)
389389,Emory University - SON Pre-licensure,Emory University Hospital,Nursing,Precepted Rotation,1,1,10727,5/12/23,6/21/23,0:00,23:59,132,"Wed, Thu, Fri, Sat, Sun",2019,ID Missing,Practicum,NRSG 648 MN - Transitions to Nursing Practice,5T North:  MICU,Archived (Completed)
389390,Emory University - SON Pre-licensure,Emory University Hospital,Nursing,Precepted Rotation,1,1,11192,5/12/23,6/21/23,0:00,23:59,132,"Wed, Thu, Fri, Sat, Sun",2019,ID Missing,Practicum,NRSG 648 MN - Transitions to Nursing Practice,5T South:  SICU,Archived (Completed)
389391,Emory University - SON Pre-licensure,Emory University Hospital,Nursing,Precepted Rotation,1,1,10759,5/12/23,6/21/23,0:00,23:59,132,"Wed, Thu, Fri, Sat, Sun",2019,ID Missing,Practicum,NRSG 648 MN - Transitions to Nursing Practice,5T South:  SICU,Archived (Completed)
389392,Emory University - SON Pre-licensure,Emory University Hospital,Nursing,Precepted Rotation,0,1,No Students Assigned,5/12/23,6/21/23,0:00,23:59,132,"Mon, Thu, Fri, Sat, Sun",ID Missing,ID Missing,Practicum,NRSG 648 MN - Transitions to Nursing Practice,-no preference-,Archived (Completed)
389394,Emory University - SON Pre-licensure,Emory University Hospital Midtown,Nursing,Precepted Rotation,1,1,10628,5/12/23,6/21/23,0:00,23:59,132,"Mon, Thu, Fri, Sat, Sun",2012,"ID Missing, ID Missing, ID Missing",Practicum,NRSG 648 MN - Transitions to Nursing Practice,Nurseries (DEU): NICU,Archived (Completed)
389396,Emory University - SON Pre-licensure,Emory University Hospital Midtown,Nursing,Precepted Rotation,1,1,10668,5/12/23,6/21/23,0:00,23:59,132,"Mon, Thu, Fri, Sat, Sun",2012,"ID Missing, ID Missing, ID Missing",Practicum,NRSG 648 MN - Transitions to Nursing Practice,Nurseries (DEU): NICU,Archived (Completed)
389397,Emory University - SON Pre-licensure,Emory University Hospital Midtown,Nursing,Precepted Rotation,1,1,10729,5/12/23,6/21/23,0:00,23:59,132,"Mon, Thu, Fri, Sat, Sun",2020,ID Missing,Practicum,NRSG 648 MN - Transitions to Nursing Practice,-no preference-,Archived (Completed)
389398,Emory University - SON Pre-licensure,Emory University Hospital Midtown,Nursing,Precepted Rotation,1,1,10646,5/12/23,6/21/23,0:00,23:59,132,"Mon, Thu, Fri, Sat, Sun",2020,ID Missing,Practicum,NRSG 648 MN - Transitions to Nursing Practice,-no preference-,Archived (Completed)
389399,Emory University - SON Pre-licensure,Emory University Hospital Midtown,Nursing,Precepted Rotation,1,1,10652,5/12/23,6/21/23,0:00,23:59,132,"Mon, Thu, Fri, Sat, Sun",2020,"ID Missing, ID Missing, ID Missing",Practicum,NRSG 648 MN - Transitions to Nursing Practice,41 ICU: Med Cardiology,Archived (Completed)
389400,Emory University - SON Pre-licensure,Emory University Hospital Midtown,Nursing,Precepted Rotation,1,1,10802,5/12/23,6/21/23,0:00,23:59,132,"Wed, Thu, Fri, Sat, Sun",2020,ID Missing,Practicum,NRSG 648 MN - Transitions to Nursing Practice,31: ICU,Archived (Completed)
389401,Emory University - SON Pre-licensure,Emory University Hospital Midtown,Nursing,Precepted Rotation,1,1,10670,5/12/23,6/21/23,0:00,23:59,132,"Wed, Thu, Fri, Sat, Sun",2020,ID Missing,Practicum,NRSG 648 MN - Transitions to Nursing Practice,-no preference-,Archived (Completed)
389402,Emory University - SON Pre-licensure,Emory University Hospital Midtown,Nursing,Precepted Rotation,1,1,10667,5/12/23,6/21/23,0:00,23:59,132,"Wed, Thu, Fri, Sat, Sun",2020,ID Missing,Practicum,NRSG 648 MN - Transitions to Nursing Practice,-no preference-,Archived (Completed)
389403,Emory University - SON Pre-licensure,Emory Decatur Hospital,Nursing,Precepted Rotation,1,1,10547,5/12/23,6/21/23,0:00,23:59,132,"Mon, Thu, Fri, Sat, Sun",2018,ID Missing,Practicum,NRSG 648 MN - Transitions to Nursing Practice,Emergency Dept- North Decatur,Archived (Completed)
389404,Emory University - SON Pre-licensure,Emory Decatur Hospital,Nursing,Precepted Rotation,1,1,10660,5/12/23,6/21/23,0:00,23:59,132,"Mon, Thu, Fri, Sat, Sun",2018,ID Missing,Practicum,NRSG 648 MN - Transitions to Nursing Practice,Emergency Dept- North Decatur,Archived (Completed)
389405,Emory University - SON,Emory Decatur Hospital,Nursing,Precepted Rotation,0,1,No Students Assigned,5/12/23,6/21/23,0:00,23:59,132,"Mon, Thu, Fri, Sat, Sun",ID Missing,ID Missing,Practicum,NRSG 648 MN - Transitions to Nursing Practice,PACU,Archived (Withdrawn)
389406,Emory University - SON Pre-licensure,Emory Decatur Hospital,Nursing,Precepted Rotation,1,1,10631,5/12/23,6/21/23,0:00,23:59,132,"Fri, Sat, Sun",2009,"ID Missing, ID Missing, ID Missing",Practicum,NRSG 648 MN - Transitions to Nursing Practice,Mother/Baby,Archived (Completed)
389407,Emory University - SON Pre-licensure,Emory Decatur Hospital,Nursing,Precepted Rotation,1,1,11193,5/12/23,6/21/23,0:00,23:59,132,"Fri, Sat, Sun",2009,"ID Missing, ID Missing, ID Missing",Practicum,NRSG 648 MN - Transitions to Nursing Practice,Mother/Baby,Archived (Completed)
389408,Emory University - SON Pre-licensure,Emory Decatur Hospital,Nursing,Precepted Rotation,1,1,11194,5/12/23,6/21/23,0:00,23:59,132,"Mon, Thu, Fri, Sat, Sun",2021,3019,Practicum,NRSG 648 MN - Transitions to Nursing Practice,NICU,Archived (Completed)
389409,Emory University - SON Pre-licensure,Emory Decatur Hospital,Nursing,Precepted Rotation,1,1,10648,5/12/23,6/21/23,0:00,23:59,132,"Mon, Thu, Fri, Sat, Sun",2021,ID Missing,Practicum,NRSG 648 MN - Transitions to Nursing Practice,NICU,Archived (Completed)
389411,Emory University - SON,Emory Decatur Hospital,Nursing,Precepted Rotation,0,1,No Students Assigned,5/12/23,6/21/23,0:00,23:59,132,"Mon, Thu, Fri, Sat, Sun",ID Missing,ID Missing,Practicum,NRSG 648 MN - Transitions to Nursing Practice,ICU,Archived (Withdrawn)
389412,Emory University - SON,Emory Decatur Hospital,Nursing,Precepted Rotation,0,1,No Students Assigned,5/12/23,6/21/23,0:00,23:59,132,"Mon, Thu, Fri, Sat, Sun",ID Missing,ID Missing,Practicum,NRSG 648 MN - Transitions to Nursing Practice,ICU,Archived (Withdrawn)
389413,Emory University - SON Pre-licensure,Emory Decatur Hospital,Nursing,Precepted Rotation,1,1,11195,5/12/23,6/21/23,0:00,23:59,132,"Mon, Thu, Fri, Sat, Sun",2009,ID Missing,Practicum,NRSG 648 MN - Transitions to Nursing Practice,Behavioral Health (acute) - 1800,Archived (Completed)
389414,Emory University - SON,Emory Hillandale Hospital,Nursing,Precepted Rotation,0,1,No Students Assigned,5/12/23,6/21/23,0:00,23:59,132,"Mon, Thu, Fri, Sat, Sun",ID Missing,ID Missing,Practicum,NRSG 648 MN - Transitions to Nursing Practice,Emergency Dept,Archived (Withdrawn)
389415,Emory University - SON,Emory Hillandale Hospital,Nursing,Precepted Rotation,0,1,No Students Assigned,5/12/23,6/21/23,0:00,23:59,132,"Mon, Thu, Fri, Sat, Sun",ID Missing,ID Missing,Practicum,NRSG 648 MN - Transitions to Nursing Practice,Emergency Dept,Archived (Withdrawn)
389457,Emory University - SON Pre-licensure,Emory University Hospital at Wesley Woods,Nursing,Precepted Rotation,1,1,10563,6/26/23,7/31/23,0:00,23:59,132,"Mon, Thu, Fri, Sat, Sun",2008,ID Missing,Practicum,NRSG 648 MN - Transitions to Nursing Practice,Inpatient Psych,Archived (Completed)
389459,Emory University - SON Pre-licensure,Emory Johns Creek Hospital,Nursing,Precepted Rotation,1,1,10661,6/26/23,7/31/23,0:00,23:59,132,"Mon, Thu, Fri, Sat, Sun",2019,ID Missing,Practicum,NRSG 648 MN - Transitions to Nursing Practice,ED: emergency,Archived (Completed)
389461,Emory University - SON Pre-licensure,Emory Johns Creek Hospital,Nursing,Precepted Rotation,1,1,10427,6/26/23,7/31/23,0:00,23:59,132,"Mon, Thu, Fri, Sat, Sun",2019,"ID Missing, ID Missing, ID Missing",Practicum,NRSG 648 MN - Transitions to Nursing Practice,ED: emergency,Archived (Completed)
389466,Emory University - SON Pre-licensure,Emory Johns Creek Hospital,Nursing,Precepted Rotation,1,1,10664,6/26/23,7/31/23,0:00,23:59,132,"Wed, Thu, Fri, Sat, Sun",2019,"ID Missing, ID Missing",Practicum,NRSG 648 MN - Transitions to Nursing Practice,"Maternity: M/B, L&D, NICU",Archived (Completed)
389467,Emory University - SON Pre-licensure,Emory Johns Creek Hospital,Nursing,Precepted Rotation,0,1,No Students Assigned,6/26/23,7/31/23,0:00,23:59,132,"Wed, Thu, Fri, Sat, Sun",ID Missing,ID Missing,Practicum,NRSG 648 MN - Transitions to Nursing Practice,"Maternity: M/B, L&D, NICU",Archived (Completed)
389470,Emory University - SON Pre-licensure,Emory Johns Creek Hospital,Nursing,Precepted Rotation,1,1,10542,6/26/23,7/31/23,0:00,23:59,132,"Mon, Thu, Fri, Sat, Sun",2019,"ID Missing, ID Missing",Practicum,NRSG 648 MN - Transitions to Nursing Practice,ICU: critical care,Archived (Completed)
389486,Emory University - SON Pre-licensure,Emory Saint Joseph's Hospital,Nursing,Precepted Rotation,1,1,11196,6/26/23,7/31/23,0:00,23:59,132,"Mon, Thu, Fri, Sat, Sun",ID Missing,ID Missing,Practicum,NRSG 648 MN - Transitions to Nursing Practice,2SW,Archived (Completed)
389489,Emory University - SON Pre-licensure,Emory Saint Joseph's Hospital,Nursing,Precepted Rotation,1,1,10629,6/26/23,7/31/23,0:00,23:59,132,"Wed, Thu, Fri, Sat, Sun",ID Missing,ID Missing,Practicum,NRSG 648 MN - Transitions to Nursing Practice,2SW,Archived (Completed)
389493,Emory University - SON Pre-licensure,Emory University Hospital,Nursing,Precepted Rotation,1,1,11140,6/26/23,7/31/23,0:00,23:59,132,"Mon, Thu, Fri, Sat, Sun",2019,"ID Missing, ID Missing",Practicum,NRSG 648 MN - Transitions to Nursing Practice,ED: Emergency,Archived (Completed)
389494,Emory University - SON Pre-licensure,Emory University Hospital,Nursing,Precepted Rotation,0,1,No Students Assigned,6/26/23,7/31/23,0:00,23:59,132,"Wed, Thu, Fri, Sat, Sun",ID Missing,ID Missing,Practicum,NRSG 648 MN - Transitions to Nursing Practice,ED: Emergency,Archived (Completed)
389496,Emory University - SON Pre-licensure,Emory University Hospital,Nursing,Precepted Rotation,1,1,11197,6/26/23,7/31/23,0:00,23:59,132,"Wed, Thu, Fri, Sat, Sun",2019,"ID Missing, ID Missing, 3018",Practicum,NRSG 648 MN - Transitions to Nursing Practice,5E: CVICU,Archived (Completed)
389497,Emory University - SON Pre-licensure,Emory University Hospital,Nursing,Precepted Rotation,1,1,11198,6/26/23,7/31/23,0:00,23:59,132,"Mon, Thu, Fri, Sat, Sun",2019,ID Missing,Practicum,NRSG 648 MN - Transitions to Nursing Practice,5T North:  MICU,Archived (Completed)
389498,Emory University - SON Pre-licensure,Emory University Hospital,Nursing,Precepted Rotation,0,1,No Students Assigned,6/26/23,7/31/23,0:00,23:59,132,"Wed, Thu, Fri, Sat, Sun",ID Missing,ID Missing,Practicum,NRSG 648 MN - Transitions to Nursing Practice,5T North:  MICU,Archived (Completed)
389499,Emory University - SON Pre-licensure,Emory University Hospital,Nursing,Precepted Rotation,1,1,11199,6/26/23,7/31/23,0:00,23:59,132,"Wed, Thu, Fri, Sat, Sun",2009,"ID Missing, ID Missing, ID Missing",Practicum,NRSG 648 MN - Transitions to Nursing Practice,5T South:  SICU,Archived (Completed)
389500,Emory University - SON Pre-licensure,Emory University Hospital,Nursing,Precepted Rotation,1,1,10641,6/26/23,7/31/23,0:00,23:59,132,"Wed, Thu, Fri, Sat, Sun",2008,"ID Missing, ID Missing",Practicum,NRSG 648 MN - Transitions to Nursing Practice,5T South:  SICU,Archived (Completed)
389501,Emory University - SON Pre-licensure,Emory University Hospital,Nursing,Precepted Rotation,1,1,10657,6/26/23,7/31/23,0:00,23:59,132,"Mon, Thu, Fri, Sat, Sun",2008,ID Missing,Practicum,NRSG 648 MN - Transitions to Nursing Practice,-no preference-,Archived (Completed)
389508,Emory University - SON Pre-licensure,Emory University Hospital Midtown,Nursing,Precepted Rotation,1,1,10757,6/26/23,7/31/23,0:00,23:59,132,"Mon, Thu, Fri, Sat, Sun",ID Missing,ID Missing,Practicum,NRSG 648 MN - Transitions to Nursing Practice,Nurseries (DEU): NICU,Archived (Completed)
389509,Emory University - SON Pre-licensure,Emory University Hospital Midtown,Nursing,Precepted Rotation,0,1,No Students Assigned,6/26/23,7/31/23,0:00,23:59,132,"Mon, Thu, Fri, Sat, Sun",ID Missing,ID Missing,Practicum,NRSG 648 MN - Transitions to Nursing Practice,Nurseries (DEU): NICU,Archived (Completed)
389510,Emory University - SON Pre-licensure,Emory University Hospital Midtown,Nursing,Precepted Rotation,0,1,No Students Assigned,6/26/23,7/31/23,0:00,23:59,132,"Mon, Thu, Fri, Sat, Sun",ID Missing,ID Missing,Practicum,NRSG 648 MN - Transitions to Nursing Practice,-no preference-,Archived (Completed)
389512,Emory University - SON Pre-licensure,Emory University Hospital Midtown,Nursing,Precepted Rotation,0,1,No Students Assigned,6/26/23,7/31/23,0:00,23:59,132,"Mon, Thu, Fri, Sat, Sun",ID Missing,ID Missing,Practicum,NRSG 648 MN - Transitions to Nursing Practice,-no preference-,Archived (Completed)
389513,Emory University - SON Pre-licensure,Emory University Hospital Midtown,Nursing,Precepted Rotation,0,1,No Students Assigned,6/26/23,7/31/23,0:00,23:59,132,"Mon, Thu, Fri, Sat, Sun",ID Missing,ID Missing,Practicum,NRSG 648 MN - Transitions to Nursing Practice,41 ICU: Med Cardiology,Archived (Completed)
389516,Emory University - SON Pre-licensure,Emory University Hospital Midtown,Nursing,Precepted Rotation,0,1,No Students Assigned,6/26/23,7/31/23,0:00,23:59,132,"Wed, Thu, Fri, Sat, Sun",ID Missing,ID Missing,Practicum,NRSG 648 MN - Transitions to Nursing Practice,31: ICU,Archived (Completed)
389517,Emory University - SON Pre-licensure,Emory University Hospital Midtown,Nursing,Precepted Rotation,1,1,10758,6/26/23,7/31/23,0:00,23:59,132,"Wed, Thu, Fri, Sat, Sun",2018,"ID Missing, ID Missing",Practicum,NRSG 648 MN - Transitions to Nursing Practice,-no preference-,Archived (Completed)
389519,Emory University - SON Pre-licensure,Emory University Hospital Midtown,Nursing,Precepted Rotation,0,1,No Students Assigned,6/26/23,7/31/23,0:00,23:59,132,"Wed, Thu, Fri, Sat, Sun",ID Missing,ID Missing,Practicum,NRSG 648 MN - Transitions to Nursing Practice,-no preference-,Archived (Completed)
389521,Emory University - SON Pre-licensure,Emory University Hospital Midtown,Nursing,Precepted Rotation,1,1,10647,5/12/23,6/21/23,0:00,23:59,132,"Mon, Thu, Fri, Sat, Sun",2021,ID Missing,Practicum,NRSG 648 MN - Transitions to Nursing Practice,ED: Emergency,Archived (Completed)
389523,Emory University - SON Pre-licensure,Emory Decatur Hospital,Nursing,Precepted Rotation,1,1,10760,6/26/23,7/31/23,0:00,23:59,132,"Mon, Thu, Fri, Sat, Sun",2018,ID Missing,Practicum,NRSG 648 MN - Transitions to Nursing Practice,Emergency Dept- North Decatur,Archived (Completed)
389525,Emory University - SON Pre-licensure,Emory Decatur Hospital,Nursing,Precepted Rotation,1,1,10573,6/26/23,7/31/23,0:00,23:59,132,"Mon, Thu, Fri, Sat, Sun",2018,ID Missing,Practicum,NRSG 648 MN - Transitions to Nursing Practice,Emergency Dept- North Decatur,Archived (Completed)
389526,Emory University - SON Pre-licensure,Emory Decatur Hospital,Nursing,Precepted Rotation,0,1,No Students Assigned,6/26/23,7/31/23,0:00,23:59,132,"Mon, Thu, Fri, Sat, Sun",ID Missing,ID Missing,Practicum,NRSG 648 MN - Transitions to Nursing Practice,PACU,Archived (Completed)
389528,Emory University - SON Pre-licensure,Emory Decatur Hospital,Nursing,Precepted Rotation,1,1,10584,6/26/23,7/31/23,0:00,23:59,132,"Fri, Sat, Sun",2009,"ID Missing, ID Missing",Practicum,NRSG 648 MN - Transitions to Nursing Practice,Mother/Baby,Archived (Completed)
389529,Emory University - SON Pre-licensure,Emory Decatur Hospital,Nursing,Precepted Rotation,1,1,11200,6/26/23,7/31/23,0:00,23:59,132,"Fri, Sat, Sun",2009,"ID Missing, ID Missing",Practicum,NRSG 648 MN - Transitions to Nursing Practice,Mother/Baby,Archived (Completed)
389531,Emory University - SON Pre-licensure,Emory Decatur Hospital,Nursing,Precepted Rotation,1,1,10569,6/26/23,7/31/23,0:00,23:59,132,"Mon, Thu, Fri, Sat, Sun",2018,ID Missing,Practicum,NRSG 648 MN - Transitions to Nursing Practice,NICU,Archived (Completed)
389533,Emory University - SON,Emory Decatur Hospital,Nursing,Precepted Rotation,1,1,10656,6/26/23,7/31/23,0:00,23:59,132,"Mon, Thu, Fri, Sat, Sun",ID Missing,ID Missing,Practicum,NRSG 648 MN - Transitions to Nursing Practice,NICU,Archived (Denied)
389536,Emory University - SON Pre-licensure,Emory Decatur Hospital,Nursing,Precepted Rotation,1,1,10567,6/26/23,7/31/23,0:00,23:59,132,"Mon, Thu, Fri, Sat, Sun",2018,"3007, ID Missing",Practicum,NRSG 648 MN - Transitions to Nursing Practice,ICU - 2500,Archived (Completed)
389537,Emory University - SON Pre-licensure,Emory Decatur Hospital,Nursing,Precepted Rotation,1,1,10581,6/26/23,7/31/23,0:00,23:59,132,"Mon, Thu, Fri, Sat, Sun",2018,"3007, ID Missing",Practicum,NRSG 648 MN - Transitions to Nursing Practice,ICU - 2500,Archived (Completed)
389538,Emory University - SON Pre-licensure,Emory Decatur Hospital,Nursing,Precepted Rotation,1,1,10639,6/26/23,7/31/23,0:00,23:59,132,"Mon, Thu, Fri, Sat, Sun",2009,"ID Missing, ID Missing",Practicum,NRSG 648 MN - Transitions to Nursing Practice,Behavioral Health (acute) - 1800,Archived (Completed)
389539,Emory University - SON Pre-licensure,Emory Hillandale Hospital,Nursing,Precepted Rotation,0,1,No Students Assigned,6/26/23,7/31/23,0:00,23:59,132,"Mon, Thu, Fri, Sat, Sun",ID Missing,ID Missing,Practicum,NRSG 648 MN - Transitions to Nursing Practice,Emergency Dept,Archived (Completed)
389540,Emory University - SON Pre-licensure,Emory Hillandale Hospital,Nursing,Precepted Rotation,0,1,No Students Assigned,6/26/23,7/31/23,0:00,23:59,132,"Mon, Thu, Fri, Sat, Sun",ID Missing,ID Missing,Practicum,NRSG 648 MN - Transitions to Nursing Practice,Emergency Dept,Archived (Completed)
389778,Emory University - SON Pre-licensure,Emory University Hospital,Nursing,Precepted Rotation,1,1,11201,5/12/23,6/21/23,0:00,23:59,132,"Mon, Thu, Fri, Sat, Sun",2019,ID Missing,Practicum,NRSG 648 MN - Transitions to Nursing Practice,9T: Bone Marrow Transplant,Archived (Completed)
389779,Emory University - SON Pre-licensure,Emory University Hospital,Nursing,Precepted Rotation,1,1,10725,5/12/23,6/21/23,0:00,23:59,132,"Mon, Thu, Fri, Sat, Sun",2019,ID Missing,Practicum,NRSG 648 MN - Transitions to Nursing Practice,9T: Bone Marrow Transplant,Archived (Completed)
389780,Emory University - SON Pre-licensure,Emory University Hospital,Nursing,Precepted Rotation,0,1,No Students Assigned,6/26/23,7/31/23,0:00,23:59,132,"Mon, Thu, Fri, Sat, Sun",ID Missing,ID Missing,Practicum,NRSG 648 MN - Transitions to Nursing Practice,9T: Bone Marrow Transplant,Archived (Completed)
389781,Emory University - SON Pre-licensure,Emory University Hospital,Nursing,Precepted Rotation,0,1,No Students Assigned,6/26/23,7/31/23,0:00,23:59,132,"Mon, Thu, Fri, Sat, Sun",ID Missing,ID Missing,Practicum,NRSG 648 MN - Transitions to Nursing Practice,9T: Bone Marrow Transplant,Archived (Completed)
389926,Emory University - SON Pre-licensure,Emory Saint Joseph's Hospital,Nursing,Precepted Rotation,1,1,11202,5/12/23,6/21/23,0:00,23:59,132,"Mon, Thu, Fri, Sat, Sun",2018,ID Missing,Practicum,NRSG 648 MN - Transitions to Nursing Practice,2W,Archived (Completed)
389945,Emory University - SON Pre-licensure,Emory Saint Joseph's Hospital,Nursing,Precepted Rotation,1,1,10572,5/12/23,6/21/23,0:00,23:59,132,"Mon, Thu, Fri, Sat, Sun",2018,ID Missing,Practicum,NRSG 648 MN - Transitions to Nursing Practice,OR,Archived (Completed)
389946,Emory University - SON,Emory Saint Joseph's Hospital,Nursing,Precepted Rotation,0,1,No Students Assigned,5/12/23,6/21/23,0:00,23:59,132,"Mon, Thu, Fri, Sat, Sun",ID Missing,ID Missing,Practicum,NRSG 648 MN - Transitions to Nursing Practice,OR,Archived (Withdrawn)
389948,Emory University - SON Pre-licensure,Emory Saint Joseph's Hospital,Nursing,Precepted Rotation,1,1,11203,6/26/23,7/31/23,0:00,23:59,132,"Mon, Thu, Fri, Sat, Sun",ID Missing,ID Missing,Practicum,NRSG 648 MN - Transitions to Nursing Practice,OR,Archived (Completed)
389949,Emory University - SON,Emory Saint Joseph's Hospital,Nursing,Precepted Rotation,0,1,No Students Assigned,6/26/23,7/31/23,0:00,23:59,132,"Mon, Thu, Fri, Sat, Sun",ID Missing,ID Missing,Practicum,NRSG 648 MN - Transitions to Nursing Practice,OR,Archived (Withdrawn)
389997,Emory University - SON Pre-licensure,Emory University Orthopaedics and Spine Hospital,Nursing,Precepted Rotation,1,1,10666,5/12/23,6/21/23,0:00,23:59,132,"Mon, Thu, Fri, Sat, Sun",2018,ID Missing,Practicum,NRSG 648 MN - Transitions to Nursing Practice,2-4 floors: Orthopaedics,Archived (Completed)
389998,Emory University - SON Pre-licensure,Emory University Orthopaedics and Spine Hospital,Nursing,Precepted Rotation,1,1,11204,6/26/23,7/31/23,0:00,23:59,132,"Mon, Thu, Fri, Sat, Sun",2019,ID Missing,Practicum,NRSG 648 MN - Transitions to Nursing Practice,2-4 floors: Orthopaedics,Archived (Completed)
390241,Chamberlain College of Nursing - Georgia,Emory Johns Creek Hospital,Nursing,Precepted Rotation,1,1,11205,5/8/23,8/4/23,0:00,23:59,144,,ID Missing,No Preceptor Assigned,Practicum,NR 446/452 - Colaborative and Capstone - Senior Practicum,OR,Archived (Completed)
390243,Chamberlain College of Nursing - Georgia,Emory Saint Joseph's Hospital,Nursing,Precepted Rotation,1,1,11206,5/8/23,8/4/23,0:00,23:59,144,,ID Missing,No Preceptor Assigned,Practicum,NR 446/452 - Colaborative and Capstone - Senior Practicum,OR,Archived (Completed)
390245,Chamberlain College of Nursing - Georgia,Emory Saint Joseph's Hospital,Nursing,Precepted Rotation,1,1,11207,5/8/23,8/4/23,0:00,23:59,144,,ID Missing,No Preceptor Assigned,Practicum,NR 446/452 - Colaborative and Capstone - Senior Practicum,OR,Archived (Completed)
390246,Chamberlain College of Nursing - Georgia,Emory Saint Joseph's Hospital,Nursing,Precepted Rotation,1,1,11208,5/8/23,8/4/23,0:00,23:59,144,,ID Missing,No Preceptor Assigned,Practicum,NR 446/452 - Colaborative and Capstone - Senior Practicum,OR,Archived (Completed)
390247,Chamberlain College of Nursing - Georgia,Emory Saint Joseph's Hospital,Nursing,Precepted Rotation,1,1,11209,5/8/23,8/4/23,0:00,23:59,144,,ID Missing,No Preceptor Assigned,Practicum,NR 446/452 - Colaborative and Capstone - Senior Practicum,OR,Archived (Completed)
390248,Chamberlain College of Nursing - Georgia,Emory University Hospital,Nursing,Precepted Rotation,1,1,11210,5/8/23,8/4/23,0:00,23:59,144,,ID Missing,No Preceptor Assigned,Practicum,NR 446/452 - Colaborative and Capstone - Senior Practicum,OR,Archived (Completed)
390251,Chamberlain College of Nursing - Georgia,Emory Hillandale Hospital,Nursing,Precepted Rotation,1,1,11211,5/8/23,8/4/23,0:00,23:59,144,,ID Missing,No Preceptor Assigned,Practicum,NR 446/452 - Colaborative and Capstone - Senior Practicum,-no preference-,Archived (Completed)
390252,Chamberlain College of Nursing - Georgia,Emory University Hospital Midtown,Nursing,Precepted Rotation,0,1,No Students Assigned,5/8/23,8/4/23,0:00,23:59,144,,ID Missing,No Preceptor Assigned,Practicum,NR 446/452 - Colaborative and Capstone - Senior Practicum,OR: Surgery,Archived (Withdrawn)
390310,Chamberlain College of Nursing - Georgia,Emory Decatur Hospital,Nursing,Precepted Rotation,1,1,11212,5/8/23,8/4/23,0:00,23:59,144,,ID Missing,No Preceptor Assigned,Practicum,NR 446/452 - Colaborative and Capstone - Senior Practicum,-no preference-,Archived (Completed)
390312,Chamberlain College of Nursing - Georgia,Emory Decatur Hospital,Nursing,Precepted Rotation,1,1,10253,5/8/23,8/4/23,0:00,23:59,144,,ID Missing,No Preceptor Assigned,Practicum,NR 446/452 - Colaborative and Capstone - Senior Practicum,-no preference-,Archived (Completed)
390373,Emory University - SON Pre-licensure,Emory University Hospital,Nursing,Precepted Rotation,1,1,10724,5/12/23,6/21/23,0:00,23:59,132,"Wed, Thu, Fri, Sat, Sun",2009,ID Missing,Practicum,NRSG 648 MN - Transitions to Nursing Practice,2D ICU: Neuro,Archived (Completed)
390375,Emory University - SON Pre-licensure,Emory University Hospital,Nursing,Precepted Rotation,1,1,10561,6/26/23,7/31/23,0:00,23:59,132,"Mon, Thu, Fri, Sat, Sun",2009,ID Missing,Practicum,NRSG 648 MN - Transitions to Nursing Practice,2D ICU: Neuro,Archived (Completed)
390376,Emory University - SON Pre-licensure,Emory Saint Joseph's Hospital,Nursing,Precepted Rotation,1,1,10537,5/12/23,6/21/23,0:00,23:59,132,"Mon, Thu, Fri, Sat, Sun",2018,"ID Missing, ID Missing, ID Missing",Practicum,NRSG 648 MN - Transitions to Nursing Practice,3E,Archived (Completed)
390380,Emory University - SON Pre-licensure,Emory University Hospital,Nursing,Precepted Rotation,1,1,10726,5/12/23,6/21/23,0:00,23:59,132,"Wed, Thu, Fri, Sat, Sun",2020,ID Missing,Practicum,NRSG 648 MN - Transitions to Nursing Practice,-no preference-,Archived (Completed)
390382,Emory University - SON Pre-licensure,Emory University Hospital,Nursing,Precepted Rotation,1,1,10583,6/26/23,7/31/23,0:00,23:59,132,"Wed, Thu, Fri, Sat, Sun",2009,ID Missing,Practicum,NRSG 648 MN - Transitions to Nursing Practice,-no preference-,Archived (Completed)
390527,Emory University - SON Pre-licensure,Emory University Hospital at Wesley Woods,Nursing,Precepted Rotation,1,1,11213,5/12/23,6/21/23,0:00,23:59,132,"Mon, Thu, Fri, Sat, Sun",2009,ID Missing,Practicum,NRSG 648 MN - Transitions to Nursing Practice,Inpatient Psych,Archived (Completed)
390528,Emory University - SON Pre-licensure,Emory University Hospital at Wesley Woods,Nursing,Precepted Rotation,0,1,No Students Assigned,6/26/23,7/31/23,0:00,23:59,132,"Mon, Thu, Fri, Sat, Sun",ID Missing,ID Missing,Practicum,NRSG 648 MN - Transitions to Nursing Practice,Inpatient Psych,Archived (Completed)
390649,Emory University - SON Pre-licensure,Emory University Hospital Midtown,Nursing,Precepted Rotation,1,1,11214,5/12/23,6/21/23,0:00,23:59,132,"Mon, Thu, Fri, Sat, Sun",2021,ID Missing,Practicum,NRSG 648 MN - Transitions to Nursing Practice,11: CV Surgery SD,Archived (Completed)
390662,Emory University - SON Pre-licensure,Emory University Hospital Midtown,Nursing,Precepted Rotation,0,1,No Students Assigned,6/26/23,7/31/23,0:00,23:59,132,"Mon, Thu, Fri, Sat, Sun",ID Missing,ID Missing,Practicum,NRSG 648 MN - Transitions to Nursing Practice,11: CV Surgery SD,Archived (Completed)
390694,Emory University - SON,Emory University Hospital Midtown,Nursing,Precepted Rotation,1,1,10584,5/12/23,6/21/23,0:00,23:59,132,"Mon, Thu, Fri, Sat, Sun",ID Missing,ID Missing,Practicum,NRSG 648 MN - Transitions to Nursing Practice,42/54: Mother/Baby,Archived (Withdrawn)
390696,Emory University - SON Pre-licensure,Emory University Hospital Midtown,Nursing,Precepted Rotation,1,1,10560,5/12/23,6/21/23,0:00,23:59,132,"Mon, Thu, Fri, Sat, Sun",2021,"ID Missing, ID Missing, ID Missing",Practicum,NRSG 648 MN - Transitions to Nursing Practice,42/54: Mother/Baby,Archived (Completed)
390697,Emory University - SON Pre-licensure,Emory University Hospital Midtown,Nursing,Precepted Rotation,1,1,10545,6/26/23,7/31/23,0:00,23:59,132,"Mon, Thu, Fri, Sat, Sun",2018,"ID Missing, ID Missing",Practicum,NRSG 648 MN - Transitions to Nursing Practice,42/54: Mother/Baby,Archived (Completed)
390698,Emory University - SON Pre-licensure,Emory University Hospital Midtown,Nursing,Precepted Rotation,1,1,10692,6/26/23,7/31/23,0:00,23:59,132,"Mon, Thu, Fri, Sat, Sun",2018,"ID Missing, ID Missing, ID Missing",Practicum,NRSG 648 MN - Transitions to Nursing Practice,42/54: Mother/Baby,Archived (Completed)
390849,Chamberlain College of Nursing - Georgia,Emory University Hospital,Nursing,Precepted Rotation,1,1,11215,5/8/23,8/4/23,0:00,23:59,144,,ID Missing,No Preceptor Assigned,Practicum,NR 446/452 - Colaborative and Capstone - Senior Practicum,PACU: Post Op,Archived (Completed)
390920,Emory University - SON Pre-licensure,Emory University Hospital Midtown,Nursing,Precepted Rotation,1,1,10582,5/12/23,6/21/23,0:00,23:59,132,"Mon, Thu, Fri, Sat, Sun",2021,ID Missing,Practicum,NRSG 648 MN - Transitions to Nursing Practice,ED: Emergency,Archived (Completed)
390927,Emory University - SON Pre-licensure,Emory University Hospital Midtown,Nursing,Precepted Rotation,1,1,10763,6/26/23,7/31/23,0:00,23:59,132,"Mon, Thu, Fri, Sat, Sun",ID Missing,ID Missing,Practicum,NRSG 648 MN - Transitions to Nursing Practice,ED: Emergency,Archived (Completed)
390928,Emory University - SON Pre-licensure,Emory University Hospital Midtown,Nursing,Precepted Rotation,1,1,10637,6/26/23,7/31/23,0:00,23:59,132,"Mon, Thu, Fri, Sat, Sun",ID Missing,ID Missing,Practicum,NRSG 648 MN - Transitions to Nursing Practice,ED: Emergency,Archived (Completed)
390939,Georgia Gwinnett College,Emory University Hospital at Wesley Woods,Nursing,Cohort Rotation,0,8,No Students Assigned,10/17/23,11/14/23,7:00,15:00,32,"Mon, Tue, Sat, Sun",ID Missing,No Preceptor Assigned,Psychiatry; Mental Health; Behavioral Medicine,NURS 4020 - Wellness & Illness III,Inpatient Psych,Archived (Completed)
390941,Georgia Gwinnett College,Emory University Hospital at Wesley Woods,Nursing,Cohort Rotation,0,8,No Students Assigned,10/30/23,11/27/23,7:00,15:00,32,"Mon, Tue, Sat, Sun",ID Missing,No Preceptor Assigned,Psychiatry; Mental Health; Behavioral Medicine,NURS 4020 - Wellness & Illness III,Inpatient Psych,Archived (Denied)
390945,Emory University - SON Pre-licensure,Emory Decatur Hospital,Nursing,Cohort Rotation,6,6,"10380, 10363, 10362, 10383, 10385, 10360",7/5/23,7/12/23,7:00,19:00,24,Wed,ID Missing,No Preceptor Assigned,Psychiatry; Mental Health; Behavioral Medicine,NRSG 393 - Mental Health Practicum,Behavioral Health (acute) - 1800,Archived (Completed)
391094,Emory University - SON Pre-licensure,Emory University Hospital,Nursing,Precepted Rotation,0,1,No Students Assigned,6/26/23,7/31/23,0:00,23:59,132,"Fri, Sat, Sun",ID Missing,ID Missing,Practicum,NRSG 648 MN - Transitions to Nursing Practice,8T North: Oncology,Archived (Completed)
391098,Emory University - SON Pre-licensure,Emory University Hospital,Nursing,Precepted Rotation,1,1,10553,6/26/23,7/31/23,0:00,23:59,132,"Fri, Sat, Sun",2009,ID Missing,Practicum,NRSG 648 MN - Transitions to Nursing Practice,8T South: Hematology/Leukemia,Archived (Completed)
391202,Kennesaw State University - Nursing,Emory University Hospital,Nursing,Precepted Rotation,1,1,11216,6/5/23,7/28/23,0:00,23:59,168,,ID Missing,No Preceptor Assigned,Practicum,4417 - Clinical Practicum,PACU: Post Op,Archived (Completed)
391504,Emory University - SON Pre-licensure,Emory University Hospital at Wesley Woods,Nursing,Cohort Rotation,4,6,"11187, 10461, 11188, 10449",7/23/23,7/30/23,7:00,19:00,24,Sun,ID Missing,No Preceptor Assigned,Psychiatry; Mental Health; Behavioral Medicine,NRSG 393 Practicum - Mental Health Practicum,Inpatient Psych,Archived (Completed)
391506,Emory University - SON Pre-licensure,Emory University Hospital at Wesley Woods,Nursing,Cohort Rotation,3,8,"10286, 11140, 11131",6/11/23,6/18/23,7:00,19:00,24,Sun,ID Missing,No Preceptor Assigned,Psychiatry; Mental Health; Behavioral Medicine,NRSG 393 Practicum - Mental Health Practicum,Inpatient Psych,Archived (Completed)
391552,Emory University - SON Pre-licensure,Emory Saint Joseph's Hospital,Nursing,Precepted Rotation,1,1,10587,5/12/23,6/21/23,0:00,23:59,132,"Mon, Thu, Fri, Sat, Sun",2018,ID Missing,Practicum,NRSG 648 MN - Transitions to Nursing Practice,ED,Archived (Completed)
392753,Herzing University - Online BSN,Emory Saint Joseph's Hospital,Nursing,Cohort Rotation,0,16,No Students Assigned,8/10/23,8/11/23,7:00,7:00,24,"Thu, Fri",ID Missing,No Preceptor Assigned,Other (see comments),BSN- NSG 122 - Nursing Fundamentals,4S,Archived (Denied)
393050,University of North Georgia - Nursing,Emory Johns Creek Hospital,Nursing,Cohort Rotation,5,5,"11217, 11218, 11219, 11220, 11221",9/1/23,11/10/23,6:30,18:30,72,Fri,ID Missing,No Preceptor Assigned,Perinatal - OB,N3804 - Nursing Care of the Childbearing Family,"Maternity: M/B, L&D, NICU",Archived (Completed)
393051,University of North Georgia - Nursing,Emory Johns Creek Hospital,Nursing,Cohort Rotation,4,6,"11222, 11223, 11224, 11225",9/8/23,11/17/23,6:30,18:30,72,Fri,ID Missing,No Preceptor Assigned,Perinatal - OB,N3804 - Nursing Care of the Childbearing Family,"Maternity: M/B, L&D, NICU",Archived (Completed)
393237,Kennesaw State University - Nursing,"Emory Offsite locations - The Emory Clinic, Ambulatory Surgery Centers and the Emory Specialty Assocs",Nursing,Precepted Rotation,1,1,11226,5/17/23,6/16/23,0:00,23:59,96,"Wed, Thu, Fri",ID Missing,No Preceptor Assigned,Community,4412 - Community Health,Other (see comments),Archived (Completed)
393238,Kennesaw State University - Nursing,"Emory Offsite locations - The Emory Clinic, Ambulatory Surgery Centers and the Emory Specialty Assocs",Nursing,Precepted Rotation,1,1,11227,6/21/23,7/21/23,0:00,23:59,96,"Wed, Thu, Fri",ID Missing,No Preceptor Assigned,Community,4412 - Community Health,Other (see comments),Archived (Completed)
395159,Georgia State University - SON - Undergraduate,Emory Decatur Hospital,Nursing,Cohort Rotation,6,6,"11228, 11229, 11230, 11231, 11232, 11233",8/20/23,10/8/23,6:30,19:00,84,Sat,ID Missing,No Preceptor Assigned,MedSurg - Acute Care,NURS 3510 - Med Surg,General Surgery - 3400,Archived (Completed)
395212,University of North Georgia - Nursing,Emory Johns Creek Hospital,Nursing,Cohort Rotation,5,6,"11234, 11235, 11236, 11237, 11238",8/28/23,10/2/23,6:30,18:30,72,Mon,ID Missing,No Preceptor Assigned,MedSurg - Acute Care,N3705 - Adult Health I,3rd floor: med-surg,Archived (Completed)
395213,University of North Georgia - Nursing,Emory Johns Creek Hospital,Nursing,Cohort Rotation,5,6,"11234, 11235, 11236, 11237, 11239",10/23/23,12/4/23,6:30,18:30,72,Mon,ID Missing,No Preceptor Assigned,MedSurg - Acute Care,N4405 - Adult Health II,3rd floor: med-surg,Archived (Completed)
395259,Georgia State University - SON - Undergraduate,Emory Decatur Hospital,Nursing,Cohort Rotation,5,6,"11240, 11241, 11242, 11243, 11244",10/14/23,12/5/23,0:00,23:59,84,Sat,ID Missing,No Preceptor Assigned,MedSurg - Acute Care,NURS 3510 - Med Surg,General Surgery - 3400,Archived (Completed)
395529,Georgia State University - SON - Undergraduate,Emory Decatur Hospital,Nursing,Cohort Rotation,0,6,No Students Assigned,8/22/23,10/3/23,7:00,19:00,12,Tue,ID Missing,No Preceptor Assigned,Perinatal - OB,NURS 3610 - Childbearing,Mother/Baby,Archived (Denied)
395530,Georgia State University - SON - Undergraduate,Emory Decatur Hospital,Nursing,Cohort Rotation,0,6,No Students Assigned,8/22/23,10/3/23,7:00,19:00,12,Tue,ID Missing,No Preceptor Assigned,Perinatal - OB,NURS 3610 - Childbearing,L&D,Archived (Denied)
395532,Georgia State University - SON - Undergraduate,Emory Decatur Hospital,Nursing,Cohort Rotation,0,6,No Students Assigned,8/22/23,10/3/23,7:00,19:00,12,Tue,ID Missing,No Preceptor Assigned,Perinatal - OB,NURS 3610 - Childbearing,NICU,Archived (Denied)
395797,Emory University - SON Pre-licensure,"Emory Offsite locations - The Emory Clinic, Ambulatory Surgery Centers and the Emory Specialty Assocs",Nursing,Precepted Rotation,1,1,10563,5/12/23,6/21/23,0:00,23:59,24,Thu,ID Missing,ID Missing,Ambulatory,NRSG 676 MN - Care Transitions Practicum,Other (see comments),Archived (Completed)
395799,Emory University - SON Pre-licensure,"Emory Offsite locations - The Emory Clinic, Ambulatory Surgery Centers and the Emory Specialty Assocs",Nursing,Precepted Rotation,1,1,10539,5/12/23,6/21/23,0:00,23:59,24,Thu,ID Missing,ID Missing,Ambulatory,NRSG 676 MN - Care Transitions Practicum,Other (see comments),Archived (Completed)
395800,Emory University - SON Pre-licensure,"Emory Offsite locations - The Emory Clinic, Ambulatory Surgery Centers and the Emory Specialty Assocs",Nursing,Precepted Rotation,1,1,10624,5/12/23,6/21/23,0:00,23:59,24,Thu,ID Missing,ID Missing,Ambulatory,NRSG 676 MN - Care Transitions Practicum,Other (see comments),Archived (Completed)
395801,Emory University - SON Pre-licensure,"Emory Offsite locations - The Emory Clinic, Ambulatory Surgery Centers and the Emory Specialty Assocs",Nursing,Precepted Rotation,1,1,11140,5/12/23,6/21/23,0:00,23:59,24,Thu,ID Missing,ID Missing,Ambulatory,NRSG 676 MN - Care Transitions Practicum,Other (see comments),Archived (Completed)
395802,Emory University - SON Pre-licensure,"Emory Offsite locations - The Emory Clinic, Ambulatory Surgery Centers and the Emory Specialty Assocs",Nursing,Precepted Rotation,1,1,10286,5/12/23,6/21/23,0:00,23:59,24,Thu,ID Missing,ID Missing,Ambulatory,NRSG 676 MN - Care Transitions Practicum,Other (see comments),Archived (Completed)
395803,Emory University - SON Pre-licensure,"Emory Offsite locations - The Emory Clinic, Ambulatory Surgery Centers and the Emory Specialty Assocs",Nursing,Precepted Rotation,1,1,10564,5/12/23,6/21/23,0:00,23:59,24,Thu,ID Missing,ID Missing,Ambulatory,NRSG 676 MN - Care Transitions Practicum,Other (see comments),Archived (Completed)
395804,Emory University - SON Pre-licensure,"Emory Offsite locations - The Emory Clinic, Ambulatory Surgery Centers and the Emory Specialty Assocs",Nursing,Precepted Rotation,1,1,10545,5/12/23,6/21/23,0:00,23:59,24,Thu,ID Missing,ID Missing,Ambulatory,NRSG 676 MN - Care Transitions Practicum,Other (see comments),Archived (Completed)
395805,Emory University - SON Pre-licensure,"Emory Offsite locations - The Emory Clinic, Ambulatory Surgery Centers and the Emory Specialty Assocs",Nursing,Precepted Rotation,1,1,11245,5/12/23,6/21/23,0:00,23:59,24,Thu,ID Missing,ID Missing,Ambulatory,NRSG 676 MN - Care Transitions Practicum,Other (see comments),Archived (Completed)
395806,Emory University - SON Pre-licensure,"Emory Offsite locations - The Emory Clinic, Ambulatory Surgery Centers and the Emory Specialty Assocs",Nursing,Precepted Rotation,1,1,10574,5/12/23,6/21/23,0:00,23:59,24,Thu,ID Missing,ID Missing,Ambulatory,NRSG 676 MN - Care Transitions Practicum,Other (see comments),Archived (Completed)
395807,Emory University - SON Pre-licensure,"Emory Offsite locations - The Emory Clinic, Ambulatory Surgery Centers and the Emory Specialty Assocs",Nursing,Precepted Rotation,1,1,11246,5/12/23,6/21/23,0:00,23:59,24,Thu,ID Missing,ID Missing,Ambulatory,NRSG 676 MN - Care Transitions Practicum,Other (see comments),Archived (Completed)
395808,Emory University - SON Pre-licensure,"Emory Offsite locations - The Emory Clinic, Ambulatory Surgery Centers and the Emory Specialty Assocs",Nursing,Precepted Rotation,1,1,10653,5/12/23,6/21/23,0:00,23:59,24,Thu,ID Missing,ID Missing,Ambulatory,NRSG 676 MN - Care Transitions Practicum,Other (see comments),Archived (Completed)
395809,Emory University - SON Pre-licensure,"Emory Offsite locations - The Emory Clinic, Ambulatory Surgery Centers and the Emory Specialty Assocs",Nursing,Precepted Rotation,1,1,10554,5/12/23,6/21/23,0:00,23:59,24,Thu,ID Missing,ID Missing,Ambulatory,NRSG 676 MN - Care Transitions Practicum,Other (see comments),Archived (Completed)
395810,Emory University - SON Pre-licensure,"Emory Offsite locations - The Emory Clinic, Ambulatory Surgery Centers and the Emory Specialty Assocs",Nursing,Precepted Rotation,1,1,10639,5/12/23,6/21/23,0:00,23:59,24,Thu,ID Missing,ID Missing,Ambulatory,NRSG 676 MN - Care Transitions Practicum,Other (see comments),Archived (Completed)
395811,Emory University - SON Pre-licensure,"Emory Offsite locations - The Emory Clinic, Ambulatory Surgery Centers and the Emory Specialty Assocs",Nursing,Precepted Rotation,1,1,10579,5/12/23,6/21/23,0:00,23:59,24,Thu,ID Missing,ID Missing,Ambulatory,NRSG 676 MN - Care Transitions Practicum,Other (see comments),Archived (Completed)
395813,Emory University - SON Pre-licensure,"Emory Offsite locations - The Emory Clinic, Ambulatory Surgery Centers and the Emory Specialty Assocs",Nursing,Precepted Rotation,1,1,10661,5/12/23,6/21/23,0:00,23:59,24,Thu,ID Missing,ID Missing,Ambulatory,NRSG 676 MN - Care Transitions Practicum,Other (see comments),Archived (Completed)
395814,Emory University - SON Pre-licensure,"Emory Offsite locations - The Emory Clinic, Ambulatory Surgery Centers and the Emory Specialty Assocs",Nursing,Precepted Rotation,1,1,10730,5/12/23,6/21/23,0:00,23:59,24,Thu,ID Missing,ID Missing,Ambulatory,NRSG 676 MN - Care Transitions Practicum,Other (see comments),Archived (Completed)
395815,Emory University - SON Pre-licensure,"Emory Offsite locations - The Emory Clinic, Ambulatory Surgery Centers and the Emory Specialty Assocs",Nursing,Precepted Rotation,1,1,11247,5/12/23,6/21/23,0:00,23:59,24,Thu,ID Missing,ID Missing,Ambulatory,NRSG 676 MN - Care Transitions Practicum,Other (see comments),Archived (Completed)
395816,Emory University - SON Pre-licensure,"Emory Offsite locations - The Emory Clinic, Ambulatory Surgery Centers and the Emory Specialty Assocs",Nursing,Precepted Rotation,1,1,10659,5/12/23,6/21/23,0:00,23:59,24,Thu,ID Missing,ID Missing,Ambulatory,NRSG 676 MN - Care Transitions Practicum,Other (see comments),Archived (Completed)
395817,Emory University - SON Pre-licensure,"Emory Offsite locations - The Emory Clinic, Ambulatory Surgery Centers and the Emory Specialty Assocs",Nursing,Precepted Rotation,1,1,11248,5/12/23,6/21/23,0:00,23:59,24,Thu,ID Missing,ID Missing,Ambulatory,NRSG 676 MN - Care Transitions Practicum,Other (see comments),Archived (Completed)
395820,Emory University - SON Pre-licensure,"Emory Offsite locations - The Emory Clinic, Ambulatory Surgery Centers and the Emory Specialty Assocs",Nursing,Precepted Rotation,1,1,11204,5/12/23,6/21/23,0:00,23:59,24,Thu,ID Missing,ID Missing,Ambulatory,NRSG 676 MN - Care Transitions Practicum,Other (see comments),Archived (Completed)
395821,Emory University - SON Pre-licensure,"Emory Offsite locations - The Emory Clinic, Ambulatory Surgery Centers and the Emory Specialty Assocs",Nursing,Precepted Rotation,1,1,10654,5/12/23,6/21/23,0:00,23:59,24,Thu,ID Missing,ID Missing,Ambulatory,NRSG 676 MN - Care Transitions Practicum,Other (see comments),Archived (Completed)
395822,Emory University - SON Pre-licensure,"Emory Offsite locations - The Emory Clinic, Ambulatory Surgery Centers and the Emory Specialty Assocs",Nursing,Precepted Rotation,1,1,10763,5/12/23,6/21/23,0:00,23:59,24,,ID Missing,ID Missing,Ambulatory,NRSG 676 MN - Care Transitions Practicum,Other (see comments),Archived (Completed)
395823,Emory University - SON Pre-licensure,"Emory Offsite locations - The Emory Clinic, Ambulatory Surgery Centers and the Emory Specialty Assocs",Nursing,Precepted Rotation,1,1,10656,5/12/23,6/21/23,0:00,23:59,24,Thu,ID Missing,ID Missing,Ambulatory,NRSG 676 MN - Care Transitions Practicum,Other (see comments),Archived (Completed)
395824,Emory University - SON Pre-licensure,"Emory Offsite locations - The Emory Clinic, Ambulatory Surgery Centers and the Emory Specialty Assocs",Nursing,Precepted Rotation,1,1,10635,5/12/23,6/21/23,0:00,23:59,24,Thu,ID Missing,ID Missing,Ambulatory,NRSG 676 MN - Care Transitions Practicum,Other (see comments),Archived (Completed)
395825,Emory University - SON Pre-licensure,"Emory Offsite locations - The Emory Clinic, Ambulatory Surgery Centers and the Emory Specialty Assocs",Nursing,Precepted Rotation,1,1,10585,5/12/23,6/21/23,0:00,23:59,24,Thu,ID Missing,ID Missing,Ambulatory,NRSG 676 MN - Care Transitions Practicum,Other (see comments),Archived (Completed)
395826,Emory University - SON Pre-licensure,"Emory Offsite locations - The Emory Clinic, Ambulatory Surgery Centers and the Emory Specialty Assocs",Nursing,Precepted Rotation,1,1,11249,5/12/23,6/21/23,0:00,23:59,24,Thu,ID Missing,ID Missing,Ambulatory,NRSG 676 MN - Care Transitions Practicum,Other (see comments),Archived (Completed)
395827,Emory University - SON Pre-licensure,"Emory Offsite locations - The Emory Clinic, Ambulatory Surgery Centers and the Emory Specialty Assocs",Nursing,Precepted Rotation,0,1,No Students Assigned,5/12/23,6/21/23,0:00,23:59,24,Thu,ID Missing,ID Missing,Ambulatory,NRSG 676 MN - Care Transitions Practicum,Other (see comments),Archived (Completed)
395828,Emory University - SON Pre-licensure,"Emory Offsite locations - The Emory Clinic, Ambulatory Surgery Centers and the Emory Specialty Assocs",Nursing,Precepted Rotation,1,1,10633,5/12/23,6/21/23,0:00,23:59,24,Thu,ID Missing,ID Missing,Ambulatory,NRSG 676 MN - Care Transitions Practicum,Other (see comments),Archived (Completed)
395829,Emory University - SON Pre-licensure,"Emory Offsite locations - The Emory Clinic, Ambulatory Surgery Centers and the Emory Specialty Assocs",Nursing,Precepted Rotation,1,1,11199,5/12/23,6/21/23,0:00,23:59,24,Thu,ID Missing,ID Missing,Ambulatory,NRSG 676 MN - Care Transitions Practicum,Other (see comments),Archived (Completed)
395830,Emory University - SON Pre-licensure,"Emory Offsite locations - The Emory Clinic, Ambulatory Surgery Centers and the Emory Specialty Assocs",Nursing,Precepted Rotation,1,1,11250,5/12/23,6/21/23,0:00,23:59,24,Thu,ID Missing,ID Missing,Ambulatory,NRSG 676 MN - Care Transitions Practicum,Other (see comments),Archived (Completed)
395831,Emory University - SON Pre-licensure,"Emory Offsite locations - The Emory Clinic, Ambulatory Surgery Centers and the Emory Specialty Assocs",Nursing,Precepted Rotation,1,1,10580,5/12/23,6/21/23,0:00,23:59,24,Thu,ID Missing,ID Missing,Ambulatory,NRSG 676 MN - Care Transitions Practicum,Other (see comments),Archived (Completed)
395832,Emory University - SON Pre-licensure,"Emory Offsite locations - The Emory Clinic, Ambulatory Surgery Centers and the Emory Specialty Assocs",Nursing,Precepted Rotation,1,1,10542,5/12/23,6/21/23,0:00,23:59,24,Thu,ID Missing,ID Missing,Ambulatory,NRSG 676 MN - Care Transitions Practicum,Other (see comments),Archived (Completed)
395834,Emory University - SON Pre-licensure,"Emory Offsite locations - The Emory Clinic, Ambulatory Surgery Centers and the Emory Specialty Assocs",Nursing,Precepted Rotation,1,1,10561,5/12/23,6/21/23,0:00,23:59,24,Thu,ID Missing,ID Missing,Ambulatory,NRSG 676 MN - Care Transitions Practicum,Other (see comments),Archived (Completed)
395835,Emory University - SON Pre-licensure,"Emory Offsite locations - The Emory Clinic, Ambulatory Surgery Centers and the Emory Specialty Assocs",Nursing,Precepted Rotation,1,1,10559,5/12/23,6/21/23,0:00,23:59,24,Thu,ID Missing,ID Missing,Ambulatory,NRSG 676 MN - Care Transitions Practicum,Other (see comments),Archived (Completed)
395836,Emory University - SON Pre-licensure,"Emory Offsite locations - The Emory Clinic, Ambulatory Surgery Centers and the Emory Specialty Assocs",Nursing,Precepted Rotation,1,1,10581,5/12/23,6/21/23,0:00,23:59,24,Fri,ID Missing,ID Missing,Ambulatory,NRSG 676 MN - Care Transitions Practicum,Other (see comments),Archived (Completed)
395837,Emory University - SON Pre-licensure,"Emory Offsite locations - The Emory Clinic, Ambulatory Surgery Centers and the Emory Specialty Assocs",Nursing,Precepted Rotation,1,1,10548,5/12/23,6/21/23,0:00,23:59,24,Fri,ID Missing,ID Missing,Ambulatory,NRSG 676 MN - Care Transitions Practicum,Other (see comments),Archived (Completed)
395838,Emory University - SON Pre-licensure,"Emory Offsite locations - The Emory Clinic, Ambulatory Surgery Centers and the Emory Specialty Assocs",Nursing,Precepted Rotation,1,1,10549,5/12/23,6/21/23,0:00,23:59,24,,ID Missing,ID Missing,Ambulatory,NRSG 676 MN - Care Transitions Practicum,Other (see comments),Archived (Completed)
395839,Emory University - SON Pre-licensure,"Emory Offsite locations - The Emory Clinic, Ambulatory Surgery Centers and the Emory Specialty Assocs",Nursing,Precepted Rotation,1,1,10565,5/12/23,6/21/23,0:00,23:59,24,,ID Missing,ID Missing,Ambulatory,NRSG 676 MN - Care Transitions Practicum,Other (see comments),Archived (Completed)
395840,Emory University - SON Pre-licensure,"Emory Offsite locations - The Emory Clinic, Ambulatory Surgery Centers and the Emory Specialty Assocs",Nursing,Precepted Rotation,1,1,10728,5/12/23,6/21/23,0:00,23:59,24,Fri,ID Missing,ID Missing,Ambulatory,NRSG 676 MN - Care Transitions Practicum,Other (see comments),Archived (Completed)
395841,Emory University - SON Pre-licensure,"Emory Offsite locations - The Emory Clinic, Ambulatory Surgery Centers and the Emory Specialty Assocs",Nursing,Precepted Rotation,1,1,10573,5/12/23,6/21/23,0:00,23:59,24,Fri,ID Missing,ID Missing,Ambulatory,NRSG 676 MN - Care Transitions Practicum,Other (see comments),Archived (Completed)
395842,Emory University - SON Pre-licensure,"Emory Offsite locations - The Emory Clinic, Ambulatory Surgery Centers and the Emory Specialty Assocs",Nursing,Precepted Rotation,1,1,11251,5/12/23,6/21/23,0:00,23:59,24,,ID Missing,ID Missing,Ambulatory,NRSG 676 MN - Care Transitions Practicum,Other (see comments),Archived (Completed)
395843,Emory University - SON Pre-licensure,"Emory Offsite locations - The Emory Clinic, Ambulatory Surgery Centers and the Emory Specialty Assocs",Nursing,Precepted Rotation,0,1,No Students Assigned,5/12/23,6/21/23,0:00,23:59,24,,ID Missing,ID Missing,Ambulatory,NRSG 676 MN - Care Transitions Practicum,Other (see comments),Archived (Completed)
395844,Emory University - SON Pre-licensure,"Emory Offsite locations - The Emory Clinic, Ambulatory Surgery Centers and the Emory Specialty Assocs",Nursing,Precepted Rotation,1,1,10427,5/12/23,6/21/23,0:00,23:59,24,Fri,ID Missing,ID Missing,Ambulatory,NRSG 676 MN - Care Transitions Practicum,Other (see comments),Archived (Completed)
395845,Emory University - SON Pre-licensure,"Emory Offsite locations - The Emory Clinic, Ambulatory Surgery Centers and the Emory Specialty Assocs",Nursing,Precepted Rotation,1,1,11203,5/12/23,6/21/23,0:00,23:59,24,Fri,ID Missing,ID Missing,Ambulatory,NRSG 676 MN - Care Transitions Practicum,Other (see comments),Archived (Completed)
395847,Emory University - SON Pre-licensure,"Emory Offsite locations - The Emory Clinic, Ambulatory Surgery Centers and the Emory Specialty Assocs",Nursing,Precepted Rotation,1,1,10629,5/12/23,6/21/23,0:00,23:59,24,Fri,ID Missing,ID Missing,Ambulatory,NRSG 676 MN - Care Transitions Practicum,Other (see comments),Archived (Completed)
395848,Emory University - SON Pre-licensure,"Emory Offsite locations - The Emory Clinic, Ambulatory Surgery Centers and the Emory Specialty Assocs",Nursing,Precepted Rotation,1,1,10584,5/12/23,6/21/23,0:00,23:59,24,Fri,ID Missing,ID Missing,Ambulatory,NRSG 676 MN - Care Transitions Practicum,Other (see comments),Archived (Completed)
395849,Emory University - SON Pre-licensure,"Emory Offsite locations - The Emory Clinic, Ambulatory Surgery Centers and the Emory Specialty Assocs",Nursing,Precepted Rotation,1,1,11200,5/12/23,6/21/23,0:00,23:59,24,Fri,ID Missing,ID Missing,Ambulatory,NRSG 676 MN - Care Transitions Practicum,Other (see comments),Archived (Completed)
395851,Emory University - SON Pre-licensure,"Emory Offsite locations - The Emory Clinic, Ambulatory Surgery Centers and the Emory Specialty Assocs",Nursing,Precepted Rotation,1,1,10637,5/12/23,6/21/23,0:00,23:59,24,Fri,ID Missing,ID Missing,Ambulatory,NRSG 676 MN - Care Transitions Practicum,Other (see comments),Archived (Completed)
395852,Emory University - SON Pre-licensure,"Emory Offsite locations - The Emory Clinic, Ambulatory Surgery Centers and the Emory Specialty Assocs",Nursing,Precepted Rotation,1,1,10645,5/12/23,6/21/23,0:00,23:59,24,Fri,ID Missing,ID Missing,Ambulatory,NRSG 676 MN - Care Transitions Practicum,Other (see comments),Archived (Completed)
395853,Emory University - SON Pre-licensure,"Emory Offsite locations - The Emory Clinic, Ambulatory Surgery Centers and the Emory Specialty Assocs",Nursing,Precepted Rotation,1,1,10655,5/12/23,6/21/23,0:00,23:59,24,Fri,ID Missing,ID Missing,Ambulatory,NRSG 676 MN - Care Transitions Practicum,Other (see comments),Archived (Completed)
395854,Emory University - SON Pre-licensure,"Emory Offsite locations - The Emory Clinic, Ambulatory Surgery Centers and the Emory Specialty Assocs",Nursing,Precepted Rotation,1,1,10657,5/12/23,6/21/23,0:00,23:59,24,Fri,ID Missing,ID Missing,Ambulatory,NRSG 676 MN - Care Transitions Practicum,Other (see comments),Archived (Completed)
395855,Emory University - SON Pre-licensure,"Emory Offsite locations - The Emory Clinic, Ambulatory Surgery Centers and the Emory Specialty Assocs",Nursing,Precepted Rotation,1,1,11252,5/12/23,6/21/23,0:00,23:59,24,Fri,ID Missing,ID Missing,Ambulatory,NRSG 676 MN - Care Transitions Practicum,Other (see comments),Archived (Completed)
395856,Emory University - SON Pre-licensure,"Emory Offsite locations - The Emory Clinic, Ambulatory Surgery Centers and the Emory Specialty Assocs",Nursing,Precepted Rotation,1,1,10640,5/12/23,6/21/23,0:00,23:59,24,Fri,ID Missing,ID Missing,Ambulatory,NRSG 676 MN - Care Transitions Practicum,Other (see comments),Archived (Completed)
395857,Emory University - SON Pre-licensure,"Emory Offsite locations - The Emory Clinic, Ambulatory Surgery Centers and the Emory Specialty Assocs",Nursing,Precepted Rotation,1,1,10671,5/12/23,6/21/23,0:00,23:59,24,Fri,ID Missing,ID Missing,Ambulatory,NRSG 676 MN - Care Transitions Practicum,Other (see comments),Archived (Completed)
395999,Georgia State University - SON - Undergraduate,Emory Decatur Hospital,Nursing,Cohort Rotation,0,6,No Students Assigned,10/10/23,11/28/23,7:00,19:00,12,Tue,ID Missing,No Preceptor Assigned,Perinatal - OB,NURS 3610 - Childbearing,Mother/Baby,Archived (Denied)
396001,Georgia State University - SON - Undergraduate,Emory Decatur Hospital,Nursing,Cohort Rotation,0,6,No Students Assigned,10/10/23,11/28/23,7:00,19:00,12,Tue,ID Missing,No Preceptor Assigned,Perinatal - OB,NURS 3610 - Childbearing,L&D,Archived (Denied)
396003,Georgia State University - SON - Undergraduate,Emory Decatur Hospital,Nursing,Cohort Rotation,0,6,No Students Assigned,10/10/23,11/28/23,7:00,19:00,12,Tue,ID Missing,No Preceptor Assigned,Perinatal - OB,NURS 3610 - Childbearing,NICU,Archived (Denied)
399090,Chamberlain College of Nursing - Georgia,Emory Decatur Hospital,Nursing,Cohort Rotation,0,6,No Students Assigned,9/4/23,10/23/23,7:00,15:00,48,Mon,ID Missing,No Preceptor Assigned,Psychiatry; Mental Health; Behavioral Medicine,NR 326 - Mental Health Nursing,Behavioral Health,Archived (Denied)
399095,Chamberlain College of Nursing - Georgia,Emory Decatur Hospital,Nursing,Cohort Rotation,0,6,No Students Assigned,9/6/23,10/25/23,7:00,13:00,48,Wed,ID Missing,No Preceptor Assigned,Psychiatry; Mental Health; Behavioral Medicine,NR 326 - Mental Health Nursing,Behavioral Health,Archived (Denied)
399096,Chamberlain College of Nursing - Georgia,Emory Decatur Hospital,Nursing,Cohort Rotation,0,6,No Students Assigned,10/30/23,12/18/23,7:00,13:00,48,Mon,ID Missing,No Preceptor Assigned,Psychiatry; Mental Health; Behavioral Medicine,NR 326 - Mental Health Nursing,Behavioral Health,Archived (Denied)
399097,Chamberlain College of Nursing - Georgia,Emory Decatur Hospital,Nursing,Cohort Rotation,0,6,No Students Assigned,11/1/23,12/20/23,7:00,13:00,48,Wed,ID Missing,No Preceptor Assigned,Psychiatry; Mental Health; Behavioral Medicine,NR 326 - Mental Health Nursing,Behavioral Health,Archived (Denied)
399104,Chamberlain College of Nursing - Georgia,Emory University Hospital at Wesley Woods,Nursing,Cohort Rotation,0,6,No Students Assigned,9/4/23,10/23/23,7:00,13:00,48,Mon,ID Missing,No Preceptor Assigned,Psychiatry; Mental Health; Behavioral Medicine,NR 326 - Mental Health Nursing,Inpatient Psych,Archived (Denied)
399108,Chamberlain College of Nursing - Georgia,Emory University Hospital at Wesley Woods,Nursing,Cohort Rotation,0,6,No Students Assigned,9/6/23,10/25/23,7:00,13:00,48,Wed,ID Missing,No Preceptor Assigned,Psychiatry; Mental Health; Behavioral Medicine,NR 326 - Mental Health Nursing,Inpatient Psych,Archived (Denied)
399111,Chamberlain College of Nursing - Georgia,Emory University Hospital at Wesley Woods,Nursing,Cohort Rotation,0,6,No Students Assigned,10/30/23,12/18/23,7:00,13:00,48,Mon,ID Missing,No Preceptor Assigned,Psychiatry; Mental Health; Behavioral Medicine,NR 326 - Mental Health Nursing,Inpatient Psych,Archived (Denied)
399112,Chamberlain College of Nursing - Georgia,Emory University Hospital at Wesley Woods,Nursing,Cohort Rotation,0,6,No Students Assigned,11/1/23,12/20/23,7:00,13:00,48,Wed,ID Missing,No Preceptor Assigned,Psychiatry; Mental Health; Behavioral Medicine,NR 326 - Mental Health Nursing,Inpatient Psych,Archived (Denied)
399129,Chamberlain College of Nursing - Georgia,Emory Decatur Hospital,Nursing,Cohort Rotation,6,6,"11253, 11254, 11255, 11256, 11257, 10126",9/6/23,9/27/23,7:00,13:00,48,Wed,ID Missing,No Preceptor Assigned,Critical/Intensive Care,NR341 - Complex Adult Health,ICU - 2500,Archived (Completed)
399132,Chamberlain College of Nursing - Georgia,Emory Decatur Hospital,Nursing,Cohort Rotation,6,6,"10866, 10032, 10102, 11258, 11259, 10104",10/4/23,10/25/23,7:00,19:00,48,Wed,ID Missing,No Preceptor Assigned,Critical/Intensive Care,NR341 - Complex Adult Health,ICU - 2500,Archived (Completed)
399143,Chamberlain College of Nursing - Georgia,Emory Decatur Hospital,Nursing,Cohort Rotation,0,6,No Students Assigned,9/8/23,9/29/23,7:00,19:00,48,Fri,ID Missing,No Preceptor Assigned,Critical/Intensive Care,NR341 - Complex Adult Health,ICU,Archived (Denied)
399144,Chamberlain College of Nursing - Georgia,Emory Decatur Hospital,Nursing,Cohort Rotation,0,6,No Students Assigned,10/6/23,10/27/23,7:00,19:00,48,Fri,ID Missing,No Preceptor Assigned,Critical/Intensive Care,NR341 - Complex Adult Health,ICU,Archived (Denied)
399149,Chamberlain College of Nursing - Georgia,Emory Decatur Hospital,Nursing,Cohort Rotation,5,6,"10153, 10157, 10884, 10180, 11260",11/1/23,11/15/23,7:00,19:00,48,Wed,ID Missing,No Preceptor Assigned,Critical/Intensive Care,NR341 - Complex Adult Health,ICU - 2500,Archived (Completed)
399150,Chamberlain College of Nursing - Georgia,Emory Decatur Hospital,Nursing,Cohort Rotation,0,6,No Students Assigned,11/22/23,12/6/23,7:00,19:00,48,Wed,ID Missing,No Preceptor Assigned,Critical/Intensive Care,NR341 - Complex Adult Health,ICU - 2500,Archived (Completed)
399151,Chamberlain College of Nursing - Georgia,Emory Decatur Hospital,Nursing,Cohort Rotation,0,6,No Students Assigned,11/3/23,11/17/23,7:00,19:00,48,Fri,ID Missing,No Preceptor Assigned,Critical/Intensive Care,NR341 - Complex Adult Health,ICU,Archived (Denied)
399152,Chamberlain College of Nursing - Georgia,Emory Decatur Hospital,Nursing,Cohort Rotation,0,6,No Students Assigned,11/24/23,12/8/23,7:00,19:00,48,Fri,ID Missing,No Preceptor Assigned,Critical/Intensive Care,NR341 - Complex Adult Health,ICU,Archived (Denied)
399609,Herzing University,Emory University Hospital,Nursing,Precepted Rotation,1,1,11261,9/20/23,12/13/23,0:00,23:59,135,,ID Missing,No Preceptor Assigned,Practicum,NSG 425 - BSN Practicum,4G: Telemetry,Archived (Completed)
399695,Chamberlain College of Nursing - Georgia,Emory Decatur Hospital,Nursing,Cohort Rotation,0,8,No Students Assigned,9/7/23,10/26/23,7:00,19:00,96,Thu,ID Missing,No Preceptor Assigned,MedSurg - Acute Care,NR 446 - Collaborative Health,General Medical,Archived (Denied)
399696,Chamberlain College of Nursing - Georgia,Emory Decatur Hospital,Nursing,Cohort Rotation,0,8,No Students Assigned,9/8/23,10/27/23,7:00,19:00,96,Fri,ID Missing,No Preceptor Assigned,MedSurg - Acute Care,NR 446 - Collaborative Health,General Medical,Archived (Denied)
400175,Emory University - SON,Emory University Hospital Midtown,Nursing,Cohort Rotation,0,5,No Students Assigned,12/1/23,12/16/23,7:00,19:00,96,,ID Missing,No Preceptor Assigned,MedSurg - Acute Care,NRSG 356D - Acute and Chronic I Care Clinical Practicum Adult and Geriatric Populations,22: Med/Surg,Archived (Withdrawn)
402602,Georgia State University - SON - Undergraduate,Emory University Hospital at Wesley Woods,Nursing,Cohort Rotation,0,8,No Students Assigned,8/24/23,10/5/23,6:30,14:30,10,Thu,ID Missing,No Preceptor Assigned,Practicum,NURS 3810 - Mental Health,-no preference-,Archived (Completed)
402603,Georgia State University - SON - Undergraduate,Emory University Hospital At Wesley Woods,Nursing,Cohort Rotation,5,8,"11262, 11263, 11264, 11265, 11266",10/12/23,11/30/23,6:30,14:30,10,Thu,ID Missing,No Preceptor Assigned,Practicum,NURS 3810 - Mental Health,-no preference-,Archived (Completed)
402622,Brenau University,Emory University Hospital,Nursing,Precepted Rotation,1,1,11267,8/21/23,12/4/23,0:00,23:59,120,,ID Missing,No Preceptor Assigned,Practicum,NG 445 - Transition to Practice/Capstone Practicum,MICU,Archived (Completed)
403807,Emory University - SON Pre-licensure,"Emory Offsite locations - The Emory Clinic, Ambulatory Surgery Centers and the Emory Specialty Assocs",Nursing,Precepted Rotation,1,1,10537,6/26/23,7/31/23,0:00,23:59,24,Thu,ID Missing,ID Missing,Ambulatory,NRSG 676 MN - Care Transitions Practicum,Other (see comments),Archived (Completed)
403809,Emory University - SON Pre-licensure,"Emory Offsite locations - The Emory Clinic, Ambulatory Surgery Centers and the Emory Specialty Assocs",Nursing,Precepted Rotation,1,1,11195,6/26/23,7/31/23,0:00,23:59,24,Thu,ID Missing,ID Missing,Ambulatory,NRSG 676 MN - Care Transitions Practicum,Other (see comments),Archived (Completed)
403811,Emory University - SON Pre-licensure,"Emory Offsite locations - The Emory Clinic, Ambulatory Surgery Centers and the Emory Specialty Assocs",Nursing,Precepted Rotation,1,1,11190,6/26/23,7/31/23,0:00,23:59,24,Thu,ID Missing,ID Missing,Ambulatory,NRSG 676 MN - Care Transitions Practicum,Other (see comments),Archived (Completed)
403813,Emory University - SON Pre-licensure,"Emory Offsite locations - The Emory Clinic, Ambulatory Surgery Centers and the Emory Specialty Assocs",Nursing,Precepted Rotation,0,1,No Students Assigned,6/26/23,7/31/23,0:00,23:59,24,Thu,ID Missing,ID Missing,Ambulatory,NRSG 676 MN - Care Transitions Practicum,Other (see comments),Archived (Completed)
403815,Emory University - SON Pre-licensure,"Emory Offsite locations - The Emory Clinic, Ambulatory Surgery Centers and the Emory Specialty Assocs",Nursing,Precepted Rotation,0,1,No Students Assigned,6/26/23,7/31/23,0:00,23:59,24,Thu,ID Missing,ID Missing,Ambulatory,NRSG 676 MN - Care Transitions Practicum,Other (see comments),Archived (Completed)
403817,Emory University - SON Pre-licensure,"Emory Offsite locations - The Emory Clinic, Ambulatory Surgery Centers and the Emory Specialty Assocs",Nursing,Precepted Rotation,1,1,11268,6/26/23,7/31/23,0:00,23:59,24,Thu,ID Missing,ID Missing,Ambulatory,NRSG 676 MN - Care Transitions Practicum,Other (see comments),Archived (Completed)
403821,Emory University - SON Pre-licensure,"Emory Offsite locations - The Emory Clinic, Ambulatory Surgery Centers and the Emory Specialty Assocs",Nursing,Precepted Rotation,1,1,10634,6/26/23,7/31/23,0:00,23:59,24,Thu,ID Missing,ID Missing,Ambulatory,NRSG 676 MN - Care Transitions Practicum,Other (see comments),Archived (Completed)
403823,Emory University - SON Pre-licensure,"Emory Offsite locations - The Emory Clinic, Ambulatory Surgery Centers and the Emory Specialty Assocs",Nursing,Precepted Rotation,1,1,10586,6/26/23,7/31/23,0:00,23:59,24,Thu,ID Missing,ID Missing,Ambulatory,NRSG 676 MN - Care Transitions Practicum,Other (see comments),Archived (Completed)
403835,Emory University - SON Pre-licensure,"Emory Offsite locations - The Emory Clinic, Ambulatory Surgery Centers and the Emory Specialty Assocs",Nursing,Precepted Rotation,1,1,10547,6/26/23,7/31/23,0:00,23:59,24,Thu,ID Missing,ID Missing,Ambulatory,NRSG 676 MN - Care Transitions Practicum,Other (see comments),Archived (Completed)
403836,Emory University - SON Pre-licensure,"Emory Offsite locations - The Emory Clinic, Ambulatory Surgery Centers and the Emory Specialty Assocs",Nursing,Precepted Rotation,1,1,10544,6/26/23,7/31/23,0:00,23:59,24,Thu,ID Missing,ID Missing,Ambulatory,NRSG 676 MN - Care Transitions Practicum,Other (see comments),Archived (Completed)
403838,Emory University - SON Pre-licensure,"Emory Offsite locations - The Emory Clinic, Ambulatory Surgery Centers and the Emory Specialty Assocs",Nursing,Precepted Rotation,1,1,10644,6/26/23,7/31/23,0:00,23:59,24,Thu,ID Missing,ID Missing,Ambulatory,NRSG 676 MN - Care Transitions Practicum,Other (see comments),Archived (Completed)
403840,Emory University - SON Pre-licensure,"Emory Offsite locations - The Emory Clinic, Ambulatory Surgery Centers and the Emory Specialty Assocs",Nursing,Precepted Rotation,1,1,10628,6/26/23,7/31/23,0:00,23:59,24,Thu,ID Missing,ID Missing,Ambulatory,NRSG 676 MN - Care Transitions Practicum,Other (see comments),Archived (Completed)
403844,Emory University - SON Pre-licensure,"Emory Offsite locations - The Emory Clinic, Ambulatory Surgery Centers and the Emory Specialty Assocs",Nursing,Precepted Rotation,1,1,10725,6/26/23,7/31/23,0:00,23:59,24,Thu,ID Missing,ID Missing,Ambulatory,NRSG 676 MN - Care Transitions Practicum,Other (see comments),Archived (Completed)
403846,Emory University - SON Pre-licensure,"Emory Offsite locations - The Emory Clinic, Ambulatory Surgery Centers and the Emory Specialty Assocs",Nursing,Precepted Rotation,1,1,11194,6/26/23,7/31/23,0:00,23:59,24,Thu,ID Missing,ID Missing,Ambulatory,NRSG 676 MN - Care Transitions Practicum,Other (see comments),Archived (Completed)
403848,Emory University - SON Pre-licensure,"Emory Offsite locations - The Emory Clinic, Ambulatory Surgery Centers and the Emory Specialty Assocs",Nursing,Precepted Rotation,1,1,10576,6/26/23,7/31/23,0:00,23:59,24,Thu,ID Missing,ID Missing,Ambulatory,NRSG 676 MN - Care Transitions Practicum,Other (see comments),Archived (Completed)
403904,Emory University - SON Pre-licensure,"Emory Offsite locations - The Emory Clinic, Ambulatory Surgery Centers and the Emory Specialty Assocs",Nursing,Precepted Rotation,1,1,10660,6/26/23,7/31/23,0:00,23:59,24,Thu,ID Missing,ID Missing,Ambulatory,NRSG 676 MN - Care Transitions Practicum,Other (see comments),Archived (Completed)
403905,Emory University - SON Pre-licensure,"Emory Offsite locations - The Emory Clinic, Ambulatory Surgery Centers and the Emory Specialty Assocs",Nursing,Precepted Rotation,1,1,10668,6/26/23,7/31/23,0:00,23:59,24,Thu,ID Missing,ID Missing,Ambulatory,NRSG 676 MN - Care Transitions Practicum,Other (see comments),Archived (Completed)
403908,Emory University - SON Pre-licensure,"Emory Offsite locations - The Emory Clinic, Ambulatory Surgery Centers and the Emory Specialty Assocs",Nursing,Precepted Rotation,1,1,10669,6/26/23,7/31/23,0:00,23:59,24,Thu,ID Missing,ID Missing,Ambulatory,NRSG 676 MN - Care Transitions Practicum,Other (see comments),Archived (Completed)
403909,Emory University - SON Pre-licensure,"Emory Offsite locations - The Emory Clinic, Ambulatory Surgery Centers and the Emory Specialty Assocs",Nursing,Precepted Rotation,1,1,10731,6/26/23,7/31/23,0:00,23:59,24,Thu,ID Missing,ID Missing,Ambulatory,NRSG 676 MN - Care Transitions Practicum,Other (see comments),Archived (Completed)
403912,Emory University - SON Pre-licensure,"Emory Offsite locations - The Emory Clinic, Ambulatory Surgery Centers and the Emory Specialty Assocs",Nursing,Precepted Rotation,1,1,10575,6/26/23,7/31/23,0:00,23:59,24,Thu,ID Missing,ID Missing,Ambulatory,NRSG 676 MN - Care Transitions Practicum,Other (see comments),Archived (Completed)
403914,Emory University - SON Pre-licensure,"Emory Offsite locations - The Emory Clinic, Ambulatory Surgery Centers and the Emory Specialty Assocs",Nursing,Precepted Rotation,1,1,10627,6/26/23,7/31/23,0:00,23:59,24,Thu,ID Missing,ID Missing,Ambulatory,NRSG 676 MN - Care Transitions Practicum,Other (see comments),Archived (Completed)
403915,Emory University - SON Pre-licensure,"Emory Offsite locations - The Emory Clinic, Ambulatory Surgery Centers and the Emory Specialty Assocs",Nursing,Precepted Rotation,1,1,10647,6/26/23,7/31/23,0:00,23:59,24,Thu,ID Missing,ID Missing,Ambulatory,NRSG 676 MN - Care Transitions Practicum,Other (see comments),Archived (Completed)
403916,Emory University - SON Pre-licensure,"Emory Offsite locations - The Emory Clinic, Ambulatory Surgery Centers and the Emory Specialty Assocs",Nursing,Precepted Rotation,1,1,10546,6/26/23,7/31/23,0:00,23:59,24,Fri,ID Missing,ID Missing,Ambulatory,NRSG 676 MN - Care Transitions Practicum,Other (see comments),Archived (Completed)
403918,Emory University - SON Pre-licensure,"Emory Offsite locations - The Emory Clinic, Ambulatory Surgery Centers and the Emory Specialty Assocs",Nursing,Precepted Rotation,1,1,11269,6/26/23,7/31/23,0:00,23:59,24,Fri,ID Missing,ID Missing,Ambulatory,NRSG 676 MN - Care Transitions Practicum,Other (see comments),Archived (Completed)
403919,Emory University - SON Pre-licensure,"Emory Offsite locations - The Emory Clinic, Ambulatory Surgery Centers and the Emory Specialty Assocs",Nursing,Precepted Rotation,1,1,10568,6/26/23,7/31/23,0:00,23:59,24,Fri,ID Missing,ID Missing,Ambulatory,NRSG 676 MN - Care Transitions Practicum,Other (see comments),Archived (Completed)
403920,Emory University - SON Pre-licensure,"Emory Offsite locations - The Emory Clinic, Ambulatory Surgery Centers and the Emory Specialty Assocs",Nursing,Precepted Rotation,1,1,10648,6/26/23,7/31/23,0:00,23:59,24,Fri,ID Missing,ID Missing,Ambulatory,NRSG 676 MN - Care Transitions Practicum,Other (see comments),Archived (Completed)
403922,Emory University - SON Pre-licensure,"Emory Offsite locations - The Emory Clinic, Ambulatory Surgery Centers and the Emory Specialty Assocs",Nursing,Precepted Rotation,1,1,10626,6/26/23,7/31/23,0:00,23:59,24,Fri,ID Missing,ID Missing,Ambulatory,NRSG 676 MN - Care Transitions Practicum,Other (see comments),Archived (Completed)
403923,Emory University - SON Pre-licensure,"Emory Offsite locations - The Emory Clinic, Ambulatory Surgery Centers and the Emory Specialty Assocs",Nursing,Precepted Rotation,1,1,10663,6/26/23,7/31/23,0:00,23:59,24,Fri,ID Missing,ID Missing,Ambulatory,NRSG 676 MN - Care Transitions Practicum,Other (see comments),Archived (Completed)
403925,Emory University - SON Pre-licensure,"Emory Offsite locations - The Emory Clinic, Ambulatory Surgery Centers and the Emory Specialty Assocs",Nursing,Precepted Rotation,1,1,11192,6/26/23,7/31/23,0:00,23:59,24,Fri,ID Missing,ID Missing,Ambulatory,NRSG 676 MN - Care Transitions Practicum,Other (see comments),Archived (Completed)
403926,Emory University - SON Pre-licensure,"Emory Offsite locations - The Emory Clinic, Ambulatory Surgery Centers and the Emory Specialty Assocs",Nursing,Precepted Rotation,1,1,10727,6/26/23,7/31/23,0:00,23:59,24,Fri,ID Missing,ID Missing,Ambulatory,NRSG 676 MN - Care Transitions Practicum,Other (see comments),Archived (Completed)
403927,Emory University - SON Pre-licensure,"Emory Offsite locations - The Emory Clinic, Ambulatory Surgery Centers and the Emory Specialty Assocs",Nursing,Precepted Rotation,1,1,11191,6/26/23,7/31/23,0:00,23:59,24,Fri,ID Missing,ID Missing,Ambulatory,NRSG 676 MN - Care Transitions Practicum,Other (see comments),Archived (Completed)
403928,Emory University - SON Pre-licensure,"Emory Offsite locations - The Emory Clinic, Ambulatory Surgery Centers and the Emory Specialty Assocs",Nursing,Precepted Rotation,1,1,10761,6/26/23,7/31/23,0:00,23:59,24,Fri,ID Missing,ID Missing,Ambulatory,NRSG 676 MN - Care Transitions Practicum,Other (see comments),Archived (Completed)
403929,Emory University - SON Pre-licensure,"Emory Offsite locations - The Emory Clinic, Ambulatory Surgery Centers and the Emory Specialty Assocs",Nursing,Precepted Rotation,1,1,10538,6/26/23,7/31/23,0:00,23:59,24,"Mon, Thu",ID Missing,ID Missing,Ambulatory,NRSG 676 MN - Care Transitions Practicum,Other (see comments),Archived (Completed)
403930,Emory University - SON Pre-licensure,"Emory Offsite locations - The Emory Clinic, Ambulatory Surgery Centers and the Emory Specialty Assocs",Nursing,Precepted Rotation,1,1,10642,6/26/23,7/31/23,0:00,23:59,24,"Mon, Thu",ID Missing,ID Missing,Ambulatory,NRSG 676 MN - Care Transitions Practicum,Other (see comments),Archived (Completed)
403931,Emory University - SON Pre-licensure,"Emory Offsite locations - The Emory Clinic, Ambulatory Surgery Centers and the Emory Specialty Assocs",Nursing,Precepted Rotation,1,1,10670,6/26/23,7/31/23,0:00,23:59,24,"Mon, Thu",ID Missing,ID Missing,Ambulatory,NRSG 676 MN - Care Transitions Practicum,Other (see comments),Archived (Completed)
403932,Emory University - SON Pre-licensure,"Emory Offsite locations - The Emory Clinic, Ambulatory Surgery Centers and the Emory Specialty Assocs",Nursing,Precepted Rotation,1,1,10572,6/26/23,7/31/23,0:00,23:59,24,"Mon, Thu",ID Missing,ID Missing,Ambulatory,NRSG 676 MN - Care Transitions Practicum,Other (see comments),Archived (Completed)
403933,Emory University - SON Pre-licensure,"Emory Offsite locations - The Emory Clinic, Ambulatory Surgery Centers and the Emory Specialty Assocs",Nursing,Precepted Rotation,1,1,11270,6/26/23,7/31/23,0:00,23:59,24,"Mon, Thu",ID Missing,ID Missing,Ambulatory,NRSG 676 MN - Care Transitions Practicum,Other (see comments),Archived (Completed)
403934,Emory University - SON Pre-licensure,"Emory Offsite locations - The Emory Clinic, Ambulatory Surgery Centers and the Emory Specialty Assocs",Nursing,Precepted Rotation,1,1,10551,6/26/23,7/31/23,0:00,23:59,24,"Mon, Thu",ID Missing,ID Missing,Ambulatory,NRSG 676 MN - Care Transitions Practicum,Other (see comments),Archived (Completed)
403935,Emory University - SON Pre-licensure,"Emory Offsite locations - The Emory Clinic, Ambulatory Surgery Centers and the Emory Specialty Assocs",Nursing,Precepted Rotation,1,1,10552,6/26/23,7/31/23,0:00,23:59,24,"Mon, Thu",ID Missing,ID Missing,Ambulatory,NRSG 676 MN - Care Transitions Practicum,Other (see comments),Archived (Completed)
403936,Emory University - SON Pre-licensure,"Emory Offsite locations - The Emory Clinic, Ambulatory Surgery Centers and the Emory Specialty Assocs",Nursing,Precepted Rotation,1,1,10729,6/26/23,7/31/23,0:00,23:59,24,"Mon, Thu",ID Missing,ID Missing,Ambulatory,NRSG 676 MN - Care Transitions Practicum,Other (see comments),Archived (Completed)
403937,Emory University - SON Pre-licensure,"Emory Offsite locations - The Emory Clinic, Ambulatory Surgery Centers and the Emory Specialty Assocs",Nursing,Precepted Rotation,1,1,10666,6/26/23,7/31/23,0:00,23:59,24,"Mon, Thu",ID Missing,ID Missing,Ambulatory,NRSG 676 MN - Care Transitions Practicum,Other (see comments),Archived (Completed)
403939,Emory University - SON Pre-licensure,"Emory Offsite locations - The Emory Clinic, Ambulatory Surgery Centers and the Emory Specialty Assocs",Nursing,Precepted Rotation,1,1,10665,6/26/23,7/31/23,0:00,23:59,24,"Mon, Thu",ID Missing,ID Missing,Ambulatory,NRSG 676 MN - Care Transitions Practicum,Other (see comments),Archived (Completed)
403940,Emory University - SON Pre-licensure,"Emory Offsite locations - The Emory Clinic, Ambulatory Surgery Centers and the Emory Specialty Assocs",Nursing,Precepted Rotation,1,1,10557,6/26/23,7/31/23,0:00,23:59,24,"Mon, Thu",ID Missing,ID Missing,Ambulatory,NRSG 676 MN - Care Transitions Practicum,Other (see comments),Archived (Completed)
404074,Emory University - SON Pre-licensure,"Emory Offsite locations - The Emory Clinic, Ambulatory Surgery Centers and the Emory Specialty Assocs",Nursing,Precepted Rotation,1,1,10541,6/26/23,7/31/23,0:00,23:59,24,"Mon, Thu",ID Missing,ID Missing,Ambulatory,NRSG 676 MN - Care Transitions Practicum,Other (see comments),Archived (Completed)
404077,Emory University - SON Pre-licensure,"Emory Offsite locations - The Emory Clinic, Ambulatory Surgery Centers and the Emory Specialty Assocs",Nursing,Precepted Rotation,1,1,11214,6/26/23,7/31/23,0:00,23:59,24,"Mon, Thu",ID Missing,ID Missing,Ambulatory,NRSG 676 MN - Care Transitions Practicum,Other (see comments),Archived (Completed)
404085,Emory University - SON Pre-licensure,"Emory Offsite locations - The Emory Clinic, Ambulatory Surgery Centers and the Emory Specialty Assocs",Nursing,Precepted Rotation,1,1,10650,6/26/23,7/31/23,0:00,23:59,24,"Mon, Thu",ID Missing,ID Missing,Ambulatory,NRSG 676 MN - Care Transitions Practicum,Other (see comments),Archived (Completed)
404087,Emory University - SON Pre-licensure,"Emory Offsite locations - The Emory Clinic, Ambulatory Surgery Centers and the Emory Specialty Assocs",Nursing,Precepted Rotation,1,1,10565,6/26/23,7/31/23,0:00,23:59,24,"Mon, Thu","ID Missing, ID Missing",ID Missing,Ambulatory,NRSG 676 MN - Care Transitions Practicum,Other (see comments),Archived (Completed)
404098,Emory University - SON Pre-licensure,"Emory Offsite locations - The Emory Clinic, Ambulatory Surgery Centers and the Emory Specialty Assocs",Nursing,Precepted Rotation,1,1,10566,6/26/23,7/31/23,0:00,23:59,24,"Mon, Thu",ID Missing,ID Missing,Ambulatory,NRSG 676 MN - Care Transitions Practicum,Other (see comments),Archived (Completed)
404100,Emory University - SON Pre-licensure,"Emory Offsite locations - The Emory Clinic, Ambulatory Surgery Centers and the Emory Specialty Assocs",Nursing,Precepted Rotation,1,1,10570,6/26/23,7/31/23,0:00,23:59,24,"Mon, Thu",ID Missing,ID Missing,Ambulatory,NRSG 676 MN - Care Transitions Practicum,Other (see comments),Archived (Completed)
404105,Emory University - SON Pre-licensure,"Emory Offsite locations - The Emory Clinic, Ambulatory Surgery Centers and the Emory Specialty Assocs",Nursing,Precepted Rotation,1,1,10662,6/26/23,7/31/23,0:00,23:59,24,"Mon, Thu",ID Missing,ID Missing,Ambulatory,NRSG 676 MN - Care Transitions Practicum,Other (see comments),Archived (Completed)
404109,Emory University - SON Pre-licensure,"Emory Offsite locations - The Emory Clinic, Ambulatory Surgery Centers and the Emory Specialty Assocs",Nursing,Precepted Rotation,1,1,10652,6/26/23,7/31/23,0:00,23:59,24,"Mon, Thu",ID Missing,ID Missing,Ambulatory,NRSG 676 MN - Care Transitions Practicum,Other (see comments),Archived (Completed)
404111,Emory University - SON Pre-licensure,"Emory Offsite locations - The Emory Clinic, Ambulatory Surgery Centers and the Emory Specialty Assocs",Nursing,Precepted Rotation,1,1,11271,6/26/23,7/31/23,0:00,23:59,24,"Mon, Thu",ID Missing,ID Missing,Ambulatory,NRSG 676 MN - Care Transitions Practicum,Other (see comments),Archived (Completed)
404112,Emory University - SON Pre-licensure,"Emory Offsite locations - The Emory Clinic, Ambulatory Surgery Centers and the Emory Specialty Assocs",Nursing,Precepted Rotation,1,1,10550,6/26/23,7/31/23,0:00,23:59,24,"Thu, Fri",ID Missing,ID Missing,Ambulatory,NRSG 676 MN - Care Transitions Practicum,Other (see comments),Archived (Completed)
404114,Emory University - SON Pre-licensure,"Emory Offsite locations - The Emory Clinic, Ambulatory Surgery Centers and the Emory Specialty Assocs",Nursing,Precepted Rotation,1,1,11272,6/26/23,7/31/23,0:00,23:59,24,"Thu, Fri",ID Missing,ID Missing,Ambulatory,NRSG 676 MN - Care Transitions Practicum,Other (see comments),Archived (Completed)
404116,Emory University - SON Pre-licensure,"Emory Offsite locations - The Emory Clinic, Ambulatory Surgery Centers and the Emory Specialty Assocs",Nursing,Precepted Rotation,1,1,10667,6/26/23,7/31/23,0:00,23:59,24,"Thu, Fri",ID Missing,ID Missing,Ambulatory,NRSG 676 MN - Care Transitions Practicum,Other (see comments),Archived (Completed)
404119,Emory University - SON Pre-licensure,"Emory Offsite locations - The Emory Clinic, Ambulatory Surgery Centers and the Emory Specialty Assocs",Nursing,Precepted Rotation,1,1,10543,6/26/23,7/31/23,0:00,23:59,24,"Thu, Fri",ID Missing,ID Missing,Ambulatory,NRSG 676 MN - Care Transitions Practicum,Other (see comments),Archived (Completed)
404121,Emory University - SON Pre-licensure,"Emory Offsite locations - The Emory Clinic, Ambulatory Surgery Centers and the Emory Specialty Assocs",Nursing,Precepted Rotation,1,1,11201,6/26/23,7/31/23,0:00,23:59,24,"Thu, Fri",ID Missing,ID Missing,Ambulatory,NRSG 676 MN - Care Transitions Practicum,Other (see comments),Archived (Completed)
404122,Emory University - SON Pre-licensure,"Emory Offsite locations - The Emory Clinic, Ambulatory Surgery Centers and the Emory Specialty Assocs",Nursing,Precepted Rotation,1,1,10638,6/26/23,7/31/23,0:00,23:59,24,"Thu, Fri",ID Missing,ID Missing,Ambulatory,NRSG 676 MN - Care Transitions Practicum,Other (see comments),Archived (Completed)
404124,Emory University - SON Pre-licensure,"Emory Offsite locations - The Emory Clinic, Ambulatory Surgery Centers and the Emory Specialty Assocs",Nursing,Precepted Rotation,1,1,10632,6/26/23,7/31/23,0:00,23:59,24,"Thu, Fri",ID Missing,ID Missing,Ambulatory,NRSG 676 MN - Care Transitions Practicum,Other (see comments),Archived (Completed)
404125,Emory University - SON Pre-licensure,"Emory Offsite locations - The Emory Clinic, Ambulatory Surgery Centers and the Emory Specialty Assocs",Nursing,Precepted Rotation,1,1,11202,6/26/23,7/31/23,0:00,23:59,24,"Thu, Fri",ID Missing,ID Missing,Ambulatory,NRSG 676 MN - Care Transitions Practicum,Other (see comments),Archived (Completed)
404319,Columbus State University - Nursing,Emory University Hospital Midtown,Nursing,Precepted Rotation,1,1,11273,10/10/23,11/30/23,0:00,23:59,45,,ID Missing,ID Missing,MedSurg - Acute Care,4698 - Senior Project RN,61: Med-Surg,Archived (Completed)
404356,Emory University - SON Pre-licensure,Emory Hillandale Hospital,Nursing,Cohort Rotation,7,7,"11000, 11047, 11048, 11062, 11111, 11066, 11123",8/22/23,10/3/23,7:00,19:00,60,Tue,ID Missing,No Preceptor Assigned,Other (see comments),NRSG 391 - Adult and Geriatric Practicum,4th floor - telemetry,Archived (Completed)
404357,Emory University - SON Pre-licensure,Emory Saint Joseph's Hospital,Nursing,Cohort Rotation,7,7,"11082, 11091, 11129, 11021, 11026, 11125, 10998",8/22/23,10/3/23,7:00,19:00,60,Tue,ID Missing,No Preceptor Assigned,Other (see comments),NRSG 391 - Adult and Geriatric Practicum,4W,Archived (Completed)
404358,Emory University - SON Pre-licensure,Emory University Hospital,Nursing,Cohort Rotation,7,7,"11078, 11036, 11079, 11107, 11017, 11113, 11011",8/22/23,10/3/23,7:00,19:00,60,Tue,ID Missing,No Preceptor Assigned,Other (see comments),NRSG 391 - Adult and Geriatric Practicum,6E: CV Stepdown/Heart Transplant,Archived (Completed)
404359,Emory University - SON Pre-licensure,Emory University Hospital Midtown,Nursing,Cohort Rotation,7,7,"11094, 11108, 11065, 11112, 11018, 11085, 11050",8/22/23,10/3/23,7:00,19:00,60,Tue,ID Missing,No Preceptor Assigned,Other (see comments),NRSG 391 - Adult and Geriatric Practicum,51: Med-Surg,Archived (Completed)
404363,Emory University - SON Pre-licensure,Emory Johns Creek Hospital,Nursing,Cohort Rotation,7,7,"11067, 11114, 11087, 11032, 11043, 11099, 11080",8/23/23,10/11/23,7:00,19:00,60,Wed,ID Missing,No Preceptor Assigned,Other (see comments),NRSG 391 - Adult and Geriatric Practicum,4th floor: med-surg,Archived (Completed)
404364,Emory University - SON Pre-licensure,Emory Saint Joseph's Hospital,Nursing,Cohort Rotation,7,7,"11061, 11045, 11024, 11002, 11126, 11041, 11075",8/23/23,10/11/23,7:00,19:00,60,Wed,ID Missing,No Preceptor Assigned,Other (see comments),NRSG 391 - Adult and Geriatric Practicum,3W,Archived (Completed)
404365,Emory University - SON Pre-licensure,Emory University Hospital,Nursing,Cohort Rotation,7,7,"11019, 11029, 11086, 11120, 11030, 11042, 11088",8/23/23,10/11/23,7:00,19:00,60,Wed,ID Missing,No Preceptor Assigned,Other (see comments),NRSG 391 - Adult and Geriatric Practicum,7T: Surgical,Archived (Completed)
404367,Emory University - SON Pre-licensure,Emory Johns Creek Hospital,Nursing,Cohort Rotation,4,7,"11068, 11071, 11069, 10418",8/26/23,10/14/23,7:00,19:00,60,Sat,ID Missing,No Preceptor Assigned,Other (see comments),NRSG 391 - Adult and Geriatric Practicum,6W oncology,Archived (Completed)
404368,Emory University - SON Pre-licensure,Emory University Hospital,Nursing,Cohort Rotation,6,7,"11009, 11116, 11130, 11090, 10499, 11119",8/26/23,10/14/23,7:00,19:00,60,Sat,"ID Missing, ID Missing",No Preceptor Assigned,Other (see comments),NRSG 391 - Adult and Geriatric Practicum,6E: CV Stepdown/Heart Transplant,Archived (Completed)
404369,Emory University - SON Pre-licensure,Emory University Hospital,Nursing,Cohort Rotation,4,7,"11058, 11095, 11098, 10389",8/26/23,10/14/23,7:00,19:00,60,Sat,ID Missing,No Preceptor Assigned,Other (see comments),NRSG 391 - Adult and Geriatric Practicum,7T: Surgical,Archived (Completed)
404395,Emory University - SON Pre-licensure,Emory Hillandale Hospital,Nursing,Cohort Rotation,6,7,"11013, 11046, 11092, 11057, 11110, 11121",10/17/23,12/5/23,7:00,19:00,60,Tue,ID Missing,No Preceptor Assigned,Other (see comments),NRSG 391 - Adult and Geriatric Practicum,4th floor - telemetry,Archived (Completed)
404396,Emory University - SON Pre-licensure,Emory Saint Joseph's Hospital,Nursing,Cohort Rotation,6,7,"11073, 11083, 11059, 11012, 11020, 11044",10/17/23,12/5/23,7:00,19:00,60,Tue,ID Missing,No Preceptor Assigned,Other (see comments),NRSG 391 - Adult and Geriatric Practicum,4W renal and urology,Archived (Completed)
404397,Emory University - SON Pre-licensure,Emory University Hospital,Nursing,Cohort Rotation,7,7,"10106, 11001, 10997, 11003, 10996, 11093, 11084",10/17/23,12/5/23,7:00,19:00,60,Tue,"ID Missing, ID Missing",No Preceptor Assigned,Perinatal - OB,NRSG 391 - Adult and Geriatric Practicum,6E: CV Stepdown/Heart Transplant,Archived (Completed)
404398,Emory University - SON Pre-licensure,Emory University Hospital Midtown,Nursing,Cohort Rotation,6,7,"11081, 11097, 11101, 11007, 11124, 11039",10/17/23,12/5/23,0:00,23:59,60,Tue,ID Missing,No Preceptor Assigned,Other (see comments),NRSG 391 - Adult and Geriatric Practicum,51: Med-Surg,Archived (Completed)
404399,Emory University - SON Pre-licensure,Emory Johns Creek Hospital,Nursing,Cohort Rotation,7,7,"11070, 11028, 11100, 11010, 11096, 11109, 10414",10/11/23,12/6/23,7:00,19:00,60,Wed,ID Missing,No Preceptor Assigned,Other (see comments),NRSG 391 - Adult and Geriatric Practicum,4th floor: med-surg,Archived (Completed)
404400,Emory University - SON Pre-licensure,Emory Saint Joseph's Hospital,Nursing,Cohort Rotation,7,7,"11076, 11072, 11034, 11274, 11035, 10345, 10337",10/11/23,12/6/23,7:00,19:00,60,Wed,ID Missing,No Preceptor Assigned,Other (see comments),NRSG 391 - Adult and Geriatric Practicum,3W cardiology,Archived (Completed)
404401,Emory University - SON Pre-licensure,Emory University Hospital,Nursing,Cohort Rotation,7,7,"10995, 11031, 11122, 11051, 11040, 11127, 11128",10/11/23,12/6/23,7:00,19:00,60,Wed,ID Missing,No Preceptor Assigned,Other (see comments),NRSG 391 - Adult and Geriatric Practicum,7T: Surgical,Archived (Completed)
404402,Emory University - SON Pre-licensure,Emory University Hospital Midtown,Nursing,Cohort Rotation,7,7,"11074, 11103, 11060, 11006, 11105, 11025, 11106",10/11/23,12/6/23,7:00,19:00,60,Wed,ID Missing,No Preceptor Assigned,Other (see comments),NRSG 391 - Adult and Geriatric Practicum,51: Med-Surg,Archived (Completed)
404408,Emory University - SON Pre-licensure,Emory Johns Creek Hospital,Nursing,Cohort Rotation,6,7,"11052, 11104, 11118, 11022, 11027, 10994",10/14/23,12/9/23,7:00,19:00,60,Sat,ID Missing,No Preceptor Assigned,Perinatal - OB,NRSG 391 - Adult and Geriatric Practicum,6W oncology/hospice,Archived (Completed)
404409,Emory University - SON Pre-licensure,Emory University Hospital,Nursing,Cohort Rotation,6,7,"11056, 11115, 11038, 11015, 11033, 11037",10/14/23,12/9/23,7:00,19:00,60,Sat,"ID Missing, ID Missing",No Preceptor Assigned,Other (see comments),NRSG 391 - Adult and Geriatric Practicum,6E: CV Stepdown/Heart Transplant,Archived (Completed)
404412,Emory University - SON Pre-licensure,Emory University Hospital,Nursing,Cohort Rotation,5,7,"11077, 11063, 11054, 11055, 10611",10/14/23,12/9/23,7:00,19:00,60,Sat,ID Missing,No Preceptor Assigned,Other (see comments),NRSG 391 - Adult and Geriatric Practicum,7T: Surgical,Archived (Completed)
404423,Emory University - SON Pre-licensure,Emory University Hospital Midtown,Nursing,Cohort Rotation,6,6,"10604, 10529, 10605, 10606, 10614, 10615",8/22/23,10/3/23,7:00,19:00,60,Tue,ID Missing,No Preceptor Assigned,Perinatal - OB,NRSG 392 - Maternity Practicum,42/54: Mother/Baby,Archived (Completed)
404424,Emory University - SON Pre-licensure,Emory University Hospital Midtown,Nursing,Cohort Rotation,5,6,"10357, 10386, 10406, 10359, 10403",8/23/23,10/11/23,7:00,19:00,60,Wed,2004,No Preceptor Assigned,Perinatal - OB,NRSG 392 - Maternity Practicum,42/54: Mother/Baby,Archived (Completed)
404427,Emory University - SON Pre-licensure,Emory University Hospital Midtown,Nursing,Cohort Rotation,6,6,"10523, 10616, 10519, 10601, 10525, 10517",10/17/23,12/5/23,7:00,19:00,60,Tue,"ID Missing, ID Missing",No Preceptor Assigned,Perinatal - OB,NRSG 392 - Maternity Practicum,42/54: Mother/Baby,Archived (Completed)
404429,Emory University - SON Pre-licensure,Emory University Hospital Midtown,Nursing,Cohort Rotation,4,6,"10536, 10408, 10374, 10384",10/18/23,12/6/23,7:00,19:00,60,Wed,2004,No Preceptor Assigned,Perinatal - OB,NRSG 392 - Maternity Practicum,42/54: Mother/Baby,Archived (Completed)
404971,Emory University - SON Pre-licensure,Emory University Hospital Midtown,Nursing,Cohort Rotation,6,8,"10365, 10370, 10400, 10371, 10419, 11132",8/21/23,10/2/23,7:00,19:00,60,Mon,ID Missing,No Preceptor Assigned,Perinatal - OB,NRSG 392 - Maternity Practicum,42/54: Mother/Baby,Archived (Completed)
404974,Emory University - SON Pre-licensure,Emory University Hospital Midtown,Nursing,Cohort Rotation,5,8,"10390, 10405, 10415, 10396, 10394",8/24/23,10/12/23,7:00,19:00,60,Thu,ID Missing,No Preceptor Assigned,Perinatal - OB,NRSG 392 - Maternity Practicum,42/54: Mother/Baby,Archived (Completed)
404975,Emory University - SON Pre-licensure,Emory University Hospital Midtown,Nursing,Cohort Rotation,4,8,"11275, 10522, 10526, 10607",8/26/23,10/14/23,7:00,19:00,60,Sat,ID Missing,No Preceptor Assigned,Perinatal - OB,NRSG 392 - Maternity Practicum,42/54: Mother/Baby,Archived (Completed)
404976,Emory University - SON Pre-licensure,Emory Decatur Hospital,Nursing,Cohort Rotation,5,6,"10377, 10381, 10387, 10388, 10410",8/21/23,10/2/23,7:00,19:00,60,Mon,ID Missing,No Preceptor Assigned,Perinatal - OB,NRSG 392 - Maternity Practicum,Mother/Baby,Archived (Completed)
404977,Emory University - SON Pre-licensure,Emory Decatur Hospital,Nursing,Cohort Rotation,5,6,"10383, 10367, 10356, 10368, 10373",8/23/23,10/4/23,7:00,19:00,60,Wed,ID Missing,No Preceptor Assigned,Perinatal - OB,NRSG 392 - Maternity Practicum,Mother/Baby,Archived (Completed)
404978,Emory University - SON Pre-licensure,Emory Decatur Hospital,Nursing,Cohort Rotation,5,6,"10409, 10395, 10382, 10411, 11131",8/24/23,10/12/23,7:00,19:00,60,Thu,ID Missing,No Preceptor Assigned,Perinatal - OB,NRSG 392 - Maternity Practicum,Mother/Baby,Archived (Completed)
404983,Emory University - SON Pre-licensure,Emory Johns Creek Hospital,Nursing,Cohort Rotation,4,6,"10398, 10357, 10361, 10369",8/23/23,10/11/23,7:00,19:00,60,Wed,ID Missing,No Preceptor Assigned,Perinatal - OB,NRSG 392 - Maternity Practicum,"Maternity: M/B, L&D, NICU",Archived (Completed)
404984,Emory University - SON,Emory Johns Creek Hospital,Nursing,Cohort Rotation,0,6,No Students Assigned,8/26/23,10/14/23,7:00,19:00,60,Sat,ID Missing,No Preceptor Assigned,Perinatal - OB,NRSG 392 - Maternity Practicum,"Maternity: M/B, L&D, NICU",Archived (Denied)
404986,Emory University - SON Pre-licensure,Emory University Hospital Midtown,Nursing,Cohort Rotation,6,8,"10399, 10416, 10401, 10413, 10376, 10463",10/16/23,12/4/23,7:00,19:00,60,Mon,ID Missing,No Preceptor Assigned,Perinatal - OB,NRSG 392 - Maternity Practicum,42/54: Mother/Baby,Archived (Completed)
404988,Emory University - SON Pre-licensure,Emory University Hospital Midtown,Nursing,Cohort Rotation,5,8,"10366, 10417, 10355, 10392, 10362",10/12/23,12/7/23,7:00,19:00,60,Thu,"ID Missing, ID Missing",No Preceptor Assigned,Perinatal - OB,NRSG 392 - Maternity Practicum,42/54: Mother/Baby,Archived (Completed)
404990,Emory University - SON Pre-licensure,Emory University Hospital Midtown,Nursing,Cohort Rotation,3,8,"11188, 10354, 10397",10/14/23,12/9/23,7:00,19:00,60,Sat,ID Missing,No Preceptor Assigned,Perinatal - OB,NRSG 392 - Maternity Practicum,42/54: Mother/Baby,Archived (Completed)
404992,Emory University - SON Pre-licensure,Emory Decatur Hospital,Nursing,Cohort Rotation,3,6,"10463, 10535, 10449",10/16/23,12/4/23,7:00,19:00,60,Mon,ID Missing,No Preceptor Assigned,Perinatal - OB,NRSG 392 - Maternity Practicum,Mother/Baby,Archived (Completed)
404993,Emory University - SON Pre-licensure,Emory Decatur Hospital,Nursing,Cohort Rotation,4,6,"10363, 10402, 10404, 10461",10/11/23,12/6/23,7:00,19:00,60,Wed,ID Missing,No Preceptor Assigned,Perinatal - OB,NRSG 392 - Maternity Practicum,Mother/Baby,Archived (Completed)
405004,Emory University - SON Pre-licensure,Emory Decatur Hospital,Nursing,Cohort Rotation,5,6,"10364, 10375, 10353, 10376, 10378",10/12/23,12/7/23,7:00,19:00,60,Thu,ID Missing,No Preceptor Assigned,Perinatal - OB,NRSG 392 - Maternity Practicum,Mother/Baby,Archived (Completed)
405014,Emory University - SON Pre-licensure,Emory Johns Creek Hospital,Nursing,Cohort Rotation,4,6,"10379, 10358, 10420, 10360",10/11/23,12/6/23,7:00,19:00,60,Wed,ID Missing,No Preceptor Assigned,Perinatal - OB,NRSG 392 - Maternity Practicum,"Maternity: M/B, L&D, NICU",Archived (Completed)
405019,Emory University - SON,Emory Johns Creek Hospital,Nursing,Cohort Rotation,0,6,No Students Assigned,10/14/23,12/9/23,7:00,19:00,60,Sat,ID Missing,No Preceptor Assigned,Perinatal - OB,NRSG 392 - Maternity Practicum,"Maternity: M/B, L&D, NICU",Archived (Denied)
405022,Emory University - SON Pre-licensure,Emory University Hospital at Wesley Woods,Nursing,Cohort Rotation,7,8,"11276, 10620, 10517, 10502, 10610, 10499, 10523",8/22/23,10/13/23,7:00,19:00,60,Tue,ID Missing,No Preceptor Assigned,Psychiatry; Mental Health; Behavioral Medicine,NRSG 393 - Mental Health Practicum,Inpatient Psych,Archived (Completed)
405024,Emory University - SON Pre-licensure,Emory University Hospital at Wesley Woods,Nursing,Cohort Rotation,7,8,"10516, 10609, 10519, 10525, 10518, 10493, 10513",8/26/23,10/14/23,7:00,19:00,60,Sat,ID Missing,No Preceptor Assigned,Psychiatry; Mental Health; Behavioral Medicine,NRSG 392 - Maternity Practicum,Inpatient Psych,Archived (Completed)
405030,Emory University - SON Pre-licensure,Emory Decatur Hospital,Nursing,Cohort Rotation,5,6,"10623, 10509, 11277, 10491, 10510",8/23/23,10/11/23,7:00,19:00,60,Wed,ID Missing,No Preceptor Assigned,Psychiatry; Mental Health; Behavioral Medicine,NRSG 393 - Mental Health Practicum,Behavioral Health (acute) - 1800,Archived (Completed)
405032,Emory University - SON Pre-licensure,Emory Decatur Hospital,Nursing,Cohort Rotation,2,6,"10500, 10501",8/27/23,10/15/23,7:00,19:00,60,Sun,ID Missing,No Preceptor Assigned,Psychiatry; Mental Health; Behavioral Medicine,NRSG 393 - Mental Health Practicum,Behavioral Health (acute) - 1800,Archived (Completed)
405036,Emory University - SON Pre-licensure,Emory University Hospital At Wesley Woods,Nursing,Cohort Rotation,6,6,"10604, 10529, 10506, 10614, 10527, 10522",10/17/23,12/5/23,7:00,19:00,60,Tue,ID Missing,No Preceptor Assigned,Psychiatry; Mental Health; Behavioral Medicine,NRSG 393 - Mental Health Practicum,Inpatient Psych,Archived (Completed)
405039,Emory University - SON Pre-licensure,Emory University Hospital At Wesley Woods,Nursing,Cohort Rotation,3,6,"10494, 10606, 10615",10/14/23,12/9/23,7:00,19:00,60,Sat,ID Missing,No Preceptor Assigned,Psychiatry; Mental Health; Behavioral Medicine,NRSG 393 - Mental Health Practicum,Inpatient Psych,Archived (Completed)
405042,Emory University - SON Pre-licensure,Emory Decatur Hospital,Nursing,Cohort Rotation,6,6,"10611, 10496, 10507, 10345, 10618, 10526",10/11/23,12/6/23,7:00,19:00,60,Wed,ID Missing,No Preceptor Assigned,Psychiatry; Mental Health; Behavioral Medicine,NRSG 393 - Mental Health Practicum,Behavioral Health (acute) - 1800,Archived (Completed)
405045,Emory University - SON Pre-licensure,Emory Decatur Hospital,Nursing,Cohort Rotation,5,6,"10524, 10487, 10528, 10621, 10508",10/22/23,12/10/23,7:00,19:00,60,Sun,ID Missing,No Preceptor Assigned,Psychiatry; Mental Health; Behavioral Medicine,NRSG 393 - Mental Health Practicum,Behavioral Health (acute) - 1800,Archived (Completed)
405055,Emory University - SON Pre-licensure,Emory University Hospital at Wesley Woods,Nursing,Cohort Rotation,5,8,"10106, 11001, 11038, 11015, 11033",8/23/23,10/4/23,7:00,19:00,60,Wed,ID Missing,No Preceptor Assigned,Psychiatry; Mental Health; Behavioral Medicine,NRSG 393 - Mental Health Practicum,Inpatient Psych,Archived (Completed)
405069,Emory University - SON Pre-licensure,Emory University Hospital at Wesley Woods,Nursing,Cohort Rotation,4,8,"11023, 11127, 11128, 11056",8/27/23,10/15/23,7:00,19:00,60,Sun,ID Missing,No Preceptor Assigned,Psychiatry; Mental Health; Behavioral Medicine,NRSG 393 - Mental Health Practicum,Inpatient Psych,Archived (Completed)
405078,Emory University - SON Pre-licensure,Emory Decatur Hospital,Nursing,Cohort Rotation,6,6,"11052, 11104, 11118, 11022, 11027, 10994",8/22/23,10/3/23,7:00,19:00,60,Tue,ID Missing,No Preceptor Assigned,Psychiatry; Mental Health; Behavioral Medicine,NRSG 393 - Mental Health Practicum,Behavioral Health (acute) - 1800,Archived (Completed)
405089,Emory University - SON Pre-licensure,Emory Decatur Hospital,Nursing,Cohort Rotation,6,6,"11074, 11103, 11059, 11060, 11006, 10463",8/26/23,10/14/23,7:00,19:00,60,Sat,ID Missing,No Preceptor Assigned,Psychiatry; Mental Health; Behavioral Medicine,NRSG 393 - Mental Health Practicum,Behavioral Health (acute) - 1800,Archived (Completed)
405096,Emory University - SON Pre-licensure,Emory University Hospital At Wesley Woods,Nursing,Cohort Rotation,8,8,"11000, 11082, 11047, 11048, 11062, 11078, 10393, 11129",10/18/23,12/6/23,7:00,19:00,60,Wed,ID Missing,No Preceptor Assigned,Psychiatry; Mental Health; Behavioral Medicine,NRSG 393 - Mental Health Practicum,Inpatient Psych,Archived (Completed)
405100,Emory University - SON Pre-licensure,Emory University Hospital At Wesley Woods,Nursing,Cohort Rotation,5,8,"11053, 11064, 11016, 11065, 11123",10/22/23,12/10/23,7:00,19:00,60,Sun,ID Missing,No Preceptor Assigned,Psychiatry; Mental Health; Behavioral Medicine,NRSG 393 - Mental Health Practicum,Inpatient Psych,Archived (Completed)
405101,Emory University - SON Pre-licensure,Emory Decatur Hospital,Nursing,Cohort Rotation,6,6,"11061, 11099, 11045, 11024, 11002, 11069",10/17/23,12/5/23,7:00,19:00,60,Tue,ID Missing,No Preceptor Assigned,Psychiatry; Mental Health; Behavioral Medicine,NRSG 393 - Mental Health Practicum,Behavioral Health (acute) - 1800,Archived (Completed)
405103,Emory University - SON Pre-licensure,Emory Decatur Hospital,Nursing,Cohort Rotation,5,6,"11120, 11041, 10998, 11036, 11066",10/14/23,12/9/23,7:00,19:00,60,Sat,ID Missing,No Preceptor Assigned,Psychiatry; Mental Health; Behavioral Medicine,NRSG 393 - Mental Health Practicum,Behavioral Health (acute) - 1800,Archived (Completed)
405500,Emory University - SON Pre-licensure,Emory Decatur Hospital,Nursing,Cohort Rotation,8,8,"11278, 11279, 11280, 11281, 11282, 11283, 11284, 11285",9/20/23,12/6/23,7:00,19:00,60,Wed,ID Missing,No Preceptor Assigned,Fundamentals,527 MN - Foundation of Nursing Practice,Cardiac Telemetry - 2400,Archived (Completed)
405501,Emory University - SON,Emory University Orthopaedics and Spine Hospital,Nursing,Cohort Rotation,0,8,No Students Assigned,9/20/23,12/6/23,7:00,19:00,60,Wed,ID Missing,No Preceptor Assigned,Fundamentals,527 MN - Foundation of Nursing Practice,-no preference-,Archived (Withdrawn)
405502,Emory University - SON Pre-licensure,Emory University Hospital,Nursing,Cohort Rotation,6,8,"11286, 11287, 11288, 11289, 11290, 11291",9/20/23,12/6/23,7:00,19:00,60,Wed,ID Missing,No Preceptor Assigned,Fundamentals,527 MN - Foundation of Nursing Practice,3G: Neurosciences,Archived (Completed)
405503,Emory University - SON Pre-licensure,Emory University Hospital,Nursing,Cohort Rotation,8,8,"11292, 11293, 11294, 11295, 11296, 11297, 11286, 11287",9/20/23,12/6/23,7:00,19:00,60,Wed,ID Missing,No Preceptor Assigned,Fundamentals,527 MN - Foundation of Nursing Practice,6G: Medical,Archived (Completed)
405506,Emory University - SON Pre-licensure,Emory University Hospital,Nursing,Cohort Rotation,8,8,"11298, 11299, 11300, 11301, 11302, 11303, 11288, 11289",9/20/23,12/6/23,7:00,19:00,60,Wed,ID Missing,No Preceptor Assigned,Perinatal - OB,527 MN - Foundation of Nursing Practice,9E: Neuroscience,Archived (Completed)
405507,Emory University - SON Pre-licensure,Emory University Hospital Midtown,Nursing,Cohort Rotation,8,8,"11304, 11305, 11306, 11307, 11308, 11309, 11290, 11291",9/20/23,12/6/23,7:00,19:00,60,Wed,ID Missing,No Preceptor Assigned,Fundamentals,527 MN - Foundation of Nursing Practice,21: General Surgery,Archived (Completed)
405508,Emory University - SON,Emory University Hospital Midtown,Nursing,Cohort Rotation,0,8,No Students Assigned,9/20/23,12/6/23,7:00,19:00,60,Wed,ID Missing,No Preceptor Assigned,Fundamentals,527 MN - Foundation of Nursing Practice,62: Renal,Archived (Denied)
405509,Emory University - SON Pre-licensure,Emory Saint Joseph's Hospital,Nursing,Cohort Rotation,7,8,"11310, 11311, 11312, 11313, 11314, 11315, 11316",9/20/23,12/6/23,7:00,19:00,60,Wed,ID Missing,No Preceptor Assigned,Fundamentals,527 MN - Foundation of Nursing Practice,3S GI surgery,Archived (Completed)
405511,Emory University - SON Pre-licensure,Emory Saint Joseph's Hospital,Nursing,Cohort Rotation,5,8,"11317, 11318, 11319, 11320, 11321",9/20/23,12/6/23,7:00,19:00,60,Wed,ID Missing,No Preceptor Assigned,Fundamentals,527 MN - Foundation of Nursing Practice,5W internal medicine,Archived (Completed)
405514,Emory University - SON,Emory Saint Joseph's Hospital,Nursing,Cohort Rotation,0,8,No Students Assigned,9/20/23,12/6/23,7:00,19:00,60,Wed,ID Missing,No Preceptor Assigned,Fundamentals,527 MN - Foundation of Nursing Practice,4S,Archived (Withdrawn)
405516,Emory University - SON Pre-licensure,Emory Decatur Hospital,Nursing,Cohort Rotation,7,8,"11322, 11323, 11324, 11325, 11326, 11327, 11328",9/22/23,12/8/23,7:00,19:00,60,Fri,ID Missing,No Preceptor Assigned,Fundamentals,527 MN - Foundation of Nursing Practice,Cardiac Telemetry - 2400,Archived (Completed)
405517,Emory University - SON Pre-licensure,Emory Decatur Hospital,Nursing,Cohort Rotation,8,8,"11329, 11330, 11331, 11332, 11333, 11334, 11335, 11336",9/22/23,12/8/23,7:00,19:00,60,Fri,"ID Missing, ID Missing",No Preceptor Assigned,Fundamentals,527 MN - Foundation of Nursing Practice,Surgical Oncology - 4200,Archived (Completed)
405518,Emory University - SON Pre-licensure,Emory Decatur Hospital,Nursing,Cohort Rotation,7,8,"11337, 11338, 11339, 11340, 11341, 11342, 11343",9/22/23,12/8/23,7:00,23:59,60,Fri,ID Missing,No Preceptor Assigned,Fundamentals,527 MN - Foundation of Nursing Practice,Stroke Telemetry - 4400,Archived (Completed)
405519,Emory University - SON,Emory University Orthopaedics and Spine Hospital,Nursing,Cohort Rotation,0,8,No Students Assigned,9/22/23,12/8/23,7:00,19:00,60,Fri,ID Missing,No Preceptor Assigned,Fundamentals,527 MN - Foundation of Nursing Practice,2-4 floors: Orthopaedics,Archived (Denied)
405521,Emory University - SON Pre-licensure,Emory University Hospital,Nursing,Cohort Rotation,8,8,"11344, 11345, 11346, 11347, 11348, 11349, 11350, 11351",9/22/23,12/8/23,7:00,19:00,60,Fri,ID Missing,No Preceptor Assigned,Fundamentals,527 MN - Foundation of Nursing Practice,6T: Transplant,Archived (Completed)
405522,Emory University - SON Pre-licensure,Emory University Hospital Midtown,Nursing,Cohort Rotation,8,8,"11352, 11353, 11354, 11355, 11356, 11357, 11358, 11359",9/22/23,12/8/23,7:00,19:00,60,Fri,ID Missing,No Preceptor Assigned,Fundamentals,527 MN - Foundation of Nursing Practice,21: General Surgery,Archived (Completed)
405523,Emory University - SON Pre-licensure,Emory University Hospital Midtown,Nursing,Cohort Rotation,8,8,"11360, 11361, 11362, 11363, 11364, 11365, 11366, 11367",9/22/23,12/8/23,7:00,19:00,60,Fri,"2004, ID Missing",No Preceptor Assigned,Fundamentals,527 MN - Foundation of Nursing Practice,41: Med Cardiology,Archived (Completed)
405524,Emory University - SON,Emory University Hospital Midtown,Nursing,Cohort Rotation,0,8,No Students Assigned,9/22/23,12/8/23,7:00,19:00,60,Fri,ID Missing,No Preceptor Assigned,Fundamentals,527 MN - Foundation of Nursing Practice,72: Med/Surg,Archived (Denied)
405525,Emory University - SON Pre-licensure,Emory Johns Creek Hospital,Nursing,Cohort Rotation,6,8,"11368, 11369, 11370, 11371, 11372, 11373",9/22/23,12/8/23,7:00,19:00,60,Fri,ID Missing,No Preceptor Assigned,Fundamentals,527 MN - Foundation of Nursing Practice,6W oncology/hospice,Archived (Completed)
405526,Emory University - SON Pre-licensure,Emory Saint Joseph's Hospital,Nursing,Cohort Rotation,7,8,"11374, 11375, 11376, 11377, 11378, 11379, 11380",9/23/23,12/9/23,7:00,19:00,60,Sat,ID Missing,No Preceptor Assigned,Fundamentals,527 MN - Foundation of Nursing Practice,5W internal medicine,Archived (Completed)
405527,Emory University - SON Pre-licensure,Emory University Hospital,Nursing,Cohort Rotation,6,8,"11381, 11382, 11383, 11378, 11379, 11351",9/23/23,12/9/23,7:00,19:00,60,Sat,ID Missing,No Preceptor Assigned,Fundamentals,527 MN - Foundation of Nursing Practice,9T: Bone Marrow Transplant,Archived (Completed)
405528,Emory University - SON Pre-licensure,Emory University Hospital Midtown,Nursing,Cohort Rotation,7,8,"11384, 11385, 11386, 11387, 11381, 11382, 11383",9/23/23,12/9/23,7:00,19:00,60,Sat,ID Missing,No Preceptor Assigned,Fundamentals,527 MN - Foundation of Nursing Practice,41: Med Cardiology,Archived (Completed)
405555,Emory University - SON Pre-licensure,Emory Decatur Hospital,Nursing,Cohort Rotation,6,8,"11388, 11389, 11390, 11391, 11392, 11393",9/21/23,12/7/23,7:00,19:00,60,Thu,ID Missing,No Preceptor Assigned,Fundamentals,527 MN - Foundation of Nursing Practice,Cardiac Telemetry - 2400,Archived (Completed)
405557,Emory University - SON Pre-licensure,Emory Decatur Hospital,Nursing,Cohort Rotation,7,8,"11394, 11395, 11396, 11397, 11398, 11399, 11400",9/21/23,12/7/23,7:00,19:00,60,Thu,ID Missing,No Preceptor Assigned,Fundamentals,527 MN - Foundation of Nursing Practice,Surgical Oncology - 4200,Archived (Completed)
405560,Emory University - SON Pre-licensure,Emory Decatur Hospital,Nursing,Cohort Rotation,6,8,"11401, 11402, 11403, 11404, 11405, 11406",9/21/23,12/7/23,7:00,19:00,60,Thu,ID Missing,No Preceptor Assigned,Fundamentals,527 MN - Foundation of Nursing Practice,Stroke Telemetry - 4400,Archived (Completed)
405562,Emory University - SON Pre-licensure,Emory University Orthopaedics And Spine Hospital,Nursing,Cohort Rotation,6,8,"11407, 11408, 11409, 11410, 11411, 11412",9/21/23,12/7/23,7:00,19:00,60,Thu,ID Missing,No Preceptor Assigned,Perinatal - OB,527 MN - Foundation of Nursing Practice,2-4 floors: Orthopaedics,Archived (Completed)
405563,Emory University - SON Pre-licensure,Emory Hillandale Hospital,Nursing,Cohort Rotation,6,8,"11413, 11414, 11415, 11416, 11417, 11418",9/21/23,12/7/23,7:00,19:00,60,Thu,ID Missing,No Preceptor Assigned,Fundamentals,527 MN - Foundation of Nursing Practice,3rd floor - med surg,Archived (Completed)
405565,Emory University - SON Pre-licensure,Emory Hillandale Hospital,Nursing,Cohort Rotation,5,8,"11419, 11420, 11421, 11422, 11423",9/21/23,12/7/23,7:00,19:00,60,Thu,ID Missing,No Preceptor Assigned,Fundamentals,527 MN - Foundation of Nursing Practice,4th floor - telemetry,Archived (Completed)
405567,Emory University - SON Pre-licensure,Emory University Hospital,Nursing,Cohort Rotation,8,8,"11424, 11425, 11426, 11427, 11428, 11429, 11430, 11431",9/21/23,12/7/23,7:00,19:00,60,Thu,ID Missing,No Preceptor Assigned,Fundamentals,527 MN - Foundation of Nursing Practice,6T: Transplant,Archived (Completed)
405569,Emory University - SON Pre-licensure,Emory University Hospital Midtown,Nursing,Cohort Rotation,8,8,"11432, 11433, 11434, 11435, 11436, 11437, 11438, 11439",9/21/23,12/7/23,7:00,19:00,60,Thu,ID Missing,No Preceptor Assigned,Fundamentals,527 MN - Foundation of Nursing Practice,31: Ortho/Neuro,Archived (Completed)
405570,Emory University - SON Pre-licensure,Emory Saint Joseph's Hospital,Nursing,Cohort Rotation,6,8,"11440, 11441, 11442, 11443, 11444, 11445",9/21/23,12/7/23,7:00,19:00,60,Thu,ID Missing,No Preceptor Assigned,Fundamentals,527 MN - Foundation of Nursing Practice,4E neurovascular,Archived (Completed)
405573,Emory University - SON Pre-licensure,Emory Johns Creek Hospital,Nursing,Cohort Rotation,5,8,"11446, 11447, 11448, 11449, 11450",9/21/23,12/7/23,7:00,19:00,60,Thu,ID Missing,No Preceptor Assigned,Fundamentals,527 MN - Foundation of Nursing Practice,6W oncology/hospice,Archived (Completed)
405605,Emory University - SON Pre-licensure,Emory Decatur Hospital,Nursing,Cohort Rotation,8,8,"11451, 11452, 11453, 11454, 11455, 11456, 11457, 11458",9/22/23,12/8/23,7:00,19:00,60,Fri,ID Missing,No Preceptor Assigned,Fundamentals,527 MN - Foundation of Nursing Practice,Inpatient Rehab - 3600,Archived (Completed)
405606,Emory University - SON,Emory Decatur Hospital,Nursing,Cohort Rotation,0,8,No Students Assigned,9/22/23,12/8/23,7:00,19:00,60,Fri,ID Missing,No Preceptor Assigned,Fundamentals,527 MN - Foundation of Nursing Practice,General Medical,Archived (Denied)
405625,Emory University - SON Pre-licensure,Emory Saint Joseph's Hospital,Nursing,Cohort Rotation,8,8,"11459, 11460, 11461, 11462, 11463, 11464, 11465, 11466",9/22/23,12/8/23,7:00,19:00,60,Fri,ID Missing,No Preceptor Assigned,Fundamentals,527 MN - Foundation of Nursing Practice,4E neurovascular,Archived (Completed)
405635,Emory University - SON,Emory University Hospital,Nursing,Cohort Rotation,0,8,No Students Assigned,9/22/23,12/8/23,7:00,19:00,60,Fri,ID Missing,No Preceptor Assigned,Fundamentals,527 MN - Foundation of Nursing Practice,3G: Neurosciences,Archived (Denied)
405637,Emory University - SON Pre-licensure,Emory University Hospital,Nursing,Cohort Rotation,8,8,"11467, 11468, 11469, 11470, 11471, 11472, 11473, 11474",9/22/23,12/8/23,7:00,19:00,60,Fri,ID Missing,No Preceptor Assigned,Fundamentals,527 MN - Foundation of Nursing Practice,6G: Medical,Archived (Completed)
405642,Emory University - SON Pre-licensure,Emory University Hospital,Nursing,Cohort Rotation,8,8,"11475, 11476, 11477, 11478, 11479, 11480, 11481, 11482",9/22/23,12/8/23,7:00,19:00,60,Fri,ID Missing,No Preceptor Assigned,Fundamentals,527 MN - Foundation of Nursing Practice,9E: Neuroscience,Archived (Completed)
405643,Emory University - SON Pre-licensure,Emory University Hospital Midtown,Nursing,Cohort Rotation,8,8,"11483, 11484, 11485, 11486, 11487, 11488, 11489, 11490",9/22/23,12/8/23,7:00,19:00,60,Fri,"ID Missing, ID Missing",No Preceptor Assigned,Fundamentals,527 MN - Foundation of Nursing Practice,31: Ortho/Neuro,Archived (Completed)
405645,Emory University - SON Pre-licensure,Emory University Hospital Midtown,Nursing,Cohort Rotation,8,8,"11491, 11492, 11493, 11494, 11495, 11496, 11497, 11498",9/22/23,12/8/23,7:00,19:00,60,Fri,"ID Missing, ID Missing",No Preceptor Assigned,Fundamentals,527 MN - Foundation of Nursing Practice,51: Med-Surg,Archived (Completed)
405646,Emory University - SON Pre-licensure,Emory Saint Joseph's Hospital,Nursing,Cohort Rotation,8,8,"11499, 11500, 11501, 11502, 11503, 11504, 11505, 11506",9/22/23,12/8/23,7:00,19:00,60,Fri,ID Missing,No Preceptor Assigned,Fundamentals,527 MN - Foundation of Nursing Practice,6E internal medicine,Archived (Completed)
405647,Emory University - SON Pre-licensure,Emory Hillandale Hospital,Nursing,Cohort Rotation,8,8,"11507, 11508, 11509, 11510, 11511, 11512, 11513, 11514",9/22/23,12/8/23,7:00,19:00,60,Fri,ID Missing,No Preceptor Assigned,Fundamentals,527 MN - Foundation of Nursing Practice,5th floor - med surg,Archived (Completed)
405648,Emory University - SON,Emory University Hospital Midtown,Nursing,Cohort Rotation,0,8,No Students Assigned,9/23/23,12/9/23,7:00,19:00,60,Sat,ID Missing,No Preceptor Assigned,Fundamentals,527 MN - Foundation of Nursing Practice,62: Renal,Archived (Denied)
405650,Emory University - SON,Emory University Hospital Midtown,Nursing,Cohort Rotation,0,8,No Students Assigned,9/23/23,12/9/23,7:00,19:00,60,Sat,ID Missing,No Preceptor Assigned,Fundamentals,527 MN - Foundation of Nursing Practice,72: Med/Surg,Archived (Denied)
405651,Emory University - SON,Emory University Orthopaedics and Spine Hospital,Nursing,Cohort Rotation,0,8,No Students Assigned,9/23/23,12/9/23,7:00,19:00,60,Sat,ID Missing,No Preceptor Assigned,Fundamentals,527 MN - Foundation of Nursing Practice,2-4 floors: Orthopaedics,Archived (Denied)
407287,Emory University - SON Pre-licensure,Emory Johns Creek Hospital,Nursing,Cohort Rotation,6,8,"11515, 11516, 11517, 11518, 11519, 11520",4/28/24,5/18/24,7:00,19:00,96,,"ID Missing, ID Missing, ID Missing",No Preceptor Assigned,MedSurg - Acute Care,NRSG 356D - Acute and Chronic I Care Clinical Practicum Adult and Geriatric Populations,3rd floor: med-surg,Archived (Completed)
407301,Emory University - SON Pre-licensure,Emory Johns Creek Hospital,Nursing,Cohort Rotation,0,8,No Students Assigned,4/28/24,5/18/24,0:00,23:59,96,,ID Missing,No Preceptor Assigned,MedSurg - Acute Care,NRSG 356D - Acute and Chronic I Care Clinical Practicum Adult and Geriatric Populations,4th floor: med-surg,Archived (Withdrawn)
407303,Emory University - SON Pre-licensure,Emory Johns Creek Hospital,Nursing,Cohort Rotation,6,96,"11154, 11521, 11522, 11523, 11524, 11525",4/28/24,5/18/24,7:00,19:00,96,,"ID Missing, ID Missing",No Preceptor Assigned,MedSurg - Acute Care,NRSG 356D - Acute and Chronic I Care Clinical Practicum Adult and Geriatric Populations,6N: medical cardiology,Archived (Completed)
407304,Emory University - SON Pre-licensure,Emory University Hospital,Nursing,Cohort Rotation,6,8,"11526, 11527, 11528, 11529, 11530, 11531",4/28/24,5/18/24,0:00,23:59,96,,ID Missing,No Preceptor Assigned,MedSurg - Acute Care,NRSG 356D - Acute and Chronic I Care Clinical Practicum Adult and Geriatric Populations,7T: Surgical,Archived (Completed)
407305,Emory University - SON Pre-licensure,Emory Saint Joseph's Hospital,Nursing,Cohort Rotation,0,8,No Students Assigned,4/28/24,5/18/24,7:00,19:00,96,,ID Missing,No Preceptor Assigned,MedSurg - Acute Care,NRSG 356D - Acute and Chronic I Care Clinical Practicum Adult and Geriatric Populations,3E,Archived (Withdrawn)
407306,Emory University - SON Pre-licensure,Emory Saint Joseph's Hospital,Nursing,Cohort Rotation,0,8,No Students Assigned,4/28/24,5/18/24,7:00,19:00,96,,ID Missing,No Preceptor Assigned,MedSurg - Acute Care,NRSG 356D - Acute and Chronic I Care Clinical Practicum Adult and Geriatric Populations,3W,Archived (Withdrawn)
407307,Emory University - SON Pre-licensure,Emory University Hospital Midtown,Nursing,Cohort Rotation,5,5,"11532, 11533, 11534, 11535, 11536",4/28/24,5/18/24,7:00,19:00,96,,"ID Missing, ID Missing, ID Missing, ID Missing",No Preceptor Assigned,MedSurg - Acute Care,NRSG 356D - Acute and Chronic I Care Clinical Practicum Adult and Geriatric Populations,72: Med/Surg,Archived (Completed)
407308,Emory University - SON Pre-licensure,Emory University Hospital Midtown,Nursing,Cohort Rotation,0,5,No Students Assigned,4/28/24,5/18/24,7:00,19:00,96,,ID Missing,No Preceptor Assigned,MedSurg - Acute Care,NRSG 356D - Acute and Chronic I Care Clinical Practicum Adult and Geriatric Populations,22: Med/Surg,Archived (Denied)
408358,Emory University - SON Pre-licensure,Emory Johns Creek Hospital,Nursing,Precepted Rotation,1,1,10310,8/23/23,10/11/23,0:00,23:59,132,"Wed, Thu, Fri, Sat, Sun",ID Missing,ID Missing,Practicum,NRSG 648 MN - Transitions to Nursing Practice,"Maternity: M/B, L&D, NICU",Archived (Completed)
408365,Emory University - SON Pre-licensure,Emory Johns Creek Hospital,Nursing,Precepted Rotation,1,1,10306,8/23/23,10/11/23,0:00,23:59,132,"Wed, Thu, Fri, Sat, Sun",ID Missing,ID Missing,Practicum,NRSG 648 MN - Transitions to Nursing Practice,"Maternity: M/B, L&D, NICU",Archived (Completed)
408367,Emory University - SON Pre-licensure,Emory Johns Creek Hospital,Nursing,Precepted Rotation,1,1,10315,8/23/23,10/11/23,0:00,23:59,132,"Wed, Thu, Fri, Sat, Sun",ID Missing,ID Missing,Practicum,NRSG 648 MN - Transitions to Nursing Practice,"Maternity: M/B, L&D, NICU",Archived (Completed)
408369,Emory University - SON Pre-licensure,Emory University Hospital,Nursing,Precepted Rotation,1,1,10472,8/23/23,10/11/23,0:00,23:59,132,"Mon, Thu, Fri, Sat, Sun",2012,"ID Missing, ID Missing, ID Missing, ID Missing",Practicum,NRSG 648 MN - Transitions to Nursing Practice,ED: Emergency,Archived (Completed)
408372,Emory University - SON Pre-licensure,Emory University Hospital,Nursing,Precepted Rotation,1,1,10469,8/23/23,10/11/23,0:00,23:59,132,"Wed, Thu, Fri, Sat, Sun",2020,"ID Missing, ID Missing",Practicum,NRSG 648 MN - Transitions to Nursing Practice,2D ICU: Neuro,Archived (Completed)
408374,Emory University - SON Pre-licensure,Emory University Hospital,Nursing,Precepted Rotation,1,1,10335,8/23/23,10/11/23,0:00,23:59,132,"Wed, Thu, Fri, Sat, Sun",2020,"ID Missing, ID Missing",Practicum,NRSG 648 MN - Transitions to Nursing Practice,5T North:  MICU,Archived (Completed)
408377,Emory University - SON Pre-licensure,Emory University Hospital Midtown,Nursing,Precepted Rotation,1,1,10450,8/23/23,10/11/23,0:00,23:59,132,"Wed, Thu, Fri, Sat, Sun",2021,ID Missing,Practicum,NRSG 648 MN - Transitions to Nursing Practice,-no preference-,Archived (Completed)
408381,Emory University - SON Pre-licensure,Emory University Hospital Midtown,Nursing,Precepted Rotation,1,1,10476,8/23/23,10/11/23,0:00,23:59,132,"Wed, Thu, Fri, Sat, Sun",2021,ID Missing,Practicum,NRSG 648 MN - Transitions to Nursing Practice,-no preference-,Archived (Completed)
408385,Emory University - SON Pre-licensure,Emory Decatur Hospital,Nursing,Precepted Rotation,1,1,10441,8/23/23,10/11/23,0:00,23:59,132,"Wed, Thu, Fri, Sat, Sun",2018,ID Missing,Practicum,NRSG 648 MN - Transitions to Nursing Practice,NICU,Archived (Completed)
408392,Emory University - SON Pre-licensure,Emory Decatur Hospital,Nursing,Precepted Rotation,1,1,10322,8/23/23,10/11/23,0:00,23:59,132,"Wed, Thu, Fri, Sat, Sun",2018,ID Missing,Practicum,NRSG 648 MN - Transitions to Nursing Practice,NICU,Archived (Completed)
408395,Emory University - SON Pre-licensure,Emory University Hospital,Nursing,Precepted Rotation,1,1,10442,8/23/23,10/11/23,0:00,23:59,132,"Mon, Thu, Fri, Sat, Sun",ID Missing,ID Missing,Practicum,NRSG 648 MN - Transitions to Nursing Practice,5T North:  MICU,Archived (Completed)
408401,Emory University - SON Pre-licensure,Emory University Hospital,Nursing,Precepted Rotation,0,1,No Students Assigned,10/16/23,12/6/23,0:00,23:59,132,"Mon, Thu, Fri, Sat, Sun",ID Missing,ID Missing,Practicum,NRSG 648 MN - Transitions to Nursing Practice,MICU,Archived (Completed)
408402,Emory University - SON Pre-licensure,Emory Decatur Hospital,Nursing,Precepted Rotation,1,1,10466,10/16/23,12/6/23,0:00,23:59,132,"Mon, Thu, Fri, Sat, Sun",ID Missing,ID Missing,Practicum,NRSG 648 MN - Transitions to Nursing Practice,NICU,Archived (Completed)
408403,Emory University - SON Pre-licensure,Emory Decatur Hospital,Nursing,Precepted Rotation,1,1,10457,10/16/23,12/6/23,0:00,23:59,132,"Mon, Thu, Fri, Sat, Sun",ID Missing,ID Missing,Practicum,NRSG 648 MN - Transitions to Nursing Practice,NICU,Archived (Completed)
408404,Emory University - SON Pre-licensure,Emory Johns Creek Hospital,Nursing,Precepted Rotation,1,1,10447,10/16/23,12/6/23,0:00,23:59,132,"Wed, Thu, Fri, Sat, Sun",ID Missing,ID Missing,Practicum,NRSG 648 MN - Transitions to Nursing Practice,"Maternity: M/B, L&D, NICU",Archived (Completed)
408420,Emory University - SON Pre-licensure,Emory Johns Creek Hospital,Nursing,Precepted Rotation,0,1,No Students Assigned,10/16/23,12/6/23,0:00,23:59,132,"Wed, Thu, Fri, Sat, Sun",ID Missing,ID Missing,Practicum,NRSG 648 MN - Transitions to Nursing Practice,"Maternity: M/B, L&D, NICU",Archived (Completed)
408421,Emory University - SON Pre-licensure,Emory Johns Creek Hospital,Nursing,Precepted Rotation,0,1,No Students Assigned,10/16/23,12/6/23,0:00,23:59,132,"Wed, Thu, Fri, Sat, Sun",ID Missing,ID Missing,Practicum,NRSG 648 MN - Transitions to Nursing Practice,"Maternity: M/B, L&D, NICU",Archived (Completed)
408422,Emory University - SON Pre-licensure,Emory University Hospital,Nursing,Precepted Rotation,1,1,10278,10/16/23,12/6/23,0:00,23:59,132,"Wed, Thu, Fri, Sat, Sun",ID Missing,ID Missing,Practicum,NRSG 648 MN - Transitions to Nursing Practice,MICU,Archived (Completed)
408424,Emory University - SON Pre-licensure,Emory University Hospital Midtown,Nursing,Precepted Rotation,1,1,10287,10/16/23,12/6/23,0:00,23:59,132,"Wed, Thu, Fri, Sat, Sun",ID Missing,ID Missing,Practicum,NRSG 648 MN - Transitions to Nursing Practice,-no preference-,Archived (Completed)
408425,Emory University - SON Pre-licensure,Emory University Hospital Midtown,Nursing,Precepted Rotation,1,1,10292,10/16/23,12/6/23,0:00,23:59,132,"Wed, Thu, Fri, Sat, Sun",ID Missing,ID Missing,Practicum,NRSG 648 MN - Transitions to Nursing Practice,-no preference-,Archived (Completed)
408427,Emory University - SON Pre-licensure,Emory University Hospital,Nursing,Precepted Rotation,1,1,10334,10/16/23,12/6/23,0:00,23:59,132,"Mon, Thu, Fri, Sat, Sun",ID Missing,ID Missing,Practicum,NRSG 648 MN - Transitions to Nursing Practice,ED: Emergency,Archived (Completed)
408430,Emory University - SON Pre-licensure,Emory University Hospital,Nursing,Precepted Rotation,0,1,No Students Assigned,10/16/23,12/6/23,0:00,23:59,132,"Mon, Thu, Fri, Sat, Sun",ID Missing,ID Missing,Practicum,NRSG 648 MN - Transitions to Nursing Practice,2D ICU: Neuro,Archived (Completed)
408431,Emory University - SON Pre-licensure,Emory University Hospital,Nursing,Precepted Rotation,1,1,10326,10/16/23,12/6/23,0:00,23:59,132,"Mon, Thu, Fri, Sat, Sun",ID Missing,ID Missing,Practicum,NRSG 648 MN - Transitions to Nursing Practice,CVICU,Archived (Completed)
408432,Emory University - SON Pre-licensure,Emory University Hospital,Nursing,Precepted Rotation,1,1,10445,8/23/23,10/11/23,0:00,23:59,132,"Mon, Thu, Fri, Sat, Sun",2020,"ID Missing, 3018",Practicum,NRSG 648 MN - Transitions to Nursing Practice,5E: CVICU,Archived (Completed)
408435,Emory University - SON Pre-licensure,Emory University Hospital Midtown,Nursing,Precepted Rotation,1,1,10464,8/23/23,10/11/23,0:00,23:59,132,"Mon, Thu, Fri, Sat, Sun",2021,ID Missing,Practicum,NRSG 648 MN - Transitions to Nursing Practice,Nurseries (DEU): NICU,Archived (Completed)
408437,Emory University - SON Pre-licensure,Emory University Hospital Midtown,Nursing,Precepted Rotation,1,1,10323,8/23/23,10/11/23,0:00,23:59,132,"Mon, Thu, Fri, Sat, Sun",2021,ID Missing,Practicum,NRSG 648 MN - Transitions to Nursing Practice,Nurseries (DEU): NICU,Archived (Completed)
408439,Emory University - SON Pre-licensure,Emory University Hospital Midtown,Nursing,Precepted Rotation,1,1,10336,10/16/23,12/6/23,0:00,23:59,132,"Mon, Thu, Fri, Sat, Sun",ID Missing,ID Missing,Practicum,NRSG 648 MN - Transitions to Nursing Practice,Nurseries (DEU): NICU,Archived (Completed)
408440,Emory University - SON Pre-licensure,Emory University Hospital Midtown,Nursing,Precepted Rotation,1,1,10456,10/16/23,12/6/23,0:00,23:59,132,"Mon, Thu, Fri, Sat, Sun",ID Missing,ID Missing,Practicum,NRSG 648 MN - Transitions to Nursing Practice,Nurseries (DEU): NICU,Archived (Completed)
408441,Emory University - SON Pre-licensure,Emory University Hospital Midtown,Nursing,Precepted Rotation,1,1,10428,8/23/23,10/11/23,0:00,23:59,132,"Mon, Thu, Fri, Sat, Sun",2021,"ID Missing, ID Missing, ID Missing",Practicum,NRSG 648 MN - Transitions to Nursing Practice,31: ICU,Archived (Completed)
408443,Emory University - SON Pre-licensure,Emory University Hospital Midtown,Nursing,Precepted Rotation,0,1,No Students Assigned,8/23/23,10/11/23,0:00,23:59,132,"Mon, Thu, Fri, Sat, Sun",ID Missing,ID Missing,Practicum,NRSG 648 MN - Transitions to Nursing Practice,31: ICU,Archived (Completed)
408444,Emory University - SON Pre-licensure,Emory University Hospital Midtown,Nursing,Precepted Rotation,1,1,10429,10/16/23,12/6/23,0:00,23:59,132,"Mon, Thu, Fri, Sat, Sun",ID Missing,ID Missing,Practicum,NRSG 648 MN - Transitions to Nursing Practice,31: ICU,Archived (Completed)
408445,Emory University - SON Pre-licensure,Emory University Hospital Midtown,Nursing,Precepted Rotation,1,1,10438,10/16/23,12/6/23,0:00,23:59,132,"Mon, Thu, Fri, Sat, Sun",ID Missing,ID Missing,Practicum,NRSG 648 MN - Transitions to Nursing Practice,31: ICU,Archived (Completed)
408447,Emory University - SON Pre-licensure,Emory Decatur Hospital,Nursing,Precepted Rotation,1,1,10477,8/23/23,10/11/23,0:00,23:59,132,"Mon, Thu, Fri, Sat, Sun",2018,ID Missing,Practicum,NRSG 648 MN - Transitions to Nursing Practice,Mother/Baby,Archived (Completed)
408448,Emory University - SON Pre-licensure,Emory Decatur Hospital,Nursing,Precepted Rotation,1,1,10484,8/23/23,10/11/23,0:00,23:59,132,"Mon, Thu, Fri, Sat, Sun",2018,"ID Missing, ID Missing, ID Missing",Practicum,NRSG 648 MN - Transitions to Nursing Practice,Mother/Baby,Archived (Completed)
408450,Emory University - SON Pre-licensure,Emory Decatur Hospital,Nursing,Precepted Rotation,0,1,No Students Assigned,10/16/23,12/6/23,0:00,23:59,132,"Mon, Thu, Fri, Sat, Sun",ID Missing,ID Missing,Practicum,NRSG 648 MN - Transitions to Nursing Practice,Mother/Baby,Archived (Completed)
408452,Emory University - SON Pre-licensure,Emory Decatur Hospital,Nursing,Precepted Rotation,1,1,10316,10/16/23,12/6/23,0:00,23:59,132,"Mon, Thu, Fri, Sat, Sun",ID Missing,ID Missing,Practicum,NRSG 648 MN - Transitions to Nursing Practice,Mother/Baby,Archived (Completed)
408453,Emory University - SON Pre-licensure,Emory Decatur Hospital,Nursing,Precepted Rotation,1,1,10344,8/23/23,10/11/23,0:00,23:59,132,"Mon, Thu, Fri, Sat, Sun",2018,ID Missing,Practicum,NRSG 648 MN - Transitions to Nursing Practice,ICU - 2500,Archived (Completed)
408455,Emory University - SON Pre-licensure,Emory Decatur Hospital,Nursing,Precepted Rotation,1,1,10285,8/23/23,10/11/23,0:00,23:59,132,"Mon, Thu, Fri, Sat, Sun",2018,ID Missing,Practicum,NRSG 648 MN - Transitions to Nursing Practice,ICU - 2500,Archived (Completed)
408456,Emory University - SON Pre-licensure,Emory Decatur Hospital,Nursing,Precepted Rotation,0,1,No Students Assigned,10/16/23,12/6/23,0:00,23:59,132,"Mon, Thu, Fri, Sat, Sun",ID Missing,ID Missing,Practicum,NRSG 648 MN - Transitions to Nursing Practice,ICU - 2500,Archived (Completed)
408458,Emory University - SON Pre-licensure,Emory Decatur Hospital,Nursing,Precepted Rotation,0,1,No Students Assigned,10/16/23,12/6/23,0:00,23:59,132,"Mon, Thu, Fri, Sat, Sun",ID Missing,ID Missing,Practicum,NRSG 648 MN - Transitions to Nursing Practice,ICU - 2500,Archived (Completed)
408460,Emory University - SON Pre-licensure,Emory Hillandale Hospital,Nursing,Precepted Rotation,0,1,No Students Assigned,8/23/23,10/11/23,0:00,23:59,132,"Mon, Thu, Fri, Sat, Sun",ID Missing,ID Missing,Practicum,NRSG 648 MN - Transitions to Nursing Practice,Emergency Dept,Archived (Completed)
408463,Emory University - SON Pre-licensure,Emory Hillandale Hospital,Nursing,Precepted Rotation,0,1,No Students Assigned,8/23/23,10/11/23,0:00,23:59,132,"Mon, Thu, Fri, Sat, Sun",ID Missing,ID Missing,Practicum,NRSG 648 MN - Transitions to Nursing Practice,Emergency Dept,Archived (Completed)
408465,Emory University - SON Pre-licensure,Emory Hillandale Hospital,Nursing,Precepted Rotation,0,1,No Students Assigned,10/16/23,12/6/23,0:00,23:59,132,"Mon, Thu, Fri, Sat, Sun",ID Missing,ID Missing,Practicum,NRSG 648 MN - Transitions to Nursing Practice,Emergency Dept,Archived (Completed)
408466,Emory University - SON Pre-licensure,Emory Hillandale Hospital,Nursing,Precepted Rotation,0,1,No Students Assigned,10/16/23,12/6/23,0:00,23:59,132,"Mon, Thu, Fri, Sat, Sun",ID Missing,ID Missing,Practicum,NRSG 648 MN - Transitions to Nursing Practice,Emergency Dept,Archived (Completed)
408601,Emory University - SON Pre-licensure,Emory Johns Creek Hospital,Nursing,Precepted Rotation,1,1,10448,8/23/23,10/11/23,0:00,23:59,132,"Wed, Thu, Fri, Sat, Sun",ID Missing,ID Missing,Practicum,NRSG 648 MN - Transitions to Nursing Practice,ICU: critical care,Archived (Completed)
408603,Emory University - SON Pre-licensure,Emory Johns Creek Hospital,Nursing,Precepted Rotation,0,1,No Students Assigned,10/16/23,12/6/23,0:00,23:59,132,"Wed, Thu, Fri, Sat, Sun",ID Missing,ID Missing,Practicum,NRSG 648 MN - Transitions to Nursing Practice,ICU: critical care,Archived (Completed)
408606,Emory University - SON,Emory University Hospital Midtown,Nursing,Precepted Rotation,0,1,No Students Assigned,8/23/23,10/11/23,0:00,23:59,132,"Mon, Thu, Fri, Sat, Sun",ID Missing,ID Missing,Practicum,NRSG 648 MN - Transitions to Nursing Practice,31: Ortho/Neuro,Archived (Withdrawn)
408608,Emory University - SON,Emory University Hospital Midtown,Nursing,Precepted Rotation,0,1,No Students Assigned,10/16/23,12/6/23,0:00,23:59,132,"Mon, Thu, Fri, Sat, Sun",ID Missing,ID Missing,Practicum,NRSG 648 MN - Transitions to Nursing Practice,31: Ortho/Neuro,Archived (Withdrawn)
408716,Emory University - SON Pre-licensure,Emory Saint Joseph's Hospital,Nursing,Precepted Rotation,0,1,No Students Assigned,8/23/23,10/11/23,0:00,23:59,132,"Wed, Thu, Fri, Sat, Sun",ID Missing,ID Missing,Practicum,NRSG 648 MN - Transitions to Nursing Practice,2E,Archived (Completed)
408717,Emory University - SON Pre-licensure,Emory Saint Joseph's Hospital,Nursing,Precepted Rotation,0,1,No Students Assigned,10/16/23,12/6/23,0:00,23:59,132,"Wed, Thu, Fri, Sat, Sun",ID Missing,ID Missing,Practicum,NRSG 648 MN - Transitions to Nursing Practice,2E MSICU,Archived (Completed)
409221,Emory University - SON Pre-licensure,Emory Johns Creek Hospital,Nursing,Precepted Rotation,1,1,10312,8/23/23,10/11/23,0:00,23:59,132,"Mon, Thu, Fri, Sat, Sun",ID Missing,ID Missing,Practicum,NRSG 648 MN - Transitions to Nursing Practice,ED: emergency,Archived (Completed)
409224,Emory University - SON Pre-licensure,Emory Saint Joseph's Hospital,Nursing,Precepted Rotation,1,1,10482,8/23/23,10/11/23,0:00,23:59,132,"Mon, Thu, Fri, Sat, Sun",2012,ID Missing,Practicum,NRSG 648 MN - Transitions to Nursing Practice,2SW,Archived (Completed)
409227,Emory University - SON Pre-licensure,Emory Saint Joseph's Hospital,Nursing,Precepted Rotation,1,1,10430,8/23/23,10/11/23,0:00,23:59,132,"Mon, Thu, Fri, Sat, Sun",2012,ID Missing,Practicum,NRSG 648 MN - Transitions to Nursing Practice,2SW,Archived (Completed)
409230,Emory University - SON Pre-licensure,Emory Saint Joseph's Hospital,Nursing,Precepted Rotation,1,1,10297,10/16/23,12/6/23,0:00,23:59,132,"Mon, Thu, Fri, Sat, Sun",ID Missing,ID Missing,Practicum,NRSG 648 MN - Transitions to Nursing Practice,2SW CVICU,Archived (Completed)
409232,Emory University - SON Pre-licensure,Emory Saint Joseph's Hospital,Nursing,Precepted Rotation,1,1,10279,10/16/23,12/6/23,0:00,23:59,132,"Mon, Thu, Fri, Sat, Sun",ID Missing,ID Missing,Practicum,NRSG 648 MN - Transitions to Nursing Practice,2W CCU,Archived (Completed)
409233,Emory University - SON Pre-licensure,Emory University Hospital,Nursing,Precepted Rotation,1,1,10433,8/23/23,10/11/23,0:00,23:59,132,"Wed, Thu, Fri, Sat, Sun",2012,ID Missing,Practicum,NRSG 648 MN - Transitions to Nursing Practice,6E: CV Stepdown/Heart Transplant,Archived (Completed)
409234,Emory University - SON Pre-licensure,Emory University Hospital,Nursing,Precepted Rotation,1,1,10330,8/23/23,10/11/23,0:00,23:59,132,"Mon, Thu, Fri, Sat, Sun",2022,"3020, ID Missing, ID Missing, ID Missing",Practicum,NRSG 648 MN - Transitions to Nursing Practice,ED: Emergency,Archived (Completed)
409235,Emory University - SON Pre-licensure,Emory University Hospital,Nursing,Precepted Rotation,1,1,10284,10/16/23,12/6/23,0:00,23:59,132,"Mon, Thu, Fri, Sat, Sun",ID Missing,ID Missing,Practicum,NRSG 648 MN - Transitions to Nursing Practice,ED: Emergency,Archived (Completed)
409236,Emory University - SON Pre-licensure,Emory University Hospital,Nursing,Precepted Rotation,1,1,10311,8/23/23,10/11/23,0:00,23:59,132,"Wed, Thu, Fri, Sat, Sun",2020,ID Missing,Practicum,NRSG 648 MN - Transitions to Nursing Practice,5T South:  SICU,Archived (Completed)
409237,Emory University - SON Pre-licensure,Emory University Hospital,Nursing,Precepted Rotation,1,1,10273,10/16/23,12/6/23,0:00,23:59,132,"Wed, Thu, Fri, Sat, Sun",ID Missing,ID Missing,Practicum,NRSG 648 MN - Transitions to Nursing Practice,5T South:  SICU,Archived (Completed)
409238,Emory University - SON Pre-licensure,Emory University Hospital,Nursing,Precepted Rotation,1,1,10324,8/23/23,10/11/23,0:00,23:59,132,"Sat, Sun",2020,ID Missing,Practicum,NRSG 648 MN - Transitions to Nursing Practice,9T: Bone Marrow Transplant,Archived (Completed)
409239,Emory University - SON Pre-licensure,Emory University Hospital,Nursing,Precepted Rotation,0,1,No Students Assigned,8/23/23,10/11/23,0:00,23:59,132,"Sat, Sun",ID Missing,ID Missing,Practicum,NRSG 648 MN - Transitions to Nursing Practice,9T: Bone Marrow Transplant,Archived (Completed)
409240,Emory University - SON Pre-licensure,Emory University Hospital,Nursing,Precepted Rotation,1,1,10302,10/16/23,12/6/23,0:00,23:59,132,"Sat, Sun",ID Missing,ID Missing,Practicum,NRSG 648 MN - Transitions to Nursing Practice,9T: Bone Marrow Transplant,Archived (Completed)
409242,Emory University - SON Pre-licensure,Emory University Hospital,Nursing,Precepted Rotation,1,1,10468,10/16/23,12/6/23,0:00,23:59,132,"Sat, Sun",ID Missing,ID Missing,Practicum,NRSG 648 MN - Transitions to Nursing Practice,9T: Bone Marrow Transplant,Archived (Completed)
409243,Emory University - SON Pre-licensure,Emory University Hospital Midtown,Nursing,Precepted Rotation,1,1,10534,8/23/23,10/11/23,0:00,23:59,132,"Wed, Thu, Fri, Sat, Sun",2021,"ID Missing, ID Missing",Practicum,NRSG 648 MN - Transitions to Nursing Practice,42/54: Mother/Baby,Archived (Completed)
409246,Emory University - SON Pre-licensure,Emory University Hospital Midtown,Nursing,Precepted Rotation,1,1,10475,8/23/23,10/11/23,0:00,23:59,132,"Wed, Thu, Fri, Sat, Sun",2021,"ID Missing, ID Missing, ID Missing",Practicum,NRSG 648 MN - Transitions to Nursing Practice,42/54: Mother/Baby,Archived (Completed)
409247,Emory University - SON Pre-licensure,Emory University Hospital Midtown,Nursing,Precepted Rotation,1,1,10289,8/23/23,10/11/23,0:00,23:59,132,"Mon, Thu, Fri, Sat, Sun",2020,ID Missing,Practicum,NRSG 648 MN - Transitions to Nursing Practice,ED: Emergency,Archived (Completed)
409248,Emory University - SON Pre-licensure,Emory University Hospital Midtown,Nursing,Precepted Rotation,1,1,10423,8/23/23,10/11/23,0:00,23:59,132,"Mon, Thu, Fri, Sat, Sun",2020,ID Missing,Practicum,NRSG 648 MN - Transitions to Nursing Practice,ED: Emergency,Archived (Completed)
409250,Emory University - SON Pre-licensure,Emory University Hospital Midtown,Nursing,Precepted Rotation,1,1,11132,10/16/23,12/6/23,0:00,23:59,132,"Mon, Thu, Fri, Sat, Sun",ID Missing,ID Missing,Practicum,NRSG 648 MN - Transitions to Nursing Practice,ED: Emergency,Archived (Completed)
409251,Emory University - SON Pre-licensure,Emory University Hospital Midtown,Nursing,Precepted Rotation,1,1,10329,10/16/23,12/6/23,0:00,23:59,132,"Mon, Thu, Fri, Sat, Sun",ID Missing,ID Missing,Practicum,NRSG 648 MN - Transitions to Nursing Practice,ED: Emergency,Archived (Completed)
409252,Emory University - SON Pre-licensure,Emory Decatur Hospital,Nursing,Precepted Rotation,1,1,10481,8/23/23,10/11/23,0:00,23:59,132,"Wed, Thu, Fri, Sat, Sun",2018,ID Missing,Practicum,NRSG 648 MN - Transitions to Nursing Practice,L&D,Archived (Completed)
409253,Emory University - SON Pre-licensure,Emory Decatur Hospital,Nursing,Precepted Rotation,1,1,10479,10/16/23,12/6/23,0:00,23:59,132,"Wed, Thu, Fri, Sat, Sun",ID Missing,ID Missing,Practicum,NRSG 648 MN - Transitions to Nursing Practice,L&D,Archived (Completed)
409254,Emory University - SON,Emory Decatur Hospital,Nursing,Precepted Rotation,0,1,No Students Assigned,10/16/23,12/6/23,0:00,23:59,132,"Mon, Thu, Fri, Sat, Sun",ID Missing,ID Missing,Practicum,NRSG 648 MN - Transitions to Nursing Practice,Emergency Dept- North Decatur,Archived (Withdrawn)
409255,Emory University - SON Pre-licensure,Emory Decatur Hospital,Nursing,Precepted Rotation,1,1,10341,8/23/23,10/11/23,0:00,23:59,132,"Mon, Thu, Fri, Sat, Sun",2018,ID Missing,Practicum,NRSG 648 MN - Transitions to Nursing Practice,Behavioral Health (acute) - 1800,Archived (Completed)
409257,Emory University - SON Pre-licensure,Emory Decatur Hospital,Nursing,Precepted Rotation,1,1,10340,10/16/23,12/6/23,0:00,23:59,132,"Mon, Thu, Fri, Sat, Sun",ID Missing,ID Missing,Practicum,NRSG 648 MN - Transitions to Nursing Practice,Behavioral Health (acute) - 1800,Archived (Completed)
409360,Emory University - SON Pre-licensure,Emory Saint Joseph's Hospital,Nursing,Precepted Rotation,1,1,10281,8/23/23,10/11/23,0:00,23:59,132,"Mon, Thu, Fri, Sat, Sun",2012,ID Missing,Practicum,NRSG 648 MN - Transitions to Nursing Practice,ED,Archived (Completed)
409371,Emory University - SON Pre-licensure,Emory Saint Joseph's Hospital,Nursing,Precepted Rotation,1,1,10437,10/16/23,12/6/23,0:00,23:59,132,"Mon, Thu, Fri, Sat, Sun",ID Missing,ID Missing,Practicum,NRSG 648 MN - Transitions to Nursing Practice,ED,Archived (Completed)
409374,Emory University - SON Pre-licensure,Emory University Hospital,Nursing,Precepted Rotation,1,1,10565,8/23/23,10/11/23,0:00,23:59,132,"Wed, Thu, Fri, Sat, Sun",2012,ID Missing,Practicum,NRSG 648 MN - Transitions to Nursing Practice,8T North: Oncology,Archived (Completed)
409740,Emory University - SON Pre-licensure,Emory Johns Creek Hospital,Nursing,Precepted Rotation,1,1,10300,8/23/23,10/11/23,0:00,23:59,132,"Mon, Thu, Fri, Sat, Sun",ID Missing,ID Missing,Practicum,NRSG 648 MN - Transitions to Nursing Practice,6N: medical,Archived (Completed)
410869,Georgia Baptist College of Nursing of Mercer University - Undergraduate Nursing - Atlanta,Emory Saint Joseph's Hospital,Nursing,Cohort Rotation,6,8,"11537, 11538, 11539, 11540, 11541, 11542",1/24/24,4/24/24,7:00,16:00,95,Wed,ID Missing,No Preceptor Assigned,MedSurg - Acute Care,NUR 317 - Adult Health,6W pulmonary thoracic,Archived (Completed)
411105,Emory University - SON Pre-licensure,"Emory Offsite locations - The Emory Clinic, Ambulatory Surgery Centers and the Emory Specialty Assocs",Nursing,Precepted Rotation,1,1,11003,8/31/23,8/31/23,0:00,23:59,10,Thu,2023,3021,Other (see comments),PAE 7501 Elective â€“ Card - ,Other (see comments),Archived (Completed)
411106,Emory University - SON Pre-licensure,"Emory Offsite locations - The Emory Clinic, Ambulatory Surgery Centers and the Emory Specialty Assocs",Nursing,Precepted Rotation,1,1,11003,9/14/23,9/14/23,0:00,23:59,10,Thu,2023,ID Missing,Other (see comments),PAE 7501 Elective â€“ Card - ,Rotating with Physician,Archived (Completed)
411109,Emory University - SON Pre-licensure,"Emory Offsite locations - The Emory Clinic, Ambulatory Surgery Centers and the Emory Specialty Assocs",Nursing,Precepted Rotation,1,1,11003,9/28/23,9/28/23,0:00,23:59,10,Thu,2023,ID Missing,Other (see comments),PAE 7501 Elective â€“ Card - ,Rotating with Physician,Archived (Completed)
411528,Emory University - SON Pre-licensure,"Emory Offsite locations - The Emory Clinic, Ambulatory Surgery Centers and the Emory Specialty Assocs",Nursing,Precepted Rotation,1,1,11017,9/7/23,9/7/23,0:00,23:59,10,Thu,2023,3021,Other (see comments),PAE 7501 Elective â€“ Card - ,Other (see comments),Archived (Completed)
411533,Emory University - SON Pre-licensure,"Emory Offsite locations - The Emory Clinic, Ambulatory Surgery Centers and the Emory Specialty Assocs",Nursing,Precepted Rotation,1,1,11017,9/14/23,9/14/23,0:00,23:59,10,Thu,2023,ID Missing,Other (see comments),PAE 7501 Elective â€“ Card - ,-no preference-,Archived (Completed)
411615,Emory University - SON Pre-licensure,"Emory Offsite locations - The Emory Clinic, Ambulatory Surgery Centers and the Emory Specialty Assocs",Nursing,Precepted Rotation,1,1,11017,9/21/23,9/21/23,0:00,23:59,10,Thu,2023,ID Missing,Other (see comments),PAE 7501 Elective â€“ Card - ,Other (see comments),Archived (Completed)
412245,Georgia Baptist College of Nursing of Mercer University - Undergraduate Nursing - Atlanta,Emory University Hospital Midtown,Nursing,Precepted Rotation,1,1,11543,3/13/24,4/28/24,0:00,23:59,125,"Wed, Thu, Fri, Sat, Sun",ID Missing,No Preceptor Assigned,Practicum,NUR 404 - Senior Practicum and Role Transition,61: Med-Surg,Archived (Completed)
412256,Georgia Baptist College of Nursing of Mercer University - Undergraduate Nursing,Emory University Hospital Midtown,Nursing,Precepted Rotation,1,1,10068,1/10/24,3/10/24,0:00,23:59,125,"Wed, Thu, Fri, Sat, Sun",ID Missing,No Preceptor Assigned,Practicum,NUR 404 - Senior Practicum and Role Transition,ED: Emergency,Archived (Completed)
412394,Chamberlain College of Nursing - Georgia,Emory Saint Joseph's Hospital,Nursing,Precepted Rotation,1,1,10255,9/4/23,11/23/23,0:00,23:59,144,,ID Missing,ID Missing,Practicum,NR 446/452 - Colaborative and Capstone - Senior Practicum,OR,Archived (Completed)
412395,Chamberlain College of Nursing - Georgia,Emory Saint Joseph's Hospital,Nursing,Precepted Rotation,1,1,11544,9/4/23,11/23/23,0:00,23:59,144,,ID Missing,ID Missing,Practicum,NR 446/452 - Colaborative and Capstone - Senior Practicum,OR,Archived (Completed)
412396,Chamberlain College of Nursing - Georgia,Emory Saint Joseph's Hospital,Nursing,Precepted Rotation,1,1,11545,9/4/23,11/23/23,0:00,23:59,144,,ID Missing,ID Missing,Practicum,NR 446/452 - Colaborative and Capstone - Senior Practicum,OR,Archived (Completed)
412397,Chamberlain College of Nursing - Georgia,Emory Saint Joseph's Hospital,Nursing,Precepted Rotation,1,1,11546,9/4/23,11/23/23,0:00,23:59,144,,ID Missing,ID Missing,Practicum,NR 446/452 - Colaborative and Capstone - Senior Practicum,OR,Archived (Completed)
412398,Chamberlain College of Nursing - Georgia,Emory Saint Joseph's Hospital,Nursing,Precepted Rotation,1,1,11547,9/4/23,11/23/23,0:00,23:59,144,,ID Missing,ID Missing,Practicum,NR 446/452 - Colaborative and Capstone - Senior Practicum,OR,Archived (Completed)
412572,Georgia Baptist College of Nursing of Mercer University - Undergraduate Nursing - Atlanta,Emory Johns Creek Hospital,Nursing,Precepted Rotation,1,1,11548,3/13/24,4/28/24,0:00,23:59,125,"Wed, Thu, Fri, Sat, Sun",ID Missing,No Preceptor Assigned,Leadership,NUR 404 - Senior Practicum and Role Transition,"Maternity: M/B, L&D, NICU",Archived (Completed)
412643,Walden University,Emory University Hospital Midtown,Nursing,Precepted Rotation,1,1,11549,10/9/23,11/19/23,0:00,23:59,72,,2024,"3022, ID Missing, ID Missing",Other (see comments),4220/4221 - Leadership Competencies in Nursing and Healthcare,-no preference-,Archived (Completed)
412645,Walden University,Emory University Hospital Midtown,Nursing,Precepted Rotation,1,1,11549,8/28/23,10/8/23,0:00,23:59,72,,2024,"3022, ID Missing, ID Missing",Other (see comments),4210/4211 - Role of the Nurse Leader in Population Health,-no preference-,Archived (Completed)
412654,Grand Canyon University,Emory University Hospital,Nursing,Precepted Rotation,1,1,11550,3/28/24,7/17/24,0:00,23:59,200,,2025,3023,Other (see comments),NUR-690 - Nursing Informatics Practicum,-no preference-,Archived (Completed)
413301,Chamberlain College of Nursing - Georgia,Emory University Hospital at Wesley Woods,Nursing,Cohort Rotation,0,6,No Students Assigned,10/6/23,10/27/23,7:00,19:00,48,Fri,ID Missing,No Preceptor Assigned,Psychiatry; Mental Health; Behavioral Medicine,NR 326 - Mental Health Nursing,Inpatient Psych,Archived (Withdrawn)
413580,Emory University - SON Pre-licensure,Emory Decatur Hospital,Nursing,Cohort Rotation,8,8,"11551, 11552, 11553, 11554, 11555, 11556, 11557, 11558",9/20/23,12/6/23,7:00,19:00,60,Wed,"ID Missing, ID Missing",No Preceptor Assigned,Fundamentals,527 MN - Foundation of Nursing Practice,-no preference-,Archived (Completed)
413596,Emory University - SON Pre-licensure,Emory Decatur Hospital,Nursing,Cohort Rotation,0,8,No Students Assigned,9/22/23,12/8/23,7:00,19:00,60,Fri,ID Missing,No Preceptor Assigned,Fundamentals,527 MN - Foundation of Nursing Practice,General Surgery - 3400,Archived (Completed)
413598,Emory University - SON Pre-licensure,Emory Saint Joseph's Hospital,Nursing,Cohort Rotation,7,8,"11559, 11560, 11561, 11562, 11563, 11564, 11565",9/22/23,12/8/23,7:00,19:00,60,Fri,ID Missing,No Preceptor Assigned,Fundamentals,527 MN - Foundation of Nursing Practice,5W internal medicine,Archived (Completed)
413599,Emory University - SON Pre-licensure,Emory Decatur Hospital,Nursing,Cohort Rotation,8,8,"11566, 11567, 11568, 11569, 11570, 11498, 11571, 11572",9/23/23,12/9/23,7:00,19:00,60,Sat,"ID Missing, ID Missing",No Preceptor Assigned,Fundamentals,527 MN - Foundation of Nursing Practice,General Medical - 4500,Archived (Completed)
413600,Emory University - SON Pre-licensure,Emory Saint Joseph's Hospital,Nursing,Cohort Rotation,7,8,"11573, 11574, 11575, 11576, 11577, 11578, 11579",9/23/23,12/9/23,7:00,19:00,60,Sat,ID Missing,No Preceptor Assigned,Fundamentals,527 MN - Foundation of Nursing Practice,5E internal medicine,Archived (Completed)
413821,Emory University - SON Pre-licensure,"Emory Offsite locations - The Emory Clinic, Ambulatory Surgery Centers and the Emory Specialty Assocs",Nursing,Precepted Rotation,1,1,10288,8/23/23,10/11/23,0:00,23:59,24,Thu,ID Missing,ID Missing,Ambulatory,NRSG 676 MN - Care Transitions Practicum,Other (see comments),Archived (Completed)
413829,Emory University - SON Pre-licensure,"Emory Offsite locations - The Emory Clinic, Ambulatory Surgery Centers and the Emory Specialty Assocs",Nursing,Precepted Rotation,1,1,10294,8/23/23,10/11/23,0:00,23:59,24,Thu,ID Missing,ID Missing,Ambulatory,NRSG 676 MN - Care Transitions Practicum,Other (see comments),Archived (Completed)
413831,Emory University - SON Pre-licensure,"Emory Offsite locations - The Emory Clinic, Ambulatory Surgery Centers and the Emory Specialty Assocs",Nursing,Precepted Rotation,1,1,10297,8/23/23,10/11/23,0:00,23:59,24,Thu,ID Missing,ID Missing,Ambulatory,NRSG 676 MN - Care Transitions Practicum,Other (see comments),Archived (Completed)
413836,Emory University - SON Pre-licensure,"Emory Offsite locations - The Emory Clinic, Ambulatory Surgery Centers and the Emory Specialty Assocs",Nursing,Precepted Rotation,1,1,10273,8/23/23,10/11/23,0:00,23:59,24,Fri,ID Missing,ID Missing,Ambulatory,NRSG 676 MN - Care Transitions Practicum,Other (see comments),Archived (Completed)
413841,Emory University - SON Pre-licensure,"Emory Offsite locations - The Emory Clinic, Ambulatory Surgery Centers and the Emory Specialty Assocs",Nursing,Precepted Rotation,1,1,10280,8/23/23,10/11/23,0:00,23:59,24,Thu,ID Missing,ID Missing,Ambulatory,NRSG 676 MN - Care Transitions Practicum,Other (see comments),Archived (Completed)
413845,Emory University - SON Pre-licensure,"Emory Offsite locations - The Emory Clinic, Ambulatory Surgery Centers and the Emory Specialty Assocs",Nursing,Precepted Rotation,1,1,10282,8/23/23,10/11/23,0:00,23:59,24,Thu,ID Missing,ID Missing,Ambulatory,NRSG 676 MN - Care Transitions Practicum,Other (see comments),Archived (Completed)
413848,Emory University - SON Pre-licensure,"Emory Offsite locations - The Emory Clinic, Ambulatory Surgery Centers and the Emory Specialty Assocs",Nursing,Precepted Rotation,1,1,10290,8/23/23,10/11/23,0:00,23:59,24,Thu,ID Missing,ID Missing,Ambulatory,NRSG 676 MN - Care Transitions Practicum,Other (see comments),Archived (Completed)
413856,Emory University - SON Pre-licensure,"Emory Offsite locations - The Emory Clinic, Ambulatory Surgery Centers and the Emory Specialty Assocs",Nursing,Precepted Rotation,1,1,10447,8/23/23,10/11/23,0:00,23:59,24,Thu,ID Missing,ID Missing,Ambulatory,NRSG 676 MN - Care Transitions Practicum,Other (see comments),Archived (Completed)
413859,Emory University - SON Pre-licensure,"Emory Offsite locations - The Emory Clinic, Ambulatory Surgery Centers and the Emory Specialty Assocs",Nursing,Precepted Rotation,1,1,10458,8/23/23,10/11/23,0:00,23:59,24,Thu,ID Missing,ID Missing,Ambulatory,NRSG 676 MN - Care Transitions Practicum,Other (see comments),Archived (Completed)
413862,Emory University - SON Pre-licensure,"Emory Offsite locations - The Emory Clinic, Ambulatory Surgery Centers and the Emory Specialty Assocs",Nursing,Precepted Rotation,1,1,10442,8/23/23,10/11/23,0:00,23:59,24,Thu,ID Missing,ID Missing,Ambulatory,NRSG 676 MN - Care Transitions Practicum,Other (see comments),Archived (Completed)
413866,Emory University - SON Pre-licensure,"Emory Offsite locations - The Emory Clinic, Ambulatory Surgery Centers and the Emory Specialty Assocs",Nursing,Precepted Rotation,1,1,10314,8/23/23,10/11/23,0:00,23:59,24,Fri,ID Missing,ID Missing,Ambulatory,NRSG 676 MN - Care Transitions Practicum,Other (see comments),Archived (Completed)
413868,Emory University - SON Pre-licensure,"Emory Offsite locations - The Emory Clinic, Ambulatory Surgery Centers and the Emory Specialty Assocs",Nursing,Precepted Rotation,1,1,10316,8/23/23,10/11/23,0:00,23:59,24,Thu,ID Missing,ID Missing,Ambulatory,NRSG 676 MN - Care Transitions Practicum,Other (see comments),Archived (Completed)
413875,Emory University - SON Pre-licensure,"Emory Offsite locations - The Emory Clinic, Ambulatory Surgery Centers and the Emory Specialty Assocs",Nursing,Precepted Rotation,1,1,10318,8/23/23,10/11/23,0:00,23:59,24,Thu,ID Missing,ID Missing,Ambulatory,NRSG 676 MN - Care Transitions Practicum,Other (see comments),Archived (Completed)
413877,Emory University - SON Pre-licensure,"Emory Offsite locations - The Emory Clinic, Ambulatory Surgery Centers and the Emory Specialty Assocs",Nursing,Precepted Rotation,0,1,No Students Assigned,8/23/23,10/11/23,0:00,23:59,24,Fri,ID Missing,ID Missing,Ambulatory,NRSG 676 MN - Care Transitions Practicum,Other (see comments),Archived (Completed)
413879,Emory University - SON Pre-licensure,"Emory Offsite locations - The Emory Clinic, Ambulatory Surgery Centers and the Emory Specialty Assocs",Nursing,Precepted Rotation,1,1,10319,8/23/23,10/11/23,0:00,23:59,24,Fri,ID Missing,ID Missing,Ambulatory,NRSG 676 MN - Care Transitions Practicum,Other (see comments),Archived (Completed)
413881,Emory University - SON Pre-licensure,"Emory Offsite locations - The Emory Clinic, Ambulatory Surgery Centers and the Emory Specialty Assocs",Nursing,Precepted Rotation,1,1,10292,8/23/23,10/11/23,0:00,23:59,24,Thu,ID Missing,ID Missing,Ambulatory,NRSG 676 MN - Care Transitions Practicum,Other (see comments),Archived (Completed)
413885,Emory University - SON Pre-licensure,"Emory Offsite locations - The Emory Clinic, Ambulatory Surgery Centers and the Emory Specialty Assocs",Nursing,Precepted Rotation,1,1,10320,8/23/23,10/11/23,0:00,23:59,24,Fri,ID Missing,ID Missing,Ambulatory,NRSG 676 MN - Care Transitions Practicum,Other (see comments),Archived (Completed)
413916,Emory University - SON Pre-licensure,"Emory Offsite locations - The Emory Clinic, Ambulatory Surgery Centers and the Emory Specialty Assocs",Nursing,Precepted Rotation,1,1,10305,8/23/23,10/11/23,0:00,23:59,24,Fri,ID Missing,ID Missing,Ambulatory,NRSG 676 MN - Care Transitions Practicum,Other (see comments),Archived (Completed)
413919,Emory University - SON Pre-licensure,"Emory Offsite locations - The Emory Clinic, Ambulatory Surgery Centers and the Emory Specialty Assocs",Nursing,Precepted Rotation,1,1,10276,8/23/23,10/11/23,0:00,23:59,24,Thu,ID Missing,ID Missing,Ambulatory,NRSG 676 MN - Care Transitions Practicum,Other (see comments),Archived (Completed)
413926,Emory University - SON Pre-licensure,"Emory Offsite locations - The Emory Clinic, Ambulatory Surgery Centers and the Emory Specialty Assocs",Nursing,Precepted Rotation,1,1,10299,8/23/23,10/11/23,0:00,23:59,24,Fri,ID Missing,ID Missing,Ambulatory,NRSG 676 MN - Care Transitions Practicum,Other (see comments),Archived (Completed)
413928,Emory University - SON Pre-licensure,"Emory Offsite locations - The Emory Clinic, Ambulatory Surgery Centers and the Emory Specialty Assocs",Nursing,Precepted Rotation,1,1,10479,8/23/23,10/11/23,0:00,23:59,24,Thu,ID Missing,ID Missing,Ambulatory,NRSG 676 MN - Care Transitions Practicum,Other (see comments),Archived (Completed)
413930,Emory University - SON Pre-licensure,"Emory Offsite locations - The Emory Clinic, Ambulatory Surgery Centers and the Emory Specialty Assocs",Nursing,Precepted Rotation,1,1,10465,8/23/23,10/11/23,0:00,23:59,24,Fri,ID Missing,ID Missing,Ambulatory,NRSG 676 MN - Care Transitions Practicum,Other (see comments),Archived (Completed)
413932,Emory University - SON Pre-licensure,"Emory Offsite locations - The Emory Clinic, Ambulatory Surgery Centers and the Emory Specialty Assocs",Nursing,Precepted Rotation,1,1,10438,8/23/23,10/11/23,0:00,23:59,24,Fri,ID Missing,ID Missing,Ambulatory,NRSG 676 MN - Care Transitions Practicum,Other (see comments),Archived (Completed)
413936,Emory University - SON Pre-licensure,"Emory Offsite locations - The Emory Clinic, Ambulatory Surgery Centers and the Emory Specialty Assocs",Nursing,Precepted Rotation,1,1,10308,8/23/23,10/11/23,0:00,23:59,24,Fri,ID Missing,ID Missing,Ambulatory,NRSG 676 MN - Care Transitions Practicum,Other (see comments),Archived (Completed)
413942,Emory University - SON Pre-licensure,"Emory Offsite locations - The Emory Clinic, Ambulatory Surgery Centers and the Emory Specialty Assocs",Nursing,Precepted Rotation,1,1,10334,8/23/23,10/11/23,0:00,23:59,24,Thu,ID Missing,ID Missing,Ambulatory,NRSG 676 MN - Care Transitions Practicum,Other (see comments),Archived (Completed)
413944,Emory University - SON Pre-licensure,"Emory Offsite locations - The Emory Clinic, Ambulatory Surgery Centers and the Emory Specialty Assocs",Nursing,Precepted Rotation,1,1,10454,8/23/23,10/11/23,0:00,23:59,24,Fri,ID Missing,ID Missing,Ambulatory,NRSG 676 MN - Care Transitions Practicum,Other (see comments),Archived (Completed)
413945,Emory University - SON Pre-licensure,"Emory Offsite locations - The Emory Clinic, Ambulatory Surgery Centers and the Emory Specialty Assocs",Nursing,Precepted Rotation,1,1,10329,8/23/23,10/11/23,0:00,23:59,24,Thu,ID Missing,ID Missing,Ambulatory,NRSG 676 MN - Care Transitions Practicum,Other (see comments),Archived (Completed)
413948,Emory University - SON Pre-licensure,"Emory Offsite locations - The Emory Clinic, Ambulatory Surgery Centers and the Emory Specialty Assocs",Nursing,Precepted Rotation,1,1,10429,8/23/23,10/11/23,0:00,23:59,24,Thu,ID Missing,ID Missing,Ambulatory,NRSG 676 MN - Care Transitions Practicum,Other (see comments),Archived (Completed)
414051,Emory University - SON Pre-licensure,"Emory Offsite locations - The Emory Clinic, Ambulatory Surgery Centers and the Emory Specialty Assocs",Nursing,Precepted Rotation,1,1,10339,8/23/23,10/11/23,0:00,23:59,24,Thu,ID Missing,ID Missing,Ambulatory,NRSG 676 MN - Care Transitions Practicum,Other (see comments),Archived (Completed)
414056,Emory University - SON Pre-licensure,"Emory Offsite locations - The Emory Clinic, Ambulatory Surgery Centers and the Emory Specialty Assocs",Nursing,Precepted Rotation,1,1,10457,8/23/23,10/11/23,0:00,23:59,24,Thu,ID Missing,ID Missing,Ambulatory,NRSG 676 MN - Care Transitions Practicum,Other (see comments),Archived (Completed)
414058,Emory University - SON Pre-licensure,"Emory Offsite locations - The Emory Clinic, Ambulatory Surgery Centers and the Emory Specialty Assocs",Nursing,Precepted Rotation,1,1,10440,8/23/23,10/11/23,0:00,23:59,24,Thu,ID Missing,ID Missing,Ambulatory,NRSG 676 MN - Care Transitions Practicum,Other (see comments),Archived (Completed)
414061,Emory University - SON Pre-licensure,"Emory Offsite locations - The Emory Clinic, Ambulatory Surgery Centers and the Emory Specialty Assocs",Nursing,Precepted Rotation,1,1,10278,8/23/23,10/11/23,0:00,23:59,24,Fri,ID Missing,ID Missing,Ambulatory,NRSG 676 MN - Care Transitions Practicum,Other (see comments),Archived (Completed)
414064,Emory University - SON Pre-licensure,"Emory Offsite locations - The Emory Clinic, Ambulatory Surgery Centers and the Emory Specialty Assocs",Nursing,Precepted Rotation,1,1,10340,8/23/23,10/11/23,0:00,23:59,24,Thu,ID Missing,ID Missing,Ambulatory,NRSG 676 MN - Care Transitions Practicum,Other (see comments),Archived (Completed)
414069,Emory University - SON Pre-licensure,"Emory Offsite locations - The Emory Clinic, Ambulatory Surgery Centers and the Emory Specialty Assocs",Nursing,Precepted Rotation,1,1,10973,8/23/23,10/11/23,0:00,23:59,24,Fri,ID Missing,ID Missing,Ambulatory,NRSG 676 MN - Care Transitions Practicum,Other (see comments),Archived (Completed)
414072,Emory University - SON Pre-licensure,"Emory Offsite locations - The Emory Clinic, Ambulatory Surgery Centers and the Emory Specialty Assocs",Nursing,Precepted Rotation,1,1,10468,8/23/23,10/11/23,0:00,23:59,24,Thu,ID Missing,ID Missing,Ambulatory,NRSG 676 MN - Care Transitions Practicum,Other (see comments),Archived (Completed)
414075,Emory University - SON Pre-licensure,"Emory Offsite locations - The Emory Clinic, Ambulatory Surgery Centers and the Emory Specialty Assocs",Nursing,Precepted Rotation,1,1,10287,8/23/23,10/11/23,0:00,23:59,24,Fri,ID Missing,ID Missing,Ambulatory,NRSG 676 MN - Care Transitions Practicum,Other (see comments),Archived (Completed)
414077,Emory University - SON Pre-licensure,"Emory Offsite locations - The Emory Clinic, Ambulatory Surgery Centers and the Emory Specialty Assocs",Nursing,Precepted Rotation,1,1,10446,8/23/23,10/11/23,0:00,23:59,24,Fri,ID Missing,ID Missing,Ambulatory,NRSG 676 MN - Care Transitions Practicum,Other (see comments),Archived (Completed)
414079,Emory University - SON Pre-licensure,"Emory Offsite locations - The Emory Clinic, Ambulatory Surgery Centers and the Emory Specialty Assocs",Nursing,Precepted Rotation,1,1,10283,8/23/23,10/11/23,0:00,23:59,24,Thu,ID Missing,ID Missing,Ambulatory,NRSG 676 MN - Care Transitions Practicum,Other (see comments),Archived (Completed)
414080,Emory University - SON Pre-licensure,"Emory Offsite locations - The Emory Clinic, Ambulatory Surgery Centers and the Emory Specialty Assocs",Nursing,Precepted Rotation,1,1,10435,8/23/23,10/11/23,0:00,23:59,24,Fri,ID Missing,ID Missing,Ambulatory,NRSG 676 MN - Care Transitions Practicum,Other (see comments),Archived (Completed)
414082,Emory University - SON Pre-licensure,"Emory Offsite locations - The Emory Clinic, Ambulatory Surgery Centers and the Emory Specialty Assocs",Nursing,Precepted Rotation,1,1,10456,8/23/23,10/11/23,0:00,23:59,24,Thu,ID Missing,ID Missing,Ambulatory,NRSG 676 MN - Care Transitions Practicum,Other (see comments),Archived (Completed)
414083,Emory University - SON Pre-licensure,"Emory Offsite locations - The Emory Clinic, Ambulatory Surgery Centers and the Emory Specialty Assocs",Nursing,Precepted Rotation,1,1,10284,8/23/23,10/11/23,0:00,23:59,24,Thu,ID Missing,ID Missing,Ambulatory,NRSG 676 MN - Care Transitions Practicum,Other (see comments),Archived (Completed)
414273,Emory University - SON Pre-licensure,"Emory Offsite locations - The Emory Clinic, Ambulatory Surgery Centers and the Emory Specialty Assocs",Nursing,Precepted Rotation,1,1,10466,8/23/23,10/11/23,0:00,23:59,24,Thu,ID Missing,ID Missing,Ambulatory,NRSG 676 MN - Care Transitions Practicum,Other (see comments),Archived (Completed)
415080,Emory University - SON Pre-licensure,Emory University Hospital Midtown,Nursing,Precepted Rotation,0,1,No Students Assigned,10/16/23,12/6/23,0:00,23:59,132,"Mon, Thu, Fri, Sat, Sun",ID Missing,ID Missing,Practicum,NRSG 648 MN - Transitions to Nursing Practice,42/54: Mother/Baby,Archived (Completed)
415082,Emory University - SON Pre-licensure,Emory University Hospital Midtown,Nursing,Precepted Rotation,1,1,10973,10/16/23,12/6/23,0:00,23:59,132,"Mon, Thu, Fri, Sat, Sun",ID Missing,ID Missing,Practicum,NRSG 648 MN - Transitions to Nursing Practice,42/54: Mother/Baby,Archived (Completed)
415118,Georgia State University - Perimeter College,Emory Long Term Acute Care Hospital,Nursing,Cohort Rotation,5,6,"11580, 11581, 11582, 11583, 11584",1/19/24,3/8/24,7:00,19:00,96,Fri,ID Missing,No Preceptor Assigned,MedSurg - Acute Care,NURS 1930 - Intermediate Concepts of Nursing,LTAC,Archived (Completed)
416474,Chamberlain College of Nursing - Georgia,Emory Saint Joseph's Hospital,Nursing,Cohort Rotation,8,8,"11585, 11586, 11587, 11588, 11589, 11590, 11591, 11592",1/12/24,2/23/24,7:00,23:59,48,Fri,ID Missing,No Preceptor Assigned,MedSurg - Acute Care,NR 226 - Fundamentals - Patient Care,5E internal medicine,Archived (Completed)
416475,Chamberlain College of Nursing - Georgia,Emory Saint Joseph's Hospital,Nursing,Cohort Rotation,8,8,"11593, 11594, 11595, 11596, 11597, 11598, 11599, 11600",1/13/24,2/24/24,7:00,15:00,48,Sat,ID Missing,No Preceptor Assigned,MedSurg - Acute Care,NR 226 - Fundamentals - Patient Care,4W renal and urology,Archived (Completed)
416476,Chamberlain College of Nursing - Atlanta,Emory Saint Joseph's Hospital,Nursing,Cohort Rotation,0,8,No Students Assigned,3/4/24,4/27/24,7:00,19:00,48,Fri,ID Missing,No Preceptor Assigned,MedSurg - Acute Care,NR 226 - Fundamentals - Patient Care,5E internal medicine,Archived (Completed)
416477,Chamberlain College of Nursing - Atlanta,Emory Saint Joseph's Hospital,Nursing,Cohort Rotation,0,8,No Students Assigned,3/4/24,4/27/24,7:00,19:00,48,Sat,ID Missing,No Preceptor Assigned,MedSurg - Acute Care,NR 226 - Fundamentals - Patient Care,4W renal and urology,Archived (Completed)
416478,Chamberlain College of Nursing - Atlanta,Emory Saint Joseph's Hospital,Nursing,Cohort Rotation,7,8,"11601, 11602, 11603, 11604, 11605, 11606, 11607",5/10/24,6/28/24,7:00,15:00,48,Fri,ID Missing,No Preceptor Assigned,MedSurg - Acute Care,NR 226 - Fundamentals - Patient Care,5E internal medicine,Archived (Completed)
416479,Chamberlain College of Nursing - Atlanta,Emory Saint Joseph's Hospital,Nursing,Cohort Rotation,8,8,"11608, 11609, 11610, 11611, 11612, 11613, 11614, 11615",5/11/24,6/29/24,7:00,15:00,48,Sat,ID Missing,No Preceptor Assigned,MedSurg - Acute Care,NR 226 - Fundamentals - Patient Care,4W renal and urology,Archived (Completed)
416480,Chamberlain College of Nursing - Atlanta,Emory Saint Joseph's Hospital,Nursing,Cohort Rotation,7,8,"11616, 11617, 11618, 11619, 11612, 11620, 11621",9/6/24,10/11/24,7:00,15:00,48,Fri,ID Missing,No Preceptor Assigned,Fundamentals,NR 226 - Fundamentals - Patient Care,5E internal medicine,Archived (Completed)
416481,Chamberlain College of Nursing - Atlanta,Emory Saint Joseph's Hospital,Nursing,Cohort Rotation,8,8,"11622, 11623, 11624, 11625, 11626, 11627, 11628, 11629",9/7/24,10/12/24,7:00,15:00,48,Sat,ID Missing,No Preceptor Assigned,Fundamentals,NR 226 - Fundamentals - Patient Care,4W renal and urology,Archived (Completed)
416482,Chamberlain College of Nursing - Georgia,Emory Saint Joseph's Hospital,Nursing,Cohort Rotation,8,8,"10885, 10887, 10888, 10889, 10886, 10890, 10891, 10892",1/9/24,2/27/24,7:00,19:00,96,Tue,ID Missing,No Preceptor Assigned,MedSurg - Acute Care,NR 325 - Adult Health II,3SW GI medicine/bariatrics,Archived (Completed)
416483,Chamberlain College of Nursing - Georgia,Emory Saint Joseph's Hospital,Nursing,Cohort Rotation,7,8,"10905, 10901, 10906, 10902, 10907, 10903, 10904",1/9/24,2/27/24,7:00,19:00,96,Tue,ID Missing,No Preceptor Assigned,MedSurg - Acute Care,NR 325 - Adult Health II,5W internal medicine,Archived (Completed)
416484,Chamberlain College of Nursing - Georgia,Emory Saint Joseph's Hospital,Nursing,Cohort Rotation,8,8,"10893, 10894, 11630, 10895, 10897, 10898, 10899, 10900",1/11/24,2/29/24,7:00,19:00,96,Thu,ID Missing,No Preceptor Assigned,MedSurg - Acute Care,NR 325 - Adult Health II,5W internal medicine,Archived (Completed)
416485,Chamberlain College of Nursing - Georgia,Emory Saint Joseph's Hospital,Nursing,Cohort Rotation,8,8,"10909, 10910, 10911, 10912, 10913, 10914, 11631, 10920",1/13/24,3/2/24,7:00,19:00,96,Sat,ID Missing,No Preceptor Assigned,MedSurg - Acute Care,NR 325 - Adult Health II,3S GI surgery,Archived (Completed)
416486,Chamberlain College of Nursing - Atlanta,Emory Saint Joseph's Hospital,Nursing,Cohort Rotation,7,8,"11632, 11633, 11634, 11635, 11636, 11637, 11638",3/4/24,4/27/24,7:00,19:00,96,Tue,ID Missing,No Preceptor Assigned,MedSurg - Acute Care,NR 324 - Adult Health I,3SW GI medicine/bariatrics,Archived (Completed)
416487,Chamberlain College of Nursing - Atlanta,Emory Saint Joseph's Hospital,Nursing,Cohort Rotation,0,8,No Students Assigned,3/4/24,4/27/24,7:00,19:00,96,Tue,ID Missing,No Preceptor Assigned,MedSurg - Acute Care,NR 324 - Adult Health I,5W internal medicine,Archived (Completed)
416488,Chamberlain College of Nursing - Atlanta,Emory Saint Joseph's Hospital,Nursing,Cohort Rotation,8,8,"11639, 11640, 11641, 11642, 11643, 11644, 11645, 11646",3/4/24,4/27/24,7:00,19:00,96,Thu,"ID Missing, ID Missing",No Preceptor Assigned,MedSurg - Acute Care,NR 324 - Adult Health I,5W internal medicine,Archived (Completed)
416489,Chamberlain College of Nursing - Atlanta,Emory Saint Joseph's Hospital,Nursing,Cohort Rotation,8,8,"11585, 11647, 11648, 11597, 10917, 11649, 11596, 11650",3/4/24,4/27/24,7:00,19:00,96,Sat,ID Missing,No Preceptor Assigned,MedSurg - Acute Care,NR 324 - Adult Health I,3S GI surgery,Archived (Completed)
416490,Chamberlain College of Nursing - Atlanta,Emory Saint Joseph's Hospital,Nursing,Cohort Rotation,7,8,"11638, 11632, 11634, 10915, 11635, 11636, 11633",5/7/24,6/25/24,7:00,19:00,96,Tue,ID Missing,No Preceptor Assigned,MedSurg - Acute Care,NR 325 - Adult Health II,3SW GI medicine/bariatrics,Archived (Completed)
416492,Chamberlain College of Nursing - Atlanta,Emory Saint Joseph's Hospital,Nursing,Cohort Rotation,7,8,"11651, 11652, 11653, 11654, 11655, 11656, 11657",5/7/24,6/25/24,7:00,19:00,96,Tue,ID Missing,No Preceptor Assigned,MedSurg - Acute Care,NR 325 - Adult Health II,5W internal medicine,Archived (Completed)
416493,Chamberlain College of Nursing - Atlanta,Emory Saint Joseph's Hospital,Nursing,Cohort Rotation,7,8,"11639, 11646, 11642, 11643, 11644, 11645, 11658",5/9/24,6/27/24,7:00,19:00,96,Thu,ID Missing,No Preceptor Assigned,MedSurg - Acute Care,NR 325 - Adult Health II,5W internal medicine,Archived (Completed)
416495,Chamberlain College of Nursing - Atlanta,Emory Saint Joseph's Hospital,Nursing,Cohort Rotation,8,8,"11585, 11650, 11647, 11596, 11649, 11597, 10917, 11659",5/11/24,6/29/24,7:00,19:00,96,Sat,ID Missing,No Preceptor Assigned,MedSurg - Acute Care,NR 325 - Adult Health II,3S GI surgery,Archived (Completed)
416505,Chamberlain College of Nursing - Georgia,Emory Saint Joseph's Hospital,Nursing,Cohort Rotation,8,8,"10257, 11660, 10093, 10095, 11661, 11662, 10142, 11663",1/10/24,2/28/24,7:00,19:00,96,Wed,ID Missing,No Preceptor Assigned,MedSurg - Acute Care,NR 446 - Collaborative Health,6E internal medicine,Archived (Completed)
416507,Chamberlain College of Nursing - Georgia,Emory Saint Joseph's Hospital,Nursing,Cohort Rotation,0,8,No Students Assigned,1/12/24,3/1/24,7:00,19:00,96,Fri,ID Missing,No Preceptor Assigned,MedSurg - Acute Care,NR 446 - Collaborative Health,3SW,Archived (Withdrawn)
416509,Chamberlain College of Nursing - Georgia,Emory Saint Joseph's Hospital,Nursing,Cohort Rotation,0,8,No Students Assigned,3/6/24,3/27/24,7:00,19:00,48,Wed,ID Missing,No Preceptor Assigned,MedSurg - Acute Care,NR 452 - Capstone Course,6E,Archived (Withdrawn)
416510,Chamberlain College of Nursing - Atlanta,Emory Saint Joseph's Hospital,Nursing,Cohort Rotation,8,8,"11600, 11664, 11665, 11666, 11667, 11668, 11669, 11670",3/8/24,4/26/24,7:00,19:00,96,Fri,"ID Missing, ID Missing",No Preceptor Assigned,MedSurg - Acute Care,NR 324 - Adult Health I,3SW GI medicine/bariatrics,Archived (Completed)
416511,Chamberlain College of Nursing - Georgia,Emory Saint Joseph's Hospital,Nursing,Cohort Rotation,0,8,No Students Assigned,5/6/24,6/29/24,7:00,19:00,96,Wed,ID Missing,No Preceptor Assigned,MedSurg - Acute Care,NR 446 - Collaborative Health,6W,Archived (Withdrawn)
416513,Chamberlain College of Nursing - Atlanta,Emory Saint Joseph's Hospital,Nursing,Cohort Rotation,8,8,"10147, 11671, 11672, 11673, 11674, 11675, 11676, 11677",7/8/24,8/31/24,7:00,19:00,48,Wed,ID Missing,No Preceptor Assigned,MedSurg - Acute Care,NR 452 - Capstone Course,6W pulmonary thoracic,Archived (Completed)
416514,Chamberlain College of Nursing - Georgia,Emory Saint Joseph's Hospital,Nursing,Cohort Rotation,0,8,No Students Assigned,7/8/24,8/31/24,7:00,19:00,48,Fri,ID Missing,No Preceptor Assigned,MedSurg - Acute Care,NR 452 - Capstone Course,3SW,Archived (Denied)
416533,Chamberlain College of Nursing - Georgia,Emory Decatur Hospital,Nursing,Cohort Rotation,6,6,"11678, 11679, 11680, 11681, 10177, 11682",1/12/24,2/16/24,7:00,19:00,48,Fri,ID Missing,No Preceptor Assigned,MedSurg - Acute Care,NR 326 - Mental Health Nursing,Behavioral Health (acute) - 1800,Archived (Completed)
416534,Chamberlain College of Nursing - Atlanta,Emory Decatur Hospital,Nursing,Cohort Rotation,6,6,"10163, 10118, 11683, 10157, 10169, 11684",3/8/24,4/12/24,7:00,19:00,48,Fri,ID Missing,No Preceptor Assigned,Psychiatry; Mental Health; Behavioral Medicine,NR 326 - Mental Health Nursing,Behavioral Health (acute) - 1800,Archived (Completed)
416535,Chamberlain College of Nursing - Georgia,Emory Decatur Hospital,Nursing,Cohort Rotation,0,8,No Students Assigned,5/6/24,6/29/24,7:00,19:00,48,Fri,ID Missing,No Preceptor Assigned,MedSurg - Acute Care,NR 326 - Mental Health Nursing,Behavioral Health (acute) - 1800,Archived (Withdrawn)
416536,Chamberlain College of Nursing - Atlanta,Emory Decatur Hospital,Nursing,Cohort Rotation,8,8,"11585, 11685, 11686, 11687, 11688, 11689, 11690, 11691",7/26/24,8/30/24,7:00,19:00,48,Fri,ID Missing,No Preceptor Assigned,MedSurg - Acute Care,NR 326 - Mental Health Nursing,Behavioral Health (acute) - 1800,Archived (Completed)
416537,Chamberlain College of Nursing - Georgia,Emory Decatur Hospital,Nursing,Cohort Rotation,6,6,"10928, 11683, 11692, 10169, 10170, 10173",1/10/24,1/31/24,7:00,19:00,48,Wed,ID Missing,No Preceptor Assigned,Critical/Intensive Care,NR341 - Complex Adult Health,ICU - 2500,Archived (Completed)
416538,Chamberlain College of Nursing - Georgia,Emory Decatur Hospital,Nursing,Cohort Rotation,6,6,"10133, 10930, 10858, 11684, 11693, 10174",2/7/24,2/28/24,7:00,19:00,48,Wed,ID Missing,No Preceptor Assigned,Critical/Intensive Care,NR341 - Complex Adult Health,ICU - 2500,Archived (Completed)
416539,Chamberlain College of Nursing - Atlanta,Emory Decatur Hospital,Nursing,Cohort Rotation,6,6,"11694, 11695, 11696, 10886, 11697, 10892",3/6/24,3/27/24,7:00,19:00,48,Wed,ID Missing,No Preceptor Assigned,Critical/Intensive Care,NR341 - Complex Adult Health,ICU - 2500,Archived (Completed)
416540,Chamberlain College of Nursing - Atlanta,Emory Decatur Hospital,Nursing,Cohort Rotation,6,6,"11698, 10903, 11699, 11700, 11701, 11702",4/3/24,4/24/24,7:00,19:00,48,Wed,ID Missing,No Preceptor Assigned,Critical/Intensive Care,NR341 - Complex Adult Health,ICU - 2500,Archived (Completed)
416541,Chamberlain College of Nursing - Atlanta,Emory Decatur Hospital,Nursing,Cohort Rotation,6,6,"10165, 11703, 10160, 11704, 11705, 11706",5/8/24,5/29/24,7:00,19:00,48,Wed,ID Missing,No Preceptor Assigned,Critical/Intensive Care,NR341 - Complex Adult Health,ICU - 2500,Archived (Completed)
416542,Chamberlain College of Nursing - Atlanta,Emory Decatur Hospital,Nursing,Cohort Rotation,6,6,"10164, 11707, 10167, 10158, 11708, 11709",6/5/24,6/26/24,7:00,19:00,48,Wed,ID Missing,No Preceptor Assigned,Critical/Intensive Care,NR341 - Complex Adult Health,ICU - 2500,Archived (Completed)
416543,Chamberlain College of Nursing - Atlanta,Emory Decatur Hospital,Nursing,Cohort Rotation,5,6,"11657, 11634, 11710, 11711, 11712",7/10/24,7/31/24,7:00,19:00,48,Wed,ID Missing,No Preceptor Assigned,Critical/Intensive Care,NR341 - Complex Adult Health,ICU - 2500,Archived (Completed)
416544,Chamberlain College of Nursing - Atlanta,Emory Decatur Hospital,Nursing,Cohort Rotation,6,6,"11713, 11714, 11715, 11716, 11633, 11717",8/7/24,8/28/24,7:00,19:00,48,Wed,ID Missing,No Preceptor Assigned,Critical/Intensive Care,NR341 - Complex Adult Health,ICU - 2500,Archived (Completed)
416549,Chamberlain College of Nursing - Georgia,Emory University Hospital Midtown,Nursing,Cohort Rotation,8,8,"10936, 10937, 10942, 10938, 10939, 10941, 10940, 10935",1/11/24,2/29/24,7:00,19:00,96,Thu,ID Missing,No Preceptor Assigned,MedSurg - Acute Care,NR 325 - Adult Health II,22: Med/Surg,Archived (Completed)
416550,Chamberlain College of Nursing - Atlanta,Emory University Hospital Midtown,Nursing,Cohort Rotation,8,8,"11718, 11719, 11713, 11587, 11720, 11721, 11685, 11722",3/4/24,4/27/24,7:00,19:00,96,Thu,ID Missing,No Preceptor Assigned,MedSurg - Acute Care,NR 324 - Adult Health I,22: Med/Surg,Archived (Completed)
416551,Chamberlain College of Nursing - Atlanta,Emory University Hospital Midtown,Nursing,Cohort Rotation,7,8,"11720, 11722, 11719, 11721, 11685, 11713, 11587",5/9/24,6/27/24,7:00,19:00,96,Thu,ID Missing,No Preceptor Assigned,MedSurg - Acute Care,NR 325 - Adult Health II,22: Med/Surg,Archived (Completed)
416564,Chamberlain College of Nursing - Georgia,Emory Johns Creek Hospital,Nursing,Cohort Rotation,8,8,"11723, 11724, 11725, 11726, 10871, 11727, 11728, 11256",1/13/24,3/2/24,7:00,19:00,96,Sat,ID Missing,No Preceptor Assigned,MedSurg - Acute Care,NR 446 - Collaborative Health,3rd floor: med-surg,Archived (Completed)
416565,Chamberlain College of Nursing - Atlanta,Emory Johns Creek Hospital,Nursing,Cohort Rotation,8,8,"11256, 11728, 11723, 11724, 11660, 11725, 11726, 10871",3/9/24,3/30/24,7:00,19:00,48,Sat,ID Missing,No Preceptor Assigned,MedSurg - Acute Care,NR 452 - Capstone Course,3rd floor: med-surg,Archived (Completed)
416566,Chamberlain College of Nursing - Atlanta,Emory Johns Creek Hospital,Nursing,Cohort Rotation,7,8,"11729, 11730, 11731, 11732, 11727, 10053, 11733",5/11/24,6/29/24,7:00,19:00,96,Sat,ID Missing,No Preceptor Assigned,MedSurg - Acute Care,NR 446 - Collaborative Health,3rd floor: med-surg,Archived (Completed)
416567,Chamberlain College of Nursing - Atlanta,Emory Johns Creek Hospital,Nursing,Cohort Rotation,8,8,"11729, 10152, 10923, 11731, 11732, 11727, 10925, 11734",7/8/24,8/31/24,7:00,19:00,48,Sat,ID Missing,No Preceptor Assigned,MedSurg - Acute Care,NR 452 - Capstone Course,3rd floor: med-surg,Archived (Completed)
417507,University of North Georgia - Nursing,Emory Johns Creek Hospital,Nursing,Cohort Rotation,6,6,"11735, 11736, 11737, 11738, 11739, 11740",1/15/24,2/19/24,6:30,18:30,72,Mon,ID Missing,No Preceptor Assigned,MedSurg - Acute Care,N3705 - Adult Health I,3rd floor: med-surg,Archived (Completed)
417508,University of North Georgia - Nursing,Emory Johns Creek Hospital,Nursing,Cohort Rotation,6,6,"11736, 11735, 11737, 11738, 11739, 11740",3/18/24,4/22/24,6:30,18:30,72,Mon,ID Missing,No Preceptor Assigned,MedSurg - Acute Care,N4405 - Adult Health II,3rd floor: med-surg,Archived (Completed)
417601,Hope College of Arts & Sciences,Emory Johns Creek Hospital,Nursing,Precepted Rotation,1,7,11741,9/5/23,12/31/23,0:00,23:59,120,,2026,3024,MedSurg - Acute Care,HCAS-NUR 4220C - Advanced Medical Surgical Nursing,6N: medical,Archived (Denied)
417607,Hope College of Arts & Sciences,Emory Johns Creek Hospital,Nursing,Precepted Rotation,0,3,No Students Assigned,9/5/23,12/31/23,0:00,23:59,120,,ID Missing,No Preceptor Assigned,Internal Medicine,HCAS-NUR 4220C - Advanced Medical Surgical Nursing,6N: medical,Archived (Denied)
418784,Gordon State College,Emory Decatur Hospital,Nursing,Precepted Rotation,1,1,11742,9/30/23,12/3/23,0:00,23:59,180,,2027,ID Missing,Practicum,NURS 2912 - Complex Adult Health Nursing,Emergency Dept- North Decatur,Archived (Completed)
418822,Georgia Baptist College of Nursing of Mercer University - Undergraduate Nursing,Emory Saint Joseph's Hospital,Nursing,Cohort Rotation,0,8,No Students Assigned,1/25/24,4/25/24,7:00,16:00,95,Thu,ID Missing,No Preceptor Assigned,MedSurg - Acute Care,NUR 317 - Adult Health,6W,Archived (Withdrawn)
418825,Georgia State University - SON - Undergraduate,Emory University Hospital At Wesley Woods,Nursing,Cohort Rotation,8,8,"11743, 11744, 11745, 11746, 11747, 11748, 11749, 11750",1/11/24,1/22/24,6:30,16:30,70,Thu,ID Missing,No Preceptor Assigned,Psychiatry; Mental Health; Behavioral Medicine,NURS 3810 - Mental Health,-no preference-,Archived (Completed)
419143,Georgia State University - SON - Undergraduate,Emory University Hospital At Wesley Woods,Nursing,Cohort Rotation,7,8,"11751, 11752, 11753, 11754, 11755, 11756, 11757",2/27/24,4/16/24,6:30,16:30,70,Thu,ID Missing,No Preceptor Assigned,MedSurg - Acute Care,NURS 3810 - Mental Health,-no preference-,Archived (Completed)
419668,Auburn University - College of Nursing - BSN,Emory University Hospital,Nursing,Precepted Rotation,1,1,11758,2/26/24,4/21/24,0:00,23:59,212,,ID Missing,No Preceptor Assigned,Practicum,NURS 4921 - Nursing Practice Preceptorship-Senior Practicum,5ST: SICU,Archived (Completed)
420668,Georgia State University - SON - Undergraduate,Emory Decatur Hospital,Nursing,Cohort Rotation,6,6,"11759, 11760, 11761, 11762, 11763, 11764, 11765",1/13/24,2/24/24,7:00,19:00,84,Sat,ID Missing,No Preceptor Assigned,MedSurg - Acute Care,NURS 3530 - ,General Medical - 4500,Archived (Completed)
420677,Georgia State University - SON - Undergraduate,Emory Decatur Hospital,Nursing,Cohort Rotation,5,6,"11766, 11767, 11768, 11769, 11770",3/16/24,4/27/24,7:00,19:00,84,Sat,ID Missing,No Preceptor Assigned,MedSurg - Acute Care,NURS 3530 - ,Cardiac Telemetry - 2400,Archived (Completed)
422117,Kennesaw State University - Nursing,Emory Saint Joseph's Hospital,Nursing,Cohort Rotation,8,8,"11771, 11772, 11773, 11774, 11775, 11776, 11777, 11778",2/28/24,4/21/24,6:30,13:00,45,Fri,ID Missing,No Preceptor Assigned,Fundamentals,3209 - Holistic Nursing,4S ortho,Archived (Completed)
422171,Kennesaw State University - Nursing,Emory Saint Joseph's Hospital,Nursing,Cohort Rotation,6,8,"11779, 11780, 11781, 11782, 11783, 11784",1/29/24,4/28/24,6:30,15:00,96,Thu,ID Missing,No Preceptor Assigned,MedSurg - Acute Care,3313 - Adult Health,4S ortho,Archived (Completed)
422187,Kennesaw State University - Nursing,"Emory Offsite locations - The Emory Clinic, Ambulatory Surgery Centers and the Emory Specialty Assocs",Nursing,Precepted Rotation,0,1,No Students Assigned,1/17/24,2/22/24,0:00,23:59,96,"Wed, Thu, Fri",ID Missing,No Preceptor Assigned,Community,4412 - Community Health,Other (see comments),Archived (Denied)
422188,Kennesaw State University - Nursing,"Emory Offsite Locations - The Emory Clinic, Ambulatory Surgery Centers And The Emory Specialty Assocs",Nursing,Precepted Rotation,1,1,11785,3/6/24,4/18/24,0:00,23:59,96,"Wed, Thu, Fri",ID Missing,No Preceptor Assigned,Community,4412 - Community Health,Other (see comments),Archived (Completed)
422189,Kennesaw State University - Nursing,"Emory Offsite locations - The Emory Clinic, Ambulatory Surgery Centers and the Emory Specialty Assocs",Nursing,Precepted Rotation,0,1,No Students Assigned,1/17/24,2/22/24,0:00,23:59,96,"Wed, Thu, Fri",ID Missing,No Preceptor Assigned,Community,4412 - Community Health,Other (see comments),Archived (Denied)
422190,Kennesaw State University - Nursing,"Emory Offsite locations - The Emory Clinic, Ambulatory Surgery Centers and the Emory Specialty Assocs",Nursing,Precepted Rotation,0,1,No Students Assigned,3/6/24,4/18/24,0:00,23:59,96,"Wed, Thu, Fri",ID Missing,No Preceptor Assigned,Community,4412 - Community Health,Other (see comments),Archived (Denied)
423166,Emory University - SON Pre-licensure,Emory Johns Creek Hospital,Nursing,Precepted Rotation,1,1,10442,10/16/23,12/6/23,0:00,23:59,132,"Mon, Thu, Fri, Sat, Sun",2008,ID Missing,Practicum,NRSG 648 MN - Transitions to Nursing Practice,ED: emergency and CDU,Archived (Completed)
423310,University of North Georgia - Nursing,Emory Johns Creek Hospital,Nursing,Cohort Rotation,5,5,"11786, 11238, 11787, 11788, 11789",1/19/24,4/12/24,6:30,18:30,72,Fri,ID Missing,No Preceptor Assigned,Perinatal - OB,N3804 - Nursing Care of the Childbearing Family,"Maternity: M/B, L&D, NICU",Archived (Completed)
423311,University of North Georgia - Nursing,Emory Johns Creek Hospital,Nursing,Cohort Rotation,4,5,"11790, 11791, 11792, 11793",1/26/24,4/5/24,6:30,18:30,72,Fri,ID Missing,No Preceptor Assigned,Perinatal - OB,N3804 - Nursing Care of the Childbearing Family,"Maternity: M/B, L&D, NICU",Archived (Completed)
424001,Georgia College & State University - Nursing,Emory Decatur Hospital,Nursing,Precepted Rotation,1,1,11794,1/15/24,5/10/24,0:00,23:59,144,"Tue, Wed, Thu, Fri, Sat",ID Missing,No Preceptor Assigned,Practicum,4980 - Transition to Nursing Practice,L&D,Archived (Completed)
424008,Georgia College & State University - Nursing,Emory Decatur Hospital,Nursing,Precepted Rotation,1,1,11795,1/15/24,5/10/24,0:00,23:59,144,"Tue, Wed, Thu, Fri, Sat",ID Missing,No Preceptor Assigned,Neonatal ICU,4980 - Transition to Nursing Practice,NICU,Archived (Completed)
424011,Georgia College & State University - Nursing,Emory University Hospital,Nursing,Precepted Rotation,1,1,11796,1/15/24,5/10/24,0:00,23:59,144,"Tue, Wed, Thu, Fri, Sat",ID Missing,No Preceptor Assigned,Practicum,4980 - Transition to Nursing Practice,5T South:  SICU,Archived (Completed)
424110,Grand Canyon University,Emory Johns Creek Hospital,Nursing,Precepted Rotation,1,1,11797,1/8/24,3/17/24,0:00,23:59,100,,2028,3025,Observation,NRS-493 - Professional Capstone and Practicum,-no preference-,Archived (Completed)
425152,Brenau University,Emory University Hospital at Wesley Woods,Nursing,Cohort Rotation,0,6,No Students Assigned,1/8/24,4/15/24,7:00,19:00,120,Mon,ID Missing,No Preceptor Assigned,Psychiatry; Mental Health; Behavioral Medicine,NG 308 - Behavioral Health,Inpatient Psych,Archived (Denied)
425153,Brenau University,Emory University Hospital at Wesley Woods,Nursing,Cohort Rotation,0,6,No Students Assigned,1/13/24,4/20/24,7:00,19:00,120,Sat,ID Missing,No Preceptor Assigned,Psychiatry; Mental Health; Behavioral Medicine,NG 308 - Behavioral Health,Inpatient Psych,Archived (Denied)
426679,Emory University - SON Pre-licensure,"Emory Offsite Locations - The Emory Clinic, Ambulatory Surgery Centers And The Emory Specialty Assocs",Nursing,Precepted Rotation,1,1,10317,10/16/23,12/6/23,0:00,23:59,24,Thu,ID Missing,ID Missing,Ambulatory,NRSG 676 MN - Care Transitions Practicum,Other (see comments),Archived (Completed)
426682,Emory University - SON Pre-licensure,"Emory Offsite Locations - The Emory Clinic, Ambulatory Surgery Centers And The Emory Specialty Assocs",Nursing,Precepted Rotation,1,1,10483,10/16/23,12/6/23,0:00,23:59,24,Fri,ID Missing,ID Missing,Ambulatory,NRSG 676 MN - Care Transitions Practicum,Other (see comments),Archived (Completed)
426685,Emory University - SON Pre-licensure,"Emory Offsite Locations - The Emory Clinic, Ambulatory Surgery Centers And The Emory Specialty Assocs",Nursing,Precepted Rotation,1,1,10426,10/16/23,12/6/23,0:00,23:59,24,Fri,ID Missing,ID Missing,Ambulatory,NRSG 676 MN - Care Transitions Practicum,Other (see comments),Archived (Completed)
426687,Emory University - SON Pre-licensure,"Emory Offsite Locations - The Emory Clinic, Ambulatory Surgery Centers And The Emory Specialty Assocs",Nursing,Precepted Rotation,1,1,10450,10/16/23,12/6/23,0:00,23:59,24,Fri,ID Missing,ID Missing,Ambulatory,NRSG 676 MN - Care Transitions Practicum,Other (see comments),Archived (Completed)
426690,Emory University - SON Pre-licensure,"Emory Offsite Locations - The Emory Clinic, Ambulatory Surgery Centers And The Emory Specialty Assocs",Nursing,Precepted Rotation,1,1,10444,10/16/23,12/6/23,0:00,23:59,24,Fri,ID Missing,ID Missing,Ambulatory,NRSG 676 MN - Care Transitions Practicum,Other (see comments),Archived (Completed)
426693,Emory University - SON Pre-licensure,"Emory Offsite Locations - The Emory Clinic, Ambulatory Surgery Centers And The Emory Specialty Assocs",Nursing,Precepted Rotation,1,1,10301,10/16/23,12/6/23,0:00,23:59,24,Fri,ID Missing,ID Missing,Ambulatory,NRSG 676 MN - Care Transitions Practicum,Other (see comments),Archived (Completed)
426698,Emory University - SON Pre-licensure,"Emory Offsite Locations - The Emory Clinic, Ambulatory Surgery Centers And The Emory Specialty Assocs",Nursing,Precepted Rotation,1,1,10300,10/16/23,12/6/23,0:00,23:59,24,Fri,ID Missing,ID Missing,Ambulatory,NRSG 676 MN - Care Transitions Practicum,Other (see comments),Archived (Completed)
426703,Emory University - SON Pre-licensure,"Emory Offsite Locations - The Emory Clinic, Ambulatory Surgery Centers And The Emory Specialty Assocs",Nursing,Precepted Rotation,1,1,10481,10/16/23,12/6/23,0:00,23:59,24,Fri,ID Missing,ID Missing,Ambulatory,NRSG 676 MN - Care Transitions Practicum,Other (see comments),Archived (Completed)
426709,Indiana State University - Online LPN to BSN Track,Emory University Hospital,Nursing,Precepted Rotation,1,1,11798,1/26/24,5/3/24,0:00,23:59,110,,2002,ID Missing,MedSurg - Acute Care,NURS 484 - Reflections on Nursing Practice--Senior Practicum,7G: Medical,Archived (Denied)
426710,Emory University - SON Pre-licensure,"Emory Offsite Locations - The Emory Clinic, Ambulatory Surgery Centers And The Emory Specialty Assocs",Nursing,Precepted Rotation,1,1,10439,10/16/23,12/6/23,0:00,23:59,24,Fri,ID Missing,ID Missing,Ambulatory,NRSG 676 MN - Care Transitions Practicum,Other (see comments),Archived (Completed)
426713,Emory University - SON Pre-licensure,"Emory Offsite Locations - The Emory Clinic, Ambulatory Surgery Centers And The Emory Specialty Assocs",Nursing,Precepted Rotation,1,1,10485,10/16/23,12/6/23,0:00,23:59,24,Fri,ID Missing,ID Missing,Ambulatory,NRSG 676 MN - Care Transitions Practicum,Other (see comments),Archived (Completed)
426717,Emory University - SON Pre-licensure,"Emory Offsite Locations - The Emory Clinic, Ambulatory Surgery Centers And The Emory Specialty Assocs",Nursing,Precepted Rotation,0,1,No Students Assigned,10/16/23,12/6/23,0:00,23:59,24,Fri,ID Missing,ID Missing,Ambulatory,NRSG 676 MN - Care Transitions Practicum,Other (see comments),Archived (Completed)
426734,Emory University - SON Pre-licensure,"Emory Offsite Locations - The Emory Clinic, Ambulatory Surgery Centers And The Emory Specialty Assocs",Nursing,Precepted Rotation,1,1,10289,10/16/23,12/6/23,0:00,23:59,24,Fri,ID Missing,ID Missing,Ambulatory,NRSG 676 MN - Care Transitions Practicum,Other (see comments),Archived (Completed)
426736,Emory University - SON Pre-licensure,"Emory Offsite Locations - The Emory Clinic, Ambulatory Surgery Centers And The Emory Specialty Assocs",Nursing,Precepted Rotation,0,1,No Students Assigned,10/16/23,12/6/23,0:00,23:59,24,Fri,ID Missing,ID Missing,Ambulatory,NRSG 676 MN - Care Transitions Practicum,Other (see comments),Archived (Completed)
426737,Emory University - SON Pre-licensure,"Emory Offsite Locations - The Emory Clinic, Ambulatory Surgery Centers And The Emory Specialty Assocs",Nursing,Precepted Rotation,1,1,10436,10/16/23,12/6/23,0:00,23:59,24,Fri,ID Missing,ID Missing,Ambulatory,NRSG 676 MN - Care Transitions Practicum,Other (see comments),Archived (Completed)
426740,Emory University - SON Pre-licensure,"Emory Offsite Locations - The Emory Clinic, Ambulatory Surgery Centers And The Emory Specialty Assocs",Nursing,Precepted Rotation,1,1,10298,10/16/23,12/6/23,0:00,23:59,24,Fri,ID Missing,ID Missing,Ambulatory,NRSG 676 MN - Care Transitions Practicum,Other (see comments),Archived (Completed)
426744,Emory University - SON Pre-licensure,"Emory Offsite Locations - The Emory Clinic, Ambulatory Surgery Centers And The Emory Specialty Assocs",Nursing,Precepted Rotation,1,1,10323,10/16/23,12/6/23,0:00,23:59,24,Fri,ID Missing,ID Missing,Ambulatory,NRSG 676 MN - Care Transitions Practicum,Other (see comments),Archived (Completed)
426751,Emory University - SON Pre-licensure,"Emory Offsite Locations - The Emory Clinic, Ambulatory Surgery Centers And The Emory Specialty Assocs",Nursing,Precepted Rotation,1,1,10480,10/16/23,12/6/23,0:00,23:59,24,Fri,ID Missing,ID Missing,Ambulatory,NRSG 676 MN - Care Transitions Practicum,Other (see comments),Archived (Completed)
426762,Emory University - SON Pre-licensure,"Emory Offsite Locations - The Emory Clinic, Ambulatory Surgery Centers And The Emory Specialty Assocs",Nursing,Precepted Rotation,1,1,10325,10/16/23,12/6/23,0:00,23:59,24,Fri,ID Missing,ID Missing,Ambulatory,NRSG 676 MN - Care Transitions Practicum,Other (see comments),Archived (Completed)
426763,Emory University - SON Pre-licensure,"Emory Offsite Locations - The Emory Clinic, Ambulatory Surgery Centers And The Emory Specialty Assocs",Nursing,Precepted Rotation,1,1,10434,10/16/23,12/6/23,0:00,23:59,24,Fri,ID Missing,ID Missing,Ambulatory,NRSG 676 MN - Care Transitions Practicum,Other (see comments),Archived (Completed)
426764,Emory University - SON Pre-licensure,"Emory Offsite Locations - The Emory Clinic, Ambulatory Surgery Centers And The Emory Specialty Assocs",Nursing,Precepted Rotation,1,1,10467,10/16/23,12/6/23,0:00,23:59,24,Fri,ID Missing,ID Missing,Ambulatory,NRSG 676 MN - Care Transitions Practicum,Other (see comments),Archived (Completed)
426770,Emory University - SON Pre-licensure,"Emory Offsite Locations - The Emory Clinic, Ambulatory Surgery Centers And The Emory Specialty Assocs",Nursing,Precepted Rotation,1,1,10462,10/16/23,12/6/23,0:00,23:59,24,Fri,ID Missing,ID Missing,Ambulatory,NRSG 676 MN - Care Transitions Practicum,Other (see comments),Archived (Completed)
426771,Emory University - SON Pre-licensure,"Emory Offsite Locations - The Emory Clinic, Ambulatory Surgery Centers And The Emory Specialty Assocs",Nursing,Precepted Rotation,1,1,10331,10/16/23,12/6/23,0:00,23:59,24,Fri,ID Missing,ID Missing,Ambulatory,NRSG 676 MN - Care Transitions Practicum,Other (see comments),Archived (Completed)
426774,Emory University - SON Pre-licensure,"Emory Offsite Locations - The Emory Clinic, Ambulatory Surgery Centers And The Emory Specialty Assocs",Nursing,Precepted Rotation,1,1,10295,10/16/23,12/6/23,0:00,23:59,24,Fri,ID Missing,ID Missing,Ambulatory,NRSG 676 MN - Care Transitions Practicum,Other (see comments),Archived (Completed)
426893,Emory University - SON Pre-licensure,"Emory Offsite Locations - The Emory Clinic, Ambulatory Surgery Centers And The Emory Specialty Assocs",Nursing,Precepted Rotation,1,1,10274,10/16/23,12/6/23,0:00,23:59,24,Thu,ID Missing,ID Missing,Ambulatory,NRSG 676 MN - Care Transitions Practicum,Other (see comments),Archived (Completed)
426894,Emory University - SON Pre-licensure,"Emory Offsite Locations - The Emory Clinic, Ambulatory Surgery Centers And The Emory Specialty Assocs",Nursing,Precepted Rotation,1,1,10303,10/16/23,12/6/23,0:00,23:59,24,Thu,ID Missing,ID Missing,Ambulatory,NRSG 676 MN - Care Transitions Practicum,Other (see comments),Archived (Completed)
426895,Emory University - SON Pre-licensure,"Emory Offsite Locations - The Emory Clinic, Ambulatory Surgery Centers And The Emory Specialty Assocs",Nursing,Precepted Rotation,1,1,10309,10/16/23,12/6/23,0:00,23:59,24,Thu,ID Missing,ID Missing,Ambulatory,NRSG 676 MN - Care Transitions Practicum,Other (see comments),Archived (Completed)
426897,Emory University - SON Pre-licensure,"Emory Offsite Locations - The Emory Clinic, Ambulatory Surgery Centers And The Emory Specialty Assocs",Nursing,Precepted Rotation,1,1,10469,10/16/23,12/6/23,0:00,23:59,24,Thu,ID Missing,ID Missing,Ambulatory,NRSG 676 MN - Care Transitions Practicum,Other (see comments),Archived (Completed)
426898,Emory University - SON Pre-licensure,"Emory Offsite Locations - The Emory Clinic, Ambulatory Surgery Centers And The Emory Specialty Assocs",Nursing,Precepted Rotation,1,1,10470,10/16/23,12/6/23,0:00,23:59,24,Thu,ID Missing,ID Missing,Ambulatory,NRSG 676 MN - Care Transitions Practicum,Other (see comments),Archived (Completed)
426899,Emory University - SON Pre-licensure,"Emory Offsite Locations - The Emory Clinic, Ambulatory Surgery Centers And The Emory Specialty Assocs",Nursing,Precepted Rotation,1,1,10291,10/16/23,12/6/23,0:00,23:59,24,Thu,ID Missing,ID Missing,Ambulatory,NRSG 676 MN - Care Transitions Practicum,Other (see comments),Archived (Completed)
426900,Emory University - SON Pre-licensure,"Emory Offsite Locations - The Emory Clinic, Ambulatory Surgery Centers And The Emory Specialty Assocs",Nursing,Precepted Rotation,1,1,10313,10/16/23,12/6/23,0:00,23:59,24,Thu,ID Missing,ID Missing,Ambulatory,NRSG 676 MN - Care Transitions Practicum,Other (see comments),Archived (Completed)
426902,Emory University - SON Pre-licensure,"Emory Offsite Locations - The Emory Clinic, Ambulatory Surgery Centers And The Emory Specialty Assocs",Nursing,Precepted Rotation,1,1,10275,10/16/23,12/6/23,0:00,23:59,24,Thu,ID Missing,ID Missing,Ambulatory,NRSG 676 MN - Care Transitions Practicum,Other (see comments),Archived (Completed)
426904,Emory University - SON Pre-licensure,"Emory Offsite Locations - The Emory Clinic, Ambulatory Surgery Centers And The Emory Specialty Assocs",Nursing,Precepted Rotation,1,1,10343,10/16/23,12/6/23,0:00,23:59,24,Thu,ID Missing,ID Missing,Ambulatory,NRSG 676 MN - Care Transitions Practicum,Other (see comments),Archived (Completed)
426906,Emory University - SON Pre-licensure,"Emory Offsite Locations - The Emory Clinic, Ambulatory Surgery Centers And The Emory Specialty Assocs",Nursing,Precepted Rotation,1,1,10344,10/16/23,12/6/23,0:00,23:59,24,Thu,ID Missing,ID Missing,Ambulatory,NRSG 676 MN - Care Transitions Practicum,Other (see comments),Archived (Completed)
426907,Emory University - SON Pre-licensure,"Emory Offsite Locations - The Emory Clinic, Ambulatory Surgery Centers And The Emory Specialty Assocs",Nursing,Precepted Rotation,1,1,10471,10/16/23,12/6/23,0:00,23:59,24,Thu,ID Missing,ID Missing,Ambulatory,NRSG 676 MN - Care Transitions Practicum,Other (see comments),Archived (Completed)
426908,Emory University - SON Pre-licensure,"Emory Offsite Locations - The Emory Clinic, Ambulatory Surgery Centers And The Emory Specialty Assocs",Nursing,Precepted Rotation,1,1,10328,10/16/23,12/6/23,0:00,23:59,24,Thu,ID Missing,ID Missing,Ambulatory,NRSG 676 MN - Care Transitions Practicum,Other (see comments),Archived (Completed)
426919,Emory University - SON Pre-licensure,"Emory Offsite Locations - The Emory Clinic, Ambulatory Surgery Centers And The Emory Specialty Assocs",Nursing,Precepted Rotation,1,1,10431,10/16/23,12/6/23,0:00,23:59,24,Thu,ID Missing,ID Missing,Ambulatory,NRSG 676 MN - Care Transitions Practicum,Other (see comments),Archived (Completed)
426920,Emory University - SON Pre-licensure,"Emory Offsite Locations - The Emory Clinic, Ambulatory Surgery Centers And The Emory Specialty Assocs",Nursing,Precepted Rotation,1,1,10324,10/16/23,12/6/23,0:00,23:59,24,Thu,ID Missing,ID Missing,Ambulatory,NRSG 676 MN - Care Transitions Practicum,Other (see comments),Archived (Completed)
426924,Emory University - SON Pre-licensure,"Emory Offsite Locations - The Emory Clinic, Ambulatory Surgery Centers And The Emory Specialty Assocs",Nursing,Precepted Rotation,1,1,10330,10/16/23,12/6/23,0:00,23:59,24,Thu,ID Missing,ID Missing,Ambulatory,NRSG 676 MN - Care Transitions Practicum,Other (see comments),Archived (Completed)
426925,Emory University - SON Pre-licensure,"Emory Offsite Locations - The Emory Clinic, Ambulatory Surgery Centers And The Emory Specialty Assocs",Nursing,Precepted Rotation,1,1,10477,10/16/23,12/6/23,0:00,23:59,24,Thu,ID Missing,ID Missing,Ambulatory,NRSG 676 MN - Care Transitions Practicum,Other (see comments),Archived (Completed)
426930,Emory University - SON Pre-licensure,"Emory Offsite Locations - The Emory Clinic, Ambulatory Surgery Centers And The Emory Specialty Assocs",Nursing,Precepted Rotation,1,1,10341,10/16/23,12/6/23,0:00,23:59,24,Thu,ID Missing,ID Missing,Ambulatory,NRSG 676 MN - Care Transitions Practicum,Other (see comments),Archived (Completed)
426934,Emory University - SON Pre-licensure,"Emory Offsite Locations - The Emory Clinic, Ambulatory Surgery Centers And The Emory Specialty Assocs",Nursing,Precepted Rotation,1,1,10474,10/16/23,12/6/23,0:00,23:59,24,Thu,ID Missing,ID Missing,Ambulatory,NRSG 676 MN - Care Transitions Practicum,Other (see comments),Archived (Completed)
426939,Emory University - SON Pre-licensure,"Emory Offsite Locations - The Emory Clinic, Ambulatory Surgery Centers And The Emory Specialty Assocs",Nursing,Precepted Rotation,1,1,10433,10/16/23,12/6/23,0:00,23:59,24,Thu,ID Missing,ID Missing,Ambulatory,NRSG 676 MN - Care Transitions Practicum,Other (see comments),Archived (Completed)
426941,Emory University - SON Pre-licensure,"Emory Offsite Locations - The Emory Clinic, Ambulatory Surgery Centers And The Emory Specialty Assocs",Nursing,Precepted Rotation,1,1,10281,10/16/23,12/6/23,0:00,23:59,24,Thu,ID Missing,ID Missing,Ambulatory,NRSG 676 MN - Care Transitions Practicum,Other (see comments),Archived (Completed)
426947,Emory University - SON Pre-licensure,"Emory Offsite Locations - The Emory Clinic, Ambulatory Surgery Centers And The Emory Specialty Assocs",Nursing,Precepted Rotation,1,1,10307,10/16/23,12/6/23,0:00,23:59,24,Thu,ID Missing,ID Missing,Ambulatory,NRSG 676 MN - Care Transitions Practicum,Other (see comments),Archived (Completed)
426948,Emory University - SON Pre-licensure,"Emory Offsite Locations - The Emory Clinic, Ambulatory Surgery Centers And The Emory Specialty Assocs",Nursing,Precepted Rotation,1,1,10476,10/16/23,12/6/23,0:00,23:59,24,Thu,ID Missing,ID Missing,Ambulatory,NRSG 676 MN - Care Transitions Practicum,Other (see comments),Archived (Completed)
426949,Emory University - SON Pre-licensure,"Emory Offsite Locations - The Emory Clinic, Ambulatory Surgery Centers And The Emory Specialty Assocs",Nursing,Precepted Rotation,1,1,10478,10/16/23,12/6/23,0:00,23:59,24,Thu,ID Missing,ID Missing,Ambulatory,NRSG 676 MN - Care Transitions Practicum,Other (see comments),Archived (Completed)
426951,Emory University - SON Pre-licensure,"Emory Offsite Locations - The Emory Clinic, Ambulatory Surgery Centers And The Emory Specialty Assocs",Nursing,Precepted Rotation,1,1,10315,10/16/23,12/6/23,0:00,23:59,24,Thu,ID Missing,ID Missing,Ambulatory,NRSG 676 MN - Care Transitions Practicum,Other (see comments),Archived (Completed)
426953,Emory University - SON Pre-licensure,"Emory Offsite Locations - The Emory Clinic, Ambulatory Surgery Centers And The Emory Specialty Assocs",Nursing,Precepted Rotation,1,1,10448,10/16/23,12/6/23,0:00,23:59,24,Thu,ID Missing,ID Missing,Ambulatory,NRSG 676 MN - Care Transitions Practicum,Other (see comments),Archived (Completed)
426958,Emory University - SON Pre-licensure,"Emory Offsite Locations - The Emory Clinic, Ambulatory Surgery Centers And The Emory Specialty Assocs",Nursing,Precepted Rotation,1,1,10293,10/16/23,12/6/23,0:00,23:59,24,Thu,ID Missing,ID Missing,Ambulatory,NRSG 676 MN - Care Transitions Practicum,Other (see comments),Archived (Completed)
426960,Emory University - SON Pre-licensure,"Emory Offsite Locations - The Emory Clinic, Ambulatory Surgery Centers And The Emory Specialty Assocs",Nursing,Precepted Rotation,1,1,10277,10/16/23,12/6/23,0:00,23:59,24,Thu,ID Missing,ID Missing,Ambulatory,NRSG 676 MN - Care Transitions Practicum,Other (see comments),Archived (Completed)
426962,Emory University - SON Pre-licensure,"Emory Offsite Locations - The Emory Clinic, Ambulatory Surgery Centers And The Emory Specialty Assocs",Nursing,Precepted Rotation,1,1,10464,10/16/23,12/6/23,0:00,23:59,24,Thu,ID Missing,ID Missing,Ambulatory,NRSG 676 MN - Care Transitions Practicum,Other (see comments),Archived (Completed)
426965,Emory University - SON Pre-licensure,"Emory Offsite Locations - The Emory Clinic, Ambulatory Surgery Centers And The Emory Specialty Assocs",Nursing,Precepted Rotation,1,1,10534,10/16/23,12/6/23,0:00,23:59,24,Thu,ID Missing,ID Missing,Ambulatory,NRSG 676 MN - Care Transitions Practicum,Other (see comments),Archived (Completed)
426967,Emory University - SON Pre-licensure,"Emory Offsite Locations - The Emory Clinic, Ambulatory Surgery Centers And The Emory Specialty Assocs",Nursing,Precepted Rotation,1,1,10322,10/16/23,12/6/23,0:00,23:59,24,Thu,ID Missing,ID Missing,Ambulatory,NRSG 676 MN - Care Transitions Practicum,Other (see comments),Archived (Completed)
426969,Emory University - SON Pre-licensure,"Emory Offsite Locations - The Emory Clinic, Ambulatory Surgery Centers And The Emory Specialty Assocs",Nursing,Precepted Rotation,1,1,10306,10/16/23,12/6/23,0:00,23:59,24,Thu,ID Missing,ID Missing,Ambulatory,NRSG 676 MN - Care Transitions Practicum,Other (see comments),Archived (Completed)
426975,Emory University - SON Pre-licensure,"Emory Offsite Locations - The Emory Clinic, Ambulatory Surgery Centers And The Emory Specialty Assocs",Nursing,Precepted Rotation,1,1,10472,10/16/23,12/6/23,0:00,23:59,24,Thu,ID Missing,ID Missing,Ambulatory,NRSG 676 MN - Care Transitions Practicum,Other (see comments),Archived (Completed)
426977,Emory University - SON Pre-licensure,"Emory Offsite Locations - The Emory Clinic, Ambulatory Surgery Centers And The Emory Specialty Assocs",Nursing,Precepted Rotation,1,1,10327,10/16/23,12/6/23,0:00,23:59,24,Thu,ID Missing,ID Missing,Ambulatory,NRSG 676 MN - Care Transitions Practicum,Other (see comments),Archived (Completed)
426979,Emory University - SON Pre-licensure,"Emory Offsite Locations - The Emory Clinic, Ambulatory Surgery Centers And The Emory Specialty Assocs",Nursing,Precepted Rotation,1,1,10333,10/16/23,12/6/23,0:00,23:59,24,Thu,ID Missing,ID Missing,Ambulatory,NRSG 676 MN - Care Transitions Practicum,Other (see comments),Archived (Completed)
426980,Emory University - SON Pre-licensure,"Emory Offsite Locations - The Emory Clinic, Ambulatory Surgery Centers And The Emory Specialty Assocs",Nursing,Precepted Rotation,1,1,10455,10/16/23,12/6/23,0:00,23:59,24,Thu,ID Missing,ID Missing,Ambulatory,NRSG 676 MN - Care Transitions Practicum,Other (see comments),Archived (Completed)
426982,Emory University - SON Pre-licensure,"Emory Offsite Locations - The Emory Clinic, Ambulatory Surgery Centers And The Emory Specialty Assocs",Nursing,Precepted Rotation,1,1,10430,10/16/23,12/6/23,0:00,23:59,24,Thu,ID Missing,ID Missing,Ambulatory,NRSG 676 MN - Care Transitions Practicum,Other (see comments),Archived (Completed)
426984,Emory University - SON Pre-licensure,"Emory Offsite Locations - The Emory Clinic, Ambulatory Surgery Centers And The Emory Specialty Assocs",Nursing,Precepted Rotation,1,1,10335,10/16/23,12/6/23,0:00,23:59,24,Thu,ID Missing,ID Missing,Ambulatory,NRSG 676 MN - Care Transitions Practicum,Other (see comments),Archived (Completed)
426988,Emory University - SON Pre-licensure,"Emory Offsite Locations - The Emory Clinic, Ambulatory Surgery Centers And The Emory Specialty Assocs",Nursing,Precepted Rotation,1,1,10441,10/16/23,12/6/23,0:00,23:59,24,Thu,ID Missing,ID Missing,Ambulatory,NRSG 676 MN - Care Transitions Practicum,Other (see comments),Archived (Completed)
426990,Emory University - SON Pre-licensure,"Emory Offsite Locations - The Emory Clinic, Ambulatory Surgery Centers And The Emory Specialty Assocs",Nursing,Precepted Rotation,1,1,10285,10/16/23,12/6/23,0:00,23:59,24,Thu,ID Missing,ID Missing,Ambulatory,NRSG 676 MN - Care Transitions Practicum,Other (see comments),Archived (Completed)
426991,Emory University - SON Pre-licensure,"Emory Offsite Locations - The Emory Clinic, Ambulatory Surgery Centers And The Emory Specialty Assocs",Nursing,Precepted Rotation,1,1,10445,10/16/23,12/6/23,0:00,23:59,24,Thu,ID Missing,ID Missing,Ambulatory,NRSG 676 MN - Care Transitions Practicum,Other (see comments),Archived (Completed)
427546,Indiana State University - Online LPN to BSN Track,Emory Saint Joseph's Hospital,Nursing,Precepted Rotation,0,1,No Students Assigned,1/26/24,5/3/24,0:00,23:59,82,,2002,ID Missing,MedSurg - Acute Care,NURS 324 - Nursing Care of the Adult II,5E,Archived (Denied)
427713,Chamberlain College of Nursing - Georgia,Emory Saint Joseph's Hospital,Nursing,Precepted Rotation,1,1,11799,10/30/23,11/27/23,0:00,23:59,48,,ID Missing,No Preceptor Assigned,Critical/Intensive Care,NR 452 - Capstone Course,2W CCU,Archived (Completed)
428761,Chamberlain College of Nursing - Georgia,Emory Decatur Hospital,Nursing,Precepted Rotation,1,1,11800,10/30/23,12/15/23,0:00,23:59,48,,ID Missing,No Preceptor Assigned,Critical/Intensive Care,NR 452 - Capstone Course,ICU - 2500,Archived (Completed)
428793,Hope College of Arts & Sciences,Emory University Hospital Midtown,Nursing,Precepted Rotation,1,1,11801,10/12/23,12/31/23,0:00,23:59,120,,ID Missing,No Preceptor Assigned,MedSurg - Acute Care,HCAS-NUR 2040C - Complex Medical Surgical Nursing,31: ICU,Archived (Completed)
429965,Emory University - SON Pre-licensure,Emory University Hospital,Nursing,Precepted Rotation,32,32,"11802, 11803, 11804, 11805, 11806, 11807, 11808, 11809, 11810, 11811, 11812, 11813, 11814, 11815, 11816, 11817, 11818, 11819, 11820, 11821, 11822, 11823, 11824, 11825, 11826, 11827, 11828, 11829, 11830, 11831, 11832, 11833",11/3/23,11/4/23,0:00,23:59,12,Fri,ID Missing,No Preceptor Assigned,Observation,NRSG - CAPES,-no preference-,Archived (Completed)
429975,Georgia State University - SON - Undergraduate,Emory Johns Creek Hospital,Nursing,Precepted Rotation,0,1,No Students Assigned,1/23/24,4/22/24,0:00,23:59,168,Tue,ID Missing,No Preceptor Assigned,Practicum,NURS 4610 - Senior Practicum,ED: emergency,Archived (Denied)
429979,Georgia State University - SON - Undergraduate,Emory Johns Creek Hospital,Nursing,Precepted Rotation,0,1,No Students Assigned,1/23/24,4/22/24,0:00,23:59,168,Wed,ID Missing,No Preceptor Assigned,Practicum,NURS 4610 - Senior Practicum,ICU: critical care,Archived (Denied)
429980,Georgia State University - SON - Undergraduate,Emory Saint Joseph's Hospital,Nursing,Precepted Rotation,0,1,No Students Assigned,1/23/24,4/22/24,0:00,23:59,168,Mon,ID Missing,No Preceptor Assigned,Practicum,NURS 4610 - Senior Practicum,2SW,Archived (Denied)
429984,Georgia State University - SON - Undergraduate,Emory Saint Joseph's Hospital,Nursing,Precepted Rotation,0,1,No Students Assigned,1/23/24,4/22/24,0:00,23:59,168,Thu,ID Missing,No Preceptor Assigned,Practicum,NURS 4610 - Senior Practicum,Any Available,Archived (Denied)
429987,Georgia State University - SON - Undergraduate,Emory Saint Joseph's Hospital,Nursing,Precepted Rotation,0,1,No Students Assigned,1/23/24,4/22/24,0:00,23:59,168,Tue,ID Missing,No Preceptor Assigned,Practicum,NURS 4610 - Senior Practicum,Any Available,Archived (Denied)
430902,Emory University - SON Pre-licensure,Emory Saint Joseph's Hospital,Nursing,Cohort Rotation,7,8,"11834, 11835, 11836, 11837, 11838, 11839, 11840",3/21/24,5/9/24,7:00,17:00,60,Thu,ID Missing,No Preceptor Assigned,Fundamentals,527 MN - Foundation of Nursing Practice,4E neurovascular,Archived (Completed)
430905,Emory University - SON,Emory University Hospital,Nursing,Cohort Rotation,0,8,No Students Assigned,3/21/24,5/9/24,7:00,19:00,50,Thu,ID Missing,No Preceptor Assigned,Fundamentals,527 MN - Foundation of Nursing Practice,3G: Neurosciences,Archived (Withdrawn)
430908,Emory University - SON Pre-licensure,Emory University Hospital Midtown,Nursing,Cohort Rotation,6,8,"11841, 11842, 11843, 11844, 11845, 11846",3/21/24,5/9/24,7:00,17:00,60,Thu,ID Missing,No Preceptor Assigned,Fundamentals,527 MN - Foundation of Nursing Practice,31: Ortho/Neuro,Archived (Completed)
430920,Emory University - SON Pre-licensure,Emory University Orthopaedics And Spine Hospital,Nursing,Cohort Rotation,6,8,"11847, 11848, 11849, 11117, 11850, 11851",3/21/24,5/9/24,7:00,17:00,60,Thu,ID Missing,No Preceptor Assigned,Fundamentals,527 MN - Foundation of Nursing Practice,-no preference-,Archived (Completed)
430921,Emory University - SON Pre-licensure,Emory University Hospital,Nursing,Cohort Rotation,8,8,"11852, 11853, 11854, 11855, 11856, 11857, 11858, 11859",3/21/24,5/9/24,7:00,19:00,60,Thu,ID Missing,No Preceptor Assigned,Fundamentals,527 MN - Foundation of Nursing Practice,8T North: Oncology,Archived (Completed)
430922,Emory University - SON Pre-licensure,Emory Decatur Hospital,Nursing,Cohort Rotation,6,8,"11860, 11861, 11862, 11863, 11864, 11865",3/22/24,5/10/24,7:00,17:00,60,Fri,ID Missing,No Preceptor Assigned,Fundamentals,527 MN - Foundation of Nursing Practice,Cardiac Telemetry - 2400,Archived (Completed)
430923,Emory University - SON Pre-licensure,Emory Johns Creek Hospital,Nursing,Cohort Rotation,7,8,"11866, 11867, 11868, 11869, 11870, 11871, 11872",3/22/24,5/10/24,7:00,19:00,60,Fri,ID Missing,No Preceptor Assigned,Fundamentals,527 MN - Foundation of Nursing Practice,6W oncology/hospice,Archived (Completed)
430926,Emory University - SON Pre-licensure,Emory Saint Joseph's Hospital,Nursing,Cohort Rotation,7,8,"11873, 11874, 11875, 11876, 11877, 11878, 11879",3/22/24,5/10/24,7:00,17:00,60,Fri,ID Missing,No Preceptor Assigned,Fundamentals,527 MN - Foundation of Nursing Practice,6E internal medicine,Archived (Completed)
430928,Emory University - SON Pre-licensure,Emory University Hospital,Nursing,Cohort Rotation,7,8,"11880, 11881, 11882, 11883, 11884, 11885, 11886",3/22/24,5/10/24,7:00,19:00,8,Fri,ID Missing,No Preceptor Assigned,Fundamentals,527 MN - Foundation of Nursing Practice,6G: Medical,Archived (Completed)
430929,Emory University - SON,Emory Hillandale Hospital,Nursing,Cohort Rotation,0,8,No Students Assigned,3/22/24,5/10/24,7:00,17:00,60,Fri,ID Missing,No Preceptor Assigned,Fundamentals,527 MN - Foundation of Nursing Practice,Telemetry,Archived (Withdrawn)
430930,Emory University - SON,Emory University Hospital Midtown,Nursing,Cohort Rotation,0,8,No Students Assigned,3/22/24,5/10/24,7:00,19:00,60,Fri,ID Missing,No Preceptor Assigned,Fundamentals,527 MN - Foundation of Nursing Practice,21: General Surgery,Archived (Withdrawn)
430937,Emory University - SON Pre-licensure,Emory Johns Creek Hospital,Nursing,Cohort Rotation,5,8,"11451, 11407, 11415, 11432, 11575",1/16/24,3/5/24,7:00,19:00,60,Tue,ID Missing,No Preceptor Assigned,Other (see comments),NRSG 391 - Adult and Geriatric Practicum,4th floor: med-surg,Archived (Completed)
430939,Emory University - SON Pre-licensure,Emory Saint Joseph's Hospital,Nursing,Cohort Rotation,7,8,"11413, 11482, 11418, 10999, 11507, 11392, 11577",1/16/24,3/5/24,0:00,23:59,60,Tue,ID Missing,No Preceptor Assigned,Other (see comments),NRSG 391 - Adult and Geriatric Practicum,5E internal medicine,Archived (Completed)
430940,Emory University - SON Pre-licensure,Emory University Hospital,Nursing,Cohort Rotation,7,8,"11467, 11475, 11398, 11566, 11567, 11425, 11573",1/16/24,3/5/24,7:00,19:00,60,Tue,ID Missing,No Preceptor Assigned,Other (see comments),NRSG 391 - Adult and Geriatric Practicum,6E: CV Stepdown/Heart Transplant,Archived (Completed)
430941,Emory University - SON Pre-licensure,Emory University Hospital,Nursing,Cohort Rotation,7,8,"11072, 11416, 11510, 11457, 11576, 11490, 11480",1/16/24,3/5/24,7:00,19:00,60,Tue,ID Missing,No Preceptor Assigned,Other (see comments),NRSG 391 - Adult and Geriatric Practicum,9E: Neuroscience,Archived (Completed)
430942,Emory University - SON Pre-licensure,Emory University Hospital Midtown,Nursing,Cohort Rotation,6,8,"11410, 11411, 11454, 11509, 11399, 11391",1/16/24,3/5/24,7:00,19:00,60,Tue,ID Missing,No Preceptor Assigned,Other (see comments),NRSG 391 - Adult and Geriatric Practicum,72: Med/Surg,Archived (Completed)
430943,Emory University - SON Pre-licensure,Emory University Hospital,Nursing,Cohort Rotation,7,8,"11477, 11511, 11488, 11421, 11428, 11406, 11439",1/17/24,3/6/24,7:00,19:00,60,Wed,ID Missing,No Preceptor Assigned,Other (see comments),NRSG 391 - Adult and Geriatric Practicum,10E (DEU): Surgical,Archived (Completed)
430946,Emory University - SON Pre-licensure,Emory University Hospital,Nursing,Cohort Rotation,6,8,"11419, 11433, 11417, 11491, 11471, 11487",1/17/24,3/6/24,7:00,19:00,60,Wed,ID Missing,No Preceptor Assigned,Other (see comments),NRSG 391 - Adult and Geriatric Practicum,6T: Transplant,Archived (Completed)
430947,Emory University - SON Pre-licensure,Emory University Hospital Midtown,Nursing,Cohort Rotation,7,8,"11459, 11463, 11569, 11390, 11512, 11464, 11495",1/17/24,3/6/24,7:00,19:00,60,Wed,2004,No Preceptor Assigned,Other (see comments),NRSG 391 - Adult and Geriatric Practicum,31: Ortho/Neuro,Archived (Completed)
430948,Emory University - SON Pre-licensure,Emory University Hospital Midtown,Nursing,Cohort Rotation,6,8,"11571, 11478, 11440, 11436, 11441, 11442",1/17/24,3/6/24,7:00,19:00,60,Wed,ID Missing,No Preceptor Assigned,Other (see comments),NRSG 391 - Adult and Geriatric Practicum,51: Med-Surg,Archived (Completed)
430949,Emory University - SON Pre-licensure,Emory University Hospital,Nursing,Cohort Rotation,6,8,"11396, 11470, 11422, 11444, 11434, 11437",1/20/24,3/9/24,7:00,19:00,60,Sat,ID Missing,No Preceptor Assigned,Other (see comments),NRSG 391 - Adult and Geriatric Practicum,6E: CV Stepdown/Heart Transplant,Archived (Completed)
430951,Emory University - SON Pre-licensure,Emory Saint Joseph's Hospital,Nursing,Cohort Rotation,0,8,No Students Assigned,1/17/24,3/6/24,7:00,19:00,60,Wed,ID Missing,No Preceptor Assigned,Other (see comments),NRSG 391 - Adult and Geriatric Practicum,4W,Archived (Withdrawn)
430963,Emory University - SON Pre-licensure,Emory Johns Creek Hospital,Nursing,Cohort Rotation,7,8,"11449, 11402, 11499, 11446, 11408, 11500, 11448",3/19/24,5/7/24,7:00,19:00,60,Tue,ID Missing,No Preceptor Assigned,Other (see comments),NRSG 391 - Adult and Geriatric Practicum,4th floor: med-surg,Archived (Completed)
430965,Emory University - SON Pre-licensure,Emory Saint Joseph's Hospital,Nursing,Cohort Rotation,6,8,"11403, 11405, 11461, 11492, 11578, 11427",3/19/24,5/7/24,7:00,19:00,60,Tue,ID Missing,No Preceptor Assigned,Other (see comments),NRSG 391 - Adult and Geriatric Practicum,5E internal medicine,Archived (Completed)
430968,Emory University - SON Pre-licensure,Emory University Hospital,Nursing,Cohort Rotation,8,8,"11514, 11401, 11452, 11426, 11429, 11496, 11481, 11472",3/19/24,5/7/24,7:00,19:00,60,Tue,ID Missing,No Preceptor Assigned,Other (see comments),NRSG 391 - Adult and Geriatric Practicum,6E: CV Stepdown/Heart Transplant,Archived (Completed)
430969,Emory University - SON Pre-licensure,Emory University Hospital,Nursing,Cohort Rotation,8,8,"11468, 11476, 11397, 11502, 11394, 11435, 11438, 11484",3/19/24,5/7/24,7:00,19:00,60,Tue,ID Missing,No Preceptor Assigned,Other (see comments),NRSG 391 - Adult and Geriatric Practicum,9E: Neuroscience,Archived (Completed)
430970,Emory University - SON Pre-licensure,Emory University Hospital Midtown,Nursing,Cohort Rotation,6,8,"11395, 11412, 11466, 11462, 11489, 11431",3/19/24,5/7/24,7:00,19:00,60,Tue,ID Missing,No Preceptor Assigned,Other (see comments),NRSG 391 - Adult and Geriatric Practicum,72: Med/Surg,Archived (Completed)
430971,Emory University - SON Pre-licensure,Emory University Hospital,Nursing,Cohort Rotation,6,8,"11474, 11493, 11570, 11498, 11443, 11503",3/20/24,5/8/24,7:00,19:00,60,Wed,ID Missing,No Preceptor Assigned,Other (see comments),NRSG 391 - Adult and Geriatric Practicum,10E (DEU): Surgical,Archived (Completed)
431008,Emory University - SON Pre-licensure,Emory University Hospital,Nursing,Cohort Rotation,6,8,"11453, 11393, 11460, 11568, 11486, 11409",3/20/24,5/8/24,7:00,19:00,60,Wed,ID Missing,No Preceptor Assigned,Other (see comments),NRSG 391 - Adult and Geriatric Practicum,6T: Transplant,Archived (Completed)
431009,Emory University - SON Pre-licensure,Emory University Hospital Midtown,Nursing,Cohort Rotation,6,8,"11504, 11445, 11505, 11420, 11450, 11423",3/20/24,5/8/24,7:00,19:00,60,Wed,2004,No Preceptor Assigned,Other (see comments),NRSG 391 - Adult and Geriatric Practicum,31: Ortho/Neuro,Archived (Completed)
431012,Emory University - SON Pre-licensure,Emory University Hospital Midtown,Nursing,Cohort Rotation,7,8,"11579, 11501, 11400, 11456, 11508, 11485, 11506",3/20/24,5/8/24,7:00,19:00,60,Wed,ID Missing,No Preceptor Assigned,Other (see comments),NRSG 391 - Adult and Geriatric Practicum,51: Med-Surg,Archived (Completed)
431013,Emory University - SON Pre-licensure,Emory University Hospital,Nursing,Cohort Rotation,5,8,"11458, 11513, 11479, 11430, 11404",3/23/24,5/11/24,7:00,19:00,60,Sat,ID Missing,No Preceptor Assigned,Other (see comments),NRSG 391 - Adult and Geriatric Practicum,6E: CV Stepdown/Heart Transplant,Archived (Completed)
431015,Emory University - SON Pre-licensure,Emory Saint Joseph's Hospital,Nursing,Cohort Rotation,0,8,No Students Assigned,3/20/24,5/8/24,7:00,19:00,60,Wed,ID Missing,No Preceptor Assigned,Other (see comments),NRSG 391 - Adult and Geriatric Practicum,4W,Archived (Withdrawn)
431154,Emory University - SON,Emory Saint Joseph's Hospital,Nursing,Cohort Rotation,0,8,No Students Assigned,1/16/23,3/5/23,7:00,19:00,60,Tue,ID Missing,No Preceptor Assigned,Other (see comments),NRSG 391 - Adult and Geriatric Practicum,6W,Archived (Denied)
431157,Emory University - SON,Emory University Hospital,Nursing,Cohort Rotation,0,8,No Students Assigned,1/16/23,3/5/23,7:00,19:00,60,Tue,ID Missing,No Preceptor Assigned,Other (see comments),NRSG 391 - Adult and Geriatric Practicum,10E (DEU): Surgical,Archived (Denied)
431159,Emory University - SON,Emory University Hospital,Nursing,Cohort Rotation,0,8,No Students Assigned,1/16/23,3/5/23,7:00,19:00,60,Tue,ID Missing,No Preceptor Assigned,Other (see comments),NRSG 391 - Adult and Geriatric Practicum,6G: Medical,Archived (Denied)
431164,Emory University - SON,Emory University Hospital Midtown,Nursing,Cohort Rotation,0,8,No Students Assigned,1/16/23,3/5/23,7:00,19:00,60,Tue,ID Missing,No Preceptor Assigned,Other (see comments),NRSG 391 - Adult and Geriatric Practicum,51: Med-Surg,Archived (Denied)
431165,Emory University - SON,Emory Saint Joseph's Hospital,Nursing,Cohort Rotation,0,8,No Students Assigned,1/17/23,3/6/23,7:00,19:00,60,Wed,ID Missing,No Preceptor Assigned,Other (see comments),NRSG 391 - Adult and Geriatric Practicum,3W,Archived (Denied)
431167,Emory University - SON,Emory University Hospital,Nursing,Cohort Rotation,0,8,No Students Assigned,1/17/23,3/6/23,7:00,19:00,60,Wed,ID Missing,No Preceptor Assigned,Other (see comments),NRSG 391 - Adult and Geriatric Practicum,7T: Surgical,Archived (Denied)
431169,Emory University - SON,Emory University Hospital Midtown,Nursing,Cohort Rotation,0,8,No Students Assigned,1/17/23,3/6/23,7:00,19:00,60,Tue,ID Missing,No Preceptor Assigned,Other (see comments),NRSG 391 - Adult and Geriatric Practicum,72: Med/Surg,Archived (Denied)
431173,Emory University - SON,Emory University Hospital Midtown,Nursing,Cohort Rotation,0,8,No Students Assigned,1/17/23,3/6/23,7:00,19:00,60,Wed,ID Missing,No Preceptor Assigned,Other (see comments),NRSG 391 - Adult and Geriatric Practicum,21: General Surgery,Archived (Denied)
431175,Emory University - SON,Emory University Hospital,Nursing,Cohort Rotation,0,8,No Students Assigned,1/20/23,3/9/23,0:00,23:59,60,Sat,ID Missing,No Preceptor Assigned,Other (see comments),NRSG 391 - Adult and Geriatric Practicum,7T: Surgical,Archived (Denied)
431176,Emory University - SON,Emory Johns Creek Hospital,Nursing,Cohort Rotation,0,8,No Students Assigned,1/17/23,3/6/23,7:00,19:00,60,Wed,ID Missing,No Preceptor Assigned,Other (see comments),NRSG 391 - Adult and Geriatric Practicum,4th floor: med-surg,Archived (Denied)
431451,Emory University - SON,Emory Saint Joseph's Hospital,Nursing,Cohort Rotation,0,8,No Students Assigned,3/19/23,5/7/23,7:00,19:00,60,Tue,ID Missing,No Preceptor Assigned,Other (see comments),NRSG 391 - Adult and Geriatric Practicum,6W,Archived (Denied)
431452,Emory University - SON,Emory University Hospital,Nursing,Cohort Rotation,0,8,No Students Assigned,3/19/23,5/7/23,7:00,19:00,60,Tue,ID Missing,No Preceptor Assigned,Other (see comments),NRSG 391 - Adult and Geriatric Practicum,10E (DEU): Surgical,Archived (Denied)
431453,Emory University - SON,Emory University Hospital,Nursing,Cohort Rotation,0,8,No Students Assigned,3/19/23,5/7/23,7:00,19:00,60,Tue,ID Missing,No Preceptor Assigned,Other (see comments),NRSG 391 - Adult and Geriatric Practicum,6G: Medical,Archived (Denied)
431454,Emory University - SON,Emory University Hospital Midtown,Nursing,Cohort Rotation,0,8,No Students Assigned,3/19/23,5/7/23,7:00,19:00,60,Tue,ID Missing,No Preceptor Assigned,Other (see comments),NRSG 391 - Adult and Geriatric Practicum,51: Med-Surg,Archived (Denied)
431455,Emory University - SON,Emory Saint Joseph's Hospital,Nursing,Cohort Rotation,0,8,No Students Assigned,3/20/23,5/8/23,7:00,19:00,60,Wed,ID Missing,No Preceptor Assigned,Other (see comments),NRSG 391 - Adult and Geriatric Practicum,3W,Archived (Denied)
431456,Emory University - SON,Emory University Hospital,Nursing,Cohort Rotation,0,8,No Students Assigned,3/20/23,5/8/23,7:00,19:00,60,Wed,ID Missing,No Preceptor Assigned,Other (see comments),NRSG 391 - Adult and Geriatric Practicum,7T: Surgical,Archived (Denied)
431457,Emory University - SON,Emory University Hospital Midtown,Nursing,Cohort Rotation,0,8,No Students Assigned,3/20/23,5/8/23,7:00,19:00,60,Wed,ID Missing,No Preceptor Assigned,Other (see comments),NRSG 391 - Adult and Geriatric Practicum,21: General Surgery,Archived (Denied)
431460,Emory University - SON,Emory University Hospital Midtown,Nursing,Cohort Rotation,0,8,No Students Assigned,3/20/23,5/8/23,6:00,19:00,60,Wed,ID Missing,No Preceptor Assigned,Other (see comments),NRSG 391 - Adult and Geriatric Practicum,72: Med/Surg,Archived (Denied)
431461,Emory University - SON,Emory University Hospital,Nursing,Cohort Rotation,0,8,No Students Assigned,3/23/23,5/11/23,7:00,19:00,60,Sat,ID Missing,No Preceptor Assigned,Other (see comments),NRSG 391 Practicum - Adult and Geriatric Practicum,7T: Surgical,Archived (Denied)
431465,Emory University - SON,Emory Johns Creek Hospital,Nursing,Cohort Rotation,0,8,No Students Assigned,3/20/23,5/8/23,7:00,19:00,60,Wed,ID Missing,No Preceptor Assigned,Other (see comments),NRSG 391 - Adult and Geriatric Practicum,4th floor: med-surg,Archived (Denied)
431469,Emory University - SON,Emory Decatur Hospital,Nursing,Cohort Rotation,0,6,No Students Assigned,1/16/24,3/5/24,7:00,19:00,60,Tue,ID Missing,No Preceptor Assigned,Psychiatry; Mental Health; Behavioral Medicine,NRSG 393 - Mental Health Practicum,Behavioral Health,Archived (Denied)
431470,Emory University - SON,Emory University Hospital at Wesley Woods,Nursing,Cohort Rotation,0,8,No Students Assigned,1/16/23,3/5/23,7:00,19:00,60,Tue,ID Missing,No Preceptor Assigned,Psychiatry; Mental Health; Behavioral Medicine,NRSG 393 - Mental Health Practicum,Inpatient Psych,Archived (Denied)
431473,Emory University - SON,Emory University Hospital at Wesley Woods,Nursing,Cohort Rotation,0,8,No Students Assigned,1/17/24,3/6/24,7:00,19:00,60,Wed,ID Missing,No Preceptor Assigned,Psychiatry; Mental Health; Behavioral Medicine,NRSG 393 - Mental Health Practicum,Inpatient Psych,Archived (Denied)
431477,Emory University - SON,Emory Decatur Hospital,Nursing,Cohort Rotation,0,8,No Students Assigned,1/17/23,3/6/23,7:00,19:00,60,Wed,ID Missing,No Preceptor Assigned,Psychiatry; Mental Health; Behavioral Medicine,NRSG 393 - Mental Health Practicum,Behavioral Health,Archived (Denied)
431478,Emory University - SON,Emory University Hospital at Wesley Woods,Nursing,Cohort Rotation,0,8,No Students Assigned,3/19/23,5/7/23,7:00,19:00,60,Tue,ID Missing,No Preceptor Assigned,Psychiatry; Mental Health; Behavioral Medicine,NRSG 393 - Mental Health Practicum,Inpatient Psych,Archived (Denied)
431479,Emory University - SON,Emory Decatur Hospital,Nursing,Cohort Rotation,0,8,No Students Assigned,3/19/23,5/7/23,7:00,19:00,60,Tue,ID Missing,No Preceptor Assigned,Psychiatry; Mental Health; Behavioral Medicine,NRSG 393 - Mental Health Practicum,Behavioral Health,Archived (Denied)
431480,Emory University - SON,Emory University Hospital at Wesley Woods,Nursing,Cohort Rotation,0,8,No Students Assigned,3/20/23,5/8/23,7:00,19:00,60,Wed,ID Missing,No Preceptor Assigned,Psychiatry; Mental Health; Behavioral Medicine,NRSG 393 - Mental Health Practicum,Inpatient Psych,Archived (Denied)
431481,Emory University - SON,Emory Decatur Hospital,Nursing,Cohort Rotation,0,8,No Students Assigned,3/20/23,5/8/23,7:00,19:00,60,Wed,ID Missing,No Preceptor Assigned,Psychiatry; Mental Health; Behavioral Medicine,NRSG 393 - Mental Health Practicum,Behavioral Health,Archived (Denied)
431690,Emory University - SON Pre-licensure,Emory University Hospital Midtown,Nursing,Cohort Rotation,7,7,"10407, 10535, 10412, 11000, 11099, 11047, 11062",1/16/24,3/5/24,7:00,19:00,60,Tue,ID Missing,No Preceptor Assigned,Perinatal - OB,NRSG 392 - Maternity Practicum,42/54: Mother/Baby,Archived (Completed)
431691,Emory University - SON Pre-licensure,Emory Decatur Hospital,Nursing,Cohort Rotation,6,6,"10106, 11012, 11039, 11026, 11035, 11124",1/23/24,3/5/24,7:00,19:00,60,Tue,2004,No Preceptor Assigned,Perinatal - OB,NRSG 392 - Maternity Practicum,Mother/Baby,Archived (Completed)
431692,Emory University - SON Pre-licensure,Emory University Hospital Midtown,Nursing,Cohort Rotation,6,6,"11010, 11037, 11042, 11128, 11116, 11043",1/24/24,3/6/24,7:00,19:00,60,Wed,ID Missing,No Preceptor Assigned,Perinatal - OB,NRSG 392 - Maternity Practicum,42/54: Mother/Baby,Archived (Completed)
431697,Emory University - SON Pre-licensure,Emory Decatur Hospital,Nursing,Cohort Rotation,6,6,"11054, 11055, 11075, 11092, 11098, 11059",1/24/24,3/6/24,7:00,19:00,60,Wed,"ID Missing, ID Missing",No Preceptor Assigned,Perinatal - OB,NRSG 392 - Maternity Practicum,Mother/Baby,Archived (Completed)
431698,Emory University - SON Pre-licensure,Emory Johns Creek Hospital,Nursing,Cohort Rotation,6,6,"11109, 11103, 11104, 11110, 11130, 11028",1/24/24,3/6/24,7:00,19:00,60,Wed,ID Missing,No Preceptor Assigned,Perinatal - OB,NRSG 392 - Maternity Practicum,"Maternity: M/B, L&D, NICU",Archived (Completed)
431701,Emory University - SON Pre-licensure,Emory University Hospital Midtown,Nursing,Cohort Rotation,8,8,"11073, 11056, 11022, 11023, 11118, 11004, 11006, 11041",3/26/24,5/7/24,7:00,19:00,60,Tue,2004,No Preceptor Assigned,Perinatal - OB,NRSG 392 - Maternity Practicum,42/54: Mother/Baby,Archived (Completed)
431704,Emory University - SON Pre-licensure,Emory Decatur Hospital,Nursing,Cohort Rotation,6,6,"11112, 11025, 11032, 11274, 10994, 11086",3/26/24,5/7/24,0:00,23:59,60,Tue,"ID Missing, ID Missing",No Preceptor Assigned,Perinatal - OB,NRSG 392 - Maternity Practicum,Mother/Baby,Archived (Completed)
431705,Emory University - SON Pre-licensure,Emory University Hospital Midtown,Nursing,Cohort Rotation,7,8,"11094, 11057, 11095, 11107, 11038, 11123, 11129",3/27/24,5/8/24,7:00,19:00,60,Wed,ID Missing,No Preceptor Assigned,Perinatal - OB,NRSG 392 - Maternity Practicum,42/54: Mother/Baby,Archived (Completed)
431706,Emory University - SON Pre-licensure,Emory Decatur Hospital,Nursing,Cohort Rotation,6,6,"11102, 10389, 11115, 11064, 10418, 11017",3/27/24,5/8/24,7:00,19:00,60,Wed,"ID Missing, ID Missing",No Preceptor Assigned,Perinatal - OB,NRSG 392 - Maternity Practicum,Mother/Baby,Archived (Completed)
431707,Emory University - SON Pre-licensure,Emory Johns Creek Hospital,Nursing,Cohort Rotation,6,6,"11076, 11016, 11051, 10372, 10414, 11070",3/27/24,5/8/24,7:00,19:00,60,Wed,ID Missing,No Preceptor Assigned,Perinatal - OB,NRSG 392 - Maternity Practicum,"Maternity: M/B, L&D, NICU",Archived (Completed)
432002,Emory University - SON Pre-licensure,Emory University Hospital At Wesley Woods,Nursing,Cohort Rotation,7,8,"11483, 11474, 11493, 11506, 11469, 11443, 11409",1/16/24,3/5/24,7:00,19:00,60,Tue,ID Missing,No Preceptor Assigned,Psychiatry; Mental Health; Behavioral Medicine,NRSG 393 - Mental Health Practicum,Inpatient Psych,Archived (Completed)
432003,Emory University - SON Pre-licensure,Emory Decatur Hospital,Nursing,Cohort Rotation,6,6,"11430, 11496, 11481, 11447, 11497, 11494",1/16/24,3/5/24,7:00,19:00,60,Tue,ID Missing,No Preceptor Assigned,Psychiatry; Mental Health; Behavioral Medicine,NRSG 393 - Mental Health Practicum,Behavioral Health (acute) - 1800,Archived (Completed)
432004,Emory University - SON Pre-licensure,Emory Decatur Hospital,Nursing,Cohort Rotation,0,8,No Students Assigned,1/17/24,3/6/24,7:00,19:00,60,Wed,ID Missing,No Preceptor Assigned,Psychiatry; Mental Health; Behavioral Medicine,NRSG 393 - Mental Health Practicum,Behavioral Health (acute) - 1800,Archived (Completed)
432006,Emory University - SON Pre-licensure,Emory University Hospital At Wesley Woods,Nursing,Cohort Rotation,6,8,"11388, 11396, 11467, 11475, 11391, 11414",3/26/24,5/7/24,7:00,19:00,60,Tue,ID Missing,No Preceptor Assigned,Psychiatry; Mental Health; Behavioral Medicine,NRSG 393 - Mental Health Practicum,Inpatient Psych,Archived (Completed)
432008,Emory University - SON Pre-licensure,Emory Decatur Hospital,Nursing,Cohort Rotation,5,8,"11425, 11491, 11573, 11422, 11444",3/19/24,5/7/24,7:00,19:00,60,Tue,ID Missing,No Preceptor Assigned,Psychiatry; Mental Health; Behavioral Medicine,NRSG 393 - Mental Health Practicum,Behavioral Health (acute) - 1800,Archived (Completed)
432009,Emory University - SON Pre-licensure,Emory University Hospital At Wesley Woods,Nursing,Cohort Rotation,4,8,"11410, 11439, 11411, 11454",3/27/24,5/8/24,0:00,23:59,60,Wed,ID Missing,No Preceptor Assigned,Psychiatry; Mental Health; Behavioral Medicine,NRSG 393 - Mental Health Practicum,Inpatient Psych,Archived (Completed)
432011,Emory University - SON Pre-licensure,Emory Decatur Hospital,Nursing,Cohort Rotation,0,8,No Students Assigned,3/20/24,5/8/24,7:00,19:00,60,Wed,ID Missing,No Preceptor Assigned,Psychiatry; Mental Health; Behavioral Medicine,NRSG 393 - Mental Health Practicum,Behavioral Health (acute) - 1800,Archived (Completed)
432139,Georgia Gwinnett College,Emory University Hospital at Wesley Woods,Nursing,Cohort Rotation,0,6,No Students Assigned,3/25/24,4/15/24,7:00,15:00,32,Mon,ID Missing,No Preceptor Assigned,Psychiatry; Mental Health; Behavioral Medicine,NURS 4020 - Wellness & Illness III,Inpatient Psych,Archived (Denied)
432140,Georgia Gwinnett College,Emory University Hospital at Wesley Woods,Nursing,Cohort Rotation,0,6,No Students Assigned,3/26/24,4/16/24,7:00,15:00,32,Tue,ID Missing,No Preceptor Assigned,Psychiatry; Mental Health; Behavioral Medicine,NURS 4020 - Wellness & Illness III,Inpatient Psych,Archived (Denied)
432141,Georgia Gwinnett College,Emory University Hospital at Wesley Woods,Nursing,Cohort Rotation,0,6,No Students Assigned,3/30/24,4/20/24,7:00,15:00,32,Sat,ID Missing,No Preceptor Assigned,Psychiatry; Mental Health; Behavioral Medicine,NURS 4020 - Wellness & Illness III,Inpatient Psych,Archived (Denied)
432142,Georgia Gwinnett College,Emory Decatur Hospital,Nursing,Cohort Rotation,0,6,No Students Assigned,3/25/24,4/15/24,7:00,15:00,32,Mon,ID Missing,No Preceptor Assigned,Psychiatry; Mental Health; Behavioral Medicine,NURS 4020 - Wellness & Illness III,Behavioral Health,Archived (Denied)
432143,Georgia Gwinnett College,Emory Decatur Hospital,Nursing,Cohort Rotation,0,6,No Students Assigned,3/26/24,4/16/24,7:00,15:00,32,Tue,ID Missing,No Preceptor Assigned,Psychiatry; Mental Health; Behavioral Medicine,NURS 4020 - Wellness & Illness III,Behavioral Health,Archived (Denied)
432144,Georgia Gwinnett College,Emory Decatur Hospital,Nursing,Cohort Rotation,0,6,No Students Assigned,3/30/24,4/20/24,7:00,15:00,32,Sat,ID Missing,No Preceptor Assigned,Psychiatry; Mental Health; Behavioral Medicine,NURS 4020 - Wellness & Illness III,Behavioral Health,Archived (Denied)
432324,Emory University - SON Pre-licensure,Emory University Hospital,Nursing,Cohort Rotation,4,8,"11334, 11561, 11353, 11354",1/16/24,3/5/24,7:00,19:00,60,Tue,ID Missing,No Preceptor Assigned,Other (see comments),NRSG 391 - Adult and Geriatric Practicum,7G: Medical,Archived (Completed)
432328,Emory University - SON Pre-licensure,Emory University Hospital,Nursing,Cohort Rotation,7,8,"11553, 11295, 11328, 11283, 11361, 11384, 11333",3/19/24,5/7/24,7:00,19:00,60,Tue,ID Missing,No Preceptor Assigned,Other (see comments),NRSG 391 - Adult and Geriatric Practicum,7G: Medical,Archived (Completed)
432334,Emory University - SON Pre-licensure,Emory Saint Joseph's Hospital,Nursing,Cohort Rotation,5,8,"11312, 11378, 11355, 11311, 11385",1/16/24,3/5/24,7:00,19:00,60,Tue,ID Missing,No Preceptor Assigned,Other (see comments),NRSG 391 - Adult and Geriatric Practicum,6W pulmonary thoracic,Archived (Completed)
432335,Emory University - SON Pre-licensure,Emory University Hospital,Nursing,Cohort Rotation,6,8,"11555, 11316, 11559, 11379, 11332, 11327",1/16/24,3/5/24,7:00,19:00,60,Tue,ID Missing,No Preceptor Assigned,Other (see comments),NRSG 391 - Adult and Geriatric Practicum,6G: Medical,Archived (Completed)
432337,Emory University - SON Pre-licensure,Emory University Hospital Midtown,Nursing,Cohort Rotation,3,8,"11310, 11387, 11385",1/16/24,3/5/24,0:00,23:59,60,Tue,ID Missing,No Preceptor Assigned,Other (see comments),NRSG 391 - Adult and Geriatric Practicum,51: Med-Surg,Archived (Completed)
432339,Emory University - SON Pre-licensure,Emory Saint Joseph's Hospital,Nursing,Cohort Rotation,6,8,"11285, 11356, 11554, 11290, 11340, 11337",1/17/24,3/6/24,7:00,19:00,60,Wed,ID Missing,No Preceptor Assigned,Other (see comments),NRSG 391 - Adult and Geriatric Practicum,3W cardiology,Archived (Completed)
432342,Emory University - SON Pre-licensure,Emory University Hospital,Nursing,Cohort Rotation,6,8,"11293, 11296, 11282, 11557, 11330, 11362",1/17/24,3/6/24,7:00,19:00,60,Wed,ID Missing,No Preceptor Assigned,Other (see comments),NRSG 391 - Adult and Geriatric Practicum,7T: Surgical,Archived (Completed)
432344,Emory University - SON Pre-licensure,Emory University Hospital Midtown,Nursing,Cohort Rotation,6,8,"11304, 11366, 11367, 11563, 11344, 11314",1/17/24,3/6/24,7:00,19:00,60,Wed,ID Missing,No Preceptor Assigned,Other (see comments),NRSG 391 - Adult and Geriatric Practicum,21: General Surgery,Archived (Completed)
432346,Emory University - SON Pre-licensure,Emory University Hospital Midtown,Nursing,Cohort Rotation,6,8,"11552, 11303, 11317, 11368, 11319, 11360",1/17/24,3/6/24,7:00,19:00,60,Wed,ID Missing,No Preceptor Assigned,Other (see comments),NRSG 391 - Adult and Geriatric Practicum,72: Med/Surg,Archived (Completed)
432350,Emory University - SON Pre-licensure,Emory University Hospital,Nursing,Cohort Rotation,6,8,"11377, 11351, 11386, 11562, 11335, 11359",1/20/24,3/9/24,7:00,19:00,60,Sat,ID Missing,No Preceptor Assigned,Other (see comments),NRSG 391 - Adult and Geriatric Practicum,7T: Surgical,Archived (Completed)
432352,Emory University - SON Pre-licensure,Emory Johns Creek Hospital,Nursing,Cohort Rotation,6,8,"11338, 11313, 11376, 11556, 11339, 11347",1/17/24,3/6/24,7:00,19:00,60,Wed,ID Missing,No Preceptor Assigned,Other (see comments),NRSG 391 - Adult and Geriatric Practicum,4th floor: med-surg,Archived (Completed)
432354,Emory University - SON Pre-licensure,Emory Saint Joseph's Hospital,Nursing,Cohort Rotation,7,8,"11301, 11320, 11279, 11297, 11302, 11372, 11357",3/19/24,5/7/24,7:00,19:00,60,Tue,ID Missing,No Preceptor Assigned,Other (see comments),NRSG 391 - Adult and Geriatric Practicum,6W pulmonary thoracic,Archived (Completed)
432358,Emory University - SON,Emory University Hospital,Nursing,Cohort Rotation,0,8,No Students Assigned,3/19/23,5/7/23,7:00,19:00,60,Tue,ID Missing,No Preceptor Assigned,Other (see comments),NRSG 391 - Adult and Geriatric Practicum,6G: Medical,Archived (Denied)
432365,Emory University - SON Pre-licensure,Emory University Hospital Midtown,Nursing,Cohort Rotation,6,8,"11286, 11370, 11341, 11374, 11308, 11309",3/19/24,5/7/24,7:00,19:00,60,Tue,ID Missing,No Preceptor Assigned,Other (see comments),NRSG 391 - Adult and Geriatric Practicum,51: Med-Surg,Archived (Completed)
432368,Emory University - SON Pre-licensure,Emory Saint Joseph's Hospital,Nursing,Cohort Rotation,7,8,"11322, 11321, 11560, 11345, 11299, 11300, 11324",3/20/24,5/8/24,7:00,19:00,60,Wed,ID Missing,No Preceptor Assigned,Other (see comments),NRSG 391 - Adult and Geriatric Practicum,3W cardiology,Archived (Completed)
432375,Emory University - SON Pre-licensure,Emory University Hospital,Nursing,Cohort Rotation,7,8,"11329, 11364, 11331, 11280, 11292, 11294, 11363",3/20/24,5/8/24,7:00,19:00,60,Tue,ID Missing,No Preceptor Assigned,Other (see comments),NRSG 391 - Adult and Geriatric Practicum,7T: Surgical,Archived (Completed)
432378,Emory University - SON Pre-licensure,Emory University Hospital Midtown,Nursing,Cohort Rotation,5,8,"11551, 11342, 11365, 11326, 11325",3/20/24,5/8/24,7:00,19:00,60,Wed,ID Missing,No Preceptor Assigned,Other (see comments),NRSG 391 - Adult and Geriatric Practicum,21: General Surgery,Archived (Completed)
432383,Emory University - SON Pre-licensure,Emory University Hospital Midtown,Nursing,Cohort Rotation,4,8,"11350, 11306, 11369, 11371",3/20/24,5/8/24,7:00,19:00,60,Wed,ID Missing,No Preceptor Assigned,Other (see comments),NRSG 391 - Adult and Geriatric Practicum,72: Med/Surg,Archived (Completed)
432386,Emory University - SON Pre-licensure,Emory University Hospital,Nursing,Cohort Rotation,6,8,"11381, 11315, 11373, 11383, 11289, 11382",3/23/24,5/11/24,7:00,19:00,60,Sat,ID Missing,No Preceptor Assigned,Other (see comments),NRSG 391 - Adult and Geriatric Practicum,7T: Surgical,Archived (Completed)
432388,Emory University - SON Pre-licensure,Emory Johns Creek Hospital,Nursing,Cohort Rotation,7,8,"11305, 11291, 11558, 11336, 11352, 11348, 11564",3/20/24,5/8/24,7:00,19:00,60,Wed,ID Missing,No Preceptor Assigned,Other (see comments),NRSG 391 - Adult and Geriatric Practicum,4th floor: med-surg,Archived (Completed)
433714,Chamberlain College of Nursing - Georgia,Emory University Hospital At Wesley Woods,Nursing,Cohort Rotation,6,6,"11887, 11888, 11889, 11890, 11891, 11892",1/12/24,2/16/24,7:00,19:00,48,Fri,ID Missing,No Preceptor Assigned,Psychiatry; Mental Health; Behavioral Medicine,NR 326 - Mental Health Nursing,Inpatient Psych,Archived (Completed)
433750,Georgia State University - SON - Undergraduate,Emory Johns Creek Hospital,Nursing,Precepted Rotation,1,1,11243,1/15/24,4/22/24,0:00,23:59,168,"Sat, Sun",ID Missing,No Preceptor Assigned,Practicum,NURS 4610 - Senior Practicum,4th floor: med-surg,Archived (Completed)
433751,Georgia State University - SON - Undergraduate,Emory University Hospital Midtown,Nursing,Precepted Rotation,1,1,11241,1/15/24,4/22/24,0:00,23:59,168,"Sat, Sun",ID Missing,No Preceptor Assigned,Practicum,NURS 4610 - Senior Practicum,31: Ortho/Neuro,Archived (Completed)
434037,Emory University - SON Pre-licensure,Emory University Hospital At Wesley Woods,Nursing,Cohort Rotation,6,8,"11504, 11445, 11505, 11446, 11450, 11438",1/17/24,3/6/24,7:00,19:00,60,Wed,ID Missing,No Preceptor Assigned,Psychiatry; Mental Health; Behavioral Medicine,NRSG 393 - Mental Health Practicum,Inpatient Psych,Archived (Completed)
434045,Emory University - SON Pre-licensure,Emory University Hospital,Nursing,Cohort Rotation,6,8,"11343, 11349, 11284, 11318, 11565, 11287",3/19/24,5/7/24,7:00,19:00,60,Tue,ID Missing,No Preceptor Assigned,Other (see comments),NRSG 391 - Adult and Geriatric Practicum,6G: Medical,Archived (Completed)
434544,Grand Canyon University,Emory Decatur Hospital,Nursing,Precepted Rotation,1,1,11893,11/30/23,4/3/24,0:00,23:59,150,,2029,3026,Practicum,HQS-640 - Quality Improvement and Patient Safety Practicum,-no preference-,Archived (Completed)
434735,Chamberlain College of Nursing - Georgia,Emory Johns Creek Hospital,Nursing,Cohort Rotation,0,6,No Students Assigned,1/8/24,1/29/24,7:00,19:00,48,Mon,ID Missing,No Preceptor Assigned,Perinatal - OB,NR 327 - Maternal Child,"Maternity: M/B, L&D, NICU",Archived (Denied)
434741,Chamberlain College of Nursing - Georgia,Emory Johns Creek Hospital,Nursing,Cohort Rotation,0,6,No Students Assigned,2/5/24,2/26/24,7:00,19:00,48,Mon,ID Missing,No Preceptor Assigned,Perinatal - OB,NR 327 - Maternal Child,"Maternity: M/B, L&D, NICU",Archived (Denied)
434742,Chamberlain College of Nursing - Georgia,Emory Johns Creek Hospital,Nursing,Cohort Rotation,0,6,No Students Assigned,1/12/24,2/2/24,7:00,19:00,48,Fri,ID Missing,No Preceptor Assigned,Perinatal - OB,NR 327 - Maternal Child,"Maternity: M/B, L&D, NICU",Archived (Denied)
434743,Chamberlain College of Nursing - Georgia,Emory Johns Creek Hospital,Nursing,Cohort Rotation,0,6,No Students Assigned,2/9/24,3/1/24,7:00,19:00,48,Fri,ID Missing,No Preceptor Assigned,Perinatal - OB,NR 327 - Maternal Child,"Maternity: M/B, L&D, NICU",Archived (Denied)
434745,Chamberlain College of Nursing - Georgia,Emory Johns Creek Hospital,Nursing,Cohort Rotation,0,6,No Students Assigned,1/13/24,2/3/24,7:00,19:00,48,Sat,ID Missing,No Preceptor Assigned,Perinatal - OB,NR 327 - Maternal Child,"Maternity: M/B, L&D, NICU",Archived (Denied)
434746,Chamberlain College of Nursing - Georgia,Emory Johns Creek Hospital,Nursing,Cohort Rotation,0,6,No Students Assigned,2/10/24,3/2/24,7:00,19:00,48,Sat,ID Missing,No Preceptor Assigned,Perinatal - OB,NR 327 - Maternal Child,"Maternity: M/B, L&D, NICU",Archived (Denied)
434909,Emory University - SON Pre-licensure,Emory Johns Creek Hospital,Nursing,Cohort Rotation,4,8,"11894, 11895, 11896, 11897",8/4/24,8/24/24,7:00,19:00,96,,"ID Missing, ID Missing, ID Missing",No Preceptor Assigned,MedSurg - Acute Care,NRSG 356D - Acute and Chronic I Care Clinical Practicum Adult and Geriatric Populations,3rd floor: med-surg,Archived (Completed)
434911,Emory University - SON Pre-licensure,Emory Johns Creek Hospital,Nursing,Cohort Rotation,0,8,No Students Assigned,8/4/24,8/24/24,7:00,19:00,96,,ID Missing,No Preceptor Assigned,MedSurg - Acute Care,NRSG 356D - Acute and Chronic I Care Clinical Practicum Adult and Geriatric Populations,4th floor: med-surg,Archived (Withdrawn)
434912,Emory University - SON Pre-licensure,Emory Johns Creek Hospital,Nursing,Cohort Rotation,4,8,"11898, 11899, 11900, 11901",8/4/24,8/24/24,7:00,19:00,96,,"ID Missing, ID Missing, ID Missing",No Preceptor Assigned,MedSurg - Acute Care,NRSG 356D - Acute and Chronic I Care Clinical Practicum Adult and Geriatric Populations,6N: medical cardiology,Archived (Completed)
434914,Emory University - SON Pre-licensure,Emory University Hospital,Nursing,Cohort Rotation,3,8,"11902, 11903, 11904",8/4/24,8/24/24,7:00,19:00,96,,"ID Missing, ID Missing",No Preceptor Assigned,MedSurg - Acute Care,NRSG 356D - Acute and Chronic I Care Clinical Practicum Adult and Geriatric Populations,7T: Surgical,Archived (Completed)
434917,Emory University - SON Pre-licensure,Emory University Hospital Midtown,Nursing,Cohort Rotation,0,5,No Students Assigned,8/4/24,8/24/24,7:00,19:00,96,,ID Missing,No Preceptor Assigned,MedSurg - Acute Care,NRSG 356D - Acute and Chronic I Care Clinical Practicum Adult and Geriatric Populations,72: Med/Surg,Archived (Withdrawn)
434919,Emory University - SON Pre-licensure,Emory University Hospital Midtown,Nursing,Cohort Rotation,0,5,No Students Assigned,8/4/24,8/24/24,7:00,19:00,96,,ID Missing,No Preceptor Assigned,MedSurg - Acute Care,NRSG 356D - Acute and Chronic I Care Clinical Practicum Adult and Geriatric Populations,22: Med/Surg,Archived (Withdrawn)
434922,Emory University - SON Pre-licensure,Emory Saint Joseph's Hospital,Nursing,Cohort Rotation,5,8,"11905, 11906, 11907, 11908, 11909",8/4/24,8/24/24,7:00,19:00,96,,"ID Missing, ID Missing, ID Missing, ID Missing",No Preceptor Assigned,MedSurg - Acute Care,NRSG 356D - Acute and Chronic I Care Clinical Practicum Adult and Geriatric Populations,3E heart failure,Archived (Completed)
435222,Emory University - SON Pre-licensure,Emory University Hospital At Wesley Woods,Nursing,Precepted Rotation,1,1,10373,1/16/24,3/8/24,0:00,23:59,132,"Mon, Tue, Wed, Sat, Sun",2008,ID Missing,Practicum,NRSG 648 MN - Transitions to Nursing Practice,Inpatient Psych,Archived (Completed)
435223,Emory University - SON Pre-licensure,Emory Johns Creek Hospital,Nursing,Precepted Rotation,1,1,10369,1/16/24,3/8/24,0:00,23:59,132,"Mon, Tue, Wed, Sat, Sun",2012,ID Missing,Practicum,NRSG 648 MN - Transitions to Nursing Practice,ED: emergency and CDU,Archived (Completed)
435224,Emory University - SON Pre-licensure,Emory Johns Creek Hospital,Nursing,Precepted Rotation,0,1,No Students Assigned,1/16/24,3/8/24,0:00,23:59,132,"Mon, Tue, Wed, Sat, Sun",ID Missing,ID Missing,Practicum,NRSG 431 - Clinical Practicum IV,ED: emergency,Archived (Withdrawn)
435226,Emory University - SON Pre-licensure,Emory Johns Creek Hospital,Nursing,Precepted Rotation,1,1,10354,1/16/24,3/8/24,0:00,23:59,132,"Mon, Tue, Wed, Sat, Sun",2012,ID Missing,Practicum,NRSG 648 MN - Transitions to Nursing Practice,ICU: critical care,Archived (Completed)
435227,Emory University - SON Pre-licensure,Emory Johns Creek Hospital,Nursing,Precepted Rotation,1,1,10416,1/16/24,3/8/24,0:00,23:59,132,"Mon, Tue, Fri, Sat, Sun",2012,ID Missing,Practicum,NRSG 648 MN - Transitions to Nursing Practice,ICU: critical care,Archived (Completed)
435231,Emory University - SON Pre-licensure,Emory Johns Creek Hospital,Nursing,Precepted Rotation,1,1,10413,1/16/24,3/8/24,0:00,23:59,132,"Mon, Tue, Wed, Sat, Sun",2012,ID Missing,Practicum,NRSG 648 MN - Transitions to Nursing Practice,"Maternity: M/B, L&D, NICU",Archived (Completed)
435233,Emory University - SON Pre-licensure,Emory Johns Creek Hospital,Nursing,Precepted Rotation,0,1,No Students Assigned,1/16/24,3/8/24,0:00,23:59,132,"Mon, Tue, Wed, Sat, Sun",ID Missing,ID Missing,Practicum,NRSG 431 - Clinical Practicum IV,"Maternity: M/B, L&D, NICU",Archived (Withdrawn)
435235,Emory University - SON Pre-licensure,Emory Saint Joseph's Hospital,Nursing,Precepted Rotation,1,1,10510,1/16/24,3/8/24,0:00,23:59,132,"Mon, Tue, Wed, Sat, Sun",ID Missing,ID Missing,Practicum,NRSG 431 - Clinical Practicum IV,2SW CVICU,Archived (Completed)
435236,Emory University - SON Pre-licensure,Emory Saint Joseph's Hospital,Nursing,Precepted Rotation,1,1,10360,1/16/24,3/8/24,0:00,23:59,132,"Mon, Tue, Wed, Sat, Sun",2012,ID Missing,Practicum,NRSG 648 MN - Transitions to Nursing Practice,2SW CVICU,Archived (Completed)
435237,Emory University - SON Pre-licensure,Emory Saint Joseph's Hospital,Nursing,Precepted Rotation,1,1,10397,1/16/24,3/8/24,0:00,23:59,132,"Mon, Tue, Wed, Sat, Sun",2012,ID Missing,Practicum,NRSG 648 MN - Transitions to Nursing Practice,2W CCU,Archived (Completed)
435240,Emory University - SON,Emory Saint Joseph's Hospital,Nursing,Precepted Rotation,0,1,No Students Assigned,1/16/24,3/8/24,0:00,23:59,132,"Mon, Tue, Wed, Sat, Sun",ID Missing,ID Missing,Practicum,NRSG 431 - Transition to Nursing Practice,2W,Archived (Withdrawn)
435258,Emory University - SON Pre-licensure,Emory Decatur Hospital,Nursing,Precepted Rotation,1,1,10604,1/16/24,3/8/24,0:00,23:59,132,"Mon, Tue, Wed, Sat, Sun",2020,ID Missing,Practicum,NRSG 431 - Clinical Practicum IV,Mother/Baby,Archived (Completed)
435261,Emory University - SON Pre-licensure,Emory Decatur Hospital,Nursing,Precepted Rotation,1,1,10613,1/16/24,3/8/24,0:00,23:59,132,"Mon, Tue, Wed, Sat, Sun",2020,ID Missing,Practicum,NRSG 431 - Clinical Practicum IV,Mother/Baby,Archived (Completed)
435263,Emory University - SON Pre-licensure,Emory Decatur Hospital,Nursing,Precepted Rotation,1,1,10362,1/16/24,3/8/24,0:00,23:59,132,"Mon, Tue, Wed, Sat, Sun",ID Missing,ID Missing,Practicum,NRSG 648 MN - Transitions to Nursing Practice,Behavioral Health (acute) - 1800,Archived (Completed)
435264,Emory University - SON Pre-licensure,Emory Decatur Hospital,Nursing,Precepted Rotation,1,1,10387,3/18/24,5/8/24,0:00,23:59,132,"Mon, Tue, Wed, Sat, Sun",ID Missing,ID Missing,Practicum,NRSG 431 - Clinical Practicum IV,Behavioral Health (acute) - 1800,Archived (Completed)
435268,Emory University - SON Pre-licensure,Emory University Orthopaedics And Spine Hospital,Nursing,Precepted Rotation,1,1,11131,1/16/24,3/8/24,0:00,23:59,132,"Mon, Tue, Wed, Sat, Sun",ID Missing,ID Missing,Practicum,NRSG 648 MN - Transitions to Nursing Practice,2-4 floors: Orthopaedics,Archived (Completed)
435286,Emory University - SON Pre-licensure,Emory Johns Creek Hospital,Nursing,Precepted Rotation,1,1,10404,3/18/24,5/8/24,0:00,23:59,132,"Mon, Tue, Wed, Sat, Sun",2012,ID Missing,Practicum,NRSG 431 - Clinical Practicum IV,ED: emergency and CDU,Archived (Completed)
435287,Emory University - SON Pre-licensure,Emory Johns Creek Hospital,Nursing,Precepted Rotation,1,1,10532,3/18/24,5/8/24,0:00,23:59,132,"Mon, Tue, Wed, Sat, Sun",2018,ID Missing,Practicum,NRSG 431 - Clinical Practicum IV,ED: emergency and CDU,Archived (Completed)
435289,Emory University - SON Pre-licensure,Emory Johns Creek Hospital,Nursing,Precepted Rotation,1,1,10398,3/18/24,5/8/24,0:00,23:59,132,"Mon, Tue, Wed, Sat, Sun",2012,ID Missing,Practicum,NRSG 431 - Clinical Practicum IV,ICU: critical care,Archived (Completed)
435290,Emory University - SON Pre-licensure,Emory Johns Creek Hospital,Nursing,Precepted Rotation,1,1,10531,3/18/24,5/8/24,0:00,23:59,132,"Mon, Tue, Fri, Sat, Sun",2018,ID Missing,Practicum,NRSG 431 - Clinical Practicum IV,ICU: critical care,Archived (Completed)
435292,Emory University - SON Pre-licensure,Emory Johns Creek Hospital,Nursing,Precepted Rotation,1,1,10496,3/18/24,5/8/24,0:00,23:59,132,"Mon, Tue, Wed, Sat, Sun",2009,3003,Practicum,NRSG 431 - Clinical Practicum IV,"Maternity: M/B, L&D, NICU",Archived (Completed)
435295,Emory University - SON Pre-licensure,Emory Johns Creek Hospital,Nursing,Precepted Rotation,0,1,No Students Assigned,3/18/24,5/8/24,0:00,23:59,132,"Mon, Tue, Wed, Sat, Sun",ID Missing,ID Missing,Practicum,NRSG 431 - Clinical Practicum IV,"Maternity: M/B, L&D, NICU",Archived (Withdrawn)
435296,Emory University - SON Pre-licensure,Emory Saint Joseph's Hospital,Nursing,Precepted Rotation,1,1,10358,3/18/24,5/8/24,0:00,23:59,132,"Mon, Tue, Wed, Sat, Sun",2008,ID Missing,Practicum,NRSG 431 - Clinical Practicum IV,2SW CVICU,Archived (Completed)
435298,Emory University - SON Pre-licensure,Emory Saint Joseph's Hospital,Nursing,Precepted Rotation,1,1,10377,3/18/24,5/8/24,0:00,23:59,132,"Mon, Tue, Wed, Sat, Sun",2008,ID Missing,Practicum,NRSG 431 - Clinical Practicum IV,2SW CVICU,Archived (Completed)
435301,Emory University - SON Pre-licensure,Emory Saint Joseph's Hospital,Nursing,Precepted Rotation,1,1,10400,3/18/24,5/8/24,0:00,23:59,132,"Mon, Tue, Wed, Sat, Sun",2008,ID Missing,Practicum,NRSG 431 - Clinical Practicum IV,2W CCU,Archived (Completed)
435302,Emory University - SON Pre-licensure,Emory Saint Joseph's Hospital,Nursing,Precepted Rotation,1,1,10361,3/18/24,5/8/24,0:00,23:59,132,"Mon, Tue, Wed, Sat, Sun",2008,ID Missing,Practicum,NRSG 431 - Clinical Practicum IV,2W CCU,Archived (Completed)
435303,Emory University - SON Pre-licensure,Emory University Hospital,Nursing,Precepted Rotation,1,1,10374,3/18/24,5/8/24,0:00,23:59,132,"Mon, Tue, Wed, Sat, Sun",2008,ID Missing,Practicum,NRSG 431 - Clinical Practicum IV,CVICU,Archived (Completed)
435304,Emory University - SON Pre-licensure,Emory Decatur Hospital,Nursing,Precepted Rotation,1,1,10379,3/18/24,5/8/24,0:00,23:59,132,"Mon, Tue, Wed, Sat, Sun",ID Missing,ID Missing,Practicum,NRSG 431 - Clinical Practicum IV,Mother/Baby,Archived (Completed)
435306,Emory University - SON Pre-licensure,Emory Decatur Hospital,Nursing,Precepted Rotation,1,1,10353,3/18/24,5/8/24,0:00,23:59,132,"Mon, Tue, Wed, Sat, Sun",ID Missing,ID Missing,Practicum,NRSG 431 - Clinical Practicum IV,Mother/Baby,Archived (Completed)
435309,Emory University - SON Pre-licensure,Emory University Orthopaedics And Spine Hospital,Nursing,Precepted Rotation,1,1,10355,3/18/24,5/8/24,0:00,23:59,132,"Mon, Tue, Wed, Sat, Sun",2012,ID Missing,Practicum,NRSG 431 - Clinical Practicum IV,2-4 floors: Orthopaedics,Archived (Completed)
435587,Chamberlain College of Nursing - Georgia,Emory Hillandale Hospital,Nursing,Precepted Rotation,1,1,10078,1/10/24,2/28/24,0:00,23:59,96,,ID Missing,ID Missing,MedSurg - Acute Care,NR 446 - Collaborative Health,5th floor - med surg,Archived (Completed)
435615,Chamberlain College of Nursing - Georgia,Emory Saint Joseph's Hospital,Nursing,Cohort Rotation,7,8,"11910, 11911, 11912, 11913, 11914, 11915, 11916",1/9/24,2/27/24,0:00,23:59,96,Tue,ID Missing,No Preceptor Assigned,MedSurg - Acute Care,NR 325 - Adult Health II,4W renal and urology,Archived (Completed)
435690,Chamberlain College of Nursing - Georgia,Emory Hillandale Hospital,Nursing,Cohort Rotation,6,8,"11917, 11918, 11919, 11920, 11921, 11922",1/8/24,2/26/24,7:00,19:00,96,Mon,ID Missing,No Preceptor Assigned,MedSurg - Acute Care,NR 446 - Collaborative Health,4th floor - telemetry,Archived (Completed)
435733,Emory University - SON Pre-licensure,Emory Johns Creek Hospital,Nursing,Precepted Rotation,1,1,10357,1/16/24,3/8/24,0:00,23:59,132,"Mon, Tue, Fri, Sat, Sun",2012,ID Missing,Practicum,NRSG 648 MN - Transitions to Nursing Practice,"Maternity: M/B, L&D, NICU",Archived (Completed)
435734,Emory University - SON Pre-licensure,Emory Saint Joseph's Hospital,Nursing,Precepted Rotation,1,1,10488,1/16/24,3/8/24,0:00,23:59,132,"Mon, Tue, Wed, Sat, Sun",ID Missing,"ID Missing, ID Missing",Practicum,NRSG 431 - Clinical Practicum IV,2E MSICU,Archived (Completed)
435737,Emory University - SON Pre-licensure,Emory Saint Joseph's Hospital,Nursing,Precepted Rotation,1,1,10403,3/18/24,5/8/24,0:00,23:59,132,"Mon, Tue, Fri, Sat, Sun",2008,ID Missing,Practicum,NRSG 431 - Clinical Practicum IV,2E MSICU,Archived (Completed)
435739,Emory University - SON Pre-licensure,Emory University Hospital,Nursing,Precepted Rotation,0,1,No Students Assigned,1/16/24,3/8/24,0:00,23:59,132,"Mon, Tue, Wed, Sat, Sun",ID Missing,ID Missing,Practicum,NRSG 431 - Clinical Practicum IV,-no preference-,Archived (Withdrawn)
435740,Emory University - SON Pre-licensure,Emory University Hospital,Nursing,Precepted Rotation,1,1,10399,3/18/24,5/8/24,0:00,23:59,132,"Mon, Tue, Wed, Sat, Sun",2012,ID Missing,Practicum,NRSG 431 - Clinical Practicum IV,-no preference-,Archived (Completed)
435741,Emory University - SON Pre-licensure,Emory University Hospital,Nursing,Precepted Rotation,1,1,10337,1/16/24,3/8/24,0:00,23:59,132,"Mon, Tue, Wed, Sat, Sun",2020,ID Missing,Practicum,NRSG 431 - Clinical Practicum IV,3G/4G CCU,Archived (Completed)
435742,Emory University - SON Pre-licensure,Emory University Hospital,Nursing,Precepted Rotation,1,1,10367,3/18/24,5/8/24,0:00,23:59,132,"Mon, Tue, Fri, Sat, Sun",2012,ID Missing,Practicum,NRSG 431 - Clinical Practicum IV,3G/4G CCU,Archived (Completed)
435744,Emory University - SON Pre-licensure,Emory University Hospital Midtown,Nursing,Precepted Rotation,1,1,10375,1/16/24,3/8/24,0:00,23:59,132,"Mon, Tue, Fri, Sat, Sun",2021,ID Missing,Practicum,NRSG 648 MN - Transitions to Nursing Practice,42/54: Mother/Baby,Archived (Completed)
435746,Emory University - SON Pre-licensure,Emory University Hospital Midtown,Nursing,Precepted Rotation,1,1,10388,1/16/24,3/8/24,0:00,23:59,132,"Mon, Tue, Fri, Sat, Sun",2021,ID Missing,Practicum,NRSG 648 MN - Transitions to Nursing Practice,42/54: Mother/Baby,Archived (Completed)
435748,Emory University - SON Pre-licensure,Emory University Hospital Midtown,Nursing,Precepted Rotation,1,1,10401,3/18/24,5/8/24,0:00,23:59,132,"Mon, Tue, Fri, Sat, Sun",2021,ID Missing,Practicum,NRSG 431 - Clinical Practicum IV,42/54: Mother/Baby,Archived (Completed)
435749,Emory University - SON Pre-licensure,Emory University Hospital Midtown,Nursing,Precepted Rotation,1,1,10486,3/18/24,5/8/24,0:00,23:59,132,"Mon, Tue, Fri, Sat, Sun",2020,ID Missing,Practicum,NRSG 431 - Clinical Practicum IV,42/54: Mother/Baby,Archived (Completed)
435750,Emory University - SON Pre-licensure,Emory Hillandale Hospital,Nursing,Precepted Rotation,0,1,No Students Assigned,1/16/24,3/8/24,0:00,23:59,132,"Mon, Tue, Wed, Sat, Sun",ID Missing,ID Missing,Practicum,NRSG 431 - Clinical Practicum IV,Emergency Dept,Archived (Completed)
435752,Emory University - SON Pre-licensure,Emory Hillandale Hospital,Nursing,Precepted Rotation,0,1,No Students Assigned,1/16/24,3/8/24,0:00,23:59,132,"Mon, Tue, Wed, Sat, Sun",ID Missing,ID Missing,Practicum,NRSG 431 - Clinical Practicum IV,Emergency Dept,Archived (Completed)
435754,Emory University - SON Pre-licensure,Emory Hillandale Hospital,Nursing,Precepted Rotation,1,1,10516,3/18/24,5/8/24,0:00,23:59,132,"Mon, Tue, Wed, Sat, Sun",2020,3003,Practicum,NRSG 431 - Clinical Practicum IV,Emergency Dept,Archived (Completed)
435755,Emory University - SON Pre-licensure,Emory Hillandale Hospital,Nursing,Precepted Rotation,1,1,10402,3/18/24,5/8/24,0:00,23:59,132,"Mon, Tue, Wed, Sat, Sun",2021,ID Missing,Practicum,NRSG 431 - Clinical Practicum IV,Emergency Dept,Archived (Completed)
435880,Chamberlain College of Nursing - Georgia,Emory Decatur Hospital,Nursing,Precepted Rotation,0,1,No Students Assigned,1/8/24,2/26/24,0:00,23:59,96,,ID Missing,No Preceptor Assigned,MedSurg - Acute Care,NR 446 - Collaborative Health,General Medical,Archived (Denied)
435892,Chamberlain College of Nursing - Georgia,Emory Saint Joseph's Hospital,Nursing,Precepted Rotation,1,1,11923,1/8/24,2/26/24,0:00,23:59,96,,ID Missing,ID Missing,MedSurg - Acute Care,NR 446 - Collaborative Health,5E internal medicine,Archived (Completed)
435898,Chamberlain College of Nursing - Georgia,Emory University Hospital,Nursing,Precepted Rotation,1,1,10866,1/8/24,2/26/24,0:00,23:59,96,,ID Missing,No Preceptor Assigned,MedSurg - Acute Care,NR 446 - Collaborative Health,-no preference-,Archived (Completed)
436235,Emory University - SON Pre-licensure,Emory University Hospital Midtown,Nursing,Cohort Rotation,8,8,"11082, 11030, 11106, 11031, 11122, 11034, 11120, 11093",1/27/24,3/9/24,7:00,19:00,60,Sat,ID Missing,No Preceptor Assigned,Perinatal - OB,NRSG 392 - Maternity Practicum,42/54: Mother/Baby,Archived (Completed)
436240,Emory University - SON Pre-licensure,Emory University Hospital Midtown,Nursing,Cohort Rotation,7,8,"11005, 11053, 11071, 11068, 10996, 11027, 11049",3/30/24,5/11/24,7:00,19:00,60,Sat,ID Missing,No Preceptor Assigned,Perinatal - OB,NRSG 392 - Maternity Practicum,42/54: Mother/Baby,Archived (Completed)
436533,Chamberlain College of Nursing - Atlanta,Emory University Hospital At Wesley Woods,Nursing,Cohort Rotation,6,6,"10165, 10166, 10167, 10154, 11924, 10155",3/8/24,4/19/24,7:00,19:00,48,Fri,ID Missing,No Preceptor Assigned,Psychiatry; Mental Health; Behavioral Medicine,NR 326 - Mental Health Nursing,Inpatient Psych,Archived (Completed)
436611,Emory University - SON Pre-licensure,Emory Decatur Hospital,Nursing,Precepted Rotation,1,1,10491,1/16/24,3/8/24,0:00,23:59,132,"Mon, Tue, Wed, Sat, Sun",2020,ID Missing,Practicum,NRSG 431 - Clinical Practicum IV,Emergency Dept- North Decatur,Archived (Completed)
436612,Emory University - SON Pre-licensure,Emory Decatur Hospital,Nursing,Precepted Rotation,1,1,10365,1/16/24,3/8/24,0:00,23:59,132,"Mon, Tue, Fri, Sat, Sun",ID Missing,ID Missing,Practicum,NRSG 648 MN - Transitions to Nursing Practice,Emergency Dept- North Decatur,Archived (Completed)
436613,Emory University - SON Pre-licensure,Emory Decatur Hospital,Nursing,Precepted Rotation,1,1,10409,3/18/24,5/8/24,0:00,23:59,132,"Mon, Tue, Wed, Sat, Sun",ID Missing,ID Missing,Practicum,NRSG 431 - Clinical Practicum IV,Emergency Dept- North Decatur,Archived (Completed)
436617,Emory University - SON Pre-licensure,Emory Decatur Hospital,Nursing,Precepted Rotation,0,1,No Students Assigned,3/18/24,5/8/24,0:00,23:59,132,"Mon, Tue, Fri, Sat, Sun",ID Missing,ID Missing,Practicum,NRSG 431 - Clinical Practicum IV,Emergency Dept- North Decatur,Archived (Withdrawn)
436620,Emory University - SON Pre-licensure,Emory University Hospital,Nursing,Precepted Rotation,1,1,10378,1/16/24,3/8/24,0:00,23:59,132,"Mon, Tue, Wed, Sat, Sun",ID Missing,ID Missing,Practicum,NRSG 648 MN - Transitions to Nursing Practice,5T South:  SICU,Archived (Completed)
436799,Chamberlain College of Nursing - Georgia,Emory Johns Creek Hospital,Nursing,Cohort Rotation,0,6,No Students Assigned,3/4/24,3/25/24,7:00,19:00,48,Mon,ID Missing,No Preceptor Assigned,Perinatal - OB,NR 327 - Maternal Child,"Maternity: M/B, L&D, NICU",Archived (Denied)
436800,Chamberlain College of Nursing - Georgia,Emory Johns Creek Hospital,Nursing,Cohort Rotation,0,6,No Students Assigned,4/1/24,4/22/24,7:00,19:00,48,Mon,ID Missing,No Preceptor Assigned,Perinatal - OB,NR 327 - Maternal Child,"Maternity: M/B, L&D, NICU",Archived (Denied)
436802,Chamberlain College of Nursing - Georgia,Emory Johns Creek Hospital,Nursing,Cohort Rotation,0,6,No Students Assigned,3/8/24,3/29/24,7:00,19:00,48,Fri,ID Missing,No Preceptor Assigned,Perinatal - OB,NR 327 - Maternal Child,"Maternity: M/B, L&D, NICU",Archived (Denied)
436803,Chamberlain College of Nursing - Georgia,Emory Johns Creek Hospital,Nursing,Cohort Rotation,0,6,No Students Assigned,4/5/24,4/26/24,7:00,19:00,48,Fri,ID Missing,No Preceptor Assigned,Perinatal - OB,NR 327 - Maternal Child,"Maternity: M/B, L&D, NICU",Archived (Denied)
436804,Chamberlain College of Nursing - Georgia,Emory Johns Creek Hospital,Nursing,Cohort Rotation,0,6,No Students Assigned,3/9/24,3/30/24,7:00,19:00,48,Sat,ID Missing,No Preceptor Assigned,Perinatal - OB,NR 327 - Maternal Child,"Maternity: M/B, L&D, NICU",Archived (Denied)
436805,Chamberlain College of Nursing - Georgia,Emory Johns Creek Hospital,Nursing,Cohort Rotation,0,6,No Students Assigned,4/6/24,4/27/24,7:00,19:00,48,Sat,ID Missing,No Preceptor Assigned,Perinatal - OB,NR 327 - Maternal Child,"Maternity: M/B, L&D, NICU",Archived (Denied)
437104,Emory University - SON Pre-licensure,Emory University Hospital,Nursing,Precepted Rotation,1,1,10487,1/16/24,3/8/24,0:00,23:59,132,"Mon, Tue, Wed, Sat, Sun",2020,ID Missing,Practicum,NRSG 431 - Clinical Practicum IV,7E: Medical,Archived (Completed)
437106,Emory University - SON Pre-licensure,Emory University Hospital,Nursing,Precepted Rotation,1,1,10601,1/16/24,3/8/24,0:00,23:59,132,"Mon, Tue, Wed, Sat, Sun",ID Missing,ID Missing,Practicum,NRSG 431 - Clinical Practicum IV,2D ICU: Neuro,Archived (Completed)
437108,Emory University - SON Pre-licensure,Emory University Hospital,Nursing,Precepted Rotation,1,1,10509,3/18/24,5/8/24,0:00,23:59,132,"Mon, Tue, Wed, Sat, Sun",2018,ID Missing,Practicum,NRSG 431 - Clinical Practicum IV,2D ICU: Neuro,Archived (Completed)
437109,Emory University - SON Pre-licensure,Emory University Hospital,Nursing,Precepted Rotation,1,1,10370,1/16/24,3/8/24,0:00,23:59,132,"Mon, Tue, Wed, Sat, Sun",ID Missing,3009,Practicum,NRSG 648 MN - Transitions to Nursing Practice,PACU: Post Op,Archived (Completed)
437113,Emory University - SON Pre-licensure,Emory University Hospital,Nursing,Precepted Rotation,1,1,10511,1/16/24,3/8/24,0:00,23:59,132,"Mon, Tue, Wed, Sat, Sun",2020,"ID Missing, ID Missing, ID Missing, ID Missing",Practicum,NRSG 431 - Clinical Practicum IV,PACU: Post Op,Archived (Completed)
437115,Emory University - SON Pre-licensure,Emory University Hospital,Nursing,Precepted Rotation,1,1,10356,3/18/24,5/8/24,0:00,23:59,132,"Mon, Tue, Wed, Sat, Sun",2012,ID Missing,Practicum,NRSG 648 MN - Transitions to Nursing Practice,PACU: Post Op,Archived (Completed)
437117,Emory University - SON Pre-licensure,Emory University Hospital,Nursing,Precepted Rotation,1,1,10419,3/18/24,5/8/24,0:00,23:59,132,"Mon, Tue, Wed, Sat, Sun",ID Missing,ID Missing,Practicum,NRSG 648 MN - Transitions to Nursing Practice,PACU: Post Op,Archived (Completed)
437187,Auburn University - College of Nursing - BSN,Emory University Hospital Midtown,Nursing,Precepted Rotation,1,1,11925,2/26/24,4/21/24,0:00,23:59,212,,ID Missing,No Preceptor Assigned,Practicum,NURS 4921 - Nursing Practice Preceptorship-Senior Practicum,31: ICU,Archived (Completed)
437683,Emory University - SON Pre-licensure,Emory Saint Joseph's Hospital,Nursing,Precepted Rotation,1,1,10363,1/16/24,3/8/24,0:00,23:59,132,"Mon, Tue, Wed, Sat, Sun",2012,ID Missing,Practicum,NRSG 648 MN - Transitions to Nursing Practice,ED,Archived (Completed)
437685,Emory University - SON Pre-licensure,Emory Saint Joseph's Hospital,Nursing,Precepted Rotation,1,1,11188,1/16/24,3/8/24,0:00,23:59,132,"Mon, Tue, Wed, Sat, Sun",2012,ID Missing,Practicum,NRSG 648 MN - Transitions to Nursing Practice,ED,Archived (Completed)
437714,Emory University - SON Pre-licensure,Emory University Hospital,Nursing,Precepted Rotation,0,1,No Students Assigned,1/16/24,3/8/24,0:00,23:59,132,"Mon, Tue, Wed, Sat, Sun",2008,ID Missing,Practicum,NRSG 648 MN - Transitions to Nursing Practice,4G: Telemetry,Archived (Completed)
437715,Emory University - SON Pre-licensure,Emory University Hospital,Nursing,Precepted Rotation,0,1,No Students Assigned,1/16/24,3/8/24,0:00,23:59,132,"Mon, Tue, Wed, Sat, Sun",ID Missing,ID Missing,Practicum,NRSG 431 - Clinical Practicum IV,8T North: Oncology,Archived (Withdrawn)
437716,Emory University - SON Pre-licensure,Emory University Hospital,Nursing,Precepted Rotation,0,1,No Students Assigned,1/16/24,3/8/24,0:00,23:59,132,"Mon, Tue, Wed, Sat, Sun",ID Missing,ID Missing,Practicum,NRSG 431 - Clinical Practicum IV,8T South: Hematology/Leukemia,Archived (Withdrawn)
437718,Emory University - SON Pre-licensure,Emory University Hospital,Nursing,Precepted Rotation,1,1,10395,1/16/24,3/8/24,0:00,23:59,132,"Mon, Tue, Wed, Sat, Sun",2008,ID Missing,Practicum,NRSG 648 MN - Transitions to Nursing Practice,ED: Emergency,Archived (Completed)
437719,Emory University - SON Pre-licensure,Emory University Hospital,Nursing,Precepted Rotation,1,1,10605,1/16/24,3/8/24,0:00,23:59,132,"Mon, Tue, Wed, Sat, Sun",ID Missing,ID Missing,Practicum,NRSG 431 - Clinical Practicum IV,ED: Emergency,Archived (Completed)
437720,Emory University - SON Pre-licensure,Emory University Hospital,Nursing,Precepted Rotation,1,1,10515,1/16/24,3/8/24,0:00,23:59,132,,ID Missing,ID Missing,Practicum,NRSG 431 - Clinical Practicum IV,MICU,Archived (Completed)
437724,Emory University - SON Pre-licensure,Emory University Hospital,Nursing,Precepted Rotation,1,1,10503,1/16/24,3/8/24,0:00,23:59,132,"Mon, Tue, Fri, Sat, Sun",ID Missing,ID Missing,Practicum,NRSG 431 - Clinical Practicum IV,MICU,Archived (Completed)
437729,Emory University - SON Pre-licensure,Emory University Hospital,Nursing,Precepted Rotation,1,1,10359,1/16/24,3/8/24,0:00,23:59,132,"Mon, Tue, Wed, Sat, Sun",ID Missing,ID Missing,Practicum,NRSG 648 MN - Transitions to Nursing Practice,9T: Bone Marrow Transplant,Archived (Completed)
437733,Emory University - SON Pre-licensure,Emory University Hospital,Nursing,Precepted Rotation,0,1,No Students Assigned,1/16/24,3/8/24,0:00,23:59,132,"Mon, Tue, Wed, Sat, Sun",ID Missing,ID Missing,Practicum,NRSG 431 - Clinical Practicum IV,9T: Bone Marrow Transplant,Archived (Withdrawn)
437734,Emory University - SON Pre-licensure,Emory University Hospital Midtown,Nursing,Precepted Rotation,1,1,10371,1/16/24,3/8/24,0:00,23:59,132,"Mon, Tue, Wed, Sat, Sun",2021,ID Missing,Practicum,NRSG 648 MN - Transitions to Nursing Practice,Nurseries (DEU): NICU,Archived (Completed)
437737,Emory University - SON Pre-licensure,Emory University Hospital Midtown,Nursing,Precepted Rotation,1,1,10408,1/16/24,3/8/24,0:00,23:59,132,"Mon, Tue, Wed, Sat, Sun",2021,ID Missing,Practicum,NRSG 648 MN - Transitions to Nursing Practice,Nurseries (DEU): NICU,Archived (Completed)
437739,Emory University - SON Pre-licensure,Emory University Hospital Midtown,Nursing,Precepted Rotation,1,1,10385,1/16/24,3/8/24,0:00,23:59,132,"Mon, Tue, Wed, Sat, Sun",2021,ID Missing,Practicum,NRSG 648 MN - Transitions to Nursing Practice,41: Med Cardiology,Archived (Completed)
437743,Emory University - SON Pre-licensure,Emory University Hospital Midtown,Nursing,Precepted Rotation,1,1,10490,1/16/24,3/8/24,0:00,23:59,132,"Mon, Tue, Wed, Sat, Sun",2020,ID Missing,Practicum,NRSG 431 - Clinical Practicum IV,31: ICU,Archived (Completed)
437746,Emory University - SON Pre-licensure,Emory University Hospital Midtown,Nursing,Precepted Rotation,1,1,10390,1/16/24,3/8/24,0:00,23:59,132,"Mon, Tue, Wed, Sat, Sun",2021,ID Missing,Practicum,NRSG 648 MN - Transitions to Nursing Practice,31: ICU,Archived (Completed)
437747,Emory University - SON Pre-licensure,Emory University Hospital Midtown,Nursing,Precepted Rotation,1,1,10492,1/16/24,3/8/24,0:00,23:59,132,"Mon, Tue, Wed, Sat, Sun",2020,ID Missing,Practicum,NRSG 431 - Clinical Practicum IV,41 ICU: Med Cardiology,Archived (Denied)
437751,Emory University - SON,Emory University Hospital Midtown,Nursing,Precepted Rotation,1,1,10618,1/16/24,3/8/24,0:00,23:59,132,"Mon, Tue, Wed, Sat, Sun",ID Missing,ID Missing,Practicum,NRSG 431 - Transition to Nursing Practice,41 ICU: Med Cardiology,Archived (Withdrawn)
437753,Emory University - SON Pre-licensure,Emory University Hospital Midtown,Nursing,Precepted Rotation,0,1,No Students Assigned,1/16/24,3/8/24,0:00,23:59,132,"Mon, Tue, Fri, Sat, Sun",ID Missing,ID Missing,Practicum,NRSG 648 MN - Transitions to Nursing Practice,ED: Emergency,Archived (Withdrawn)
437754,Emory University - SON Pre-licensure,Emory Decatur Hospital,Nursing,Precepted Rotation,1,1,10381,1/16/24,3/8/24,0:00,23:59,132,"Mon, Tue, Wed, Sat, Sun",ID Missing,3019,Practicum,NRSG 648 MN - Transitions to Nursing Practice,NICU,Archived (Completed)
437756,Emory University - SON Pre-licensure,Emory Decatur Hospital,Nursing,Precepted Rotation,1,1,10612,1/16/24,3/8/24,0:00,23:59,132,"Mon, Tue, Wed, Sat, Sun",2020,ID Missing,Practicum,NRSG 431 - Clinical Practicum IV,NICU,Archived (Completed)
437757,Emory University - SON Pre-licensure,Emory Decatur Hospital,Nursing,Precepted Rotation,1,1,10386,1/16/24,3/8/24,0:00,23:59,132,"Mon, Tue, Wed, Sat, Sun",ID Missing,ID Missing,Practicum,NRSG 431 - Clinical Practicum IV,ICU - 2500,Archived (Completed)
437760,Emory University - SON Pre-licensure,Emory Decatur Hospital,Nursing,Precepted Rotation,0,1,No Students Assigned,1/16/24,3/8/24,0:00,23:59,132,"Mon, Tue, Wed, Sat, Sun",ID Missing,ID Missing,Practicum,NRSG 431 - Clinical Practicum IV,ICU,Archived (Withdrawn)
437763,Emory University - SON Pre-licensure,Emory Decatur Hospital,Nursing,Precepted Rotation,1,1,10368,1/16/24,3/8/24,0:00,23:59,132,"Mon, Tue, Wed, Sat, Sun",ID Missing,ID Missing,Practicum,NRSG 648 MN - Transitions to Nursing Practice,Surgical Oncology - 4200,Archived (Completed)
437768,Emory University - SON Pre-licensure,Emory University Hospital,Nursing,Precepted Rotation,1,1,10614,3/18/24,5/8/24,0:00,23:59,132,"Mon, Tue, Wed, Sat, Sun",2009,ID Missing,Practicum,NRSG 431 - Clinical Practicum IV,8T North: Oncology,Archived (Completed)
437771,Emory University - SON Pre-licensure,Emory University Hospital,Nursing,Precepted Rotation,0,1,No Students Assigned,3/18/24,5/8/24,0:00,23:59,132,"Mon, Tue, Wed, Sat, Sun",ID Missing,ID Missing,Practicum,NRSG 648 MN - Transitions to Nursing Practice,8T South: Hematology/Leukemia,Archived (Completed)
437774,Emory University - SON Pre-licensure,Emory University Hospital,Nursing,Precepted Rotation,1,1,10507,3/18/24,5/8/24,0:00,23:59,132,"Mon, Tue, Wed, Sat, Sun",2009,ID Missing,Practicum,NRSG 431 - Clinical Practicum IV,ED: Emergency,Archived (Completed)
437777,Emory University - SON Pre-licensure,Emory University Hospital,Nursing,Precepted Rotation,1,1,10512,3/18/24,5/8/24,0:00,23:59,132,"Mon, Tue, Wed, Sat, Sun",2009,ID Missing,Practicum,NRSG 431 - Clinical Practicum IV,ED: Emergency,Archived (Completed)
437778,Emory University - SON Pre-licensure,Emory University Hospital,Nursing,Precepted Rotation,1,1,10405,3/18/24,5/8/24,0:00,23:59,132,"Mon, Tue, Wed, Sat, Sun",2008,ID Missing,Practicum,NRSG 431 - Clinical Practicum IV,MICU,Archived (Completed)
437782,Emory University - SON Pre-licensure,Emory University Hospital,Nursing,Precepted Rotation,1,1,10622,3/18/24,5/8/24,0:00,23:59,132,"Mon, Tue, Wed, Sat, Sun",2018,ID Missing,Practicum,NRSG 431 - Clinical Practicum IV,MICU,Archived (Completed)
437785,Emory University - SON Pre-licensure,Emory University Hospital,Nursing,Precepted Rotation,1,1,10366,3/18/24,5/8/24,0:00,23:59,132,"Mon, Tue, Wed, Sat, Sun",2012,ID Missing,Practicum,NRSG 431 - Clinical Practicum IV,9T: Bone Marrow Transplant,Archived (Completed)
437787,Emory University - SON Pre-licensure,Emory University Hospital,Nursing,Precepted Rotation,1,1,11187,3/18/24,5/8/24,0:00,23:59,132,"Mon, Tue, Wed, Sat, Sun",2018,ID Missing,Practicum,NRSG 431 - Clinical Practicum IV,9T: Bone Marrow Transplant,Archived (Completed)
437788,Emory University - SON Pre-licensure,Emory University Hospital Midtown,Nursing,Precepted Rotation,1,1,10415,3/18/24,5/8/24,0:00,23:59,132,"Mon, Tue, Wed, Sat, Sun",2021,ID Missing,Practicum,NRSG 431 - Clinical Practicum IV,Nurseries (DEU): NICU,Archived (Completed)
437789,Emory University - SON Pre-licensure,Emory University Hospital Midtown,Nursing,Precepted Rotation,1,1,10396,3/18/24,5/8/24,0:00,23:59,132,"Mon, Tue, Wed, Sat, Sun",2021,ID Missing,Practicum,NRSG 431 - Clinical Practicum IV,Nurseries (DEU): NICU,Archived (Completed)
437790,Emory University - SON Pre-licensure,Emory University Hospital Midtown,Nursing,Precepted Rotation,0,1,No Students Assigned,3/18/24,5/8/24,0:00,23:59,132,"Mon, Tue, Wed, Sat, Sun",ID Missing,ID Missing,Practicum,NRSG 431 - Clinical Practicum IV,31: ICU,Archived (Withdrawn)
437791,Emory University - SON Pre-licensure,Emory University Hospital Midtown,Nursing,Precepted Rotation,1,1,10406,3/18/24,5/8/24,0:00,23:59,132,"Mon, Tue, Wed, Sat, Sun",2021,ID Missing,Practicum,NRSG 431 - Clinical Practicum IV,31: ICU,Archived (Completed)
437797,Emory University - SON Pre-licensure,Emory University Hospital Midtown,Nursing,Precepted Rotation,1,1,10525,3/18/24,5/8/24,0:00,23:59,132,"Mon, Tue, Wed, Sat, Sun",2020,ID Missing,Practicum,NRSG 431 - Clinical Practicum IV,41 ICU: Med Cardiology,Archived (Completed)
437800,Emory University - SON Pre-licensure,Emory University Hospital Midtown,Nursing,Precepted Rotation,1,1,10501,3/18/24,5/8/24,0:00,23:59,132,"Mon, Tue, Wed, Sat, Sun",2020,ID Missing,Practicum,NRSG 431 - Clinical Practicum IV,41 ICU: Med Cardiology,Archived (Completed)
437802,Emory University - SON Pre-licensure,Emory University Hospital Midtown,Nursing,Precepted Rotation,1,1,10420,3/18/24,5/8/24,0:00,23:59,132,"Mon, Tue, Fri, Sat, Sun",2021,ID Missing,Practicum,NRSG 431 - Clinical Practicum IV,ED: Emergency,Archived (Completed)
437804,Emory University - SON Pre-licensure,Emory University Hospital Midtown,Nursing,Precepted Rotation,1,1,10345,3/18/24,5/8/24,0:00,23:59,132,"Mon, Tue, Fri, Sat, Sun",2020,ID Missing,Practicum,NRSG 431 - Clinical Practicum IV,ED: Emergency,Archived (Completed)
437805,Emory University - SON Pre-licensure,Emory Decatur Hospital,Nursing,Precepted Rotation,1,1,10394,3/18/24,5/8/24,0:00,23:59,132,"Mon, Tue, Wed, Sat, Sun",ID Missing,ID Missing,Practicum,NRSG 431 - Clinical Practicum IV,L&D,Archived (Completed)
437808,Emory University - SON Pre-licensure,Emory Decatur Hospital,Nursing,Precepted Rotation,1,1,10417,3/18/24,5/8/24,0:00,23:59,132,"Mon, Tue, Wed, Sat, Sun",ID Missing,ID Missing,Practicum,NRSG 431 - Clinical Practicum IV,NICU,Archived (Completed)
437810,Emory University - SON Pre-licensure,Emory Decatur Hospital,Nursing,Precepted Rotation,1,1,10392,3/18/24,5/8/24,0:00,23:59,132,"Mon, Tue, Wed, Sat, Sun",ID Missing,ID Missing,Practicum,NRSG 431 - Clinical Practicum IV,NICU,Archived (Completed)
437811,Emory University - SON Pre-licensure,Emory Decatur Hospital,Nursing,Precepted Rotation,1,1,10384,3/18/24,5/8/24,0:00,23:59,132,"Mon, Tue, Wed, Sat, Sun",ID Missing,"3007, ID Missing",Practicum,NRSG 431 - Clinical Practicum IV,ICU - 2500,Archived (Completed)
437814,Emory University - SON Pre-licensure,Emory Decatur Hospital,Nursing,Precepted Rotation,1,1,10411,3/18/24,5/8/24,0:00,23:59,132,"Mon, Tue, Wed, Sat, Sun",ID Missing,"3007, ID Missing",Practicum,NRSG 431 - Clinical Practicum IV,ICU - 2500,Archived (Completed)
438104,Walden University,Emory Long Term Acute Care Hospital,Nursing,Precepted Rotation,0,1,No Students Assigned,2/26/24,5/12/24,0:00,23:59,160,,2030,3027,Other (see comments),6341 - Specialty in Clinical Nursing,-no preference-,Archived (Completed)
438360,Chamberlain College of Nursing - Atlanta,Emory Saint Joseph's Hospital,Nursing,Cohort Rotation,0,8,No Students Assigned,3/8/24,3/29/24,7:00,19:00,48,Fri,ID Missing,No Preceptor Assigned,MedSurg - Acute Care,NR 452 - Capstone Course,3SW GI medicine/bariatrics,Archived (Completed)
438825,Emory University - SON Pre-licensure,Emory University Hospital Midtown,Nursing,Precepted Rotation,1,1,10382,1/16/24,3/8/24,0:00,23:59,132,"Mon, Tue, Wed, Sat, Sun",2021,ID Missing,Practicum,NRSG 648 MN - Transitions to Nursing Practice,11 ICU: CV ICU,Archived (Completed)
438826,Emory University - SON Pre-licensure,Emory University Hospital Midtown,Nursing,Precepted Rotation,1,1,10410,3/18/24,5/8/24,0:00,23:59,132,"Mon, Tue, Wed, Sat, Sun",2021,ID Missing,Practicum,NRSG 648 MN - Transitions to Nursing Practice,11 ICU: CV ICU,Archived (Completed)
438836,Emory University - SON Pre-licensure,"Emory Offsite Locations - The Emory Clinic, Ambulatory Surgery Centers And The Emory Specialty Assocs",Nursing,Precepted Rotation,1,1,10376,1/16/24,3/8/24,0:00,23:59,132,"Mon, Tue, Wed, Sat, Sun",2008,ID Missing,Practicum,NRSG 648 MN - Transitions to Nursing Practice,Other (see comments),Archived (Completed)
438962,South College - Atlanta Campus - Nursing,Emory Hillandale Hospital,Nursing,Precepted Rotation,1,1,11926,1/17/24,3/28/24,0:00,23:59,150,"Mon, Tue, Wed, Fri, Sat, Sun",ID Missing,No Preceptor Assigned,Practicum,NSG 4613 - Adult Health Practicum,5th floor - med surg,Archived (Completed)
439141,Chamberlain College of Nursing - Georgia,Emory University Hospital,Nursing,Precepted Rotation,1,1,10103,1/8/24,2/26/24,0:00,23:59,96,Thu,ID Missing,No Preceptor Assigned,MedSurg - Acute Care,NR 446 - Collaborative Health,CVICU,Archived (Completed)
440060,Emory University - SON Pre-licensure,Emory University Hospital,Nursing,Precepted Rotation,1,1,10618,1/16/24,3/8/24,0:00,23:59,132,"Mon, Tue, Wed, Sat, Sun",2020,"ID Missing, ID Missing",Practicum,NRSG 431 - Clinical Practicum IV,5G/6G: Respiratory ICU,Archived (Completed)
440121,Chamberlain College of Nursing - Georgia,Emory Saint Joseph's Hospital,Nursing,Precepted Rotation,1,1,10873,1/8/24,2/26/24,0:00,23:59,96,,ID Missing,No Preceptor Assigned,MedSurg - Acute Care,NR 446 - Collaborative Health,OR,Archived (Withdrawn)
440122,Chamberlain College of Nursing - Georgia,Emory Saint Joseph's Hospital,Nursing,Precepted Rotation,0,1,No Students Assigned,1/8/24,2/26/24,0:00,23:59,96,,ID Missing,No Preceptor Assigned,MedSurg - Acute Care,NR 446 - Collaborative Health,OR,Archived (Withdrawn)
440462,Chamberlain College of Nursing - Georgia,Emory Johns Creek Hospital,Nursing,Precepted Rotation,0,1,No Students Assigned,1/8/24,2/26/24,0:00,23:59,96,,ID Missing,No Preceptor Assigned,MedSurg - Acute Care,NR 446 - Collaborative Health,ED: emergency,Archived (Denied)
440864,Chamberlain College of Nursing - Georgia,Emory Hillandale Hospital,Nursing,Precepted Rotation,1,1,10875,1/8/24,2/26/24,0:00,23:59,96,,ID Missing,No Preceptor Assigned,MedSurg - Acute Care,NR 446 - Collaborative Health,Emergency Dept,Archived (Completed)
440865,Chamberlain College of Nursing - Georgia,Emory Hillandale Hospital,Nursing,Precepted Rotation,1,1,11927,1/8/24,2/26/24,0:00,23:59,96,,ID Missing,No Preceptor Assigned,MedSurg - Acute Care,NR 446 - Collaborative Health,Emergency Dept,Archived (Completed)
441104,Chamberlain College of Nursing - Atlanta,Emory Hillandale Hospital,Nursing,Precepted Rotation,1,1,10078,3/4/24,3/25/24,0:00,23:59,48,,ID Missing,ID Missing,MedSurg - Acute Care,NR 452 - Senior Practicum - Capstone Course,5th floor - med surg,Archived (Completed)
441106,Chamberlain College of Nursing - Atlanta,Emory University Hospital,Nursing,Precepted Rotation,1,1,10866,3/4/24,3/25/24,0:00,23:59,48,,ID Missing,No Preceptor Assigned,MedSurg - Acute Care,NR 452 - Senior Practicum - Capstone Course,-no preference-,Archived (Completed)
441596,Chamberlain College of Nursing - Atlanta,Emory University Hospital,Nursing,Precepted Rotation,1,1,10103,3/4/24,3/25/24,0:00,23:59,48,,ID Missing,No Preceptor Assigned,MedSurg - Acute Care,NR 452 - Senior Practicum - Capstone Course,CVICU,Archived (Completed)
441600,Chamberlain College of Nursing - Atlanta,Emory Hillandale Hospital,Nursing,Precepted Rotation,1,1,10875,3/4/24,3/25/24,0:00,23:59,48,,ID Missing,No Preceptor Assigned,MedSurg - Acute Care,NR 452 - Senior Practicum - Capstone Course,Emergency Dept,Archived (Completed)
441611,Chamberlain College of Nursing - Georgia,Emory Decatur Hospital,Nursing,Precepted Rotation,1,1,10100,1/8/24,2/26/24,0:00,23:59,48,,ID Missing,No Preceptor Assigned,MedSurg - Acute Care,NR 446 - Senior Practicum - Collaborative Healthcare,Operating Room,Archived (Completed)
441612,Chamberlain College of Nursing - Georgia,Emory Decatur Hospital,Nursing,Precepted Rotation,1,1,10873,1/8/24,2/26/24,0:00,23:59,96,,ID Missing,No Preceptor Assigned,MedSurg - Acute Care,NR 446 - Senior Practicum - Collaborative Healthcare,Operating Room,Archived (Completed)
442410,Chamberlain College of Nursing - Georgia,Emory Decatur Hospital,Nursing,Cohort Rotation,0,6,No Students Assigned,3/4/24,4/8/24,7:00,7:00,48,Mon,ID Missing,No Preceptor Assigned,Psychiatry; Mental Health; Behavioral Medicine,NR 326 - Mental Health Nursing,Behavioral Health,Archived (Denied)
442760,Chamberlain College of Nursing - Georgia,Emory Johns Creek Hospital,Nursing,Cohort Rotation,0,6,No Students Assigned,5/6/24,5/27/24,7:00,19:00,48,Mon,ID Missing,No Preceptor Assigned,Perinatal - OB,NR 327 - Maternal Child,"Maternity: M/B, L&D, NICU",Archived (Denied)
442761,Chamberlain College of Nursing - Georgia,Emory Johns Creek Hospital,Nursing,Cohort Rotation,0,6,No Students Assigned,6/3/24,6/24/24,7:00,19:00,48,Mon,ID Missing,No Preceptor Assigned,Perinatal - OB,NR 327 - Maternal Child,"Maternity: M/B, L&D, NICU",Archived (Denied)
442763,Chamberlain College of Nursing - Georgia,Emory Johns Creek Hospital,Nursing,Cohort Rotation,0,6,No Students Assigned,5/10/24,5/31/24,7:00,19:00,48,Fri,ID Missing,No Preceptor Assigned,Perinatal - OB,NR 327 - Maternal Child,"Maternity: M/B, L&D, NICU",Archived (Denied)
442764,Chamberlain College of Nursing - Georgia,Emory Johns Creek Hospital,Nursing,Cohort Rotation,0,6,No Students Assigned,6/7/24,6/28/24,7:00,19:00,48,Fri,ID Missing,No Preceptor Assigned,Perinatal - OB,NR 327 - Maternal Child,"Maternity: M/B, L&D, NICU",Archived (Denied)
442765,Chamberlain College of Nursing - Georgia,Emory Johns Creek Hospital,Nursing,Cohort Rotation,0,6,No Students Assigned,5/11/24,6/1/24,7:00,19:00,48,Sat,ID Missing,No Preceptor Assigned,Perinatal - OB,NR 327 - Maternal Child,"Maternity: M/B, L&D, NICU",Archived (Denied)
442767,Chamberlain College of Nursing - Georgia,Emory Johns Creek Hospital,Nursing,Cohort Rotation,0,6,No Students Assigned,6/8/24,6/29/24,7:00,19:00,48,Sat,ID Missing,No Preceptor Assigned,Perinatal - OB,NR 327 - Maternal Child,"Maternity: M/B, L&D, NICU",Archived (Denied)
442813,Chamberlain College of Nursing - Georgia,Emory Johns Creek Hospital,Nursing,Cohort Rotation,0,8,No Students Assigned,3/5/24,3/26/24,7:00,19:00,8,Tue,ID Missing,No Preceptor Assigned,MedSurg - Acute Care,NR 452 - Capstone Course,3rd floor: med-surg,Archived (Denied)
442814,Chamberlain College of Nursing - Atlanta,Emory Hillandale Hospital,Nursing,Cohort Rotation,7,8,"11917, 11918, 11919, 11920, 11922, 11921, 11663",3/9/24,3/30/24,7:00,19:00,36,Sat,ID Missing,No Preceptor Assigned,MedSurg - Acute Care,NR 452 - Capstone Course,3rd floor - med surg,Archived (Completed)
442817,Chamberlain College of Nursing - Atlanta,Emory Decatur Hospital,Nursing,Precepted Rotation,1,1,10873,3/4/24,3/25/24,0:00,23:59,48,,ID Missing,No Preceptor Assigned,MedSurg - Acute Care,NR 452 - Senior Practicum - Capstone Course,Operating Room,Archived (Completed)
442818,Chamberlain College of Nursing - Atlanta,Emory Decatur Hospital,Nursing,Precepted Rotation,1,1,10100,3/4/24,3/25/24,0:00,23:59,48,,ID Missing,No Preceptor Assigned,MedSurg - Acute Care,NR 452 - Senior Practicum - Capstone Course,Operating Room,Archived (Completed)
442820,Chamberlain College of Nursing - Atlanta,Emory Hillandale Hospital,Nursing,Precepted Rotation,0,1,No Students Assigned,3/4/24,3/25/24,0:00,23:59,48,,ID Missing,No Preceptor Assigned,MedSurg - Acute Care,NR 452 - Senior Practicum - Capstone Course,Emergency Dept,Archived (Completed)
443208,Chamberlain College of Nursing - Georgia,Emory Saint Joseph's Hospital,Nursing,Cohort Rotation,0,8,No Students Assigned,3/5/24,4/23/24,7:00,15:00,96,Tue,ID Missing,No Preceptor Assigned,MedSurg - Acute Care,NR 325 - Adult Health II,3SW,Archived (Denied)
443224,Chamberlain College of Nursing - Georgia,Emory Decatur Hospital,Nursing,Cohort Rotation,0,6,No Students Assigned,5/6/24,6/10/24,7:00,19:00,48,Mon,ID Missing,No Preceptor Assigned,Psychiatry; Mental Health; Behavioral Medicine,NR 326 - Mental Health Nursing,Behavioral Health,Archived (Denied)
443231,Chamberlain College of Nursing - Georgia,Emory Saint Joseph's Hospital,Nursing,Cohort Rotation,0,8,No Students Assigned,3/5/24,4/23/24,7:00,15:00,96,Tue,ID Missing,No Preceptor Assigned,MedSurg - Acute Care,NR 324 - Adult Health I,5W,Archived (Denied)
443254,Chamberlain College of Nursing - Georgia,Emory Saint Joseph's Hospital,Nursing,Cohort Rotation,0,8,No Students Assigned,3/7/24,4/25/24,7:00,15:00,96,Thu,ID Missing,No Preceptor Assigned,MedSurg - Acute Care,NR 324 - Adult Health I,5W,Archived (Denied)
443261,Chamberlain College of Nursing - Georgia,Emory Saint Joseph's Hospital,Nursing,Cohort Rotation,0,8,No Students Assigned,3/9/24,4/27/24,7:00,15:00,96,Sat,ID Missing,No Preceptor Assigned,MedSurg - Acute Care,NR 324 - Adult Health I,3S,Archived (Denied)
443267,Chamberlain College of Nursing - Atlanta,Emory Saint Joseph's Hospital,Nursing,Cohort Rotation,7,8,"11592, 10915, 11928, 11929, 11930, 11931, 11932",3/5/24,4/23/24,7:00,15:00,96,Tue,ID Missing,No Preceptor Assigned,MedSurg - Acute Care,NR 324 - Adult Health I,4W renal and urology,Archived (Completed)
443332,Chamberlain College of Nursing - Georgia,Emory Saint Joseph's Hospital,Nursing,Cohort Rotation,0,8,No Students Assigned,3/7/24,4/25/24,7:00,15:00,96,Thu,ID Missing,No Preceptor Assigned,MedSurg - Acute Care,NR 324 - Adult Health I,Any Available,Archived (Denied)
443609,Chamberlain College of Nursing - Atlanta,Emory Saint Joseph's Hospital,Nursing,Precepted Rotation,1,1,11923,3/4/24,3/25/24,0:00,23:59,48,,ID Missing,No Preceptor Assigned,MedSurg - Acute Care,NR 452 - Senior Practicum - Capstone Course,5E internal medicine,Archived (Completed)
443643,Chamberlain College of Nursing - Atlanta,Emory Saint Joseph's Hospital,Nursing,Cohort Rotation,8,8,"10113, 10108, 11933, 10051, 11934, 10933, 11935, 11936",5/8/24,6/26/24,7:00,19:00,96,Wed,ID Missing,No Preceptor Assigned,MedSurg - Acute Care,NR 446 - Collaborative Health,6E internal medicine,Archived (Completed)
443647,Chamberlain College of Nursing - Georgia,Emory Hillandale Hospital,Nursing,Cohort Rotation,0,8,No Students Assigned,5/6/24,6/24/24,7:00,19:00,96,Mon,ID Missing,No Preceptor Assigned,MedSurg - Acute Care,NR 446 - Collaborative Health,4th floor - telemetry,Archived (Denied)
443682,Chamberlain College of Nursing - Atlanta,Emory Decatur Hospital,Nursing,Cohort Rotation,6,6,"10122, 10147, 11673, 11671, 11672, 10130",5/9/24,6/27/24,7:00,19:00,96,Thu,ID Missing,No Preceptor Assigned,MedSurg - Acute Care,NR 446 - Collaborative Health,General Medical - 4500,Archived (Completed)
443685,Chamberlain College of Nursing - Atlanta,Emory Saint Joseph's Hospital,Nursing,Cohort Rotation,7,8,"11674, 11676, 11937, 10131, 11938, 11677, 11675",5/10/24,6/28/24,7:00,19:00,96,Fri,ID Missing,No Preceptor Assigned,MedSurg - Acute Care,NR 446 - Collaborative Health,3SW GI medicine/bariatrics,Archived (Completed)
444272,Chamberlain College of Nursing - Atlanta,Emory Saint Joseph's Hospital,Nursing,Cohort Rotation,6,8,"11592, 11928, 11929, 11930, 11931, 11932",5/7/24,6/25/24,7:00,19:00,96,Tue,ID Missing,No Preceptor Assigned,MedSurg - Acute Care,NR 325 - Adult Health II,4W renal and urology,Archived (Completed)
444597,Chamberlain College of Nursing - Atlanta,Emory Saint Joseph's Hospital,Nursing,Precepted Rotation,2,2,"11847, 10860",5/6/24,6/29/24,0:00,23:59,96,"Tue, Wed, Thu, Fri, Sat",ID Missing,No Preceptor Assigned,MedSurg - Acute Care,NR 446 - Collaborative Health,OR,Archived (Completed)
444723,Chamberlain College of Nursing - Georgia,Emory Johns Creek Hospital,Nursing,Cohort Rotation,0,6,No Students Assigned,7/8/24,7/29/24,7:00,19:00,48,Mon,ID Missing,No Preceptor Assigned,Perinatal - OB,NR 327 - Maternal Child,"Maternity: M/B, L&D, NICU",Archived (Denied)
444725,Chamberlain College of Nursing - Georgia,Emory Johns Creek Hospital,Nursing,Cohort Rotation,0,6,No Students Assigned,8/5/24,8/26/24,7:00,19:00,48,Mon,ID Missing,No Preceptor Assigned,Perinatal - OB,NR 327 - Maternal Child,"Maternity: M/B, L&D, NICU",Archived (Denied)
444728,Chamberlain College of Nursing - Georgia,Emory Johns Creek Hospital,Nursing,Cohort Rotation,0,6,No Students Assigned,7/12/24,8/2/24,7:00,19:00,48,Fri,ID Missing,No Preceptor Assigned,Perinatal - OB,NR 327 - Maternal Child,"Maternity: M/B, L&D, NICU",Archived (Denied)
444729,Chamberlain College of Nursing - Georgia,Emory Johns Creek Hospital,Nursing,Cohort Rotation,0,6,No Students Assigned,8/9/24,8/30/24,7:00,19:00,48,Fri,ID Missing,No Preceptor Assigned,Perinatal - OB,NR 327 - Maternal Child,"Maternity: M/B, L&D, NICU",Archived (Denied)
444731,Chamberlain College of Nursing - Georgia,Emory Johns Creek Hospital,Nursing,Cohort Rotation,0,6,No Students Assigned,7/13/24,8/3/24,7:00,19:00,48,Sat,ID Missing,No Preceptor Assigned,Perinatal - OB,NR 327 - Maternal Child,"Maternity: M/B, L&D, NICU",Archived (Denied)
444735,Chamberlain College of Nursing - Georgia,Emory Johns Creek Hospital,Nursing,Cohort Rotation,0,6,No Students Assigned,8/10/24,8/31/24,7:00,19:00,48,Sat,ID Missing,No Preceptor Assigned,Perinatal - OB,NR 327 - Maternal Child,"Maternity: M/B, L&D, NICU",Archived (Denied)
445079,Chamberlain College of Nursing - Georgia,Emory Decatur Hospital,Nursing,Cohort Rotation,0,6,No Students Assigned,7/8/24,8/12/24,7:00,19:00,48,Mon,ID Missing,No Preceptor Assigned,Psychiatry; Mental Health; Behavioral Medicine,NR 326 - Mental Health Nursing,Behavioral Health,Archived (Denied)
445101,Emory University - SON Pre-licensure,"Emory Offsite Locations - The Emory Clinic, Ambulatory Surgery Centers And The Emory Specialty Assocs",Nursing,Precepted Rotation,1,1,10399,1/16/24,3/8/24,0:00,23:59,24,Wed,ID Missing,ID Missing,Ambulatory,NRSG 676 MN - Care Transitions Practicum,Other (see comments),Archived (Completed)
445117,Chamberlain College of Nursing - Georgia,Emory Decatur Hospital,Nursing,Cohort Rotation,0,6,No Students Assigned,3/6/24,4/10/24,7:00,19:00,48,Wed,ID Missing,No Preceptor Assigned,Psychiatry; Mental Health; Behavioral Medicine,NR 326 - Mental Health Nursing,Behavioral Health,Archived (Denied)
445145,Emory University - SON Pre-licensure,"Emory Offsite Locations - The Emory Clinic, Ambulatory Surgery Centers And The Emory Specialty Assocs",Nursing,Precepted Rotation,1,1,10366,1/16/24,3/8/24,0:00,23:59,24,Wed,ID Missing,ID Missing,Ambulatory,NRSG 676 MN - Care Transitions Practicum,Other (see comments),Archived (Completed)
445147,Emory University - SON Pre-licensure,"Emory Offsite Locations - The Emory Clinic, Ambulatory Surgery Centers And The Emory Specialty Assocs",Nursing,Precepted Rotation,1,1,10411,1/16/24,3/8/24,0:00,23:59,24,Wed,ID Missing,ID Missing,Ambulatory,NRSG 676 MN - Care Transitions Practicum,Other (see comments),Archived (Completed)
445148,Emory University - SON Pre-licensure,"Emory Offsite Locations - The Emory Clinic, Ambulatory Surgery Centers And The Emory Specialty Assocs",Nursing,Precepted Rotation,1,1,10420,1/16/24,3/8/24,0:00,23:59,24,Wed,ID Missing,ID Missing,Ambulatory,NRSG 676 MN - Care Transitions Practicum,Other (see comments),Archived (Completed)
445151,Emory University - SON Pre-licensure,"Emory Offsite Locations - The Emory Clinic, Ambulatory Surgery Centers And The Emory Specialty Assocs",Nursing,Precepted Rotation,1,1,10364,1/16/24,3/8/24,0:00,23:59,24,Wed,ID Missing,ID Missing,Ambulatory,NRSG 676 MN - Care Transitions Practicum,Other (see comments),Archived (Completed)
445153,Emory University - SON Pre-licensure,"Emory Offsite Locations - The Emory Clinic, Ambulatory Surgery Centers And The Emory Specialty Assocs",Nursing,Precepted Rotation,1,1,10394,1/9/23,3/8/24,0:00,23:59,24,Wed,ID Missing,ID Missing,Ambulatory,NRSG 676 MN - Care Transitions Practicum,Other (see comments),Archived (Completed)
445162,Emory University - SON Pre-licensure,"Emory Offsite Locations - The Emory Clinic, Ambulatory Surgery Centers And The Emory Specialty Assocs",Nursing,Precepted Rotation,1,1,10409,1/16/24,3/8/24,0:00,23:59,24,Wed,ID Missing,ID Missing,Ambulatory,NRSG 676 MN - Care Transitions Practicum,Other (see comments),Archived (Completed)
445166,Chamberlain College of Nursing - Georgia,Emory Decatur Hospital,Nursing,Cohort Rotation,0,6,No Students Assigned,5/11/24,6/15/24,7:00,19:00,48,Sat,ID Missing,No Preceptor Assigned,Psychiatry; Mental Health; Behavioral Medicine,NR 326 - Mental Health Nursing,Behavioral Health,Archived (Denied)
445167,Emory University - SON Pre-licensure,"Emory Offsite Locations - The Emory Clinic, Ambulatory Surgery Centers And The Emory Specialty Assocs",Nursing,Precepted Rotation,1,1,10417,1/16/24,3/8/24,0:00,23:59,24,Wed,ID Missing,ID Missing,Ambulatory,NRSG 676 MN - Care Transitions Practicum,Other (see comments),Archived (Completed)
445174,Emory University - SON Pre-licensure,"Emory Offsite Locations - The Emory Clinic, Ambulatory Surgery Centers And The Emory Specialty Assocs",Nursing,Precepted Rotation,1,1,10355,1/16/24,3/8/24,0:00,23:59,24,Tue,ID Missing,ID Missing,Ambulatory,NRSG 676 MN - Care Transitions Practicum,Other (see comments),Archived (Completed)
445176,Emory University - SON Pre-licensure,Emory University Hospital,Nursing,Cohort Rotation,0,8,No Students Assigned,8/4/24,8/24/24,7:00,19:00,96,,ID Missing,No Preceptor Assigned,MedSurg - Acute Care,NRSG 356D - Acute and Chronic I Care Clinical Practicum Adult and Geriatric Populations,6G: Medical,Archived (Denied)
445179,Emory University - SON Pre-licensure,"Emory Offsite Locations - The Emory Clinic, Ambulatory Surgery Centers And The Emory Specialty Assocs",Nursing,Precepted Rotation,1,1,10402,1/16/24,3/8/24,0:00,23:59,24,Wed,ID Missing,ID Missing,Ambulatory,NRSG 676 MN - Care Transitions Practicum,Other (see comments),Archived (Completed)
445182,Emory University - SON Pre-licensure,"Emory Offsite Locations - The Emory Clinic, Ambulatory Surgery Centers And The Emory Specialty Assocs",Nursing,Precepted Rotation,1,1,10405,1/16/24,3/8/24,0:00,23:59,24,Wed,ID Missing,ID Missing,Ambulatory,NRSG 676 MN - Care Transitions Practicum,Other (see comments),Archived (Completed)
445185,Emory University - SON Pre-licensure,"Emory Offsite Locations - The Emory Clinic, Ambulatory Surgery Centers And The Emory Specialty Assocs",Nursing,Precepted Rotation,1,1,10396,1/16/24,3/8/24,0:00,23:59,24,Wed,ID Missing,ID Missing,Ambulatory,NRSG 676 MN - Care Transitions Practicum,Other (see comments),Archived (Completed)
445189,Emory University - SON Pre-licensure,"Emory Offsite Locations - The Emory Clinic, Ambulatory Surgery Centers And The Emory Specialty Assocs",Nursing,Precepted Rotation,1,1,10361,1/16/24,3/8/24,0:00,23:59,24,Wed,ID Missing,ID Missing,Ambulatory,NRSG 676 MN - Care Transitions Practicum,Other (see comments),Archived (Completed)
445378,Chamberlain College of Nursing - Georgia,Emory Decatur Hospital,Nursing,Cohort Rotation,0,6,No Students Assigned,9/6/24,10/11/24,7:00,19:00,48,Fri,ID Missing,No Preceptor Assigned,Psychiatry; Mental Health; Behavioral Medicine,NR 326 - Mental Health Nursing,Behavioral Health (acute) - 1800,Archived (Denied)
445379,Chamberlain College of Nursing - Georgia,Emory Decatur Hospital,Nursing,Cohort Rotation,0,6,No Students Assigned,9/6/24,10/11/24,7:00,19:00,48,Fri,ID Missing,No Preceptor Assigned,Psychiatry; Mental Health; Behavioral Medicine,NR 326 - Mental Health Nursing,Behavioral Health  - 2800,Archived (Denied)
445392,Emory University - SON Pre-licensure,"Emory Offsite Locations - The Emory Clinic, Ambulatory Surgery Centers And The Emory Specialty Assocs",Nursing,Precepted Rotation,1,1,10403,1/16/24,3/8/24,0:00,23:59,24,Wed,ID Missing,ID Missing,Ambulatory,NRSG 676 MN - Care Transitions Practicum,Other (see comments),Archived (Completed)
445394,Emory University - SON Pre-licensure,"Emory Offsite Locations - The Emory Clinic, Ambulatory Surgery Centers And The Emory Specialty Assocs",Nursing,Precepted Rotation,1,1,10401,1/16/24,3/8/24,0:00,23:59,24,Wed,ID Missing,ID Missing,Ambulatory,NRSG 676 MN - Care Transitions Practicum,Other (see comments),Archived (Completed)
445397,Emory University - SON Pre-licensure,"Emory Offsite Locations - The Emory Clinic, Ambulatory Surgery Centers And The Emory Specialty Assocs",Nursing,Precepted Rotation,1,1,10400,1/16/24,3/8/24,0:00,23:59,24,Tue,ID Missing,ID Missing,Ambulatory,NRSG 676 MN - Care Transitions Practicum,Other (see comments),Archived (Completed)
445398,Chamberlain College of Nursing - Georgia,Emory Johns Creek Hospital,Nursing,Cohort Rotation,0,6,No Students Assigned,9/2/24,9/23/24,7:00,19:00,48,Mon,ID Missing,No Preceptor Assigned,Perinatal - OB,NR 327 - Maternal Child,"Maternity: M/B, L&D, NICU",Archived (Denied)
445399,Chamberlain College of Nursing - Georgia,Emory Johns Creek Hospital,Nursing,Cohort Rotation,0,6,No Students Assigned,9/30/24,10/21/24,7:00,19:00,48,Mon,ID Missing,No Preceptor Assigned,Perinatal - OB,NR 327 - Maternal Child,"Maternity: M/B, L&D, NICU",Archived (Denied)
445400,Chamberlain College of Nursing - Georgia,Emory Johns Creek Hospital,Nursing,Cohort Rotation,0,6,No Students Assigned,9/6/24,9/27/24,7:00,19:00,48,Fri,ID Missing,No Preceptor Assigned,Perinatal - OB,NR 327 - Maternal Child,"Maternity: M/B, L&D, NICU",Archived (Denied)
445401,Chamberlain College of Nursing - Georgia,Emory Johns Creek Hospital,Nursing,Cohort Rotation,0,6,No Students Assigned,10/4/24,10/25/24,7:00,19:00,48,Fri,ID Missing,No Preceptor Assigned,Perinatal - OB,NR 327 - Maternal Child,"Maternity: M/B, L&D, NICU",Archived (Denied)
445402,Chamberlain College of Nursing - Georgia,Emory Johns Creek Hospital,Nursing,Cohort Rotation,0,6,No Students Assigned,9/7/24,9/28/24,7:00,19:00,48,Sat,ID Missing,No Preceptor Assigned,Perinatal - OB,NR 327 - Maternal Child,"Maternity: M/B, L&D, NICU",Archived (Denied)
445403,Chamberlain College of Nursing - Georgia,Emory Johns Creek Hospital,Nursing,Cohort Rotation,0,6,No Students Assigned,10/5/24,10/26/24,7:00,19:00,48,Sat,ID Missing,No Preceptor Assigned,Perinatal - OB,NR 327 - Maternal Child,"Maternity: M/B, L&D, NICU",Archived (Denied)
445406,Emory University - SON Pre-licensure,"Emory Offsite Locations - The Emory Clinic, Ambulatory Surgery Centers And The Emory Specialty Assocs",Nursing,Precepted Rotation,1,1,10377,1/16/24,3/8/24,0:00,23:59,24,Tue,ID Missing,ID Missing,Ambulatory,NRSG 676 MN - Care Transitions Practicum,Other (see comments),Archived (Completed)
445408,Emory University - SON Pre-licensure,"Emory Offsite Locations - The Emory Clinic, Ambulatory Surgery Centers And The Emory Specialty Assocs",Nursing,Precepted Rotation,1,1,10404,1/16/24,3/8/24,0:00,23:59,24,Tue,ID Missing,ID Missing,Ambulatory,NRSG 676 MN - Care Transitions Practicum,Other (see comments),Archived (Completed)
445409,Emory University - SON Pre-licensure,"Emory Offsite Locations - The Emory Clinic, Ambulatory Surgery Centers And The Emory Specialty Assocs",Nursing,Precepted Rotation,1,1,10398,1/16/24,3/8/24,0:00,23:59,24,Tue,ID Missing,ID Missing,Ambulatory,NRSG 676 MN - Care Transitions Practicum,Other (see comments),Archived (Completed)
445412,Emory University - SON Pre-licensure,"Emory Offsite Locations - The Emory Clinic, Ambulatory Surgery Centers And The Emory Specialty Assocs",Nursing,Precepted Rotation,1,1,10358,1/16/24,3/8/24,0:00,23:59,24,Tue,ID Missing,ID Missing,Ambulatory,NRSG 676 MN - Care Transitions Practicum,Other (see comments),Archived (Completed)
445416,Emory University - SON Pre-licensure,"Emory Offsite Locations - The Emory Clinic, Ambulatory Surgery Centers And The Emory Specialty Assocs",Nursing,Precepted Rotation,1,1,10374,1/16/24,3/8/24,0:00,23:59,24,Tue,ID Missing,ID Missing,Ambulatory,NRSG 676 MN - Care Transitions Practicum,Other (see comments),Archived (Completed)
445422,Emory University - SON Pre-licensure,"Emory Offsite Locations - The Emory Clinic, Ambulatory Surgery Centers And The Emory Specialty Assocs",Nursing,Precepted Rotation,1,1,10419,1/16/24,3/8/24,0:00,23:59,24,Tue,ID Missing,ID Missing,Ambulatory,NRSG 676 MN - Care Transitions Practicum,Other (see comments),Archived (Completed)
445427,Emory University - SON Pre-licensure,"Emory Offsite Locations - The Emory Clinic, Ambulatory Surgery Centers And The Emory Specialty Assocs",Nursing,Precepted Rotation,1,1,10353,1/16/24,3/8/24,0:00,23:59,24,Wed,ID Missing,ID Missing,Ambulatory,NRSG 676 MN - Care Transitions Practicum,Other (see comments),Archived (Completed)
445431,Emory University - SON Pre-licensure,"Emory Offsite Locations - The Emory Clinic, Ambulatory Surgery Centers And The Emory Specialty Assocs",Nursing,Precepted Rotation,1,1,10406,1/16/24,3/8/24,0:00,23:59,24,Wed,ID Missing,ID Missing,Ambulatory,NRSG 676 MN - Care Transitions Practicum,Other (see comments),Archived (Completed)
445434,Emory University - SON Pre-licensure,"Emory Offsite Locations - The Emory Clinic, Ambulatory Surgery Centers And The Emory Specialty Assocs",Nursing,Precepted Rotation,1,1,10387,1/16/24,3/8/24,0:00,23:59,24,Wed,ID Missing,ID Missing,Ambulatory,NRSG 676 MN - Care Transitions Practicum,Other (see comments),Archived (Completed)
445436,Emory University - SON Pre-licensure,"Emory Offsite Locations - The Emory Clinic, Ambulatory Surgery Centers And The Emory Specialty Assocs",Nursing,Precepted Rotation,1,1,10392,1/16/24,3/8/24,0:00,23:59,24,Wed,ID Missing,ID Missing,Ambulatory,NRSG 676 MN - Care Transitions Practicum,Other (see comments),Archived (Completed)
445438,Emory University - SON Pre-licensure,"Emory Offsite Locations - The Emory Clinic, Ambulatory Surgery Centers And The Emory Specialty Assocs",Nursing,Precepted Rotation,1,1,10415,1/16/24,3/8/24,0:00,23:59,24,Wed,ID Missing,ID Missing,Ambulatory,NRSG 676 MN - Care Transitions Practicum,Other (see comments),Archived (Completed)
445440,Emory University - SON Pre-licensure,"Emory Offsite Locations - The Emory Clinic, Ambulatory Surgery Centers And The Emory Specialty Assocs",Nursing,Precepted Rotation,1,1,10367,1/16/24,3/8/24,0:00,23:59,24,Wed,ID Missing,ID Missing,Ambulatory,NRSG 676 MN - Care Transitions Practicum,Other (see comments),Archived (Completed)
445444,Emory University - SON Pre-licensure,"Emory Offsite Locations - The Emory Clinic, Ambulatory Surgery Centers And The Emory Specialty Assocs",Nursing,Precepted Rotation,1,1,10356,1/16/24,3/8/24,0:00,23:59,24,Wed,ID Missing,ID Missing,Ambulatory,NRSG 676 MN - Care Transitions Practicum,Other (see comments),Archived (Completed)
445447,Emory University - SON Pre-licensure,"Emory Offsite Locations - The Emory Clinic, Ambulatory Surgery Centers And The Emory Specialty Assocs",Nursing,Precepted Rotation,1,1,10379,1/16/24,3/8/24,0:00,23:59,24,Wed,ID Missing,ID Missing,Ambulatory,NRSG 676 MN - Care Transitions Practicum,Other (see comments),Archived (Completed)
445452,Emory University - SON Pre-licensure,"Emory Offsite Locations - The Emory Clinic, Ambulatory Surgery Centers And The Emory Specialty Assocs",Nursing,Precepted Rotation,1,1,10368,1/16/24,3/8/24,0:00,23:59,24,Wed,ID Missing,ID Missing,Ambulatory,NRSG 676 MN - Care Transitions Practicum,Other (see comments),Archived (Completed)
445453,Emory University - SON Pre-licensure,"Emory Offsite Locations - The Emory Clinic, Ambulatory Surgery Centers And The Emory Specialty Assocs",Nursing,Precepted Rotation,1,1,10384,1/16/24,3/8/24,0:00,23:59,24,Wed,ID Missing,ID Missing,Ambulatory,NRSG 676 MN - Care Transitions Practicum,Other (see comments),Archived (Completed)
445595,Emory University - SON Pre-licensure,"Emory Offsite Locations - The Emory Clinic, Ambulatory Surgery Centers And The Emory Specialty Assocs",Nursing,Precepted Rotation,1,1,10514,1/16/24,3/8/24,0:00,23:59,24,Tue,ID Missing,ID Missing,Ambulatory,NRSG 432 - Ambulatory Care,Other (see comments),Archived (Completed)
445596,Emory University - SON Pre-licensure,"Emory Offsite Locations - The Emory Clinic, Ambulatory Surgery Centers And The Emory Specialty Assocs",Nursing,Precepted Rotation,1,1,11187,1/16/24,3/8/24,0:00,23:59,24,Tue,ID Missing,ID Missing,Ambulatory,NRSG 432 - Ambulatory Care,Other (see comments),Archived (Completed)
445597,Emory University - SON Pre-licensure,"Emory Offsite Locations - The Emory Clinic, Ambulatory Surgery Centers And The Emory Specialty Assocs",Nursing,Precepted Rotation,1,1,10616,1/16/24,3/8/24,0:00,23:59,24,Tue,ID Missing,ID Missing,Ambulatory,NRSG 432 - Ambulatory Care,Other (see comments),Archived (Completed)
445598,Emory University - SON Pre-licensure,"Emory Offsite Locations - The Emory Clinic, Ambulatory Surgery Centers And The Emory Specialty Assocs",Nursing,Precepted Rotation,1,1,10531,1/16/24,3/8/24,0:00,23:59,24,Tue,ID Missing,ID Missing,Ambulatory,NRSG 432 - Ambulatory Care,Other (see comments),Archived (Completed)
445599,Emory University - SON Pre-licensure,"Emory Offsite Locations - The Emory Clinic, Ambulatory Surgery Centers And The Emory Specialty Assocs",Nursing,Precepted Rotation,0,1,No Students Assigned,1/16/24,3/8/24,0:00,23:59,24,Tue,ID Missing,ID Missing,Ambulatory,NRSG 432 - Ambulatory Care,Other (see comments),Archived (Completed)
445600,Emory University - SON Pre-licensure,"Emory Offsite Locations - The Emory Clinic, Ambulatory Surgery Centers And The Emory Specialty Assocs",Nursing,Precepted Rotation,1,1,10508,1/16/24,3/8/24,0:00,23:59,24,Tue,ID Missing,ID Missing,Ambulatory,NRSG 432 - Ambulatory Care,Other (see comments),Archived (Completed)
445601,Emory University - SON Pre-licensure,"Emory Offsite Locations - The Emory Clinic, Ambulatory Surgery Centers And The Emory Specialty Assocs",Nursing,Precepted Rotation,0,1,No Students Assigned,1/16/24,3/8/24,0:00,23:59,24,Tue,ID Missing,ID Missing,Ambulatory,NRSG 432 - Ambulatory Care,Other (see comments),Archived (Completed)
445602,Emory University - SON Pre-licensure,"Emory Offsite Locations - The Emory Clinic, Ambulatory Surgery Centers And The Emory Specialty Assocs",Nursing,Precepted Rotation,1,1,10345,1/16/24,3/8/24,0:00,23:59,24,Tue,ID Missing,ID Missing,Ambulatory,NRSG 432 - Ambulatory Care,Other (see comments),Archived (Completed)
445603,Emory University - SON Pre-licensure,"Emory Offsite Locations - The Emory Clinic, Ambulatory Surgery Centers And The Emory Specialty Assocs",Nursing,Precepted Rotation,1,1,10607,1/16/24,3/8/24,0:00,23:59,24,Tue,ID Missing,ID Missing,Ambulatory,NRSG 432 - Ambulatory Care,Other (see comments),Archived (Completed)
445604,Emory University - SON Pre-licensure,"Emory Offsite Locations - The Emory Clinic, Ambulatory Surgery Centers And The Emory Specialty Assocs",Nursing,Precepted Rotation,0,1,No Students Assigned,1/16/24,3/8/24,0:00,23:59,24,Tue,ID Missing,ID Missing,Ambulatory,NRSG 432 - Ambulatory Care,Other (see comments),Archived (Completed)
445698,Emory University - SON Pre-licensure,"Emory Offsite Locations - The Emory Clinic, Ambulatory Surgery Centers And The Emory Specialty Assocs",Nursing,Precepted Rotation,1,1,10501,1/16/24,3/8/24,0:00,23:59,24,Tue,ID Missing,ID Missing,Ambulatory,NRSG 432 - Ambulatory Care,Other (see comments),Archived (Completed)
445700,Emory University - SON Pre-licensure,"Emory Offsite Locations - The Emory Clinic, Ambulatory Surgery Centers And The Emory Specialty Assocs",Nursing,Precepted Rotation,1,1,10516,1/16/24,3/8/24,0:00,23:59,24,Tue,ID Missing,ID Missing,Ambulatory,NRSG 432 - Ambulatory Care,Other (see comments),Archived (Completed)
445701,Emory University - SON Pre-licensure,"Emory Offsite Locations - The Emory Clinic, Ambulatory Surgery Centers And The Emory Specialty Assocs",Nursing,Precepted Rotation,1,1,10528,1/16/24,3/8/24,0:00,23:59,24,Tue,ID Missing,ID Missing,Ambulatory,NRSG 432 - Ambulatory Care,Other (see comments),Archived (Completed)
445704,Emory University - SON Pre-licensure,"Emory Offsite Locations - The Emory Clinic, Ambulatory Surgery Centers And The Emory Specialty Assocs",Nursing,Precepted Rotation,1,1,10609,1/16/24,3/8/24,0:00,23:59,24,Tue,ID Missing,ID Missing,Ambulatory,NRSG 432 - Ambulatory Care,Other (see comments),Archived (Completed)
445714,Emory University - SON Pre-licensure,"Emory Offsite Locations - The Emory Clinic, Ambulatory Surgery Centers And The Emory Specialty Assocs",Nursing,Precepted Rotation,1,1,10525,1/16/24,3/8/24,0:00,23:59,24,Tue,ID Missing,ID Missing,Ambulatory,NRSG 432 - Ambulatory Care,Other (see comments),Archived (Completed)
445717,Emory University - SON Pre-licensure,"Emory Offsite Locations - The Emory Clinic, Ambulatory Surgery Centers And The Emory Specialty Assocs",Nursing,Precepted Rotation,1,1,10496,1/16/24,3/8/24,0:00,23:59,24,Tue,ID Missing,ID Missing,Ambulatory,NRSG 432 - Ambulatory Care,Other (see comments),Archived (Completed)
445718,Emory University - SON Pre-licensure,"Emory Offsite Locations - The Emory Clinic, Ambulatory Surgery Centers And The Emory Specialty Assocs",Nursing,Precepted Rotation,1,1,10507,1/16/24,3/8/24,0:00,23:59,24,Tue,ID Missing,ID Missing,Ambulatory,NRSG 432 - Ambulatory Care,Other (see comments),Archived (Completed)
445719,Emory University - SON Pre-licensure,"Emory Offsite Locations - The Emory Clinic, Ambulatory Surgery Centers And The Emory Specialty Assocs",Nursing,Precepted Rotation,1,1,10513,1/16/24,3/8/24,0:00,23:59,24,Tue,ID Missing,ID Missing,Ambulatory,NRSG 432 - Ambulatory Care,Other (see comments),Archived (Completed)
445721,Emory University - SON Pre-licensure,"Emory Offsite Locations - The Emory Clinic, Ambulatory Surgery Centers And The Emory Specialty Assocs",Nursing,Precepted Rotation,1,1,10522,1/16/24,3/8/24,0:00,23:59,24,Tue,ID Missing,ID Missing,Ambulatory,NRSG 432 - Ambulatory Care,Other (see comments),Archived (Completed)
445728,Emory University - SON Pre-licensure,"Emory Offsite Locations - The Emory Clinic, Ambulatory Surgery Centers And The Emory Specialty Assocs",Nursing,Precepted Rotation,1,1,10509,1/16/24,3/8/24,0:00,23:59,24,Tue,ID Missing,ID Missing,Ambulatory,NRSG 432 - Ambulatory Care,Other (see comments),Archived (Completed)
445783,Chamberlain College of Nursing - Atlanta,Emory Decatur Hospital,Nursing,Cohort Rotation,6,6,"11939, 11940, 10889, 10937, 11941, 10936",9/4/24,9/25/24,7:00,19:00,48,Wed,ID Missing,No Preceptor Assigned,Critical/Intensive Care,NR341 - Complex Adult Health,ICU - 2500,Archived (Completed)
445784,Chamberlain College of Nursing - Atlanta,Emory Decatur Hospital,Nursing,Cohort Rotation,6,6,"11690, 11942, 11943, 11944, 10940, 11945",10/2/24,10/23/24,7:00,19:00,48,Wed,ID Missing,No Preceptor Assigned,Critical/Intensive Care,NR341 - Complex Adult Health,ICU - 2500,Archived (Completed)
446350,Emory University - SON Pre-licensure,Emory University Hospital,Nursing,Precepted Rotation,1,1,10504,1/16/24,3/8/24,0:00,23:59,132,"Mon, Tue, Wed, Sat, Sun",2009,"ID Missing, ID Missing",Practicum,NRSG 431 - Clinical Practicum IV,6T: Transplant,Archived (Completed)
446834,Chamberlain College of Nursing - Atlanta,Emory Saint Joseph's Hospital,Nursing,Cohort Rotation,8,8,"10113, 10132, 11946, 11933, 10051, 11934, 11935, 10871",7/10/24,7/31/24,7:00,19:00,48,Wed,ID Missing,No Preceptor Assigned,MedSurg - Acute Care,NR 452 - Capstone Course,6E internal medicine,Archived (Completed)
446835,Chamberlain College of Nursing - Atlanta,Emory Saint Joseph's Hospital,Nursing,Cohort Rotation,8,8,"10122, 10130, 11847, 11947, 11937, 10924, 10131, 11948",7/12/24,8/2/24,7:00,19:00,48,Fri,ID Missing,No Preceptor Assigned,MedSurg - Acute Care,NR 452 - Capstone Course,3SW GI medicine/bariatrics,Archived (Completed)
446836,Chamberlain College of Nursing - Georgia,Emory Johns Creek Hospital,Nursing,Cohort Rotation,0,8,No Students Assigned,7/13/24,8/3/24,7:00,19:00,48,Sat,ID Missing,No Preceptor Assigned,MedSurg - Acute Care,NR 452 - Capstone Course,3rd floor: med-surg,Archived (Denied)
446837,Chamberlain College of Nursing - Atlanta,Emory Johns Creek Hospital,Nursing,Cohort Rotation,8,8,"11733, 11730, 10053, 11936, 10108, 10933, 11949, 11950",7/9/24,8/6/24,7:00,19:00,48,Tue,ID Missing,No Preceptor Assigned,MedSurg - Acute Care,NR 452 - Capstone Course,3rd floor: med-surg,Archived (Completed)
446839,Chamberlain College of Nursing - Georgia,Emory Saint Joseph's Hospital,Nursing,Cohort Rotation,0,8,No Students Assigned,7/12/24,8/2/24,7:00,19:00,48,Fri,ID Missing,No Preceptor Assigned,MedSurg - Acute Care,NR 452 - Capstone Course,3SW,Archived (Denied)
446840,Chamberlain College of Nursing - Georgia,Emory Hillandale Hospital,Nursing,Cohort Rotation,0,8,No Students Assigned,7/11/24,8/1/24,7:00,19:00,48,Thu,ID Missing,No Preceptor Assigned,MedSurg - Acute Care,NR 452 - Capstone Course,3rd floor - med surg,Archived (Denied)
446914,Chamberlain College of Nursing - Atlanta,Emory Decatur Hospital,Nursing,Cohort Rotation,6,6,"10908, 11951, 10897, 10912, 10913, 11913",3/8/24,3/29/24,7:00,19:00,48,Fri,ID Missing,No Preceptor Assigned,Critical/Intensive Care,NR341 - Complex Adult Health,ICU - 2500,Archived (Completed)
446916,Chamberlain College of Nursing - Atlanta,Emory Decatur Hospital,Nursing,Cohort Rotation,6,6,"10902, 11952, 10907, 11953, 11954, 11955",4/5/24,4/26/24,7:00,19:00,48,Fri,ID Missing,No Preceptor Assigned,Critical/Intensive Care,NR341 - Complex Adult Health,ICU - 2500,Archived (Completed)
447835,South College - Atlanta Campus - Nursing,Emory University Hospital at Wesley Woods,Nursing,Cohort Rotation,0,6,No Students Assigned,7/12/24,8/9/24,7:00,19:00,60,Fri,ID Missing,No Preceptor Assigned,Psychiatry; Mental Health; Behavioral Medicine,NGS3233 - Mental Health Nursing,Inpatient Psych,Archived (Denied)
447836,South College - Atlanta Campus - Nursing,Emory University Hospital at Wesley Woods,Nursing,Cohort Rotation,0,6,No Students Assigned,8/16/24,9/13/24,7:00,19:00,60,Fri,ID Missing,No Preceptor Assigned,Psychiatry; Mental Health; Behavioral Medicine,NGS3233 - Mental Health Nursing,Inpatient Psych,Archived (Denied)
447837,South College - Atlanta Campus - Nursing,Emory University Hospital at Wesley Woods,Nursing,Cohort Rotation,0,6,No Students Assigned,7/13/24,8/10/24,7:00,19:00,60,Sat,ID Missing,No Preceptor Assigned,Psychiatry; Mental Health; Behavioral Medicine,NGS3233 - Mental Health Nursing,Inpatient Psych,Archived (Denied)
447838,South College - Atlanta Campus - Nursing,Emory University Hospital at Wesley Woods,Nursing,Cohort Rotation,0,6,No Students Assigned,8/17/24,9/14/24,7:00,19:00,60,Sat,ID Missing,No Preceptor Assigned,Psychiatry; Mental Health; Behavioral Medicine,NGS3233 - Mental Health Nursing,Inpatient Psych,Archived (Denied)
447839,South College - Atlanta Campus - Nursing,Emory University Hospital at Wesley Woods,Nursing,Cohort Rotation,0,6,No Students Assigned,7/14/24,8/11/24,7:00,19:00,60,Sun,ID Missing,No Preceptor Assigned,Psychiatry; Mental Health; Behavioral Medicine,NGS3233 - Mental Health Nursing,Inpatient Psych,Archived (Denied)
447840,South College - Atlanta Campus - Nursing,Emory University Hospital at Wesley Woods,Nursing,Cohort Rotation,0,6,No Students Assigned,8/18/24,9/15/24,7:00,19:00,60,Sun,ID Missing,No Preceptor Assigned,Psychiatry; Mental Health; Behavioral Medicine,NGS3233 - Mental Health Nursing,Inpatient Psych,Archived (Denied)
447962,South College - Atlanta Campus - Nursing,Emory Saint Joseph's Hospital,Nursing,Cohort Rotation,0,6,No Students Assigned,4/8/24,5/6/24,7:00,19:00,60,Mon,ID Missing,No Preceptor Assigned,MedSurg - Acute Care,NSG 4513 - ADULT HEALTH NURSING III,4S,Archived (Denied)
447963,South College - Atlanta Campus - Nursing,Emory Saint Joseph's Hospital,Nursing,Cohort Rotation,0,6,No Students Assigned,5/13/24,6/10/24,7:00,19:00,60,Mon,ID Missing,No Preceptor Assigned,MedSurg - Acute Care,NSG 4513 - ADULT HEALTH NURSING III,4S,Archived (Denied)
447964,South College - Atlanta Campus - Nursing,Emory Saint Joseph's Hospital,Nursing,Cohort Rotation,0,6,No Students Assigned,4/9/24,5/7/24,7:00,19:00,60,Tue,ID Missing,No Preceptor Assigned,MedSurg - Acute Care,NSG 3313 - Adult Health Nursing I,2W,Archived (Denied)
447965,South College - Atlanta Campus - Nursing,Emory Saint Joseph's Hospital,Nursing,Cohort Rotation,0,6,No Students Assigned,5/14/24,6/11/24,7:00,19:00,60,Tue,ID Missing,No Preceptor Assigned,MedSurg - Acute Care,NSG 3313 - Adult Health Nursing I,2W,Archived (Denied)
447966,South College - Atlanta Campus - Nursing,Emory Saint Joseph's Hospital,Nursing,Cohort Rotation,0,6,No Students Assigned,4/10/24,5/8/24,7:00,19:00,60,Wed,ID Missing,No Preceptor Assigned,MedSurg - Acute Care,NSG 2610 - Adult Health Nursing II,5E,Archived (Denied)
447967,South College - Atlanta Campus - Nursing,Emory Saint Joseph's Hospital,Nursing,Cohort Rotation,0,6,No Students Assigned,5/15/24,6/12/24,7:00,19:00,60,Wed,ID Missing,No Preceptor Assigned,MedSurg - Acute Care,NSG 2610 - Adult Health Nursing II,5E,Archived (Denied)
447968,South College - Atlanta Campus - Nursing,Emory Saint Joseph's Hospital,Nursing,Cohort Rotation,0,6,No Students Assigned,4/11/24,5/9/24,7:00,19:00,60,Thu,ID Missing,No Preceptor Assigned,MedSurg - Acute Care,NSG 2610 - Adult Health Nursing II,2W,Archived (Denied)
447969,South College - Atlanta Campus - Nursing,Emory Saint Joseph's Hospital,Nursing,Cohort Rotation,0,6,No Students Assigned,5/16/24,6/13/24,7:00,19:00,60,Thu,ID Missing,No Preceptor Assigned,MedSurg - Acute Care,NSG 2610 - Adult Health Nursing II,2W,Archived (Denied)
447970,South College - Atlanta Campus - Nursing,Emory Saint Joseph's Hospital,Nursing,Cohort Rotation,0,6,No Students Assigned,4/5/24,5/3/24,7:00,19:00,60,Fri,ID Missing,No Preceptor Assigned,MedSurg - Acute Care,NSG 4413 - Adult Health II,3E,Archived (Denied)
447971,South College - Atlanta Campus - Nursing,Emory Saint Joseph's Hospital,Nursing,Cohort Rotation,5,6,"11956, 11957, 11958, 11959, 11960",7/12/24,8/9/24,7:00,19:00,60,Fri,ID Missing,No Preceptor Assigned,MedSurg - Acute Care,NSG 4413 - Adult Health II,3E heart failure,Archived (Completed)
447972,South College - Atlanta Campus - Nursing,Emory Saint Joseph's Hospital,Nursing,Cohort Rotation,0,6,No Students Assigned,4/6/24,5/4/24,7:00,19:00,60,Sat,ID Missing,No Preceptor Assigned,MedSurg - Acute Care,NSG 3313 - Adult Health Nursing I,5W,Archived (Denied)
447974,South College - Atlanta Campus - Nursing,Emory Saint Joseph's Hospital,Nursing,Cohort Rotation,0,6,No Students Assigned,5/11/24,6/8/24,7:00,19:00,60,Sat,ID Missing,No Preceptor Assigned,MedSurg - Acute Care,NSG 3313 - Adult Health Nursing I,5W,Archived (Denied)
447975,South College - Atlanta Campus - Nursing,Emory Saint Joseph's Hospital,Nursing,Cohort Rotation,0,6,No Students Assigned,4/7/24,5/5/24,7:00,19:00,60,Sun,ID Missing,No Preceptor Assigned,MedSurg - Acute Care,NSG 4413 - Adult Health II,3E,Archived (Denied)
447976,South College - Atlanta Campus - Nursing,Emory Saint Joseph's Hospital,Nursing,Cohort Rotation,0,6,No Students Assigned,5/12/24,6/9/24,7:00,19:00,60,Sun,ID Missing,No Preceptor Assigned,MedSurg - Acute Care,NSG 4413 - Adult Health II,3E,Archived (Denied)
447977,South College - Atlanta Campus - Nursing,Emory Saint Joseph's Hospital,Nursing,Cohort Rotation,0,6,No Students Assigned,7/5/24,8/2/24,7:00,19:00,60,Fri,ID Missing,No Preceptor Assigned,MedSurg - Acute Care,NSG 4513 - ADULT HEALTH NURSING III,4S,Archived (Denied)
447978,South College - Atlanta Campus - Nursing,Emory Saint Joseph's Hospital,Nursing,Cohort Rotation,0,6,No Students Assigned,8/9/24,9/13/24,7:00,19:00,60,Fri,ID Missing,No Preceptor Assigned,MedSurg - Acute Care,NSG 4513 - ADULT HEALTH NURSING III,4S,Archived (Denied)
447979,South College - Atlanta Campus - Nursing,Emory Saint Joseph's Hospital,Nursing,Cohort Rotation,0,6,No Students Assigned,7/6/24,8/3/24,7:00,19:00,60,Sat,ID Missing,No Preceptor Assigned,MedSurg - Acute Care,NSG 3313 - Adult Health Nursing I,6W,Archived (Denied)
447980,South College - Atlanta Campus - Nursing,Emory Saint Joseph's Hospital,Nursing,Cohort Rotation,0,6,No Students Assigned,8/10/24,9/14/24,7:00,19:00,60,Sat,ID Missing,No Preceptor Assigned,MedSurg - Acute Care,NSG 3313 - Adult Health Nursing I,6W,Archived (Denied)
447986,Hope College of Arts & Sciences,Emory University Hospital Midtown,Nursing,Precepted Rotation,1,1,11801,1/1/24,4/30/24,0:00,23:59,120,,ID Missing,3024,MedSurg - Acute Care,HCAS-NUR 4220C - Advanced Medical Surgical Nursing,22: Med/Surg,Archived (Denied)
448147,Emory University - SON Pre-licensure,Emory Johns Creek Hospital,Nursing,Precepted Rotation,1,1,10517,3/18/24,5/8/24,0:00,23:59,132,"Mon, Tue, Fri, Sat, Sun",2018,ID Missing,Practicum,NRSG 431 - Clinical Practicum IV,"Maternity: M/B, L&D, NICU",Archived (Completed)
449688,Emory University - SON Pre-licensure,Emory Decatur Hospital,Nursing,Cohort Rotation,3,6,"10393, 11090, 10998",3/30/24,5/11/24,7:00,19:00,60,Sat,ID Missing,No Preceptor Assigned,Perinatal - OB,NRSG 392 - Maternity Practicum,Mother/Baby,Archived (Completed)
449767,Chamberlain College of Nursing - Atlanta,Emory Saint Joseph's Hospital,Nursing,Cohort Rotation,6,8,"11961, 11962, 11963, 11964, 11965, 11966",7/9/24,8/27/24,7:00,19:00,96,Tue,ID Missing,No Preceptor Assigned,MedSurg - Acute Care,NR 324 - Adult Health I,3SW GI medicine/bariatrics,Archived (Completed)
449770,Chamberlain College of Nursing - Atlanta,Emory Saint Joseph's Hospital,Nursing,Cohort Rotation,8,8,"11967, 11968, 11969, 11970, 11971, 11972, 11973, 11974",7/9/24,8/27/24,7:00,19:00,96,Tue,ID Missing,No Preceptor Assigned,MedSurg - Acute Care,NR 324 - Adult Health I,5W internal medicine,Archived (Completed)
449829,Chamberlain College of Nursing - Atlanta,Emory Saint Joseph's Hospital,Nursing,Cohort Rotation,7,8,"11975, 11976, 11977, 11978, 11607, 11979, 11980",7/11/24,8/29/24,7:00,19:00,96,Thu,ID Missing,No Preceptor Assigned,MedSurg - Acute Care,NR 324 - Adult Health I,5W internal medicine,Archived (Completed)
449860,Chamberlain College of Nursing - Atlanta,Emory Saint Joseph's Hospital,Nursing,Cohort Rotation,6,8,"11981, 11982, 11983, 11984, 11985, 11986",7/13/24,8/31/24,7:00,19:00,96,Sat,ID Missing,No Preceptor Assigned,MedSurg - Acute Care,NR 324/ NR 325 - Med/Surg I & II,3S GI surgery,Archived (Completed)
449866,Chamberlain College of Nursing - Atlanta,Emory Saint Joseph's Hospital,Nursing,Cohort Rotation,8,8,"11987, 11988, 11989, 11990, 11991, 11992, 11993, 11994",7/9/24,8/27/24,7:00,19:00,96,Tue,ID Missing,No Preceptor Assigned,MedSurg - Acute Care,NR 324 - Adult Health I,4W renal and urology,Archived (Completed)
449870,Chamberlain College of Nursing - Atlanta,Emory University Hospital Midtown,Nursing,Cohort Rotation,8,8,"11995, 11996, 11997, 11998, 11999, 12000, 12001, 11608",7/11/24,8/29/24,7:00,19:00,96,Thu,ID Missing,No Preceptor Assigned,MedSurg - Acute Care,NR 324 - Adult Health I,22: Med/Surg,Archived (Completed)
450463,Georgia Baptist College of Nursing of Mercer University - Undergraduate Nursing - Atlanta,Emory University Hospital Midtown,Nursing,Cohort Rotation,5,8,"12002, 12003, 12004, 12005, 12006",8/30/24,9/20/24,7:00,19:00,40,Fri,ID Missing,No Preceptor Assigned,Perinatal - OB,NUR 407 - Care of the Childbearing Family,42/54: Mother/Baby,Archived (Completed)
450464,Georgia Baptist College of Nursing of Mercer University - Undergraduate Nursing - Atlanta,Emory University Hospital Midtown,Nursing,Cohort Rotation,5,8,"12007, 12008, 12009, 12010, 12011",9/27/24,10/18/24,7:00,19:00,40,Fri,ID Missing,No Preceptor Assigned,Perinatal - OB,NUR 407 - Care of the Childbearing Family,42/54: Mother/Baby,Archived (Completed)
450624,Emory University - SON Pre-licensure,Emory Saint Joseph's Hospital,Nursing,Precepted Rotation,1,1,10364,3/18/24,5/8/24,0:00,23:59,132,"Mon, Tue, Wed, Sat, Sun",2008,"ID Missing, ID Missing",Practicum,NRSG 648 MN - Transitions to Nursing Practice,ED,Archived (Completed)
450735,Chamberlain College of Nursing - Atlanta,Emory Saint Joseph's Hospital,Nursing,Cohort Rotation,8,8,"11995, 11998, 12000, 12001, 12012, 11996, 12013, 11997",5/9/24,6/13/24,7:00,15:00,48,Thu,ID Missing,No Preceptor Assigned,Fundamentals,NR 226 - Fundamentals - Patient Care,4W renal and urology,Archived (Completed)
450739,Chamberlain College of Nursing - Atlanta,Emory Saint Joseph's Hospital,Nursing,Cohort Rotation,7,8,"12014, 12015, 12016, 12017, 12018, 12019, 12020",5/10/24,6/14/24,7:00,15:00,48,Fri,ID Missing,No Preceptor Assigned,Fundamentals,NR 226 - Fundamentals - Patient Care,4W renal and urology,Archived (Completed)
451076,Chamberlain College of Nursing - Atlanta,Emory Saint Joseph's Hospital,Nursing,Cohort Rotation,8,8,"12021, 12022, 12023, 12024, 12025, 12026, 12027, 12028",9/5/24,10/10/24,7:00,15:00,48,Thu,ID Missing,No Preceptor Assigned,Fundamentals,NR 226 - Fundamentals - Patient Care,6E internal medicine,Archived (Completed)
451082,Chamberlain College of Nursing - Atlanta,Emory Saint Joseph's Hospital,Nursing,Cohort Rotation,5,8,"12029, 12030, 12031, 12032, 12033",9/5/24,10/10/24,7:00,15:00,48,Thu,ID Missing,No Preceptor Assigned,Fundamentals,NR 226 - Fundamentals - Patient Care,5E internal medicine,Archived (Completed)
451119,Chamberlain College of Nursing - Atlanta,Emory Saint Joseph's Hospital,Nursing,Cohort Rotation,8,8,"11961, 11962, 11965, 11964, 11963, 11966, 11972, 11967",9/3/24,10/22/24,7:00,19:00,96,Tue,ID Missing,No Preceptor Assigned,MedSurg - Acute Care,NR 325 - Adult Health II,3SW GI medicine/bariatrics,Archived (Completed)
451122,Chamberlain College of Nursing - Georgia,Emory Saint Joseph's Hospital,Nursing,Cohort Rotation,0,8,No Students Assigned,9/3/24,10/22/24,7:00,19:00,96,Tue,ID Missing,No Preceptor Assigned,MedSurg - Acute Care,NR 325 - Adult Health II,5W,Archived (Denied)
451124,Chamberlain College of Nursing - Atlanta,Emory University Hospital Midtown,Nursing,Cohort Rotation,8,8,"11992, 11987, 11993, 11988, 11994, 11989, 11990, 11973",9/3/24,10/22/24,7:00,19:00,96,Tue,ID Missing,No Preceptor Assigned,MedSurg - Acute Care,NR 325 - Adult Health II,22: Med/Surg,Archived (Completed)
451126,Chamberlain College of Nursing - Atlanta,Emory University Hospital Midtown,Nursing,Cohort Rotation,6,8,"11995, 11608, 11999, 12000, 11996, 11969",9/5/24,10/24/24,7:00,19:00,96,Thu,ID Missing,No Preceptor Assigned,MedSurg - Acute Care,NR 325 - Adult Health II,22: Med/Surg,Archived (Completed)
451601,Kennesaw State University - Nursing,"Emory Offsite locations - The Emory Clinic, Ambulatory Surgery Centers and the Emory Specialty Assocs",Nursing,Precepted Rotation,0,1,No Students Assigned,5/15/24,6/13/24,0:00,23:59,92,"Wed, Thu, Fri",ID Missing,No Preceptor Assigned,Community,4412 - Community Health,Other (see comments),Archived (Denied)
451602,Kennesaw State University - Nursing,"Emory Offsite locations - The Emory Clinic, Ambulatory Surgery Centers and the Emory Specialty Assocs",Nursing,Precepted Rotation,0,1,No Students Assigned,5/15/24,6/13/24,0:00,23:59,92,"Wed, Thu, Fri",ID Missing,No Preceptor Assigned,Community,4412 - Community Health,Other (see comments),Archived (Denied)
451603,Kennesaw State University - Nursing,"Emory Offsite locations - The Emory Clinic, Ambulatory Surgery Centers and the Emory Specialty Assocs",Nursing,Precepted Rotation,0,1,No Students Assigned,5/15/24,6/13/24,0:00,23:59,92,"Wed, Thu, Fri",ID Missing,No Preceptor Assigned,Community,4412 - Community Health,Other (see comments),Archived (Denied)
451604,Kennesaw State University - Nursing,"Emory Offsite locations - The Emory Clinic, Ambulatory Surgery Centers and the Emory Specialty Assocs",Nursing,Precepted Rotation,0,1,No Students Assigned,5/15/24,6/13/24,0:00,23:59,92,"Wed, Thu, Fri",ID Missing,No Preceptor Assigned,Community,4412 - Community Health,Other (see comments),Archived (Denied)
451605,Kennesaw State University - Nursing,"Emory Offsite locations - The Emory Clinic, Ambulatory Surgery Centers and the Emory Specialty Assocs",Nursing,Precepted Rotation,0,1,No Students Assigned,5/15/24,6/13/24,0:00,23:59,92,"Wed, Thu, Fri",ID Missing,No Preceptor Assigned,Community,4412 - Community Health,Other (see comments),Archived (Denied)
451606,Kennesaw State University - Nursing,"Emory Offsite locations - The Emory Clinic, Ambulatory Surgery Centers and the Emory Specialty Assocs",Nursing,Precepted Rotation,0,1,No Students Assigned,6/19/24,7/18/24,0:00,23:59,92,"Wed, Thu, Fri",ID Missing,No Preceptor Assigned,Community,4412 - Community Health,Other (see comments),Archived (Withdrawn)
451607,Kennesaw State University - Nursing,"Emory Offsite locations - The Emory Clinic, Ambulatory Surgery Centers and the Emory Specialty Assocs",Nursing,Precepted Rotation,0,1,No Students Assigned,6/19/24,7/18/24,0:00,23:59,92,"Wed, Thu, Fri",ID Missing,No Preceptor Assigned,Community,4412 - Community Health,Other (see comments),Archived (Withdrawn)
451608,Kennesaw State University - Nursing,"Emory Offsite locations - The Emory Clinic, Ambulatory Surgery Centers and the Emory Specialty Assocs",Nursing,Precepted Rotation,0,1,No Students Assigned,6/19/24,7/18/24,0:00,23:59,92,"Wed, Thu, Fri",ID Missing,No Preceptor Assigned,Community,4412 - Community Health,Other (see comments),Archived (Withdrawn)
451609,Kennesaw State University - Nursing,"Emory Offsite locations - The Emory Clinic, Ambulatory Surgery Centers and the Emory Specialty Assocs",Nursing,Precepted Rotation,0,1,No Students Assigned,6/19/24,7/18/24,0:00,23:59,92,"Wed, Thu, Fri",ID Missing,No Preceptor Assigned,Community,4412 - Community Health,Other (see comments),Archived (Denied)
451610,Kennesaw State University - Nursing,"Emory Offsite locations - The Emory Clinic, Ambulatory Surgery Centers and the Emory Specialty Assocs",Nursing,Precepted Rotation,0,1,No Students Assigned,6/19/24,7/18/24,0:00,23:59,92,"Wed, Thu, Fri",ID Missing,No Preceptor Assigned,Community,4412 - Community Health,Other (see comments),Archived (Denied)
451697,Kennesaw State University - Nursing,Emory Saint Joseph's Hospital,Nursing,Cohort Rotation,6,8,"12034, 11774, 12035, 12036, 12037, 12038",6/13/24,7/19/24,7:00,15:00,96,"Thu, Fri",ID Missing,No Preceptor Assigned,MedSurg - Acute Care,3313 - Adult Health,4S ortho,Archived (Completed)
452931,Emory University - SON Pre-licensure,Emory Saint Joseph's Hospital,Nursing,Cohort Rotation,5,8,"11860, 11884, 11838, 11882, 11867",5/25/24,8/4/24,7:00,19:00,120,Sat,ID Missing,No Preceptor Assigned,MedSurg - Acute Care,NRSG 391 - Adult and Geriatric Practicum,3W cardiology,Archived (Completed)
452934,Emory University - SON Pre-licensure,Emory University Hospital,Nursing,Cohort Rotation,5,8,"11847, 11864, 11853, 11865, 11869",5/25/24,8/3/24,7:00,19:00,120,Sat,ID Missing,No Preceptor Assigned,MedSurg - Acute Care,NRSG 391 - Adult and Geriatric Practicum,7T: Surgical,Archived (Completed)
452935,Emory University - SON Pre-licensure,Emory University Hospital Midtown,Nursing,Cohort Rotation,6,8,"11845, 11855, 11848, 11849, 11883, 11840",5/25/24,8/3/24,7:00,19:00,8,Sat,ID Missing,No Preceptor Assigned,MedSurg - Acute Care,NRSG 391 - Adult and Geriatric Practicum,41: Med Cardiology,Archived (Completed)
452940,Emory University - SON Pre-licensure,Emory University Hospital Midtown,Nursing,Cohort Rotation,5,6,"11861, 11837, 11846, 11117, 11843",5/25/24,8/3/24,7:00,19:00,120,Sat,ID Missing,No Preceptor Assigned,MedSurg - Acute Care,NRSG 391 - Adult and Geriatric Practicum,72: Med/Surg,Archived (Completed)
452943,Emory University - SON Pre-licensure,Emory Saint Joseph's Hospital,Nursing,Cohort Rotation,4,8,"11873, 11871, 11885, 11857",5/18/24,8/3/24,7:00,19:00,120,Sat,ID Missing,No Preceptor Assigned,MedSurg - Acute Care,NRSG 391 - Adult and Geriatric Practicum,6W pulmonary thoracic,Archived (Completed)
452948,Emory University - SON Pre-licensure,Emory Decatur Hospital,Nursing,Cohort Rotation,6,6,"11874, 11859, 11844, 11850, 11870, 11863",5/25/24,8/3/24,7:00,19:00,120,Sat,ID Missing,No Preceptor Assigned,MedSurg - Acute Care,NRSG 391 - Adult and Geriatric Practicum,Stroke Telemetry - 4400,Archived (Completed)
452954,Emory University - SON Pre-licensure,Emory University Hospital,Nursing,Cohort Rotation,5,8,"11886, 11881, 11839, 11869, 12039",5/25/24,8/3/24,7:00,19:00,120,Sat,ID Missing,No Preceptor Assigned,MedSurg - Acute Care,NRSG 391 - Adult and Geriatric Practicum,9T: Bone Marrow Transplant,Archived (Completed)
452957,Emory University - SON Pre-licensure,Emory Decatur Hospital,Nursing,Cohort Rotation,6,8,"11877, 11878, 11879, 11509, 11854, 11851",5/26/24,8/4/24,7:00,19:00,120,Sun,ID Missing,No Preceptor Assigned,MedSurg - Acute Care,NRSG 391 - Adult and Geriatric Practicum,General Medical - 4500,Archived (Completed)
452960,Emory University - SON Pre-licensure,Emory University Hospital,Nursing,Cohort Rotation,6,8,"11852, 11834, 11866, 11867, 11389, 11858",5/26/24,8/4/24,7:00,19:00,120,Sun,"ID Missing, ID Missing",No Preceptor Assigned,MedSurg - Acute Care,NRSG 391 - Adult and Geriatric Practicum,6T: Transplant,Archived (Completed)
452965,Emory University - SON Pre-licensure,Emory University Hospital,Nursing,Cohort Rotation,6,8,"11876, 11835, 11868, 11836, 11862, 11856",5/26/24,8/4/24,7:00,19:00,120,Wed,ID Missing,No Preceptor Assigned,MedSurg - Acute Care,NRSG 391 - Adult and Geriatric Practicum,3G: Neurosciences,Archived (Completed)
452984,Emory University - SON Pre-licensure,Emory University Hospital Midtown,Nursing,Cohort Rotation,8,8,"11405, 11400, 11439, 11443, 11483, 11469, 11574, 11465",5/22/24,6/26/24,7:00,19:00,60,Wed,ID Missing,No Preceptor Assigned,Perinatal - OB,NRSG 392 - Maternity Practicum,42/54: Mother/Baby,Archived (Completed)
452990,Emory University - SON Pre-licensure,Emory Decatur Hospital,Nursing,Cohort Rotation,6,8,"11395, 11514, 11407, 11459, 11470, 11491",5/22/24,6/26/24,7:00,19:00,60,Wed,2004,No Preceptor Assigned,Perinatal - OB,NRSG 392 - Maternity Practicum,Mother/Baby,Archived (Completed)
452992,Emory University - SON Pre-licensure,Emory Johns Creek Hospital,Nursing,Cohort Rotation,6,8,"11452, 11072, 11463, 11414, 11494, 11447",5/22/24,6/26/24,7:00,19:00,60,Wed,ID Missing,No Preceptor Assigned,Perinatal - OB,NRSG 392 - Maternity Practicum,"Maternity: M/B, L&D, NICU",Archived (Completed)
453021,Emory University - SON Pre-licensure,Emory University Hospital Midtown,Nursing,Cohort Rotation,8,8,"11467, 11476, 11512, 11434, 11450, 11444, 11485, 11412",5/24/24,6/28/24,7:00,19:00,60,Fri,ID Missing,No Preceptor Assigned,Perinatal - OB,NRSG 392 - Maternity Practicum,42/54: Mother/Baby,Archived (Completed)
453034,Emory University - SON Pre-licensure,Emory Decatur Hospital,Nursing,Cohort Rotation,6,8,"11579, 11499, 11398, 11453, 11411, 11577",5/24/24,6/28/24,7:00,19:00,60,Fri,ID Missing,No Preceptor Assigned,Perinatal - OB,NRSG 392 - Maternity Practicum,L&D,Archived (Completed)
453061,Emory University - SON Pre-licensure,Emory University Hospital Midtown,Nursing,Cohort Rotation,6,8,"11456, 11566, 11445, 11505, 11511, 11072",5/25/24,6/29/24,7:00,19:00,60,Sat,"ID Missing, ID Missing",No Preceptor Assigned,Perinatal - OB,NRSG 392 - Maternity Practicum,42/54: Mother/Baby,Archived (Completed)
453063,Emory University - SON Pre-licensure,Emory University Hospital Midtown,Nursing,Cohort Rotation,5,8,"11462, 11425, 11573, 11570, 11422",5/26/24,6/30/24,7:00,19:00,60,Sun,ID Missing,No Preceptor Assigned,Perinatal - OB,NRSG 392 - Maternity Practicum,42/54: Mother/Baby,Archived (Completed)
453064,Emory University - SON Pre-licensure,Emory Johns Creek Hospital,Nursing,Cohort Rotation,6,8,"11418, 11466, 11576, 11431, 11575, 11567",5/24/24,6/28/24,7:00,19:00,60,Fri,ID Missing,No Preceptor Assigned,Perinatal - OB,NRSG 392 - Maternity Practicum,"Maternity: M/B, L&D, NICU",Archived (Completed)
453066,Emory University - SON Pre-licensure,Emory Decatur Hospital,Nursing,Cohort Rotation,6,8,"11578, 11498, 11454, 11569, 11492, 11438",5/25/24,6/29/24,7:00,19:00,60,Sat,ID Missing,No Preceptor Assigned,Perinatal - OB,NRSG 392 - Maternity Practicum,L&D,Archived (Completed)
453292,University of North Georgia - Nursing,Emory Johns Creek Hospital,Nursing,Cohort Rotation,5,5,"12040, 12041, 12042, 11738, 12043",8/30/24,11/8/24,6:30,18:30,72,Fri,ID Missing,No Preceptor Assigned,Perinatal - OB,N3804 - Nursing Care of the Childbearing Family,"Maternity: M/B, L&D, NICU",Archived (Completed)
454020,Emory University - SON Pre-licensure,Emory University Hospital,Nursing,Precepted Rotation,1,1,10617,3/18/24,5/8/24,0:00,23:59,132,"Mon, Tue, Wed, Sat, Sun",2018,ID Missing,Practicum,NRSG 431 - Clinical Practicum IV,7T: Surgical,Archived (Completed)
454309,Emory University - SON Pre-licensure,Emory University Hospital,Nursing,Cohort Rotation,8,8,"11380, 11307, 11278, 11281, 11298, 11288, 12044, 12045",5/18/24,6/29/24,7:00,19:00,60,Sat,ID Missing,No Preceptor Assigned,MedSurg - Acute Care,NRSG 391 - Adult and Geriatric Practicum,6E: CV Stepdown/Heart Transplant,Archived (Completed)
454313,Emory University - SON Pre-licensure,Emory University Hospital,Nursing,Cohort Rotation,5,5,"11574, 11511, 11497, 11414, 11447",7/10/24,8/7/24,7:00,19:00,60,Wed,ID Missing,No Preceptor Assigned,MedSurg - Acute Care,NRSG 391 - Adult and Geriatric Practicum,10E (DEU): Surgical,Archived (Completed)
454319,Emory University - SON Pre-licensure,Emory University Hospital Midtown,Nursing,Cohort Rotation,4,5,"11469, 11494, 11465, 11483",7/10/24,8/7/24,7:00,19:00,60,Wed,ID Missing,No Preceptor Assigned,MedSurg - Acute Care,NRSG 391 - Adult and Geriatric Practicum,31: Ortho/Neuro,Archived (Completed)
454331,Emory University - SON Pre-licensure,Emory University Hospital Midtown,Nursing,Cohort Rotation,7,8,"11475, 11420, 11501, 11417, 11513, 11448, 11435",7/3/24,8/7/24,7:00,19:00,60,Wed,ID Missing,No Preceptor Assigned,Perinatal - OB,NRSG 392 - Maternity Practicum,Maternity,Archived (Completed)
454335,Emory University - SON Pre-licensure,Emory Decatur Hospital,Nursing,Cohort Rotation,5,6,"11458, 11429, 11436, 11457, 11404",7/3/24,8/7/24,7:00,19:00,60,Wed,2004,No Preceptor Assigned,Perinatal - OB,NRSG 392 - Maternity Practicum,Mother/Baby,Archived (Completed)
454762,University of North Georgia - Nursing,Emory Johns Creek Hospital,Nursing,Cohort Rotation,0,6,No Students Assigned,8/19/24,9/23/24,6:30,18:30,72,Mon,ID Missing,No Preceptor Assigned,MedSurg - Acute Care,N3705 - Adult Health I,3rd floor: med-surg,Archived (Withdrawn)
454892,Auburn University - College of Nursing - BSN,Emory University Hospital,Nursing,Precepted Rotation,0,1,No Students Assigned,6/8/24,7/26/24,0:00,23:59,212,,ID Missing,No Preceptor Assigned,Practicum,NURS 4921 - Nursing Practice Preceptorship-Senior Practicum,2G ICU: Neurosciences,Archived (Withdrawn)
454893,Auburn University - College of Nursing - BSN,Emory Saint Joseph's Hospital,Nursing,Precepted Rotation,1,1,12046,6/8/24,7/26/24,0:00,23:59,212,,ID Missing,No Preceptor Assigned,Practicum,NURS 4921 - Nursing Practice Preceptorship-Senior Practicum,2SW CVICU,Archived (Completed)
455101,University of North Georgia - Nursing,Emory Johns Creek Hospital,Nursing,Cohort Rotation,5,10,"11736, 12047, 12048, 12049, 11740",8/23/24,11/1/24,6:30,18:30,72,Fri,ID Missing,No Preceptor Assigned,Perinatal - OB,N3804 - Nursing Care of the Childbearing Family,"Maternity: M/B, L&D, NICU",Archived (Completed)
455551,Hope College of Arts & Sciences,Emory University Hospital Midtown,Nursing,Precepted Rotation,1,1,11801,3/1/24,4/30/24,0:00,23:59,52,,ID Missing,ID Missing,Perinatal - OB,NUR 2030C - Maternity & Newborn Nursing,42/54: Mother/Baby,Archived (Denied)
455564,Hope College of Arts & Sciences,Emory University Hospital Midtown,Nursing,Precepted Rotation,0,1,No Students Assigned,3/1/24,5/31/24,0:00,23:59,52,,ID Missing,ID Missing,Perinatal - OB,NUR 2030C - Maternity & Newborn Nursing,42/54: Mother/Baby,Archived (Denied)
455950,Emory University - SON Pre-licensure,Emory Johns Creek Hospital,Nursing,Cohort Rotation,6,6,"11510, 11428, 11421, 11508, 11507, 11468",7/3/24,8/7/24,7:00,19:00,60,Wed,ID Missing,No Preceptor Assigned,Perinatal - OB,NRSG 392 - Maternity Practicum,"Maternity: M/B, L&D, NICU",Archived (Completed)
455952,Emory University - SON Pre-licensure,Emory University Hospital Midtown,Nursing,Cohort Rotation,7,8,"11402, 11482, 11427, 11437, 11503, 11506, 11441",7/5/24,8/9/24,7:00,19:00,60,Fri,ID Missing,No Preceptor Assigned,Perinatal - OB,NRSG 392 - Maternity Practicum,Maternity,Archived (Completed)
455969,Emory University - SON Pre-licensure,Emory Decatur Hospital,Nursing,Cohort Rotation,6,6,"11413, 11502, 11460, 11472, 11496, 11449",7/5/24,8/9/24,7:00,19:00,60,Fri,ID Missing,No Preceptor Assigned,Perinatal - OB,NRSG 392 - Maternity Practicum,Mother/Baby,Archived (Completed)
455971,Emory University - SON Pre-licensure,Emory University Hospital Midtown,Nursing,Cohort Rotation,7,8,"11504, 11477, 11423, 11489, 11446, 11479, 11484",7/6/24,8/3/24,7:00,19:00,60,Sat,ID Missing,No Preceptor Assigned,Perinatal - OB,NRSG 392 - Maternity Practicum,Maternity,Archived (Completed)
455972,Emory University - SON Pre-licensure,Emory University Hospital Midtown,Nursing,Cohort Rotation,4,6,"11409, 11408, 11390, 11401",7/7/24,8/4/24,7:00,19:00,60,Sun,ID Missing,No Preceptor Assigned,Perinatal - OB,NRSG 392 - Maternity Practicum,Maternity,Archived (Completed)
455974,Emory University - SON Pre-licensure,Emory Johns Creek Hospital,Nursing,Cohort Rotation,6,6,"11500, 11403, 11410, 11416, 11486, 11474",7/5/24,8/9/24,7:00,19:00,60,Fri,ID Missing,No Preceptor Assigned,Perinatal - OB,NRSG 392 - Maternity Practicum,"Maternity: M/B, L&D, NICU",Archived (Completed)
455976,Emory University - SON Pre-licensure,Emory Decatur Hospital,Nursing,Cohort Rotation,3,6,"11451, 11432, 11493",7/6/24,8/3/24,7:00,19:00,60,Sat,ID Missing,No Preceptor Assigned,Perinatal - OB,NRSG 392 - Maternity Practicum,Mother/Baby,Archived (Completed)
456105,Hope College of Arts & Sciences,Emory University Hospital Midtown,Nursing,Precepted Rotation,1,1,11801,3/1/24,6/30/24,0:00,23:59,120,,ID Missing,ID Missing,MedSurg - Acute Care,HCAS-NUR 2040C - Complex Medical Surgical Nursing,22: Med/Surg,Archived (Denied)
456304,Herzing University,Emory University Hospital Midtown,Nursing,Precepted Rotation,1,1,12050,5/20/24,8/19/24,0:00,23:59,135,,ID Missing,No Preceptor Assigned,Practicum,NSG 425 - BSN Practicum,42/54: Mother/Baby,Archived (Completed)
457606,Emory University - SON Pre-licensure,Emory Decatur Hospital,Nursing,Cohort Rotation,7,8,"12051, 12052, 12053, 12054, 12055, 12056, 12057",6/20/24,8/8/24,7:00,17:00,60,Thu,ID Missing,No Preceptor Assigned,Perinatal - OB,527 MN - Foundation of Nursing Practice,Surgical Oncology - 4200,Archived (Completed)
457622,Emory University - SON Pre-licensure,Emory Hillandale Hospital,Nursing,Cohort Rotation,6,8,"12058, 12059, 12060, 12061, 12062, 12063",6/20/24,8/8/24,0:00,23:59,60,Thu,"ID Missing, ID Missing",No Preceptor Assigned,Fundamentals,527 MN - Foundation of Nursing Practice,3rd floor - med surg,Archived (Completed)
457628,Emory University - SON Pre-licensure,Emory Saint Joseph's Hospital,Nursing,Cohort Rotation,7,8,"12064, 12065, 12066, 12067, 12068, 12069, 12070",6/20/24,8/8/24,7:00,17:00,60,Thu,ID Missing,No Preceptor Assigned,Fundamentals,527 MN - Foundation of Nursing Practice,4E neurovascular,Archived (Completed)
457629,Emory University - SON Pre-licensure,Emory University Hospital,Nursing,Cohort Rotation,7,8,"12071, 12072, 12073, 12074, 12075, 12076, 12077",6/21/24,8/8/24,7:00,17:00,60,Thu,ID Missing,No Preceptor Assigned,Perinatal - OB,527 MN - Foundation of Nursing Practice,7G: Medical,Archived (Completed)
457632,Emory University - SON Pre-licensure,Emory University Hospital,Nursing,Cohort Rotation,8,8,"12078, 12079, 12080, 12081, 12082, 12083, 12084, 12085",6/20/24,8/8/24,7:00,17:00,60,Thu,ID Missing,No Preceptor Assigned,Fundamentals,527 MN - Foundation of Nursing Practice,8T North: Oncology,Archived (Completed)
457634,Emory University - SON Pre-licensure,Emory University Hospital,Nursing,Cohort Rotation,8,8,"12086, 12087, 12088, 12089, 12090, 12091, 12092, 12093",6/20/24,8/8/24,7:00,19:00,60,Thu,ID Missing,No Preceptor Assigned,Fundamentals,527 MN - Foundation of Nursing Practice,6G: Medical,Archived (Completed)
457635,Emory University - SON Pre-licensure,Emory University Hospital Midtown,Nursing,Cohort Rotation,0,8,No Students Assigned,6/20/24,8/8/24,7:00,17:00,60,Thu,ID Missing,No Preceptor Assigned,Fundamentals,527 MN - Foundation of Nursing Practice,31: Ortho/Neuro,Archived (Withdrawn)
457655,Emory University - SON Pre-licensure,Emory University Hospital Midtown,Nursing,Cohort Rotation,8,8,"12094, 12095, 12096, 12097, 12098, 12099, 12100, 12101",6/20/24,8/8/24,7:00,17:00,60,Thu,ID Missing,No Preceptor Assigned,Fundamentals,527 MN - Foundation of Nursing Practice,41: Med Cardiology,Archived (Completed)
457657,Emory University - SON Pre-licensure,Emory University Hospital Midtown,Nursing,Cohort Rotation,6,8,"12102, 12103, 12104, 12105, 12106, 12107",6/20/24,8/8/24,7:00,17:00,60,Thu,ID Missing,No Preceptor Assigned,Fundamentals,527 MN - Foundation of Nursing Practice,21: General Surgery,Archived (Completed)
457659,Emory University - SON Pre-licensure,Emory University Orthopaedics And Spine Hospital,Nursing,Cohort Rotation,6,8,"12108, 12109, 12110, 12111, 12112, 12113",6/20/24,8/8/24,7:00,19:00,60,Thu,ID Missing,No Preceptor Assigned,Fundamentals,527 MN - Foundation of Nursing Practice,-no preference-,Archived (Completed)
457687,Emory University - SON Pre-licensure,Emory Decatur Hospital,Nursing,Cohort Rotation,0,8,No Students Assigned,6/21/24,8/9/24,7:00,17:00,60,Fri,ID Missing,No Preceptor Assigned,Fundamentals,527 MN - Foundation of Nursing Practice,Surgical Oncology - 4200,Archived (Completed)
457688,Emory University - SON Pre-licensure,Emory Decatur Hospital,Nursing,Cohort Rotation,8,8,"12114, 12115, 12116, 12117, 12118, 12119, 12120, 12121",6/21/24,8/9/24,7:00,19:00,60,Fri,ID Missing,No Preceptor Assigned,Fundamentals,527 MN - Foundation of Nursing Practice,Cardiac Telemetry - 2400,Archived (Completed)
457689,Emory University - SON Pre-licensure,Emory Johns Creek Hospital,Nursing,Cohort Rotation,7,8,"12122, 12123, 12124, 12125, 12126, 12127, 12128",6/21/24,8/9/24,0:00,23:59,60,Fri,ID Missing,No Preceptor Assigned,Fundamentals,527 MN - Foundation of Nursing Practice,6W oncology/hospice,Archived (Completed)
457691,Emory University - SON Pre-licensure,Emory Saint Joseph's Hospital,Nursing,Cohort Rotation,7,8,"12129, 12130, 12131, 12132, 12133, 12134, 12135",6/21/24,8/9/24,7:00,17:00,60,Fri,ID Missing,No Preceptor Assigned,Fundamentals,527 MN - Foundation of Nursing Practice,5W internal medicine,Archived (Completed)
457692,Emory University - SON Pre-licensure,Emory Saint Joseph's Hospital,Nursing,Cohort Rotation,7,8,"12136, 12137, 12138, 12139, 12140, 12141, 12142",6/21/24,8/9/24,7:00,17:00,60,Fri,ID Missing,No Preceptor Assigned,Fundamentals,527 MN - Foundation of Nursing Practice,6E internal medicine,Archived (Completed)
457693,Emory University - SON Pre-licensure,Emory University Hospital,Nursing,Cohort Rotation,8,8,"12143, 12144, 12145, 12146, 12147, 12148, 12149, 12150",6/21/24,8/9/24,7:00,17:00,60,Fri,ID Missing,No Preceptor Assigned,Fundamentals,527 MN - Foundation of Nursing Practice,6G: Medical,Archived (Completed)
457695,Emory University - SON Pre-licensure,Emory University Hospital,Nursing,Cohort Rotation,7,8,"12151, 12152, 12153, 12154, 12155, 12156, 12157",6/21/24,8/9/24,7:00,17:00,60,Fri,ID Missing,No Preceptor Assigned,Fundamentals,527 MN - Foundation of Nursing Practice,9E: Neuroscience,Archived (Completed)
457697,Emory University - SON Pre-licensure,Emory University Hospital Midtown,Nursing,Cohort Rotation,7,8,"12158, 12159, 12160, 12161, 12162, 12163, 12164",6/21/24,8/9/24,7:00,19:00,60,Fri,"ID Missing, ID Missing",No Preceptor Assigned,Fundamentals,527 MN - Foundation of Nursing Practice,31: Ortho/Neuro,Archived (Completed)
457702,Emory University - SON Pre-licensure,Emory University Hospital Midtown,Nursing,Cohort Rotation,7,8,"12165, 12166, 12167, 12168, 12169, 12170, 12171",6/21/24,8/9/24,7:00,19:00,60,Fri,"ID Missing, ID Missing",No Preceptor Assigned,Fundamentals,527 MN - Foundation of Nursing Practice,21: General Surgery,Archived (Completed)
457706,Emory University - SON Pre-licensure,Emory University Hospital Midtown,Nursing,Cohort Rotation,8,8,"12172, 12173, 12174, 12175, 12176, 12177, 12178, 12179",6/21/24,8/9/24,7:00,19:00,60,Fri,ID Missing,No Preceptor Assigned,Fundamentals,527 MN - Foundation of Nursing Practice,41: Med Cardiology,Archived (Completed)
457710,Emory University - SON Pre-licensure,Emory University Orthopaedics and Spine Hospital,Nursing,Cohort Rotation,0,8,No Students Assigned,6/21/24,8/9/24,7:00,19:00,60,Fri,ID Missing,No Preceptor Assigned,Fundamentals,527 MN - Foundation of Nursing Practice,-no preference-,Archived (Withdrawn)
457720,Emory University - SON Pre-licensure,Emory Decatur Hospital,Nursing,Cohort Rotation,6,6,"11874, 11859, 11850, 11863, 11870, 11844",6/3/24,6/10/24,7:00,19:00,24,Mon,ID Missing,No Preceptor Assigned,Psychiatry; Mental Health; Behavioral Medicine,NRSG 393 - Mental Health Practicum,Behavioral Health (acute) - 1800,Archived (Completed)
457721,Emory University - SON Pre-licensure,Emory Decatur Hospital,Nursing,Cohort Rotation,5,6,"11860, 11884, 11838, 11882, 11867",6/17/24,6/24/24,7:00,19:00,24,Mon,ID Missing,No Preceptor Assigned,Psychiatry; Mental Health; Behavioral Medicine,NRSG 393 - Mental Health Practicum,Behavioral Health (acute) - 1800,Archived (Completed)
457724,Emory University - SON Pre-licensure,Emory Decatur Hospital,Nursing,Cohort Rotation,4,6,"11873, 11871, 11885, 11857",7/1/24,7/8/24,7:00,17:00,60,Mon,ID Missing,No Preceptor Assigned,Perinatal - OB,NRSG 393 - Mental Health Practicum,Behavioral Health (acute) - 1800,Archived (Completed)
457728,Emory University - SON Pre-licensure,Emory Decatur Hospital,Nursing,Cohort Rotation,4,6,"11847, 11864, 11853, 11865",7/15/24,7/22/24,7:00,19:00,24,Mon,ID Missing,No Preceptor Assigned,Psychiatry; Mental Health; Behavioral Medicine,NRSG 393 - Mental Health Practicum,Behavioral Health (acute) - 1800,Archived (Completed)
457729,Emory University - SON Pre-licensure,Emory Decatur Hospital,Nursing,Cohort Rotation,4,6,"11886, 11881, 11839, 12039",5/21/24,5/28/24,7:00,19:00,24,Tue,ID Missing,No Preceptor Assigned,Psychiatry; Mental Health; Behavioral Medicine,NRSG 393 - Mental Health Practicum,Behavioral Health (acute) - 1800,Archived (Completed)
457730,Emory University - SON Pre-licensure,Emory Decatur Hospital,Nursing,Cohort Rotation,6,6,"11845, 11855, 11848, 11849, 11883, 11840",6/4/24,6/11/24,7:00,19:00,24,Tue,ID Missing,No Preceptor Assigned,Psychiatry; Mental Health; Behavioral Medicine,NRSG 393 Practicum - Mental Health Practicum,Behavioral Health (acute) - 1800,Archived (Completed)
457731,Emory University - SON Pre-licensure,Emory Decatur Hospital,Nursing,Cohort Rotation,5,6,"11861, 11837, 11846, 11117, 11843",6/18/24,6/25/24,7:00,19:00,24,Tue,ID Missing,No Preceptor Assigned,Psychiatry; Mental Health; Behavioral Medicine,NRSG 393 - Mental Health Practicum,Behavioral Health (acute) - 1800,Archived (Completed)
457732,Emory University - SON Pre-licensure,Emory Decatur Hospital,Nursing,Cohort Rotation,6,6,"11877, 11878, 11879, 11509, 11854, 11851",7/2/24,7/9/24,7:00,19:00,24,Tue,ID Missing,No Preceptor Assigned,Psychiatry; Mental Health; Behavioral Medicine,NRSG 393 - Mental Health Practicum,Behavioral Health (acute) - 1800,Archived (Completed)
457733,Emory University - SON Pre-licensure,Emory Decatur Hospital,Nursing,Cohort Rotation,6,6,"11876, 11835, 11868, 11836, 11862, 11856",7/16/24,7/23/24,7:00,19:00,24,Tue,ID Missing,No Preceptor Assigned,Perinatal - OB,NRSG 393 - Mental Health Practicum,Behavioral Health (acute) - 1800,Archived (Completed)
457734,Emory University - SON Pre-licensure,Emory Decatur Hospital,Nursing,Cohort Rotation,6,6,"11852, 11834, 11866, 11389, 11858, 11869",7/30/24,8/6/24,7:00,19:00,24,Tue,ID Missing,No Preceptor Assigned,Psychiatry; Mental Health; Behavioral Medicine,NRSG 393 - Mental Health Practicum,Behavioral Health (acute) - 1800,Archived (Completed)
457865,Herzing University - Online,Emory University Hospital,Nursing,Cohort Rotation,8,8,"12180, 12181, 12182, 12183, 12184, 12185, 12186, 12187",5/6/24,8/27/24,6:30,19:00,90,"Mon, Tue, Wed, Thu, Fri",ID Missing,No Preceptor Assigned,MedSurg - Acute Care,NSG 525 - Clinical II,7T: Surgical,Archived (Completed)
458417,Emory University - SON Pre-licensure,"Emory Offsite Locations - The Emory Clinic, Ambulatory Surgery Centers And The Emory Specialty Assocs",Nursing,Precepted Rotation,1,1,10370,3/18/24,5/8/24,0:00,23:59,24,Wed,ID Missing,ID Missing,Ambulatory,NRSG 676 MN - Care Transitions Practicum,Other (see comments),Archived (Completed)
458429,Emory University - SON Pre-licensure,"Emory Offsite Locations - The Emory Clinic, Ambulatory Surgery Centers And The Emory Specialty Assocs",Nursing,Precepted Rotation,1,1,10536,3/18/24,5/8/24,0:00,23:59,24,Wed,ID Missing,ID Missing,Ambulatory,NRSG 676 MN - Care Transitions Practicum,Other (see comments),Archived (Completed)
458431,Emory University - SON Pre-licensure,"Emory Offsite Locations - The Emory Clinic, Ambulatory Surgery Centers And The Emory Specialty Assocs",Nursing,Precepted Rotation,1,1,10375,3/18/24,5/8/24,0:00,23:59,24,Wed,ID Missing,ID Missing,Ambulatory,NRSG 676 MN - Care Transitions Practicum,Other (see comments),Archived (Completed)
458507,Emory University - SON Pre-licensure,"Emory Offsite Locations - The Emory Clinic, Ambulatory Surgery Centers And The Emory Specialty Assocs",Nursing,Precepted Rotation,1,1,10376,3/18/24,5/8/24,0:00,23:59,24,Wed,ID Missing,ID Missing,Ambulatory,NRSG 676 MN - Care Transitions Practicum,Other (see comments),Archived (Completed)
458510,Emory University - SON Pre-licensure,"Emory Offsite Locations - The Emory Clinic, Ambulatory Surgery Centers And The Emory Specialty Assocs",Nursing,Precepted Rotation,1,1,10378,3/18/24,5/8/24,0:00,23:59,24,Wed,ID Missing,ID Missing,Ambulatory,NRSG 676 MN - Care Transitions Practicum,Other (see comments),Archived (Completed)
458513,Emory University - SON Pre-licensure,"Emory Offsite Locations - The Emory Clinic, Ambulatory Surgery Centers And The Emory Specialty Assocs",Nursing,Precepted Rotation,1,1,10371,3/18/24,5/8/24,0:00,23:59,24,Wed,ID Missing,ID Missing,Ambulatory,NRSG 676 MN - Care Transitions Practicum,Other (see comments),Archived (Completed)
458516,Emory University - SON Pre-licensure,"Emory Offsite Locations - The Emory Clinic, Ambulatory Surgery Centers And The Emory Specialty Assocs",Nursing,Precepted Rotation,1,1,10363,3/18/24,5/8/24,0:00,23:59,24,Wed,ID Missing,ID Missing,Ambulatory,NRSG 676 MN - Care Transitions Practicum,Other (see comments),Archived (Completed)
458519,Emory University - SON Pre-licensure,"Emory Offsite Locations - The Emory Clinic, Ambulatory Surgery Centers And The Emory Specialty Assocs",Nursing,Precepted Rotation,1,1,10382,3/18/24,5/8/24,0:00,23:59,24,Wed,ID Missing,ID Missing,Ambulatory,NRSG 676 MN - Care Transitions Practicum,Other (see comments),Archived (Completed)
458523,Emory University - SON Pre-licensure,"Emory Offsite Locations - The Emory Clinic, Ambulatory Surgery Centers And The Emory Specialty Assocs",Nursing,Precepted Rotation,1,1,10362,3/18/24,5/8/24,0:00,23:59,24,Wed,ID Missing,ID Missing,Ambulatory,NRSG 676 MN - Care Transitions Practicum,Other (see comments),Archived (Completed)
458527,Emory University - SON Pre-licensure,"Emory Offsite Locations - The Emory Clinic, Ambulatory Surgery Centers And The Emory Specialty Assocs",Nursing,Precepted Rotation,1,1,10413,3/18/24,5/8/24,0:00,23:59,24,Wed,ID Missing,ID Missing,Ambulatory,NRSG 676 MN - Care Transitions Practicum,Other (see comments),Archived (Completed)
458532,Emory University - SON Pre-licensure,"Emory Offsite Locations - The Emory Clinic, Ambulatory Surgery Centers And The Emory Specialty Assocs",Nursing,Precepted Rotation,1,1,10383,3/18/24,5/8/24,0:00,23:59,24,Wed,ID Missing,ID Missing,Ambulatory,NRSG 676 MN - Care Transitions Practicum,Other (see comments),Archived (Completed)
458536,Emory University - SON Pre-licensure,"Emory Offsite Locations - The Emory Clinic, Ambulatory Surgery Centers And The Emory Specialty Assocs",Nursing,Precepted Rotation,1,1,11131,3/18/24,5/8/24,0:00,23:59,24,Wed,ID Missing,ID Missing,Ambulatory,NRSG 676 MN - Care Transitions Practicum,Other (see comments),Archived (Completed)
458542,Emory University - SON Pre-licensure,"Emory Offsite Locations - The Emory Clinic, Ambulatory Surgery Centers And The Emory Specialty Assocs",Nursing,Precepted Rotation,1,1,10397,3/18/24,5/8/24,0:00,23:59,24,Wed,ID Missing,ID Missing,Ambulatory,NRSG 676 MN - Care Transitions Practicum,Other (see comments),Archived (Completed)
458544,Emory University - SON Pre-licensure,"Emory Offsite Locations - The Emory Clinic, Ambulatory Surgery Centers And The Emory Specialty Assocs",Nursing,Precepted Rotation,1,1,10369,3/18/24,5/8/24,0:00,23:59,24,Wed,ID Missing,ID Missing,Ambulatory,NRSG 676 MN - Care Transitions Practicum,Other (see comments),Archived (Completed)
458548,Emory University - SON Pre-licensure,"Emory Offsite Locations - The Emory Clinic, Ambulatory Surgery Centers And The Emory Specialty Assocs",Nursing,Precepted Rotation,1,1,10360,3/18/24,5/8/24,0:00,23:59,24,Wed,ID Missing,ID Missing,Ambulatory,NRSG 676 MN - Care Transitions Practicum,Other (see comments),Archived (Completed)
458555,Emory University - SON Pre-licensure,"Emory Offsite Locations - The Emory Clinic, Ambulatory Surgery Centers And The Emory Specialty Assocs",Nursing,Precepted Rotation,1,1,10357,3/18/24,5/8/24,0:00,23:59,24,Wed,ID Missing,ID Missing,Ambulatory,NRSG 676 MN - Care Transitions Practicum,Other (see comments),Archived (Completed)
458556,South College - Atlanta Campus - Nursing,Emory University Hospital Midtown,Nursing,Precepted Rotation,1,1,12188,4/3/24,6/13/24,0:00,23:59,150,"Mon, Tue, Wed, Fri, Sat, Sun",2031,3028,Perinatal - OB,NSG 4613 - Adult Health Practicum,42/54: Mother/Baby,Archived (Completed)
458557,Emory University - SON Pre-licensure,"Emory Offsite Locations - The Emory Clinic, Ambulatory Surgery Centers And The Emory Specialty Assocs",Nursing,Precepted Rotation,1,1,10386,3/18/24,5/8/24,0:00,23:59,24,Wed,ID Missing,ID Missing,Ambulatory,NRSG 676 MN - Care Transitions Practicum,Other (see comments),Archived (Completed)
458561,Emory University - SON Pre-licensure,"Emory Offsite Locations - The Emory Clinic, Ambulatory Surgery Centers And The Emory Specialty Assocs",Nursing,Precepted Rotation,1,1,10359,3/18/24,5/8/24,0:00,23:59,24,Wed,ID Missing,ID Missing,Ambulatory,NRSG 676 MN - Care Transitions Practicum,Other (see comments),Archived (Completed)
458563,Emory University - SON Pre-licensure,"Emory Offsite Locations - The Emory Clinic, Ambulatory Surgery Centers And The Emory Specialty Assocs",Nursing,Precepted Rotation,1,1,10381,3/18/24,5/8/24,0:00,23:59,24,Wed,ID Missing,ID Missing,Ambulatory,NRSG 676 MN - Care Transitions Practicum,Other (see comments),Archived (Completed)
458567,Emory University - SON Pre-licensure,"Emory Offsite Locations - The Emory Clinic, Ambulatory Surgery Centers And The Emory Specialty Assocs",Nursing,Precepted Rotation,1,1,10354,3/18/24,5/8/24,0:00,23:59,24,Wed,ID Missing,ID Missing,Ambulatory,NRSG 676 MN - Care Transitions Practicum,Other (see comments),Archived (Completed)
458569,Emory University - SON Pre-licensure,"Emory Offsite Locations - The Emory Clinic, Ambulatory Surgery Centers And The Emory Specialty Assocs",Nursing,Precepted Rotation,1,1,10408,3/18/24,5/8/24,0:00,23:59,24,Wed,ID Missing,ID Missing,Ambulatory,NRSG 676 MN - Care Transitions Practicum,Other (see comments),Archived (Completed)
458570,Emory University - SON Pre-licensure,"Emory Offsite Locations - The Emory Clinic, Ambulatory Surgery Centers And The Emory Specialty Assocs",Nursing,Precepted Rotation,1,1,10388,3/18/24,5/8/24,0:00,23:59,24,Wed,ID Missing,ID Missing,Ambulatory,NRSG 676 MN - Care Transitions Practicum,Other (see comments),Archived (Completed)
458572,Emory University - SON Pre-licensure,"Emory Offsite Locations - The Emory Clinic, Ambulatory Surgery Centers And The Emory Specialty Assocs",Nursing,Precepted Rotation,1,1,10416,3/18/24,5/8/24,0:00,23:59,24,Wed,ID Missing,ID Missing,Ambulatory,NRSG 676 MN - Care Transitions Practicum,Other (see comments),Archived (Completed)
458591,Emory University - SON Pre-licensure,"Emory Offsite Locations - The Emory Clinic, Ambulatory Surgery Centers And The Emory Specialty Assocs",Nursing,Precepted Rotation,1,1,10390,3/18/24,5/8/24,0:00,23:59,24,Wed,ID Missing,ID Missing,Ambulatory,NRSG 676 MN - Care Transitions Practicum,Other (see comments),Archived (Completed)
458594,Emory University - SON Pre-licensure,"Emory Offsite Locations - The Emory Clinic, Ambulatory Surgery Centers And The Emory Specialty Assocs",Nursing,Precepted Rotation,1,1,10385,3/18/24,5/8/24,0:00,23:59,24,Wed,ID Missing,ID Missing,Ambulatory,NRSG 676 MN - Care Transitions Practicum,Other (see comments),Archived (Completed)
458604,Emory University - SON Pre-licensure,"Emory Offsite Locations - The Emory Clinic, Ambulatory Surgery Centers And The Emory Specialty Assocs",Nursing,Precepted Rotation,1,1,10498,3/18/24,5/8/24,0:00,23:59,24,Wed,ID Missing,ID Missing,Ambulatory,NRSG 676 MN - Care Transitions Practicum,Other (see comments),Archived (Completed)
458605,Emory University - SON Pre-licensure,"Emory Offsite Locations - The Emory Clinic, Ambulatory Surgery Centers And The Emory Specialty Assocs",Nursing,Precepted Rotation,1,1,10515,3/18/24,5/8/24,0:00,23:59,24,Wed,ID Missing,ID Missing,Ambulatory,NRSG 676 MN - Care Transitions Practicum,Other (see comments),Archived (Completed)
458607,Emory University - SON Pre-licensure,"Emory Offsite Locations - The Emory Clinic, Ambulatory Surgery Centers And The Emory Specialty Assocs",Nursing,Precepted Rotation,1,1,10337,3/18/24,5/8/24,0:00,23:59,24,Wed,ID Missing,ID Missing,Ambulatory,NRSG 676 MN - Care Transitions Practicum,Other (see comments),Archived (Completed)
458980,Emory University - SON Pre-licensure,"Emory Offsite Locations - The Emory Clinic, Ambulatory Surgery Centers And The Emory Specialty Assocs",Nursing,Precepted Rotation,1,1,10523,3/18/24,5/8/24,0:00,23:59,24,Tue,ID Missing,ID Missing,Ambulatory,NRSG 432 - Ambulatory Care,Other (see comments),Archived (Completed)
458982,Emory University - SON Pre-licensure,"Emory Offsite Locations - The Emory Clinic, Ambulatory Surgery Centers And The Emory Specialty Assocs",Nursing,Precepted Rotation,1,1,10524,3/18/24,5/8/24,0:00,23:59,24,Tue,ID Missing,ID Missing,Ambulatory,NRSG 432 - Ambulatory Care,Other (see comments),Archived (Completed)
458985,Emory University - SON Pre-licensure,"Emory Offsite Locations - The Emory Clinic, Ambulatory Surgery Centers And The Emory Specialty Assocs",Nursing,Precepted Rotation,1,1,10518,3/18/24,5/8/24,0:00,23:59,24,Tue,ID Missing,ID Missing,Ambulatory,NRSG 432 - Ambulatory Care,Other (see comments),Archived (Completed)
458988,Emory University - SON Pre-licensure,"Emory Offsite Locations - The Emory Clinic, Ambulatory Surgery Centers And The Emory Specialty Assocs",Nursing,Precepted Rotation,1,1,10619,3/18/24,5/8/24,0:00,23:59,24,Tue,ID Missing,ID Missing,Ambulatory,NRSG 432 - Ambulatory Care,Other (see comments),Archived (Completed)
458990,Emory University - SON Pre-licensure,"Emory Offsite Locations - The Emory Clinic, Ambulatory Surgery Centers And The Emory Specialty Assocs",Nursing,Precepted Rotation,1,1,10611,3/18/24,5/8/24,0:00,23:59,24,Tue,ID Missing,ID Missing,Ambulatory,NRSG 432 - Ambulatory Care,Other (see comments),Archived (Completed)
458992,Emory University - SON Pre-licensure,"Emory Offsite Locations - The Emory Clinic, Ambulatory Surgery Centers And The Emory Specialty Assocs",Nursing,Precepted Rotation,1,1,10520,3/18/24,5/8/24,0:00,23:59,24,Tue,ID Missing,ID Missing,Ambulatory,NRSG 432 - Ambulatory Care,Other (see comments),Archived (Completed)
458995,Emory University - SON Pre-licensure,"Emory Offsite Locations - The Emory Clinic, Ambulatory Surgery Centers And The Emory Specialty Assocs",Nursing,Precepted Rotation,1,1,10504,3/18/24,5/8/24,0:00,23:59,24,Tue,ID Missing,ID Missing,Ambulatory,NRSG 432 - Ambulatory Care,Other (see comments),Archived (Completed)
458997,Emory University - SON Pre-licensure,"Emory Offsite Locations - The Emory Clinic, Ambulatory Surgery Centers And The Emory Specialty Assocs",Nursing,Precepted Rotation,1,1,10618,3/18/24,5/8/24,0:00,23:59,24,Tue,ID Missing,ID Missing,Ambulatory,NRSG 432 - Ambulatory Care,Other (see comments),Archived (Completed)
458999,Emory University - SON Pre-licensure,"Emory Offsite Locations - The Emory Clinic, Ambulatory Surgery Centers And The Emory Specialty Assocs",Nursing,Precepted Rotation,1,1,10527,3/18/24,5/8/24,0:00,23:59,24,Tue,ID Missing,ID Missing,Ambulatory,NRSG 432 - Ambulatory Care,Other (see comments),Archived (Completed)
459002,Emory University - SON Pre-licensure,"Emory Offsite Locations - The Emory Clinic, Ambulatory Surgery Centers And The Emory Specialty Assocs",Nursing,Precepted Rotation,1,1,10608,3/18/24,5/8/24,0:00,23:59,24,Tue,ID Missing,ID Missing,Ambulatory,NRSG 432 - Ambulatory Care,Other (see comments),Archived (Completed)
459005,Emory University - SON Pre-licensure,"Emory Offsite Locations - The Emory Clinic, Ambulatory Surgery Centers And The Emory Specialty Assocs",Nursing,Precepted Rotation,1,1,10506,3/18/24,5/8/24,0:00,23:59,24,Tue,ID Missing,ID Missing,Ambulatory,NRSG 432 - Ambulatory Care,Other (see comments),Archived (Completed)
459007,Emory University - SON Pre-licensure,"Emory Offsite Locations - The Emory Clinic, Ambulatory Surgery Centers And The Emory Specialty Assocs",Nursing,Precepted Rotation,1,1,10610,3/18/24,5/8/24,0:00,23:59,24,Tue,ID Missing,ID Missing,Ambulatory,NRSG 432 - Ambulatory Care,Other (see comments),Archived (Completed)
459009,Emory University - SON Pre-licensure,"Emory Offsite Locations - The Emory Clinic, Ambulatory Surgery Centers And The Emory Specialty Assocs",Nursing,Precepted Rotation,1,1,10613,3/18/24,5/8/24,0:00,23:59,24,Tue,ID Missing,ID Missing,Ambulatory,NRSG 432 - Ambulatory Care,Other (see comments),Archived (Completed)
459010,Emory University - SON Pre-licensure,"Emory Offsite Locations - The Emory Clinic, Ambulatory Surgery Centers And The Emory Specialty Assocs",Nursing,Precepted Rotation,1,1,10490,3/18/24,5/8/24,0:00,23:59,24,Tue,ID Missing,ID Missing,Ambulatory,NRSG 432 - Ambulatory Care,Other (see comments),Archived (Completed)
459012,Emory University - SON Pre-licensure,"Emory Offsite Locations - The Emory Clinic, Ambulatory Surgery Centers And The Emory Specialty Assocs",Nursing,Precepted Rotation,1,1,10621,3/18/24,5/8/24,0:00,23:59,24,Tue,ID Missing,ID Missing,Ambulatory,NRSG 432 - Ambulatory Care,Other (see comments),Archived (Completed)
459091,Emory University - SON Pre-licensure,"Emory Offsite Locations - The Emory Clinic, Ambulatory Surgery Centers And The Emory Specialty Assocs",Nursing,Precepted Rotation,1,1,10491,3/18/24,5/8/24,0:00,23:59,24,Tue,ID Missing,ID Missing,Ambulatory,NRSG 432 - Ambulatory Care,Other (see comments),Archived (Completed)
459095,Emory University - SON Pre-licensure,"Emory Offsite Locations - The Emory Clinic, Ambulatory Surgery Centers And The Emory Specialty Assocs",Nursing,Precepted Rotation,1,1,10533,3/18/24,5/8/24,0:00,23:59,24,Tue,ID Missing,ID Missing,Ambulatory,NRSG 432 - Ambulatory Care,Other (see comments),Archived (Completed)
459844,Georgia State University - SON - Undergraduate,Emory Decatur Hospital,Nursing,Cohort Rotation,5,6,"12189, 12190, 12191, 12192, 12193",8/31/24,10/12/24,7:00,19:00,60,Sat,ID Missing,No Preceptor Assigned,MedSurg - Acute Care,NURS 3530 - ,Cardiac Telemetry - 2400,Archived (Completed)
460277,Kennesaw State University - Nursing,Emory Saint Joseph's Hospital,Nursing,Cohort Rotation,8,8,"12194, 12195, 12196, 12197, 12198, 12199, 12200, 12201",10/4/24,11/15/24,6:30,13:00,45,Fri,ID Missing,No Preceptor Assigned,Fundamentals,3209 - Holistic Nursing,4S ortho,Archived (Completed)
461671,Georgia State University - Perimeter College,Emory Long Term Acute Care Hospital,Nursing,Cohort Rotation,4,6,"12202, 12203, 12204, 12205",9/6/24,11/8/24,7:00,19:00,96,Fri,ID Missing,No Preceptor Assigned,MedSurg - Acute Care,NURS 1930 - Intermediate Concepts of Nursing,LTAC,Archived (Completed)
461851,Chamberlain College of Nursing - Atlanta,Emory Decatur Hospital,Nursing,Precepted Rotation,1,1,11948,5/6/24,6/29/24,0:00,23:59,96,,ID Missing,No Preceptor Assigned,To Be Determined,NR 446 - Senior Practicum - Collaborative Healthcare,ICU - 2500,Archived (Completed)
461853,Chamberlain College of Nursing - Atlanta,Emory Decatur Hospital,Nursing,Precepted Rotation,1,1,12206,5/6/24,6/29/24,0:00,23:59,96,,ID Missing,No Preceptor Assigned,To Be Determined,NR 446 - Senior Practicum - Collaborative Healthcare,ICU - 2500,Archived (Completed)
461884,Chamberlain College of Nursing - Georgia,Emory Decatur Hospital,Nursing,Precepted Rotation,1,1,12207,5/6/24,6/29/24,0:00,23:59,96,,ID Missing,No Preceptor Assigned,Stepdown/Progressive,NR 446 - Senior Practicum - Collaborative Healthcare,Stepdown Unit - 2600,Archived (Withdrawn)
461888,Chamberlain College of Nursing - Atlanta,Emory Decatur Hospital,Nursing,Precepted Rotation,1,1,10095,5/6/24,6/29/24,0:00,23:59,96,,ID Missing,No Preceptor Assigned,Stepdown/Progressive,NR 446 - Senior Practicum - Collaborative Healthcare,Stepdown Unit - 2600,Archived (Completed)
465139,Emory University - SON Pre-licensure,"Emory Offsite Locations - The Emory Clinic, Ambulatory Surgery Centers And The Emory Specialty Assocs",Nursing,Precepted Rotation,1,1,11108,5/17/24,6/26/24,0:00,23:59,132,"Mon, Thu, Fri, Sat, Sun",2020,ID Missing,Practicum,NRSG 648 MN - Transitions to Nursing Practice,Other (see comments),Archived (Completed)
465141,Emory University - SON Pre-licensure,Emory University Hospital,Nursing,Precepted Rotation,1,1,11037,5/17/24,6/26/24,0:00,23:59,132,"Mon, Thu, Fri, Sat, Sun",2020,"ID Missing, ID Missing",Practicum,NRSG 648 MN - Transitions to Nursing Practice,2D ICU: Neuro,Archived (Completed)
465244,Georgia State University - SON - Undergraduate,Emory University Hospital at Wesley Woods,Nursing,Cohort Rotation,6,8,"12208, 12209, 12210, 12211, 12212, 12213",8/29/24,10/10/24,6:30,16:30,70,Thu,ID Missing,No Preceptor Assigned,Psychiatry; Mental Health; Behavioral Medicine,NURS 3810 - Mental Health,-no preference-,Archived (Denied)
465261,Emory University - SON Pre-licensure,Emory University Hospital,Nursing,Precepted Rotation,1,1,11090,7/1/24,8/7/24,0:00,23:59,132,"Mon, Thu, Fri, Sat, Sun",ID Missing,"ID Missing, ID Missing",Practicum,NRSG 648 MN - Transitions to Nursing Practice,2D ICU: Neuro,Archived (Completed)
465263,Emory University - SON Pre-licensure,Emory University Hospital Midtown,Nursing,Precepted Rotation,1,1,11054,5/17/24,6/26/24,0:00,23:59,132,"Wed, Thu, Fri, Sat, Sun",2021,ID Missing,Practicum,NRSG 648 MN - Transitions to Nursing Practice,-no preference-,Archived (Completed)
465265,Emory University - SON Pre-licensure,Emory University Hospital Midtown,Nursing,Precepted Rotation,0,1,No Students Assigned,5/17/24,6/26/24,0:00,23:59,132,"Wed, Thu, Fri, Sat, Sun",ID Missing,ID Missing,Practicum,NRSG 648 MN - Transitions to Nursing Practice,-no preference-,Archived (Withdrawn)
465271,Emory University - SON Pre-licensure,Emory University Hospital Midtown,Nursing,Precepted Rotation,1,1,11030,7/1/24,8/7/24,0:00,23:59,132,"Wed, Thu, Fri, Sat, Sun",2021,"ID Missing, ID Missing",Practicum,NRSG 648 MN - Transitions to Nursing Practice,-no preference-,Archived (Completed)
465272,Emory University - SON Pre-licensure,Emory University Hospital Midtown,Nursing,Precepted Rotation,1,1,11019,7/1/24,8/7/24,0:00,23:59,132,"Wed, Thu, Fri, Sat, Sun",2021,"ID Missing, ID Missing",Practicum,NRSG 648 MN - Transitions to Nursing Practice,-no preference-,Archived (Completed)
465273,Emory University - SON Pre-licensure,Emory University Hospital Midtown,Nursing,Precepted Rotation,1,1,11109,5/17/24,6/26/24,0:00,23:59,132,"Mon, Thu, Fri, Sat, Sun",2021,ID Missing,Practicum,NRSG 648 MN - Transitions to Nursing Practice,ED: Emergency,Archived (Completed)
465276,Emory University - SON Pre-licensure,Emory University Hospital Midtown,Nursing,Precepted Rotation,1,1,11084,7/1/24,8/7/24,0:00,23:59,132,"Mon, Thu, Fri, Sat, Sun",2021,"ID Missing, ID Missing",Practicum,NRSG 648 MN - Transitions to Nursing Practice,ED: Emergency,Archived (Completed)
465278,Emory University - SON Pre-licensure,Emory University Hospital Midtown,Nursing,Precepted Rotation,1,1,11080,7/1/24,8/7/24,0:00,23:59,132,"Mon, Thu, Fri, Sat, Sun",2021,ID Missing,Practicum,NRSG 648 MN - Transitions to Nursing Practice,ED: Emergency,Archived (Completed)
465280,Emory University - SON Pre-licensure,Emory University Hospital Midtown,Nursing,Precepted Rotation,1,1,11009,7/1/24,8/7/24,0:00,23:59,132,"Mon, Thu, Fri, Sat, Sun",2021,ID Missing,Practicum,NRSG 648 MN - Transitions to Nursing Practice,ED: Emergency,Archived (Completed)
465281,Emory University - SON Pre-licensure,Emory Decatur Hospital,Nursing,Precepted Rotation,0,1,No Students Assigned,5/17/24,6/26/24,0:00,23:59,132,"Mon, Thu, Fri, Sat, Sun",ID Missing,ID Missing,Practicum,NRSG 648 MN - Transitions to Nursing Practice,Mother/Baby,Archived (Withdrawn)
465284,Emory University - SON Pre-licensure,Emory Decatur Hospital,Nursing,Precepted Rotation,1,1,11095,5/17/24,6/26/24,0:00,23:59,132,"Mon, Thu, Fri, Sat, Sun",2018,ID Missing,Practicum,NRSG 648 MN - Transitions to Nursing Practice,Mother/Baby,Archived (Completed)
465290,Emory University - SON Pre-licensure,Emory Decatur Hospital,Nursing,Precepted Rotation,1,1,11085,7/1/24,8/7/24,0:00,23:59,132,"Mon, Thu, Fri, Sat, Sun",2018,"ID Missing, ID Missing",Practicum,NRSG 648 MN - Transitions to Nursing Practice,Mother/Baby,Archived (Completed)
465291,Emory University - SON Pre-licensure,Emory Decatur Hospital,Nursing,Precepted Rotation,1,1,11120,7/1/24,8/7/24,0:00,23:59,132,"Mon, Thu, Fri, Sat, Sun",2018,"ID Missing, ID Missing, ID Missing",Practicum,NRSG 648 MN - Transitions to Nursing Practice,Mother/Baby,Archived (Completed)
465295,Emory University - SON Pre-licensure,Emory Decatur Hospital,Nursing,Precepted Rotation,0,1,No Students Assigned,5/17/24,6/26/24,0:00,23:59,132,"Mon, Thu, Fri, Sat, Sun",ID Missing,ID Missing,Practicum,NRSG 648 MN - Transitions to Nursing Practice,ICU - 2500,Archived (Withdrawn)
465297,Emory University - SON Pre-licensure,Emory Decatur Hospital,Nursing,Precepted Rotation,1,1,11069,5/17/24,6/26/24,0:00,23:59,132,"Mon, Thu, Fri, Sat, Sun",2018,"3007, ID Missing",Practicum,NRSG 648 MN - Transitions to Nursing Practice,ICU - 2500,Archived (Completed)
465299,Emory University - SON Pre-licensure,Emory Decatur Hospital,Nursing,Precepted Rotation,1,1,11126,7/1/24,8/7/24,0:00,23:59,132,"Mon, Thu, Fri, Sat, Sun",2018,"3007, ID Missing",Practicum,NRSG 648 MN - Transitions to Nursing Practice,ICU - 2500,Archived (Completed)
465300,Emory University - SON Pre-licensure,Emory Decatur Hospital,Nursing,Precepted Rotation,1,1,11001,7/1/24,8/7/24,0:00,23:59,132,"Mon, Thu, Fri, Sat, Sun",2018,3003,Practicum,NRSG 648 MN - Transitions to Nursing Practice,ICU - 2500,Archived (Completed)
465593,Emory University - SON Pre-licensure,Emory Johns Creek Hospital,Nursing,Precepted Rotation,0,1,No Students Assigned,5/17/24,6/26/24,0:00,23:59,132,"Wed, Thu, Fri, Sat, Sun",ID Missing,ID Missing,Practicum,NRSG 648 MN - Transitions to Nursing Practice,"Maternity: M/B, L&D, NICU",Archived (Withdrawn)
465599,Emory University - SON Pre-licensure,Emory Saint Joseph's Hospital,Nursing,Precepted Rotation,1,1,11130,5/17/24,6/26/24,0:00,23:59,132,"Mon, Thu, Fri, Sat, Sun",2020,ID Missing,Practicum,NRSG 648 MN - Transitions to Nursing Practice,2SW CVICU,Archived (Completed)
465603,Emory University - SON Pre-licensure,Emory Saint Joseph's Hospital,Nursing,Precepted Rotation,1,1,11024,5/17/24,6/26/24,0:00,23:59,132,"Wed, Thu, Fri, Sat, Sun",2020,"ID Missing, ID Missing",Practicum,NRSG 648 MN - Transitions to Nursing Practice,2SW CVICU,Archived (Completed)
465606,Emory University - SON Pre-licensure,Emory Saint Joseph's Hospital,Nursing,Precepted Rotation,1,1,11086,7/1/24,8/7/24,0:00,23:59,132,"Mon, Thu, Fri, Sat, Sun",2012,ID Missing,Practicum,NRSG 648 MN - Transitions to Nursing Practice,2SW CVICU,Archived (Completed)
465609,Emory University - SON Pre-licensure,Emory Saint Joseph's Hospital,Nursing,Precepted Rotation,0,1,No Students Assigned,7/1/24,8/7/24,0:00,23:59,132,"Wed, Thu, Fri, Sat, Sun",ID Missing,ID Missing,Practicum,NRSG 648 MN - Transitions to Nursing Practice,2SW CVICU,Archived (Completed)
465611,Emory University - SON Pre-licensure,Emory Saint Joseph's Hospital,Nursing,Precepted Rotation,1,1,11129,5/17/24,6/26/24,0:00,23:59,132,"Mon, Thu, Fri, Sat, Sun",2020,ID Missing,Practicum,NRSG 648 MN - Transitions to Nursing Practice,2W CCU,Archived (Completed)
465613,Emory University - SON Pre-licensure,Emory Saint Joseph's Hospital,Nursing,Precepted Rotation,1,1,10407,7/1/24,8/7/24,0:00,23:59,132,"Mon, Thu, Fri, Sat, Sun",2012,"ID Missing, ID Missing",Practicum,NRSG 648 MN - Transitions to Nursing Practice,2W CCU,Archived (Completed)
465617,Emory University - SON Pre-licensure,Emory Saint Joseph's Hospital,Nursing,Precepted Rotation,1,1,11011,5/17/24,6/26/24,0:00,23:59,132,"Mon, Thu, Fri, Sat, Sun",2020,"ID Missing, ID Missing",Practicum,NRSG 648 MN - Transitions to Nursing Practice,2E MSICU,Archived (Completed)
465620,Emory University - SON Pre-licensure,Emory Saint Joseph's Hospital,Nursing,Precepted Rotation,1,1,11003,7/1/24,8/7/24,0:00,23:59,132,"Mon, Thu, Fri, Sat, Sun",2012,"ID Missing, ID Missing",Practicum,NRSG 648 MN - Transitions to Nursing Practice,2E MSICU,Archived (Completed)
465624,Emory University - SON Pre-licensure,Emory University Hospital,Nursing,Precepted Rotation,1,1,11096,5/17/24,6/26/24,0:00,23:59,132,"Mon, Thu, Fri, Sat, Sun",2020,ID Missing,Practicum,NRSG 648 MN - Transitions to Nursing Practice,MICU,Archived (Completed)
465628,Emory University - SON Pre-licensure,Emory University Hospital,Nursing,Precepted Rotation,1,1,11068,5/17/24,6/26/24,0:00,23:59,132,"Wed, Thu, Fri, Sat, Sun",ID Missing,ID Missing,Practicum,NRSG 648 MN - Transitions to Nursing Practice,MICU,Archived (Completed)
465632,Emory University - SON Pre-licensure,Emory University Hospital,Nursing,Precepted Rotation,1,1,11026,7/1/24,8/7/24,0:00,23:59,132,"Mon, Thu, Fri, Sat, Sun",ID Missing,ID Missing,Practicum,NRSG 648 MN - Transitions to Nursing Practice,MICU,Archived (Completed)
465635,Emory University - SON Pre-licensure,Emory University Hospital,Nursing,Precepted Rotation,0,1,No Students Assigned,7/1/24,8/7/24,0:00,23:59,132,"Wed, Thu, Fri, Sat, Sun",ID Missing,ID Missing,Practicum,NRSG 648 MN - Transitions to Nursing Practice,MICU,Archived (Completed)
465638,Emory University - SON Pre-licensure,Emory University Hospital Midtown,Nursing,Precepted Rotation,1,1,11099,5/17/24,6/26/24,0:00,23:59,132,"Mon, Thu, Fri, Sat, Sun",ID Missing,"ID Missing, ID Missing, ID Missing",Practicum,NRSG 648 MN - Transitions to Nursing Practice,Nurseries (DEU): NICU,Archived (Completed)
465642,Emory University - SON Pre-licensure,Emory University Hospital Midtown,Nursing,Precepted Rotation,1,1,11107,5/17/24,6/26/24,0:00,23:59,132,"Mon, Thu, Fri, Sat, Sun",2012,"ID Missing, ID Missing, ID Missing",Practicum,NRSG 648 MN - Transitions to Nursing Practice,Nurseries (DEU): NICU,Archived (Completed)
465644,Emory University - SON Pre-licensure,Emory University Hospital Midtown,Nursing,Precepted Rotation,1,1,11128,7/1/24,8/7/24,0:00,23:59,132,"Mon, Thu, Fri, Sat, Sun",2009,ID Missing,Practicum,NRSG 648 MN - Transitions to Nursing Practice,Nurseries (DEU): NICU,Archived (Completed)
465645,Emory University - SON Pre-licensure,Emory University Hospital Midtown,Nursing,Precepted Rotation,1,1,11106,7/1/24,8/7/24,0:00,23:59,132,"Mon, Thu, Fri, Sat, Sun",2021,ID Missing,Practicum,NRSG 648 MN - Transitions to Nursing Practice,Nurseries (DEU): NICU,Archived (Completed)
466694,South College - Atlanta Campus - Nursing,Emory Decatur Hospital,Nursing,Cohort Rotation,6,6,"12214, 12215, 12216, 12217, 12218, 12219",7/13/24,8/10/24,7:00,19:00,60,Sat,ID Missing,No Preceptor Assigned,Psychiatry; Mental Health; Behavioral Medicine,NGS3233 - Mental Health Nursing,Behavioral Health  - 2800,Archived (Completed)
467024,Chamberlain College of Nursing - Atlanta,Emory University Orthopaedics And Spine Hospital,Nursing,Precepted Rotation,1,1,12220,5/6/24,6/28/24,0:00,23:59,96,,ID Missing,No Preceptor Assigned,Leadership,NR 446 - Senior Practicum - Collaborative Healthcare,2-4 floors: Orthopaedics,Archived (Completed)
467028,Chamberlain College of Nursing - Atlanta,Emory Decatur Hospital,Nursing,Precepted Rotation,1,2,10734,5/6/24,6/28/24,0:00,23:59,96,,ID Missing,No Preceptor Assigned,Leadership,NR 446 - Senior Practicum - Collaborative Healthcare,General Surgery - 3400,Archived (Completed)
467105,Emory University - SON Pre-licensure,Emory Johns Creek Hospital,Nursing,Precepted Rotation,1,1,11083,5/17/24,6/26/24,0:00,23:59,132,"Mon, Thu, Fri, Sat, Sun",ID Missing,"ID Missing, ID Missing",Practicum,NRSG 648 MN - Transitions to Nursing Practice,ED: emergency and CDU,Archived (Completed)
467109,Emory University - SON Pre-licensure,Emory Johns Creek Hospital,Nursing,Precepted Rotation,0,1,No Students Assigned,5/17/24,6/26/24,0:00,23:59,132,"Mon, Thu, Fri, Sat, Sun",ID Missing,ID Missing,Practicum,NRSG 648 MN - Transitions to Nursing Practice,ED: emergency,Archived (Withdrawn)
467110,Emory University - SON Pre-licensure,Emory Johns Creek Hospital,Nursing,Precepted Rotation,0,1,No Students Assigned,7/1/24,8/7/24,0:00,23:59,132,"Mon, Thu, Fri, Sat, Sun",ID Missing,ID Missing,Practicum,NRSG 648 MN - Transitions to Nursing Practice,ED: emergency and CDU,Archived (Completed)
467113,Emory University - SON Pre-licensure,Emory Johns Creek Hospital,Nursing,Precepted Rotation,0,1,No Students Assigned,7/1/24,8/7/24,0:00,23:59,132,"Mon, Thu, Fri, Sat, Sun",ID Missing,ID Missing,Practicum,NRSG 648 MN - Transitions to Nursing Practice,ED: emergency and CDU,Archived (Completed)
467116,Emory University - SON Pre-licensure,Emory Johns Creek Hospital,Nursing,Precepted Rotation,1,1,11010,7/1/24,8/7/24,0:00,23:59,132,"Wed, Thu, Fri, Sat, Sun",ID Missing,ID Missing,Practicum,NRSG 648 MN - Transitions to Nursing Practice,"Maternity: M/B, L&D, NICU",Archived (Completed)
467121,Emory University - SON Pre-licensure,Emory Decatur Hospital,Nursing,Precepted Rotation,1,1,11005,5/17/24,6/26/24,0:00,23:59,132,"Wed, Thu, Fri, Sat, Sun",2018,ID Missing,Practicum,NRSG 648 MN - Transitions to Nursing Practice,NICU,Archived (Completed)
467124,Emory University - SON Pre-licensure,Emory Decatur Hospital,Nursing,Precepted Rotation,1,1,11102,5/17/24,6/26/24,0:00,23:59,132,"Wed, Thu, Fri, Sat, Sun",2018,ID Missing,Practicum,NRSG 648 MN - Transitions to Nursing Practice,NICU,Archived (Completed)
467126,Emory University - SON Pre-licensure,Emory Decatur Hospital,Nursing,Precepted Rotation,1,1,10412,7/1/24,8/7/24,0:00,23:59,132,"Mon, Thu, Fri, Sat, Sun",2018,ID Missing,Practicum,NRSG 648 MN - Transitions to Nursing Practice,NICU,Archived (Completed)
467130,Emory University - SON Pre-licensure,Emory Decatur Hospital,Nursing,Precepted Rotation,1,1,11022,7/1/24,8/7/24,0:00,23:59,132,"Mon, Thu, Fri, Sat, Sun",2018,ID Missing,Practicum,NRSG 648 MN - Transitions to Nursing Practice,NICU,Archived (Completed)
467499,Chamberlain College of Nursing - Atlanta,"Emory Offsite Locations - The Emory Clinic, Ambulatory Surgery Centers And The Emory Specialty Assocs",Nursing,Precepted Rotation,1,2,12221,5/6/24,6/29/24,0:00,23:59,96,,ID Missing,No Preceptor Assigned,Leadership,NR 446 - Senior Practicum - Collaborative Healthcare,Dunwoody Ortho/ASC,Archived (Completed)
467500,Chamberlain College of Nursing - Atlanta,Emory University Hospital Midtown,Nursing,Precepted Rotation,1,1,10864,5/6/24,6/29/24,0:00,23:59,96,,ID Missing,No Preceptor Assigned,Leadership,NR 446 - Senior Practicum - Collaborative Healthcare,OR: Surgery,Archived (Completed)
468181,Emory University - SON Pre-licensure,Emory University Hospital,Nursing,Precepted Rotation,1,1,11017,5/17/24,6/26/24,0:00,23:59,132,"Mon, Thu, Fri, Sat, Sun",2020,"ID Missing, ID Missing, ID Missing",Practicum,NRSG 648 MN - Transitions to Nursing Practice,CVICU,Archived (Completed)
468182,Emory University - SON Pre-licensure,Emory University Hospital,Nursing,Precepted Rotation,0,1,No Students Assigned,5/17/24,6/26/24,0:00,23:59,132,"Mon, Thu, Fri, Sat, Sun",ID Missing,ID Missing,Practicum,NRSG 648 MN - Transitions to Nursing Practice,-no preference-,Archived (Withdrawn)
468183,Emory University - SON Pre-licensure,Emory University Hospital,Nursing,Precepted Rotation,1,1,11070,7/1/24,8/7/24,0:00,23:59,132,"Mon, Thu, Fri, Sat, Sun",ID Missing,ID Missing,Practicum,NRSG 648 MN - Transitions to Nursing Practice,-no preference-,Archived (Completed)
468184,Emory University - SON Pre-licensure,Emory University Hospital,Nursing,Precepted Rotation,0,1,No Students Assigned,5/17/24,6/26/24,0:00,23:59,132,"Mon, Thu, Fri, Sat, Sun",ID Missing,ID Missing,Practicum,NRSG 648 MN - Transitions to Nursing Practice,9T: Bone Marrow Transplant,Archived (Withdrawn)
468185,Emory University - SON Pre-licensure,Emory University Hospital,Nursing,Precepted Rotation,1,1,11038,7/1/24,8/7/24,0:00,23:59,132,"Mon, Thu, Fri, Sat, Sun",ID Missing,ID Missing,Practicum,NRSG 648 MN - Transitions to Nursing Practice,9T: Bone Marrow Transplant,Archived (Completed)
468186,Emory University - SON Pre-licensure,Emory University Hospital Midtown,Nursing,Precepted Rotation,1,1,11013,5/17/24,6/26/24,0:00,23:59,132,"Mon, Thu, Fri, Sat, Sun",2021,ID Missing,Practicum,NRSG 648 MN - Transitions to Nursing Practice,42/54: Mother/Baby,Archived (Completed)
468187,Emory University - SON Pre-licensure,Emory University Hospital Midtown,Nursing,Precepted Rotation,1,1,11043,7/1/24,8/7/24,0:00,23:59,132,"Mon, Thu, Fri, Sat, Sun",2021,"ID Missing, ID Missing",Practicum,NRSG 648 MN - Transitions to Nursing Practice,42/54: Mother/Baby,Archived (Completed)
468188,Emory University - SON Pre-licensure,Emory Decatur Hospital,Nursing,Precepted Rotation,1,1,10535,5/17/24,6/26/24,0:00,23:59,132,"Mon, Thu, Fri, Sat, Sun",2018,ID Missing,Practicum,NRSG 648 MN - Transitions to Nursing Practice,Behavioral Health  - 2800,Archived (Completed)
468189,Emory University - SON Pre-licensure,Emory University Orthopaedics And Spine Hospital,Nursing,Precepted Rotation,1,1,11100,5/17/24,6/26/24,0:00,23:59,132,"Mon, Thu, Fri, Sat, Sun",2020,ID Missing,Practicum,NRSG 648 MN - Transitions to Nursing Practice,2-4 floors: Orthopaedics,Archived (Completed)
468190,Emory University - SON Pre-licensure,Emory University Orthopaedics And Spine Hospital,Nursing,Precepted Rotation,1,1,11044,7/1/24,8/7/24,0:00,23:59,132,"Mon, Thu, Fri, Sat, Sun",2012,ID Missing,Practicum,NRSG 648 MN - Transitions to Nursing Practice,2-4 floors: Orthopaedics,Archived (Completed)
468191,Emory University - SON Pre-licensure,Emory Hillandale Hospital,Nursing,Precepted Rotation,1,1,11049,5/17/24,6/26/24,0:00,23:59,132,"Mon, Thu, Fri, Sat, Sun",2018,ID Missing,Practicum,NRSG 648 MN - Transitions to Nursing Practice,Emergency Dept,Archived (Completed)
468746,Emory University - SON Pre-licensure,Emory University Hospital,Nursing,Precepted Rotation,1,1,11071,5/17/24,6/26/24,0:00,23:59,132,"Mon, Thu, Fri, Sat, Sun",2020,"ID Missing, ID Missing",Practicum,NRSG 648 MN - Transitions to Nursing Practice,ED: Emergency,Archived (Completed)
468751,Emory University - SON Pre-licensure,Emory University Hospital,Nursing,Precepted Rotation,1,1,11018,7/1/24,8/7/24,0:00,23:59,132,"Mon, Thu, Fri, Sat, Sun",ID Missing,ID Missing,Practicum,NRSG 648 MN - Transitions to Nursing Practice,ED: Emergency,Archived (Completed)
468755,Emory University - SON Pre-licensure,Emory Decatur Hospital,Nursing,Precepted Rotation,1,1,10463,5/17/24,6/26/24,0:00,23:59,132,"Mon, Thu, Fri, Sat, Sun",ID Missing,ID Missing,Practicum,NRSG 648 MN - Transitions to Nursing Practice,PACU,Archived (Completed)
468760,Emory University - SON Pre-licensure,Emory Decatur Hospital,Nursing,Precepted Rotation,1,1,10418,7/1/24,8/7/24,0:00,23:59,132,"Mon, Thu, Fri, Sat, Sun",2018,ID Missing,Practicum,NRSG 648 MN - Transitions to Nursing Practice,PACU,Archived (Completed)
468923,Emory University - SON Pre-licensure,Emory University Hospital Midtown,Nursing,Precepted Rotation,1,1,11123,7/1/24,8/7/24,0:00,23:59,132,"Mon, Thu, Fri, Sat, Sun",2021,"ID Missing, ID Missing",Practicum,NRSG 648 MN - Transitions to Nursing Practice,11: CV Surgery SD,Archived (Completed)
468932,Emory University - SON Pre-licensure,Emory University Hospital Midtown,Nursing,Precepted Rotation,1,1,11016,7/1/24,8/7/24,0:00,23:59,132,"Mon, Thu, Fri, Sat, Sun",2021,ID Missing,Practicum,NRSG 648 MN - Transitions to Nursing Practice,OR: Surgery,Archived (Completed)
469068,Chamberlain College of Nursing - Atlanta,Emory Decatur Hospital,Nursing,Cohort Rotation,8,8,"12222, 10903, 11951, 10912, 10938, 10172, 10161, 12223",5/10/24,6/14/24,7:00,19:00,48,Fri,ID Missing,No Preceptor Assigned,Psychiatry; Mental Health; Behavioral Medicine,NR 326 - Mental Health Nursing,Behavioral Health (acute) - 1800,Archived (Completed)
469882,Emory University - SON Pre-licensure,Emory Decatur Hospital,Nursing,Precepted Rotation,1,1,11050,7/1/24,8/7/24,0:00,23:59,132,"Mon, Thu, Fri, Sat, Sun",2018,ID Missing,Practicum,NRSG 648 MN - Transitions to Nursing Practice,Emergency Dept- North Decatur,Archived (Completed)
469883,Emory University - SON Pre-licensure,Emory Decatur Hospital,Nursing,Precepted Rotation,0,1,No Students Assigned,5/17/24,6/26/24,0:00,23:59,132,"Mon, Thu, Fri, Sat, Sun",ID Missing,ID Missing,Practicum,NRSG 648 MN - Transitions to Nursing Practice,Emergency Dept- North Decatur,Archived (Withdrawn)
469910,Chamberlain College of Nursing - Atlanta,Emory Johns Creek Hospital,Nursing,Cohort Rotation,8,8,"11681, 12224, 12225, 10148, 12226, 11891, 11260, 12227",9/7/24,10/26/24,7:00,19:00,96,Sat,"ID Missing, ID Missing",No Preceptor Assigned,To Be Determined,NR 446 - Collaborative Health,3rd floor: med-surg,Archived (Completed)
469911,Chamberlain College of Nursing - Atlanta,Emory Saint Joseph's Hospital,Nursing,Cohort Rotation,8,8,"12228, 12229, 12230, 11684, 10170, 12231, 10157, 11703",9/4/24,10/23/24,7:00,19:00,96,Wed,ID Missing,No Preceptor Assigned,To Be Determined,NR 446 - Collaborative Health,6E internal medicine,Archived (Completed)
469912,Chamberlain College of Nursing - Georgia,Emory Decatur Hospital,Nursing,Cohort Rotation,0,6,No Students Assigned,9/5/24,10/24/24,7:00,19:00,96,Thu,ID Missing,No Preceptor Assigned,To Be Determined,NR 446 - Collaborative Health,General Surgery - 3400,Archived (Withdrawn)
469913,Chamberlain College of Nursing - Atlanta,Emory Saint Joseph's Hospital,Nursing,Cohort Rotation,7,8,"12207, 12232, 10043, 12233, 10105, 10928, 12234",9/2/24,10/21/24,7:00,19:00,96,Mon,ID Missing,No Preceptor Assigned,To Be Determined,NR 446 - Collaborative Health,3SW GI medicine/bariatrics,Archived (Completed)
469915,Chamberlain College of Nursing - Atlanta,Emory Hillandale Hospital,Nursing,Cohort Rotation,7,8,"12235, 12236, 11709, 12237, 10855, 10865, 12238",9/2/24,10/21/24,7:00,19:00,96,Mon,ID Missing,No Preceptor Assigned,To Be Determined,NR 446 - Collaborative Health,4th floor - telemetry,Archived (Completed)
470466,Emory University - SON Pre-licensure,Emory Johns Creek Hospital,Nursing,Precepted Rotation,0,1,No Students Assigned,5/17/24,6/26/24,0:00,23:59,132,"Mon, Thu, Fri, Sat, Sun",ID Missing,ID Missing,Practicum,NRSG 648 MN - Transitions to Nursing Practice,OR,Archived (Withdrawn)
472400,Kennesaw State University - Nursing,"Emory Offsite Locations - The Emory Clinic, Ambulatory Surgery Centers And The Emory Specialty Assocs",Nursing,Cohort Rotation,9,12,"12239, 12240, 12241, 12242, 12243, 11184, 12244, 12245, 12246",10/9/24,10/9/24,8:00,17:00,8,Wed,ID Missing,No Preceptor Assigned,Observation,4437 - Med/Surg Specialty Elective,Other (see comments),Archived (Completed)
472403,Kennesaw State University - Nursing,"Emory Offsite Locations - The Emory Clinic, Ambulatory Surgery Centers And The Emory Specialty Assocs",Nursing,Cohort Rotation,5,12,"12239, 12241, 12242, 12243, 12246",11/6/24,11/6/24,8:00,17:00,8,Wed,ID Missing,No Preceptor Assigned,Observation,4437 - Med/Surg Specialty Elective,Other (see comments),Archived (Completed)
472884,South College - Atlanta Campus - Nursing,Emory Decatur Hospital,Nursing,Cohort Rotation,0,6,No Students Assigned,8/17/24,9/14/24,7:00,19:00,60,Sat,ID Missing,No Preceptor Assigned,Psychiatry; Mental Health; Behavioral Medicine,NGS3233 - Mental Health Nursing,Behavioral Health  - 2800,Archived (Denied)
473956,Chamberlain College of Nursing - Georgia,Emory Decatur Hospital,Nursing,Cohort Rotation,0,8,No Students Assigned,7/12/24,8/16/24,7:00,19:00,48,Fri,ID Missing,No Preceptor Assigned,Psychiatry; Mental Health; Behavioral Medicine,NR 326 - Mental Health Nursing,Behavioral Health  - 2800,Archived (Withdrawn)
475699,Georgia State University - SON - Undergraduate,Emory Decatur Hospital,Nursing,Cohort Rotation,8,8,"12247, 12248, 12208, 12209, 12210, 12211, 12212, 12249",8/29/24,10/10/24,6:30,4:30,70,Thu,ID Missing,No Preceptor Assigned,Psychiatry; Mental Health; Behavioral Medicine,NURS 3810 - Mental Health,Behavioral Health  - 2800,Archived (Completed)
476211,South College - Atlanta Campus - Nursing,Emory Decatur Hospital,Nursing,Precepted Rotation,1,1,12250,6/26/24,9/19/24,0:00,23:59,150,"Mon, Tue, Wed, Fri, Sat, Sun",ID Missing,No Preceptor Assigned,MedSurg - Acute Care,NSG 4613 - Adult Health Practicum,General Medical - 4500,Archived (Completed)
477110,South College - Atlanta Campus - Nursing,Emory Hillandale Hospital,Nursing,Precepted Rotation,0,1,No Students Assigned,6/26/24,9/19/24,0:00,23:59,150,"Mon, Tue, Wed, Fri, Sat, Sun",ID Missing,No Preceptor Assigned,MedSurg - Acute Care,NSG 4613 - Adult Health Practicum,-no preference-,Archived (Denied)
477119,South College - Atlanta Campus - Nursing,Emory Decatur Hospital,Nursing,Precepted Rotation,1,1,12251,6/26/24,9/19/24,0:00,23:59,150,"Mon, Tue, Wed, Fri, Sat, Sun",ID Missing,No Preceptor Assigned,Perinatal - OB,NSG 4613 - Adult Health Practicum,NICU,Archived (Withdrawn)
477121,South College - Atlanta Campus - Nursing,"Emory Offsite locations - The Emory Clinic, Ambulatory Surgery Centers and the Emory Specialty Assocs",Nursing,Precepted Rotation,1,1,12252,6/26/24,9/19/24,0:00,23:59,150,"Mon, Tue, Wed, Fri, Sat, Sun",ID Missing,No Preceptor Assigned,MedSurg - Acute Care,NSG 4613 - Adult Health Practicum,-no preference-,Archived (Denied)
477530,Emory University - SON Pre-licensure,"Emory Offsite Locations - The Emory Clinic, Ambulatory Surgery Centers And The Emory Specialty Assocs",Nursing,Precepted Rotation,1,1,10393,5/30/24,6/24/24,0:00,23:59,24,Thu,ID Missing,ID Missing,Ambulatory,NRSG 676 MN - Care Transitions Practicum,Other (see comments),Archived (Completed)
477531,Emory University - SON Pre-licensure,"Emory Offsite Locations - The Emory Clinic, Ambulatory Surgery Centers And The Emory Specialty Assocs",Nursing,Precepted Rotation,1,1,11003,5/30/24,6/24/24,0:00,23:59,24,Thu,ID Missing,ID Missing,Ambulatory,NRSG 676 MN - Care Transitions Practicum,Other (see comments),Archived (Completed)
477533,Emory University - SON Pre-licensure,"Emory Offsite Locations - The Emory Clinic, Ambulatory Surgery Centers And The Emory Specialty Assocs",Nursing,Precepted Rotation,1,1,11094,5/30/24,6/24/24,0:00,23:59,24,Thu,ID Missing,ID Missing,Ambulatory,NRSG 676 MN - Care Transitions Practicum,Other (see comments),Archived (Completed)
477534,Emory University - SON Pre-licensure,"Emory Offsite Locations - The Emory Clinic, Ambulatory Surgery Centers And The Emory Specialty Assocs",Nursing,Precepted Rotation,1,1,11010,5/30/24,6/24/24,0:00,23:59,24,Thu,ID Missing,ID Missing,Ambulatory,NRSG 676 MN - Care Transitions Practicum,Other (see comments),Archived (Completed)
477535,Emory University - SON Pre-licensure,"Emory Offsite Locations - The Emory Clinic, Ambulatory Surgery Centers And The Emory Specialty Assocs",Nursing,Precepted Rotation,1,1,11097,5/30/24,6/24/24,0:00,23:59,24,Thu,ID Missing,ID Missing,Ambulatory,NRSG 676 MN - Care Transitions Practicum,Other (see comments),Archived (Completed)
477536,Emory University - SON Pre-licensure,"Emory Offsite Locations - The Emory Clinic, Ambulatory Surgery Centers And The Emory Specialty Assocs",Nursing,Precepted Rotation,1,1,11019,5/30/24,6/24/24,0:00,23:59,24,Thu,ID Missing,ID Missing,Ambulatory,NRSG 676 MN - Care Transitions Practicum,Other (see comments),Archived (Completed)
477596,Emory University - SON Pre-licensure,"Emory Offsite Locations - The Emory Clinic, Ambulatory Surgery Centers And The Emory Specialty Assocs",Nursing,Precepted Rotation,1,1,11029,5/30/24,6/24/24,0:00,23:59,24,Thu,ID Missing,ID Missing,Ambulatory,NRSG 676 MN - Care Transitions Practicum,Other (see comments),Archived (Completed)
477599,Emory University - SON Pre-licensure,"Emory Offsite Locations - The Emory Clinic, Ambulatory Surgery Centers And The Emory Specialty Assocs",Nursing,Precepted Rotation,1,1,11086,5/30/24,6/24/24,0:00,23:59,24,Thu,ID Missing,ID Missing,Ambulatory,NRSG 676 MN - Care Transitions Practicum,Other (see comments),Archived (Completed)
477602,Emory University - SON Pre-licensure,"Emory Offsite Locations - The Emory Clinic, Ambulatory Surgery Centers And The Emory Specialty Assocs",Nursing,Precepted Rotation,1,1,11106,5/30/24,6/24/24,0:00,23:59,24,Thu,ID Missing,ID Missing,Ambulatory,NRSG 676 MN - Care Transitions Practicum,Other (see comments),Archived (Completed)
477603,Emory University - SON Pre-licensure,"Emory Offsite Locations - The Emory Clinic, Ambulatory Surgery Centers And The Emory Specialty Assocs",Nursing,Precepted Rotation,1,1,11057,5/30/24,6/24/24,0:00,23:59,24,Thu,ID Missing,ID Missing,Ambulatory,NRSG 676 MN - Care Transitions Practicum,Other (see comments),Archived (Completed)
477606,Emory University - SON Pre-licensure,"Emory Offsite Locations - The Emory Clinic, Ambulatory Surgery Centers And The Emory Specialty Assocs",Nursing,Precepted Rotation,1,1,11039,5/30/24,6/24/24,0:00,23:59,24,Thu,ID Missing,ID Missing,Ambulatory,NRSG 676 MN - Care Transitions Practicum,Other (see comments),Archived (Completed)
477612,Emory University - SON Pre-licensure,"Emory Offsite Locations - The Emory Clinic, Ambulatory Surgery Centers And The Emory Specialty Assocs",Nursing,Precepted Rotation,1,1,11026,5/30/24,6/24/24,0:00,23:59,24,,ID Missing,ID Missing,Ambulatory,NRSG 676 MN - Care Transitions Practicum,Other (see comments),Archived (Completed)
477622,Emory University - SON Pre-licensure,"Emory Offsite Locations - The Emory Clinic, Ambulatory Surgery Centers And The Emory Specialty Assocs",Nursing,Precepted Rotation,1,1,10372,5/30/24,6/24/24,0:00,23:59,24,Thu,ID Missing,ID Missing,Ambulatory,NRSG 676 MN - Care Transitions Practicum,Other (see comments),Archived (Completed)
477623,Emory University - SON Pre-licensure,"Emory Offsite Locations - The Emory Clinic, Ambulatory Surgery Centers And The Emory Specialty Assocs",Nursing,Precepted Rotation,1,1,10998,5/30/24,6/24/24,0:00,23:59,24,Thu,ID Missing,ID Missing,Ambulatory,NRSG 676 MN - Care Transitions Practicum,Other (see comments),Archived (Completed)
477625,Emory University - SON Pre-licensure,"Emory Offsite Locations - The Emory Clinic, Ambulatory Surgery Centers And The Emory Specialty Assocs",Nursing,Precepted Rotation,1,1,11127,5/30/24,6/24/24,0:00,23:59,24,Thu,ID Missing,ID Missing,Ambulatory,NRSG 676 MN - Care Transitions Practicum,Other (see comments),Archived (Completed)
477629,Emory University - SON Pre-licensure,"Emory Offsite Locations - The Emory Clinic, Ambulatory Surgery Centers And The Emory Specialty Assocs",Nursing,Precepted Rotation,1,1,11128,5/30/24,6/24/24,0:00,23:59,24,Thu,ID Missing,ID Missing,Ambulatory,NRSG 676 MN - Care Transitions Practicum,Other (see comments),Archived (Completed)
477631,Emory University - SON Pre-licensure,"Emory Offsite Locations - The Emory Clinic, Ambulatory Surgery Centers And The Emory Specialty Assocs",Nursing,Precepted Rotation,1,1,10994,5/30/24,6/24/24,0:00,23:59,24,Thu,ID Missing,ID Missing,Ambulatory,NRSG 676 MN - Care Transitions Practicum,Other (see comments),Archived (Completed)
477840,Emory University - SON Pre-licensure,"Emory Offsite Locations - The Emory Clinic, Ambulatory Surgery Centers And The Emory Specialty Assocs",Nursing,Precepted Rotation,1,1,11004,5/30/24,6/24/24,0:00,23:59,24,Mon,ID Missing,ID Missing,Ambulatory,NRSG 676 MN - Care Transitions Practicum,Other (see comments),Archived (Completed)
477842,Emory University - SON Pre-licensure,"Emory Offsite Locations - The Emory Clinic, Ambulatory Surgery Centers And The Emory Specialty Assocs",Nursing,Precepted Rotation,1,1,11077,5/30/24,6/24/24,0:00,23:59,24,Mon,ID Missing,ID Missing,Ambulatory,NRSG 676 MN - Care Transitions Practicum,Other (see comments),Archived (Completed)
477843,Emory University - SON Pre-licensure,"Emory Offsite Locations - The Emory Clinic, Ambulatory Surgery Centers And The Emory Specialty Assocs",Nursing,Precepted Rotation,1,1,11063,5/30/24,6/24/24,0:00,23:59,24,Mon,ID Missing,ID Missing,Ambulatory,NRSG 676 MN - Care Transitions Practicum,Other (see comments),Archived (Completed)
477857,Emory University - SON Pre-licensure,"Emory Offsite Locations - The Emory Clinic, Ambulatory Surgery Centers And The Emory Specialty Assocs",Nursing,Precepted Rotation,1,1,11055,5/30/24,6/24/24,0:00,23:59,24,Mon,ID Missing,ID Missing,Ambulatory,NRSG 676 MN - Care Transitions Practicum,Other (see comments),Archived (Completed)
477858,Emory University - SON Pre-licensure,"Emory Offsite Locations - The Emory Clinic, Ambulatory Surgery Centers And The Emory Specialty Assocs",Nursing,Precepted Rotation,1,1,11080,5/30/24,6/24/24,0:00,23:59,24,Mon,ID Missing,ID Missing,Ambulatory,NRSG 676 MN - Care Transitions Practicum,Other (see comments),Archived (Completed)
477865,Emory University - SON Pre-licensure,"Emory Offsite Locations - The Emory Clinic, Ambulatory Surgery Centers And The Emory Specialty Assocs",Nursing,Precepted Rotation,1,1,11016,5/30/24,6/24/24,0:00,23:59,24,Mon,ID Missing,ID Missing,Ambulatory,NRSG 676 MN - Care Transitions Practicum,Other (see comments),Archived (Completed)
477869,Emory University - SON Pre-licensure,"Emory Offsite Locations - The Emory Clinic, Ambulatory Surgery Centers And The Emory Specialty Assocs",Nursing,Precepted Rotation,1,1,10412,5/30/24,6/24/24,0:00,23:59,24,Mon,ID Missing,ID Missing,Ambulatory,NRSG 676 MN - Care Transitions Practicum,Other (see comments),Archived (Completed)
477872,Emory University - SON Pre-licensure,"Emory Offsite Locations - The Emory Clinic, Ambulatory Surgery Centers And The Emory Specialty Assocs",Nursing,Precepted Rotation,1,1,11085,5/30/24,6/24/24,0:00,23:59,24,Mon,ID Missing,ID Missing,Ambulatory,NRSG 676 MN - Care Transitions Practicum,Other (see comments),Archived (Completed)
477874,Emory University - SON Pre-licensure,"Emory Offsite Locations - The Emory Clinic, Ambulatory Surgery Centers And The Emory Specialty Assocs",Nursing,Precepted Rotation,1,1,11120,5/30/24,6/24/24,0:00,23:59,24,Mon,ID Missing,ID Missing,Ambulatory,NRSG 676 MN - Care Transitions Practicum,Other (see comments),Archived (Completed)
477875,Emory University - SON Pre-licensure,"Emory Offsite Locations - The Emory Clinic, Ambulatory Surgery Centers And The Emory Specialty Assocs",Nursing,Precepted Rotation,1,1,11030,5/30/24,6/24/24,0:00,23:59,24,Mon,ID Missing,ID Missing,Ambulatory,NRSG 676 MN - Care Transitions Practicum,Other (see comments),Archived (Completed)
477879,Emory University - SON Pre-licensure,"Emory Offsite Locations - The Emory Clinic, Ambulatory Surgery Centers And The Emory Specialty Assocs",Nursing,Precepted Rotation,1,1,11050,5/30/24,6/24/24,0:00,23:59,24,Mon,ID Missing,ID Missing,Ambulatory,NRSG 676 MN - Care Transitions Practicum,Other (see comments),Archived (Completed)
477882,Emory University - SON Pre-licensure,"Emory Offsite Locations - The Emory Clinic, Ambulatory Surgery Centers And The Emory Specialty Assocs",Nursing,Precepted Rotation,1,1,11051,5/30/24,6/24/24,0:00,23:59,24,Mon,ID Missing,ID Missing,Ambulatory,NRSG 676 MN - Care Transitions Practicum,Other (see comments),Archived (Completed)
477883,Emory University - SON Pre-licensure,"Emory Offsite Locations - The Emory Clinic, Ambulatory Surgery Centers And The Emory Specialty Assocs",Nursing,Precepted Rotation,1,1,11123,5/30/24,6/24/24,0:00,23:59,24,Mon,ID Missing,ID Missing,Ambulatory,NRSG 676 MN - Care Transitions Practicum,Other (see comments),Archived (Completed)
477884,Emory University - SON Pre-licensure,"Emory Offsite Locations - The Emory Clinic, Ambulatory Surgery Centers And The Emory Specialty Assocs",Nursing,Precepted Rotation,1,1,11043,5/30/24,6/24/24,0:00,23:59,24,Mon,ID Missing,ID Missing,Ambulatory,NRSG 676 MN - Care Transitions Practicum,Other (see comments),Archived (Completed)
477885,Emory University - SON Pre-licensure,"Emory Offsite Locations - The Emory Clinic, Ambulatory Surgery Centers And The Emory Specialty Assocs",Nursing,Precepted Rotation,1,1,11126,5/30/24,6/24/24,0:00,23:59,24,Mon,ID Missing,ID Missing,Ambulatory,NRSG 676 MN - Care Transitions Practicum,Other (see comments),Archived (Completed)
477886,Emory University - SON Pre-licensure,"Emory Offsite Locations - The Emory Clinic, Ambulatory Surgery Centers And The Emory Specialty Assocs",Nursing,Precepted Rotation,1,1,11035,5/30/24,6/24/24,0:00,23:59,24,Mon,ID Missing,ID Missing,Ambulatory,NRSG 676 MN - Care Transitions Practicum,Other (see comments),Archived (Completed)
478024,Emory University - SON Pre-licensure,"Emory Offsite Locations - The Emory Clinic, Ambulatory Surgery Centers And The Emory Specialty Assocs",Nursing,Precepted Rotation,1,1,10106,5/30/24,6/24/24,0:00,23:59,24,Fri,ID Missing,ID Missing,Ambulatory,NRSG 676 MN - Care Transitions Practicum,Other (see comments),Archived (Completed)
478030,Emory University - SON Pre-licensure,"Emory Offsite Locations - The Emory Clinic, Ambulatory Surgery Centers And The Emory Specialty Assocs",Nursing,Precepted Rotation,1,1,10996,5/30/24,6/24/24,0:00,23:59,24,Fri,ID Missing,ID Missing,Ambulatory,NRSG 676 MN - Care Transitions Practicum,Other (see comments),Archived (Completed)
478031,Emory University - SON Pre-licensure,"Emory Offsite Locations - The Emory Clinic, Ambulatory Surgery Centers And The Emory Specialty Assocs",Nursing,Precepted Rotation,1,1,11070,5/30/24,6/24/24,0:00,23:59,24,Fri,ID Missing,ID Missing,Ambulatory,NRSG 676 MN - Care Transitions Practicum,Other (see comments),Archived (Completed)
478036,Emory University - SON Pre-licensure,"Emory Offsite Locations - The Emory Clinic, Ambulatory Surgery Centers And The Emory Specialty Assocs",Nursing,Precepted Rotation,1,1,11091,5/30/24,6/24/24,0:00,23:59,24,Fri,ID Missing,ID Missing,Ambulatory,NRSG 676 MN - Care Transitions Practicum,Other (see comments),Archived (Completed)
478037,Emory University - SON Pre-licensure,"Emory Offsite Locations - The Emory Clinic, Ambulatory Surgery Centers And The Emory Specialty Assocs",Nursing,Precepted Rotation,1,1,11028,5/30/24,6/24/24,0:00,23:59,24,Fri,ID Missing,ID Missing,Ambulatory,NRSG 676 MN - Care Transitions Practicum,Other (see comments),Archived (Completed)
478156,Emory University - SON Pre-licensure,"Emory Offsite Locations - The Emory Clinic, Ambulatory Surgery Centers And The Emory Specialty Assocs",Nursing,Precepted Rotation,1,1,11052,5/30/24,6/24/24,0:00,23:59,24,Fri,ID Missing,ID Missing,Ambulatory,NRSG 676 MN - Care Transitions Practicum,Other (see comments),Archived (Completed)
478157,Emory University - SON Pre-licensure,"Emory Offsite Locations - The Emory Clinic, Ambulatory Surgery Centers And The Emory Specialty Assocs",Nursing,Precepted Rotation,1,1,10389,5/30/24,6/24/24,0:00,23:59,24,Fri,ID Missing,ID Missing,Ambulatory,NRSG 676 MN - Care Transitions Practicum,Other (see comments),Archived (Completed)
478158,Emory University - SON Pre-licensure,"Emory Offsite Locations - The Emory Clinic, Ambulatory Surgery Centers And The Emory Specialty Assocs",Nursing,Precepted Rotation,1,1,11104,5/30/24,6/24/24,0:00,23:59,24,Fri,ID Missing,ID Missing,Ambulatory,NRSG 676 MN - Care Transitions Practicum,Other (see comments),Archived (Completed)
478160,Emory University - SON Pre-licensure,"Emory Offsite Locations - The Emory Clinic, Ambulatory Surgery Centers And The Emory Specialty Assocs",Nursing,Precepted Rotation,1,1,11006,5/30/24,6/24/24,0:00,23:59,24,Fri,ID Missing,ID Missing,Ambulatory,NRSG 676 MN - Care Transitions Practicum,Other (see comments),Archived (Completed)
478162,Emory University - SON Pre-licensure,"Emory Offsite Locations - The Emory Clinic, Ambulatory Surgery Centers And The Emory Specialty Assocs",Nursing,Precepted Rotation,1,1,11065,5/30/24,6/24/24,0:00,23:59,24,Fri,ID Missing,ID Missing,Ambulatory,NRSG 676 MN - Care Transitions Practicum,Other (see comments),Archived (Completed)
478163,Emory University - SON Pre-licensure,"Emory Offsite Locations - The Emory Clinic, Ambulatory Surgery Centers And The Emory Specialty Assocs",Nursing,Precepted Rotation,1,1,11018,5/30/24,6/24/24,0:00,23:59,24,Fri,ID Missing,ID Missing,Ambulatory,NRSG 676 MN - Care Transitions Practicum,Other (see comments),Archived (Completed)
478164,Emory University - SON Pre-licensure,"Emory Offsite Locations - The Emory Clinic, Ambulatory Surgery Centers And The Emory Specialty Assocs",Nursing,Precepted Rotation,1,1,11038,5/30/24,6/24/24,0:00,23:59,24,Fri,ID Missing,ID Missing,Ambulatory,NRSG 676 MN - Care Transitions Practicum,Other (see comments),Archived (Completed)
478166,Emory University - SON Pre-licensure,"Emory Offsite Locations - The Emory Clinic, Ambulatory Surgery Centers And The Emory Specialty Assocs",Nursing,Precepted Rotation,1,1,11027,5/30/24,6/24/24,0:00,23:59,24,Fri,ID Missing,ID Missing,Ambulatory,NRSG 676 MN - Care Transitions Practicum,Other (see comments),Archived (Completed)
478168,Emory University - SON Pre-licensure,"Emory Offsite Locations - The Emory Clinic, Ambulatory Surgery Centers And The Emory Specialty Assocs",Nursing,Precepted Rotation,1,1,11033,5/30/24,6/24/24,0:00,23:59,24,Fri,ID Missing,ID Missing,Ambulatory,NRSG 676 MN - Care Transitions Practicum,Other (see comments),Archived (Completed)
478169,Emory University - SON Pre-licensure,"Emory Offsite Locations - The Emory Clinic, Ambulatory Surgery Centers And The Emory Specialty Assocs",Nursing,Precepted Rotation,1,1,11090,5/30/24,6/24/24,0:00,23:59,24,Fri,ID Missing,ID Missing,Ambulatory,NRSG 676 MN - Care Transitions Practicum,Other (see comments),Archived (Completed)
478669,Dalton State College - Nursing,Emory University Hospital,Nursing,Precepted Rotation,1,1,12253,6/2/24,7/14/24,0:00,23:59,98,"Sat, Sun",ID Missing,No Preceptor Assigned,MedSurg - Acute Care,2015B - Med-Surg I Mental Health,5G: Medical,Archived (Denied)
479301,Emory University - SON Pre-licensure,"Emory Offsite Locations - The Emory Clinic, Ambulatory Surgery Centers And The Emory Specialty Assocs",Nursing,Precepted Rotation,1,1,11045,5/30/24,6/24/24,0:00,23:59,24,Mon,ID Missing,ID Missing,Ambulatory,NRSG 676 MN - Care Transitions Practicum,Other (see comments),Archived (Completed)
479326,Emory University - SON Pre-licensure,Emory University Hospital,Nursing,Precepted Rotation,1,1,11004,7/1/24,8/7/24,0:00,23:59,132,"Wed, Thu, Fri, Sat, Sun",ID Missing,ID Missing,Practicum,NRSG 648 MN - Transitions to Nursing Practice,8T South: Hematology/Leukemia,Archived (Completed)
480149,Emory University - SON Pre-licensure,"Emory Offsite Locations - The Emory Clinic, Ambulatory Surgery Centers And The Emory Specialty Assocs",Nursing,Precepted Rotation,1,1,11022,6/6/24,6/20/24,0:00,23:59,24,Thu,ID Missing,ID Missing,Ambulatory,NRSG 676 MN - Care Transitions Practicum,Other (see comments),Archived (Completed)
480152,Emory University - SON Pre-licensure,"Emory Offsite Locations - The Emory Clinic, Ambulatory Surgery Centers And The Emory Specialty Assocs",Nursing,Precepted Rotation,1,1,10407,6/7/24,6/21/24,0:00,23:59,24,Fri,ID Missing,ID Missing,Ambulatory,NRSG 676 MN - Care Transitions Practicum,Other (see comments),Archived (Completed)
480484,Emory University - SON Pre-licensure,"Emory Offsite Locations - The Emory Clinic, Ambulatory Surgery Centers And The Emory Specialty Assocs",Nursing,Precepted Rotation,1,1,10418,5/30/24,6/24/24,0:00,23:59,24,Thu,ID Missing,ID Missing,Ambulatory,NRSG 676 MN - Care Transitions Practicum,Other (see comments),Archived (Completed)
480546,Emory University - SON Pre-licensure,Emory Johns Creek Hospital,Nursing,Cohort Rotation,8,8,"12160, 12161, 12164, 12159, 12158, 12167, 12163, 12139",8/28/24,10/9/24,7:00,19:00,60,Wed,ID Missing,No Preceptor Assigned,Other (see comments),NRSG 391 - Adult and Geriatric Practicum,6W oncology/hospice,Archived (Completed)
480549,Emory University - SON Pre-licensure,Emory Saint Joseph's Hospital,Nursing,Cohort Rotation,8,8,"11880, 11872, 12111, 12133, 12066, 12117, 12107, 12101",8/28/24,10/9/24,7:00,19:00,60,Wed,ID Missing,No Preceptor Assigned,Other (see comments),NRSG 391 - Adult and Geriatric Practicum,3W cardiology,Archived (Completed)
480551,Emory University - SON Pre-licensure,Emory University Hospital,Nursing,Cohort Rotation,7,8,"12254, 12071, 12072, 12094, 12127, 12134, 12131",8/28/24,10/9/24,7:00,19:00,60,Wed,ID Missing,No Preceptor Assigned,Other (see comments),NRSG 391 - Adult and Geriatric Practicum,7T: Surgical,Archived (Completed)
480553,Emory University - SON Pre-licensure,Emory University Hospital Midtown,Nursing,Cohort Rotation,8,8,"12058, 12093, 12154, 12089, 12099, 12100, 12088, 12141",8/29/24,10/10/24,7:00,19:00,60,Thu,ID Missing,No Preceptor Assigned,Other (see comments),NRSG 391 - Adult and Geriatric Practicum,51: Med-Surg,Archived (Completed)
480554,Emory University - SON Pre-licensure,Emory University Hospital Midtown,Nursing,Cohort Rotation,7,8,"12151, 12147, 12112, 12083, 12085, 12062, 12169",8/28/24,10/9/24,7:00,19:00,60,Wed,ID Missing,No Preceptor Assigned,Perinatal - OB,NRSG 391 - Adult and Geriatric Practicum,51: Med-Surg,Archived (Completed)
480555,Emory University - SON Pre-licensure,Emory Saint Joseph's Hospital,Nursing,Cohort Rotation,7,8,"12109, 12053, 12179, 12155, 12098, 12130, 12178",8/29/24,10/10/24,7:00,19:00,60,Thu,ID Missing,No Preceptor Assigned,Other (see comments),NRSG 391 - Adult and Geriatric Practicum,4W renal and urology,Archived (Completed)
480557,Emory University - SON Pre-licensure,Emory University Hospital,Nursing,Cohort Rotation,8,8,"12075, 12077, 12087, 12076, 12172, 12118, 12170, 12097",8/29/24,10/10/24,7:00,19:00,60,Thu,ID Missing,No Preceptor Assigned,Other (see comments),NRSG 391 - Adult and Geriatric Practicum,6E: CV Stepdown/Heart Transplant,Archived (Completed)
480558,Emory University - SON Pre-licensure,Emory University Hospital,Nursing,Cohort Rotation,8,8,"12065, 12132, 12177, 12128, 12165, 12171, 12148, 11880",8/31/24,10/12/24,7:00,19:00,60,Sat,ID Missing,No Preceptor Assigned,Other (see comments),NRSG 391 - Adult and Geriatric Practicum,6E: CV Stepdown/Heart Transplant,Archived (Completed)
480560,Emory University - SON Pre-licensure,Emory University Hospital,Nursing,Cohort Rotation,7,8,"12136, 12143, 12138, 12135, 12105, 12090, 11842",8/31/24,10/12/24,7:00,23:59,60,Sat,ID Missing,No Preceptor Assigned,Other (see comments),NRSG 391 - Adult and Geriatric Practicum,7T: Surgical,Archived (Completed)
482851,Emory University - SON Pre-licensure,Emory University Hospital Midtown,Nursing,Cohort Rotation,8,8,"12044, 11282, 11337, 11311, 11319, 11384, 11354, 11551",9/3/24,10/8/24,7:00,19:00,60,Tue,ID Missing,No Preceptor Assigned,Perinatal - OB,NRSG 392 - Maternity Practicum,42/54: Mother/Baby,Archived (Completed)
482853,Emory University - SON Pre-licensure,Emory Johns Creek Hospital,Nursing,Cohort Rotation,0,8,No Students Assigned,9/3/24,10/8/24,7:00,19:00,60,Tue,ID Missing,No Preceptor Assigned,Perinatal - OB,NRSG 392 - Maternity Practicum,"Maternity: M/B, L&D, NICU",Archived (Denied)
482866,Emory University - SON Pre-licensure,Emory Decatur Hospital,Nursing,Cohort Rotation,6,8,"11284, 11295, 11334, 11283, 11331, 11560",9/3/24,10/8/24,7:00,19:00,60,Tue,2004,No Preceptor Assigned,Perinatal - OB,NRSG 392 - Maternity Practicum,Mother/Baby,Archived (Completed)
482872,Emory University - SON Pre-licensure,Emory University Hospital Midtown,Nursing,Cohort Rotation,6,6,"11322, 11378, 11332, 12255, 11349, 11357",8/28/24,10/16/24,7:00,19:00,60,Wed,ID Missing,No Preceptor Assigned,Perinatal - OB,NRSG 392 - Maternity Practicum,42/54: Mother/Baby,Archived (Completed)
483594,Emory University - SON Pre-licensure,Emory University Hospital Midtown,Nursing,Cohort Rotation,8,8,"11381, 11315, 11379, 11326, 11564, 11301, 11329, 12256",9/1/24,10/13/24,7:00,19:00,60,Sun,ID Missing,No Preceptor Assigned,Perinatal - OB,NRSG 392 - Maternity Practicum,Maternity,Archived (Completed)
483596,Emory University - SON Pre-licensure,Emory Decatur Hospital,Nursing,Cohort Rotation,5,6,"11557, 11363, 11371, 11321, 11553",8/31/24,10/19/24,7:00,19:00,60,Sat,ID Missing,No Preceptor Assigned,Perinatal - OB,NRSG 392 - Maternity Practicum,Mother/Baby,Archived (Completed)
483608,Emory University - SON Pre-licensure,Emory Decatur Hospital,Nursing,Cohort Rotation,6,6,"11852, 11834, 11858, 11850, 11845, 11868",8/28/24,10/16/24,7:00,19:00,60,Wed,ID Missing,No Preceptor Assigned,Perinatal - OB,NRSG 392 - Maternity Practicum,Mother/Baby,Archived (Completed)
483610,Emory University - SON Pre-licensure,Emory Johns Creek Hospital,Nursing,Cohort Rotation,6,6,"11359, 11328, 11298, 11324, 11293, 11320",8/28/24,10/16/24,7:00,19:00,60,Wed,ID Missing,No Preceptor Assigned,Perinatal - OB,NRSG 392 - Maternity Practicum,"Maternity: M/B, L&D, NICU",Archived (Completed)
483614,Emory University - SON Pre-licensure,Emory University Hospital Midtown,Nursing,Cohort Rotation,6,6,"11509, 11389, 11873, 11854, 11883, 11856",8/29/24,10/10/24,7:00,19:00,60,Thu,ID Missing,No Preceptor Assigned,Perinatal - OB,NRSG 392 - Maternity Practicum,Maternity,Archived (Completed)
483619,Emory University - SON Pre-licensure,Emory Decatur Hospital,Nursing,Cohort Rotation,6,6,"11882, 11855, 11851, 11837, 11863, 11871",8/29/24,10/10/24,7:00,19:00,60,Thu,ID Missing,No Preceptor Assigned,Perinatal - OB,NRSG 392 - Maternity Practicum,Mother/Baby,Archived (Completed)
483623,Emory University - SON Pre-licensure,Emory University Hospital Midtown,Nursing,Cohort Rotation,8,8,"11341, 11372, 11291, 11365, 11377, 11561, 11347, 12257",8/31/24,10/19/24,7:00,19:00,60,Sat,ID Missing,No Preceptor Assigned,Perinatal - OB,NRSG 392 - Maternity Practicum,Maternity,Archived (Completed)
483635,Emory University - SON Pre-licensure,Emory Johns Creek Hospital,Nursing,Cohort Rotation,0,6,No Students Assigned,8/29/24,10/12/24,7:00,19:00,60,"Thu, Sat",ID Missing,No Preceptor Assigned,Perinatal - OB,NRSG 392 - Maternity Practicum,"Maternity: M/B, L&D, NICU",Archived (Denied)
483692,Emory University - SON Pre-licensure,Emory Decatur Hospital,Nursing,Cohort Rotation,6,6,"11370, 11558, 11366, 11555, 11351, 11336",9/3/24,10/8/24,7:00,19:00,60,Tue,ID Missing,No Preceptor Assigned,Psychiatry; Mental Health; Behavioral Medicine,NRSG 393 - Mental Health Practicum,Behavioral Health  - 2800,Archived (Completed)
483697,Emory University - SON Pre-licensure,Emory Decatur Hospital,Nursing,Cohort Rotation,0,6,No Students Assigned,9/7/24,10/13/24,7:00,19:00,60,"Sat, Sun",ID Missing,No Preceptor Assigned,Psychiatry; Mental Health; Behavioral Medicine,NRSG 393 - Mental Health Practicum,Behavioral Health  - 2800,Archived (Denied)
483810,Emory University - SON Pre-licensure,Emory Decatur Hospital,Nursing,Cohort Rotation,8,8,"12063, 12096, 12110, 12102, 12095, 12123, 12122, 12144",9/4/24,10/9/24,7:00,19:00,60,Wed,ID Missing,No Preceptor Assigned,Psychiatry; Mental Health; Behavioral Medicine,NRSG 393 - Mental Health Practicum,Behavioral Health  - 2800,Archived (Completed)
483817,Emory University - SON Pre-licensure,Emory Decatur Hospital,Nursing,Cohort Rotation,0,6,No Students Assigned,9/5/24,10/10/24,7:00,19:00,60,Thu,ID Missing,No Preceptor Assigned,Psychiatry; Mental Health; Behavioral Medicine,NRSG 393 - Mental Health Practicum,Behavioral Health  - 2800,Archived (Denied)
483840,Emory University - SON Pre-licensure,Emory Decatur Hospital,Nursing,Cohort Rotation,7,7,"12069, 12086, 12124, 12168, 12153, 12082, 12092",9/6/24,10/11/24,7:00,19:00,60,Fri,ID Missing,No Preceptor Assigned,Psychiatry; Mental Health; Behavioral Medicine,NRSG 393 - Mental Health Practicum,Behavioral Health  - 2800,Archived (Completed)
484069,Chamberlain College of Nursing - Atlanta,Emory Hillandale Hospital,Nursing,Cohort Rotation,6,8,"12258, 12259, 10174, 12260, 12261, 12262",9/7/24,10/26/24,7:00,19:00,96,Sat,ID Missing,No Preceptor Assigned,To Be Determined,NR 446 - Collaborative Health,3rd floor - med surg,Archived (Completed)
484070,Chamberlain College of Nursing - Atlanta,Emory Saint Joseph's Hospital,Nursing,Cohort Rotation,7,8,"11975, 11979, 11980, 11977, 11976, 11607, 11978",9/5/24,10/24/24,7:00,19:00,96,Thu,ID Missing,No Preceptor Assigned,To Be Determined,NR 325 - Adult Health II,5W internal medicine,Archived (Completed)
484071,Chamberlain College of Nursing - Atlanta,Emory Saint Joseph's Hospital,Nursing,Cohort Rotation,7,8,"11981, 11983, 11982, 11984, 11985, 12263, 11970",9/7/24,10/26/24,7:00,19:00,96,Sat,ID Missing,No Preceptor Assigned,To Be Determined,NR 325 - Adult Health II,3S GI surgery,Archived (Completed)
484072,Chamberlain College of Nursing - Atlanta,Emory Hillandale Hospital,Nursing,Cohort Rotation,4,4,"11688, 11593, 11595, 11594",9/7/24,9/28/24,7:00,19:00,48,Sat,ID Missing,No Preceptor Assigned,Critical/Intensive Care,NR341 - Complex Adult Health,ICU,Archived (Completed)
484599,Emory University - SON Pre-licensure,"Emory Offsite Locations - The Emory Clinic, Ambulatory Surgery Centers And The Emory Specialty Assocs",Nursing,Precepted Rotation,1,1,11046,7/8/24,7/29/24,0:00,23:59,24,Mon,ID Missing,ID Missing,Ambulatory,NRSG 676 MN - Care Transitions Practicum,Other (see comments),Archived (Completed)
484601,Emory University - SON Pre-licensure,"Emory Offsite Locations - The Emory Clinic, Ambulatory Surgery Centers And The Emory Specialty Assocs",Nursing,Precepted Rotation,1,1,11087,7/8/24,7/29/24,0:00,23:59,24,Mon,ID Missing,ID Missing,Ambulatory,NRSG 676 MN - Care Transitions Practicum,Other (see comments),Archived (Completed)
484602,Emory University - SON Pre-licensure,"Emory Offsite Locations - The Emory Clinic, Ambulatory Surgery Centers And The Emory Specialty Assocs",Nursing,Precepted Rotation,1,1,11107,7/8/24,7/29/24,0:00,23:59,24,Mon,ID Missing,ID Missing,Ambulatory,NRSG 676 MN - Care Transitions Practicum,Other (see comments),Archived (Completed)
484605,Emory University - SON Pre-licensure,"Emory Offsite Locations - The Emory Clinic, Ambulatory Surgery Centers And The Emory Specialty Assocs",Nursing,Precepted Rotation,1,1,11109,7/8/24,7/29/24,0:00,23:59,24,Mon,ID Missing,ID Missing,Ambulatory,NRSG 676 MN - Care Transitions Practicum,Other (see comments),Archived (Completed)
484606,Emory University - SON Pre-licensure,"Emory Offsite Locations - The Emory Clinic, Ambulatory Surgery Centers And The Emory Specialty Assocs",Nursing,Precepted Rotation,1,1,11060,7/8/24,7/29/24,0:00,23:59,24,Mon,ID Missing,ID Missing,Ambulatory,NRSG 676 MN - Care Transitions Practicum,Other (see comments),Archived (Completed)
484608,Emory University - SON Pre-licensure,"Emory Offsite Locations - The Emory Clinic, Ambulatory Surgery Centers And The Emory Specialty Assocs",Nursing,Precepted Rotation,0,1,No Students Assigned,7/8/24,7/29/24,0:00,23:59,24,Mon,ID Missing,ID Missing,Ambulatory,NRSG 676 MN - Care Transitions Practicum,Other (see comments),Archived (Completed)
484609,Emory University - SON Pre-licensure,"Emory Offsite Locations - The Emory Clinic, Ambulatory Surgery Centers And The Emory Specialty Assocs",Nursing,Precepted Rotation,1,1,11119,7/8/24,7/29/24,0:00,23:59,24,Mon,ID Missing,ID Missing,Ambulatory,NRSG 676 MN - Care Transitions Practicum,Other (see comments),Archived (Completed)
484611,Emory University - SON Pre-licensure,"Emory Offsite Locations - The Emory Clinic, Ambulatory Surgery Centers And The Emory Specialty Assocs",Nursing,Precepted Rotation,1,1,10995,7/8/24,7/29/24,0:00,23:59,24,Mon,ID Missing,ID Missing,Ambulatory,NRSG 676 MN - Care Transitions Practicum,Other (see comments),Archived (Completed)
484665,Emory University - SON Pre-licensure,"Emory Offsite Locations - The Emory Clinic, Ambulatory Surgery Centers And The Emory Specialty Assocs",Nursing,Precepted Rotation,1,1,11062,7/8/24,7/29/24,0:00,23:59,24,Mon,ID Missing,ID Missing,Ambulatory,NRSG 676 MN - Care Transitions Practicum,MSK Ortho and Spine,Archived (Completed)
484672,Emory University - SON Pre-licensure,"Emory Offsite Locations - The Emory Clinic, Ambulatory Surgery Centers And The Emory Specialty Assocs",Nursing,Precepted Rotation,1,1,11100,7/8/24,7/29/24,0:00,23:59,24,Mon,ID Missing,ID Missing,Ambulatory,NRSG 676 MN - Care Transitions Practicum,MSK Ortho and Spine,Archived (Completed)
484675,Emory University - SON Pre-licensure,"Emory Offsite Locations - The Emory Clinic, Ambulatory Surgery Centers And The Emory Specialty Assocs",Nursing,Precepted Rotation,1,1,11110,7/8/24,7/29/24,0:00,23:59,24,Mon,ID Missing,ID Missing,Ambulatory,NRSG 676 MN - Care Transitions Practicum,Other (see comments),Archived (Completed)
484677,Emory University - SON Pre-licensure,"Emory Offsite Locations - The Emory Clinic, Ambulatory Surgery Centers And The Emory Specialty Assocs",Nursing,Precepted Rotation,1,1,11114,7/8/24,7/29/24,0:00,23:59,24,Mon,ID Missing,ID Missing,Ambulatory,NRSG 676 MN - Care Transitions Practicum,Other (see comments),Archived (Completed)
484678,Emory University - SON Pre-licensure,"Emory Offsite Locations - The Emory Clinic, Ambulatory Surgery Centers And The Emory Specialty Assocs",Nursing,Precepted Rotation,1,1,11037,7/8/24,7/29/24,0:00,23:59,24,Mon,ID Missing,ID Missing,Ambulatory,NRSG 676 MN - Care Transitions Practicum,Other (see comments),Archived (Completed)
484680,Emory University - SON Pre-licensure,"Emory Offsite Locations - The Emory Clinic, Ambulatory Surgery Centers And The Emory Specialty Assocs",Nursing,Precepted Rotation,1,1,11130,7/8/24,7/29/24,0:00,23:59,24,Mon,ID Missing,ID Missing,Ambulatory,NRSG 676 MN - Care Transitions Practicum,Other (see comments),Archived (Completed)
484681,Emory University - SON Pre-licensure,"Emory Offsite Locations - The Emory Clinic, Ambulatory Surgery Centers And The Emory Specialty Assocs",Nursing,Precepted Rotation,1,1,11013,7/8/24,7/29/24,0:00,23:59,24,Mon,ID Missing,ID Missing,Ambulatory,NRSG 676 MN - Care Transitions Practicum,Other (see comments),Archived (Completed)
484691,Emory University - SON Pre-licensure,"Emory Offsite Locations - The Emory Clinic, Ambulatory Surgery Centers And The Emory Specialty Assocs",Nursing,Precepted Rotation,1,1,11073,7/8/24,7/29/24,0:00,23:59,24,Mon,ID Missing,ID Missing,Ambulatory,NRSG 676 MN - Care Transitions Practicum,Other (see comments),Archived (Completed)
484696,Emory University - SON Pre-licensure,"Emory Offsite Locations - The Emory Clinic, Ambulatory Surgery Centers And The Emory Specialty Assocs",Nursing,Precepted Rotation,1,1,11098,7/8/24,7/29/24,0:00,23:59,24,Mon,ID Missing,ID Missing,Ambulatory,NRSG 676 MN - Care Transitions Practicum,Other (see comments),Archived (Completed)
484697,Emory University - SON Pre-licensure,"Emory Offsite Locations - The Emory Clinic, Ambulatory Surgery Centers And The Emory Specialty Assocs",Nursing,Precepted Rotation,1,1,11012,7/8/24,7/29/24,0:00,23:59,24,Mon,ID Missing,ID Missing,Ambulatory,NRSG 676 MN - Care Transitions Practicum,Other (see comments),Archived (Completed)
484704,Emory University - SON Pre-licensure,"Emory Offsite Locations - The Emory Clinic, Ambulatory Surgery Centers And The Emory Specialty Assocs",Nursing,Precepted Rotation,1,1,11034,7/8/24,7/29/24,0:00,23:59,24,Mon,ID Missing,ID Missing,Ambulatory,NRSG 676 MN - Care Transitions Practicum,Other (see comments),Archived (Completed)
484783,Emory University - SON Pre-licensure,"Emory Offsite Locations - The Emory Clinic, Ambulatory Surgery Centers And The Emory Specialty Assocs",Nursing,Precepted Rotation,1,1,11031,7/11/24,8/1/24,0:00,23:59,24,Thu,ID Missing,ID Missing,Ambulatory,NRSG 676 MN - Care Transitions Practicum,Other (see comments),Archived (Completed)
484784,Emory University - SON Pre-licensure,"Emory Offsite Locations - The Emory Clinic, Ambulatory Surgery Centers And The Emory Specialty Assocs",Nursing,Precepted Rotation,1,1,11047,7/11/24,8/1/24,0:00,23:59,24,Thu,ID Missing,ID Missing,Ambulatory,NRSG 676 MN - Care Transitions Practicum,Other (see comments),Archived (Completed)
484786,Emory University - SON Pre-licensure,"Emory Offsite Locations - The Emory Clinic, Ambulatory Surgery Centers And The Emory Specialty Assocs",Nursing,Precepted Rotation,1,1,11068,7/11/24,8/1/24,0:00,23:59,24,Thu,ID Missing,ID Missing,Ambulatory,NRSG 676 MN - Care Transitions Practicum,Other (see comments),Archived (Completed)
484788,Emory University - SON Pre-licensure,"Emory Offsite Locations - The Emory Clinic, Ambulatory Surgery Centers And The Emory Specialty Assocs",Nursing,Precepted Rotation,1,1,11005,7/11/24,8/1/24,0:00,23:59,24,Thu,ID Missing,ID Missing,Ambulatory,NRSG 676 MN - Care Transitions Practicum,Other (see comments),Archived (Completed)
484790,Emory University - SON Pre-licensure,"Emory Offsite Locations - The Emory Clinic, Ambulatory Surgery Centers And The Emory Specialty Assocs",Nursing,Precepted Rotation,1,1,11078,7/11/24,8/1/24,0:00,23:59,24,Thu,ID Missing,ID Missing,Ambulatory,NRSG 676 MN - Care Transitions Practicum,Other (see comments),Archived (Completed)
484792,Emory University - SON Pre-licensure,"Emory Offsite Locations - The Emory Clinic, Ambulatory Surgery Centers And The Emory Specialty Assocs",Nursing,Precepted Rotation,1,1,11084,7/11/24,8/1/24,0:00,23:59,24,Thu,ID Missing,ID Missing,Ambulatory,NRSG 676 MN - Care Transitions Practicum,Other (see comments),Archived (Completed)
484793,Emory University - SON Pre-licensure,"Emory Offsite Locations - The Emory Clinic, Ambulatory Surgery Centers And The Emory Specialty Assocs",Nursing,Precepted Rotation,1,1,11092,7/11/24,8/1/24,0:00,23:59,24,Thu,ID Missing,ID Missing,Ambulatory,NRSG 676 MN - Care Transitions Practicum,Other (see comments),Archived (Completed)
484794,Emory University - SON Pre-licensure,"Emory Offsite Locations - The Emory Clinic, Ambulatory Surgery Centers And The Emory Specialty Assocs",Nursing,Precepted Rotation,1,1,11040,7/11/24,8/1/24,0:00,23:59,24,Thu,ID Missing,ID Missing,Ambulatory,NRSG 676 MN - Care Transitions Practicum,Other (see comments),Archived (Completed)
484795,Emory University - SON Pre-licensure,"Emory Offsite Locations - The Emory Clinic, Ambulatory Surgery Centers And The Emory Specialty Assocs",Nursing,Precepted Rotation,1,1,11042,7/11/24,8/1/24,0:00,23:59,24,Thu,ID Missing,ID Missing,Ambulatory,NRSG 676 MN - Care Transitions Practicum,Other (see comments),Archived (Completed)
484798,Emory University - SON Pre-licensure,"Emory Offsite Locations - The Emory Clinic, Ambulatory Surgery Centers And The Emory Specialty Assocs",Nursing,Precepted Rotation,1,1,11088,7/11/24,8/1/24,0:00,23:59,24,Thu,ID Missing,ID Missing,Ambulatory,NRSG 676 MN - Care Transitions Practicum,Other (see comments),Archived (Completed)
484801,Emory University - SON Pre-licensure,"Emory Offsite Locations - The Emory Clinic, Ambulatory Surgery Centers And The Emory Specialty Assocs",Nursing,Precepted Rotation,1,1,11002,7/11/24,8/1/24,0:00,23:59,24,Thu,ID Missing,ID Missing,Ambulatory,NRSG 676 MN - Care Transitions Practicum,Other (see comments),Archived (Completed)
484802,Emory University - SON Pre-licensure,"Emory Offsite Locations - The Emory Clinic, Ambulatory Surgery Centers And The Emory Specialty Assocs",Nursing,Precepted Rotation,1,1,11069,7/11/24,8/1/24,0:00,23:59,24,Thu,ID Missing,ID Missing,Ambulatory,NRSG 676 MN - Care Transitions Practicum,MSK Ortho and Spine,Archived (Completed)
484818,Emory University - SON Pre-licensure,"Emory Offsite Locations - The Emory Clinic, Ambulatory Surgery Centers And The Emory Specialty Assocs",Nursing,Precepted Rotation,1,1,11049,7/11/24,8/1/24,0:00,23:59,24,Thu,ID Missing,ID Missing,Ambulatory,NRSG 676 MN - Care Transitions Practicum,MSK Ortho and Spine,Archived (Completed)
484820,Emory University - SON Pre-licensure,"Emory Offsite Locations - The Emory Clinic, Ambulatory Surgery Centers And The Emory Specialty Assocs",Nursing,Precepted Rotation,1,1,11083,7/11/24,8/1/24,0:00,23:59,24,Thu,ID Missing,ID Missing,Ambulatory,NRSG 676 MN - Care Transitions Practicum,Other (see comments),Archived (Completed)
484823,Emory University - SON Pre-licensure,"Emory Offsite Locations - The Emory Clinic, Ambulatory Surgery Centers And The Emory Specialty Assocs",Nursing,Precepted Rotation,1,1,11102,7/11/24,8/1/24,0:00,23:59,24,Thu,ID Missing,ID Missing,Ambulatory,NRSG 676 MN - Care Transitions Practicum,Other (see comments),Archived (Completed)
484826,Emory University - SON Pre-licensure,"Emory Offsite Locations - The Emory Clinic, Ambulatory Surgery Centers And The Emory Specialty Assocs",Nursing,Precepted Rotation,1,1,11041,7/11/24,8/1/24,0:00,23:59,24,Thu,ID Missing,ID Missing,Ambulatory,NRSG 676 MN - Care Transitions Practicum,Other (see comments),Archived (Completed)
484827,Emory University - SON Pre-licensure,"Emory Offsite Locations - The Emory Clinic, Ambulatory Surgery Centers And The Emory Specialty Assocs",Nursing,Precepted Rotation,1,1,11118,7/11/24,8/1/24,0:00,23:59,24,Thu,ID Missing,ID Missing,Ambulatory,NRSG 676 MN - Care Transitions Practicum,Other (see comments),Archived (Completed)
484828,Emory University - SON Pre-licensure,"Emory Offsite Locations - The Emory Clinic, Ambulatory Surgery Centers And The Emory Specialty Assocs",Nursing,Precepted Rotation,1,1,11082,7/11/24,8/1/24,0:00,23:59,24,Thu,ID Missing,ID Missing,Ambulatory,NRSG 676 MN - Care Transitions Practicum,Other (see comments),Archived (Completed)
484829,Emory University - SON Pre-licensure,"Emory Offsite Locations - The Emory Clinic, Ambulatory Surgery Centers And The Emory Specialty Assocs",Nursing,Precepted Rotation,1,1,11066,7/11/24,8/1/24,0:00,23:59,24,Thu,ID Missing,ID Missing,Ambulatory,NRSG 676 MN - Care Transitions Practicum,Other (see comments),Archived (Completed)
485207,Emory University - SON Pre-licensure,"Emory Offsite Locations - The Emory Clinic, Ambulatory Surgery Centers And The Emory Specialty Assocs",Nursing,Precepted Rotation,1,1,11061,7/12/24,8/2/24,0:00,23:59,24,Fri,ID Missing,ID Missing,Ambulatory,NRSG 676 MN - Care Transitions Practicum,Other (see comments),Archived (Completed)
485212,Emory University - SON Pre-licensure,"Emory Offsite Locations - The Emory Clinic, Ambulatory Surgery Centers And The Emory Specialty Assocs",Nursing,Precepted Rotation,1,1,11075,7/12/24,8/2/24,0:00,23:59,24,Fri,ID Missing,ID Missing,Ambulatory,NRSG 676 MN - Care Transitions Practicum,Other (see comments),Archived (Completed)
485213,Emory University - SON Pre-licensure,"Emory Offsite Locations - The Emory Clinic, Ambulatory Surgery Centers And The Emory Specialty Assocs",Nursing,Precepted Rotation,1,1,11095,7/12/24,8/2/24,0:00,23:59,24,Fri,ID Missing,ID Missing,Ambulatory,NRSG 676 MN - Care Transitions Practicum,Other (see comments),Archived (Completed)
485214,Emory University - SON Pre-licensure,"Emory Offsite Locations - The Emory Clinic, Ambulatory Surgery Centers And The Emory Specialty Assocs",Nursing,Precepted Rotation,1,1,11108,7/12/24,8/2/24,0:00,23:59,24,Fri,ID Missing,ID Missing,Ambulatory,NRSG 676 MN - Care Transitions Practicum,Other (see comments),Archived (Completed)
485215,Emory University - SON Pre-licensure,"Emory Offsite Locations - The Emory Clinic, Ambulatory Surgery Centers And The Emory Specialty Assocs",Nursing,Precepted Rotation,1,1,11124,7/12/24,8/2/24,0:00,23:59,24,Fri,ID Missing,ID Missing,Ambulatory,NRSG 676 MN - Care Transitions Practicum,Other (see comments),Archived (Completed)
485218,Emory University - SON Pre-licensure,"Emory Offsite Locations - The Emory Clinic, Ambulatory Surgery Centers And The Emory Specialty Assocs",Nursing,Precepted Rotation,1,1,10997,7/12/24,8/2/24,0:00,23:59,24,Fri,ID Missing,ID Missing,Ambulatory,NRSG 676 MN - Care Transitions Practicum,Other (see comments),Archived (Completed)
485220,Emory University - SON Pre-licensure,"Emory Offsite Locations - The Emory Clinic, Ambulatory Surgery Centers And The Emory Specialty Assocs",Nursing,Precepted Rotation,1,1,11129,7/12/24,8/2/24,0:00,23:59,24,Fri,ID Missing,ID Missing,Ambulatory,NRSG 676 MN - Care Transitions Practicum,Other (see comments),Archived (Completed)
485221,Emory University - SON Pre-licensure,"Emory Offsite Locations - The Emory Clinic, Ambulatory Surgery Centers And The Emory Specialty Assocs",Nursing,Precepted Rotation,1,1,11074,7/12/24,8/2/24,0:00,23:59,24,Fri,ID Missing,ID Missing,Ambulatory,NRSG 676 MN - Care Transitions Practicum,Other (see comments),Archived (Completed)
485222,Emory University - SON Pre-licensure,"Emory Offsite Locations - The Emory Clinic, Ambulatory Surgery Centers And The Emory Specialty Assocs",Nursing,Precepted Rotation,1,1,11025,7/12/24,8/2/24,0:00,23:59,24,Fri,ID Missing,ID Missing,Ambulatory,NRSG 676 MN - Care Transitions Practicum,MSK Ortho and Spine,Archived (Completed)
485224,Emory University - SON Pre-licensure,"Emory Offsite Locations - The Emory Clinic, Ambulatory Surgery Centers And The Emory Specialty Assocs",Nursing,Precepted Rotation,1,1,11079,7/12/24,8/2/24,0:00,23:59,24,Fri,ID Missing,ID Missing,Ambulatory,NRSG 676 MN - Care Transitions Practicum,MSK Ortho and Spine,Archived (Completed)
485230,Emory University - SON Pre-licensure,"Emory Offsite Locations - The Emory Clinic, Ambulatory Surgery Centers And The Emory Specialty Assocs",Nursing,Precepted Rotation,1,1,11122,7/12/24,8/2/24,0:00,23:59,24,Fri,ID Missing,ID Missing,Ambulatory,NRSG 676 MN - Care Transitions Practicum,Other (see comments),Archived (Completed)
485231,Emory University - SON Pre-licensure,"Emory Offsite Locations - The Emory Clinic, Ambulatory Surgery Centers And The Emory Specialty Assocs",Nursing,Precepted Rotation,1,1,11011,7/12/24,8/2/24,0:00,23:59,24,Fri,ID Missing,ID Missing,Ambulatory,NRSG 676 MN - Care Transitions Practicum,Other (see comments),Archived (Completed)
485234,Emory University - SON Pre-licensure,"Emory Offsite Locations - The Emory Clinic, Ambulatory Surgery Centers And The Emory Specialty Assocs",Nursing,Precepted Rotation,1,1,11053,7/11/24,8/1/24,0:00,23:59,24,Thu,ID Missing,ID Missing,Ambulatory,NRSG 676 MN - Care Transitions Practicum,Other (see comments),Archived (Completed)
485237,Emory University - SON Pre-licensure,"Emory Offsite Locations - The Emory Clinic, Ambulatory Surgery Centers And The Emory Specialty Assocs",Nursing,Precepted Rotation,1,1,11076,7/11/24,8/1/24,0:00,23:59,24,Thu,ID Missing,ID Missing,Ambulatory,NRSG 676 MN - Care Transitions Practicum,Other (see comments),Archived (Completed)
485240,Emory University - SON Pre-licensure,"Emory Offsite Locations - The Emory Clinic, Ambulatory Surgery Centers And The Emory Specialty Assocs",Nursing,Precepted Rotation,1,1,11054,7/11/24,8/1/24,0:00,23:59,24,Thu,ID Missing,ID Missing,Ambulatory,NRSG 676 MN - Care Transitions Practicum,Other (see comments),Archived (Completed)
485242,Emory University - SON Pre-licensure,"Emory Offsite Locations - The Emory Clinic, Ambulatory Surgery Centers And The Emory Specialty Assocs",Nursing,Precepted Rotation,1,1,11101,7/11/24,8/1/24,0:00,23:59,24,Thu,ID Missing,ID Missing,Ambulatory,NRSG 676 MN - Care Transitions Practicum,Other (see comments),Archived (Completed)
485244,Emory University - SON Pre-licensure,"Emory Offsite Locations - The Emory Clinic, Ambulatory Surgery Centers And The Emory Specialty Assocs",Nursing,Precepted Rotation,1,1,11032,7/11/24,8/1/24,0:00,23:59,24,Thu,ID Missing,ID Missing,Ambulatory,NRSG 676 MN - Care Transitions Practicum,Other (see comments),Archived (Completed)
485380,Chamberlain College of Nursing - Atlanta,"Emory Offsite Locations - The Emory Clinic, Ambulatory Surgery Centers And The Emory Specialty Assocs",Nursing,Precepted Rotation,2,2,"10870, 12264",7/18/24,8/31/24,0:00,23:59,84,"Thu, Fri",ID Missing,No Preceptor Assigned,Community,NR 442 - Community Health Nursing,Other (see comments),Archived (Completed)
485398,Chamberlain College of Nursing - Atlanta,Emory Hillandale Hospital,Nursing,Precepted Rotation,2,2,"12265, 11709",7/18/24,8/31/24,0:00,23:59,84,"Thu, Fri",ID Missing,No Preceptor Assigned,Community,NR 442 - Community Health Nursing,-no preference-,Archived (Completed)
488922,Emory University - SON Pre-licensure,Emory Johns Creek Hospital,Nursing,Precepted Rotation,1,1,11444,8/28/24,10/18/24,0:00,23:59,132,"Mon, Thu, Fri, Sat, Sun",ID Missing,ID Missing,Practicum,NRSG 648 MN - Transitions to Nursing Practice,ICU: critical care,Archived (Completed)
488931,Emory University - SON Pre-licensure,Emory Johns Creek Hospital,Nursing,Precepted Rotation,1,1,11500,8/28/24,10/18/24,0:00,23:59,132,"Wed, Thu, Fri, Sat, Sun",ID Missing,ID Missing,Practicum,NRSG 648 MN - Transitions to Nursing Practice,ICU: critical care,Archived (Completed)
488934,Emory University - SON Pre-licensure,Emory Johns Creek Hospital,Nursing,Precepted Rotation,1,1,11403,8/28/24,10/18/24,0:00,23:59,132,"Wed, Thu, Fri, Sat, Sun",ID Missing,ID Missing,Practicum,NRSG 648 MN - Transitions to Nursing Practice,"Maternity: M/B, L&D, NICU",Archived (Completed)
488935,Emory University - SON Pre-licensure,Emory Saint Joseph's Hospital,Nursing,Precepted Rotation,1,1,11467,8/28/24,10/18/24,0:00,23:59,132,"Mon, Thu, Fri, Sat, Sun",2009,ID Missing,Practicum,NRSG 648 MN - Transitions to Nursing Practice,2SW CVICU,Archived (Completed)
488936,Emory University - SON Pre-licensure,Emory Saint Joseph's Hospital,Nursing,Precepted Rotation,1,1,11392,8/28/24,10/18/24,0:00,23:59,132,"Wed, Thu, Fri, Sat, Sun",2009,ID Missing,Practicum,NRSG 648 MN - Transitions to Nursing Practice,2SW CVICU,Archived (Completed)
488937,Emory University - SON Pre-licensure,Emory Saint Joseph's Hospital,Nursing,Precepted Rotation,1,1,11506,8/28/24,10/18/24,0:00,23:59,132,"Mon, Thu, Fri, Sat, Sun",2020,ID Missing,Practicum,NRSG 648 MN - Transitions to Nursing Practice,2W CCU,Archived (Completed)
488939,Emory University - SON Pre-licensure,Emory University Hospital,Nursing,Precepted Rotation,1,1,11438,8/28/24,10/18/24,0:00,23:59,132,"Tue, Wed, Thu, Fri, Sat, Sun",2020,ID Missing,Practicum,NRSG 648 MN - Transitions to Nursing Practice,2D ICU: Neuro,Archived (Completed)
488941,Emory University - SON Pre-licensure,Emory University Hospital,Nursing,Precepted Rotation,1,1,11493,8/28/24,10/18/24,0:00,23:59,132,"Wed, Thu, Fri, Sat, Sun",2020,ID Missing,Practicum,NRSG 648 MN - Transitions to Nursing Practice,2D ICU: Neuro,Archived (Completed)
488942,Emory University - SON Pre-licensure,Emory Decatur Hospital,Nursing,Precepted Rotation,1,1,11511,8/28/24,10/18/24,0:00,23:59,132,"Wed, Thu, Fri, Sat, Sun",2003,ID Missing,Practicum,NRSG 648 MN - Transitions to Nursing Practice,Mother/Baby,Archived (Completed)
488943,Emory University - SON Pre-licensure,Emory Decatur Hospital,Nursing,Precepted Rotation,1,1,11478,8/28/24,10/18/24,0:00,23:59,132,"Wed, Thu, Fri, Sat, Sun",2003,ID Missing,Practicum,NRSG 648 MN - Transitions to Nursing Practice,Mother/Baby,Archived (Completed)
488954,Emory University - SON Pre-licensure,Emory Decatur Hospital,Nursing,Precepted Rotation,1,1,11422,8/28/24,10/18/24,0:00,23:59,132,"Wed, Thu, Fri, Sat, Sun",2003,ID Missing,Practicum,NRSG 648 MN - Transitions to Nursing Practice,NICU,Archived (Completed)
488955,Emory University - SON Pre-licensure,Emory Decatur Hospital,Nursing,Precepted Rotation,1,1,11573,8/28/24,10/18/24,0:00,23:59,132,"Wed, Thu, Fri, Sat, Sun",2003,ID Missing,Practicum,NRSG 648 MN - Transitions to Nursing Practice,NICU,Archived (Completed)
488959,Emory University - SON Pre-licensure,Emory Decatur Hospital,Nursing,Precepted Rotation,1,1,11454,8/28/24,10/18/24,0:00,23:59,132,"Sat, Sun",2003,ID Missing,Practicum,NRSG 648 MN - Transitions to Nursing Practice,Behavioral Health  - 2800,Archived (Completed)
488960,Emory University - SON Pre-licensure,Emory University Hospital,Nursing,Precepted Rotation,1,1,11426,8/28/24,10/18/24,0:00,23:59,132,"Mon, Thu, Fri, Sat, Sun",2020,ID Missing,Practicum,NRSG 648 MN - Transitions to Nursing Practice,7T: Surgical,Archived (Completed)
488961,Emory University - SON Pre-licensure,Emory University Hospital,Nursing,Precepted Rotation,1,1,11401,8/28/24,10/18/24,0:00,23:59,132,"Mon, Thu, Fri, Sat, Sun",2020,ID Missing,Practicum,NRSG 648 MN - Transitions to Nursing Practice,CVICU,Archived (Completed)
488963,Emory University - SON Pre-licensure,Emory University Hospital,Nursing,Precepted Rotation,1,1,11432,8/28/24,10/18/24,0:00,23:59,132,"Mon, Thu, Fri, Sat, Sun",2020,"ID Missing, ID Missing, ID Missing",Practicum,NRSG 648 MN - Transitions to Nursing Practice,3G/4G CCU,Archived (Completed)
488964,Emory University - SON Pre-licensure,Emory University Hospital Midtown,Nursing,Precepted Rotation,1,1,11437,8/28/24,10/18/24,0:00,23:59,132,"Mon, Thu, Fri, Sat, Sun",2021,ID Missing,Practicum,NRSG 648 MN - Transitions to Nursing Practice,11: CV Surgery SD,Archived (Completed)
488965,Emory University - SON Pre-licensure,Emory University Hospital Midtown,Nursing,Precepted Rotation,1,1,11463,8/28/24,10/18/24,0:00,23:59,132,"Mon, Thu, Fri, Sat, Sun",2021,ID Missing,Practicum,NRSG 648 MN - Transitions to Nursing Practice,11 ICU: CV ICU,Archived (Completed)
488966,Emory University - SON Pre-licensure,Emory University Hospital Midtown,Nursing,Precepted Rotation,1,1,11405,8/28/24,10/18/24,0:00,23:59,132,"Mon, Thu, Fri, Sat, Sun",2021,ID Missing,Practicum,NRSG 648 MN - Transitions to Nursing Practice,-no preference-,Archived (Completed)
488967,Emory University - SON Pre-licensure,Emory University Hospital Midtown,Nursing,Precepted Rotation,1,1,11579,8/28/24,10/18/24,0:00,23:59,132,"Mon, Thu, Fri, Sat, Sun",2021,ID Missing,Practicum,NRSG 648 MN - Transitions to Nursing Practice,-no preference-,Archived (Completed)
488968,Emory University - SON Pre-licensure,Emory University Hospital Midtown,Nursing,Precepted Rotation,1,1,11566,8/28/24,10/18/24,0:00,23:59,132,"Mon, Thu, Fri, Sat, Sun",2021,ID Missing,Practicum,NRSG 648 MN - Transitions to Nursing Practice,31: ICU,Archived (Completed)
488969,Emory University - SON Pre-licensure,Emory University Hospital Midtown,Nursing,Precepted Rotation,1,1,11412,8/28/24,10/18/24,0:00,23:59,132,"Mon, Thu, Fri, Sat, Sun",2021,ID Missing,Practicum,NRSG 648 MN - Transitions to Nursing Practice,31: ICU,Archived (Completed)
488970,Emory University - SON Pre-licensure,Emory Decatur Hospital,Nursing,Precepted Rotation,1,1,11484,8/28/24,10/18/24,0:00,23:59,132,"Mon, Thu, Fri, Sat, Sun",2003,ID Missing,Practicum,NRSG 648 MN - Transitions to Nursing Practice,PACU,Archived (Completed)
489167,Emory University - SON Pre-licensure,Emory University Orthopaedics And Spine Hospital,Nursing,Precepted Rotation,1,1,11416,8/28/24,10/18/24,0:00,23:59,132,"Mon, Thu, Fri, Sat, Sun",2003,ID Missing,Practicum,NRSG 648 MN - Transitions to Nursing Practice,2-4 floors: Orthopaedics,Archived (Completed)
489488,Chamberlain College of Nursing - Atlanta,Emory Saint Joseph's Hospital,Nursing,Cohort Rotation,0,6,No Students Assigned,9/3/24,10/26/24,7:00,19:00,96,Tue,ID Missing,No Preceptor Assigned,MedSurg - Acute Care,NR 324 - Adult Health I,4W renal and urology,Archived (Completed)
490480,Emory University - SON Pre-licensure,Emory University Hospital Midtown,Nursing,Precepted Rotation,1,1,11490,8/28/24,10/18/24,0:00,23:59,132,"Mon, Thu, Fri, Sat, Sun",2021,ID Missing,Practicum,NRSG 648 MN - Transitions to Nursing Practice,Nurseries (DEU): NICU,Archived (Completed)
490482,Emory University - SON Pre-licensure,Emory University Hospital Midtown,Nursing,Precepted Rotation,1,1,11492,8/28/24,10/18/24,0:00,23:59,132,"Wed, Thu, Fri, Sat, Sun",2021,ID Missing,Practicum,NRSG 648 MN - Transitions to Nursing Practice,Nurseries (DEU): NICU,Archived (Completed)
491025,Emory University - SON Pre-licensure,Emory University Hospital Midtown,Nursing,Cohort Rotation,0,6,No Students Assigned,9/4/24,10/7/24,7:00,19:00,60,Wed,ID Missing,No Preceptor Assigned,Perinatal - OB,NRSG 392 - Maternity Practicum,Nurseries (DEU): NICU,Archived (Denied)
491736,Emory University - SON Pre-licensure,Emory Johns Creek Hospital,Nursing,Precepted Rotation,1,1,11456,8/28/24,10/18/24,0:00,23:59,132,"Mon, Thu, Fri, Sat, Sun",ID Missing,"ID Missing, ID Missing, ID Missing, ID Missing",Practicum,NRSG 648 MN - Transitions to Nursing Practice,"Maternity: M/B, L&D, NICU",Archived (Completed)
491738,Emory University - SON Pre-licensure,Emory Johns Creek Hospital,Nursing,Precepted Rotation,1,1,11072,8/28/24,10/18/24,0:00,23:59,132,"Wed, Thu, Fri, Sat, Sun",ID Missing,ID Missing,Practicum,NRSG 648 MN - Transitions to Nursing Practice,"Maternity: M/B, L&D, NICU",Archived (Completed)
491770,Emory University - SON Pre-licensure,Emory University Hospital,Nursing,Precepted Rotation,1,1,11460,8/28/24,10/18/24,0:00,23:59,132,"Mon, Thu, Fri, Sat, Sun",2020,ID Missing,Practicum,NRSG 648 MN - Transitions to Nursing Practice,MICU,Archived (Completed)
491775,Emory University - SON Pre-licensure,Emory University Hospital,Nursing,Precepted Rotation,0,1,No Students Assigned,8/28/24,10/18/24,0:00,23:59,132,"Wed, Thu, Fri, Sat, Sun",ID Missing,ID Missing,Practicum,NRSG 648 MN - Transitions to Nursing Practice,5G/6G: Respiratory ICU,Archived (Completed)
491804,Emory University - SON Pre-licensure,Emory Johns Creek Hospital,Nursing,Cohort Rotation,4,8,"11885, 11877, 11843, 11865",9/7/24,10/12/24,7:00,19:00,60,Sat,ID Missing,No Preceptor Assigned,Perinatal - OB,NRSG 392 - Maternity Practicum,"Maternity: M/B, L&D, NICU",Archived (Completed)
492755,Emory University - SON Pre-licensure,Emory University Hospital Midtown,Nursing,Precepted Rotation,1,1,11504,8/28/24,10/18/24,0:00,23:59,132,"Mon, Thu, Fri, Sat, Sun",2021,ID Missing,Practicum,NRSG 648 MN - Transitions to Nursing Practice,42/54: Mother/Baby,Archived (Completed)
492757,Emory University - SON Pre-licensure,Emory University Hospital Midtown,Nursing,Precepted Rotation,1,1,11475,8/28/24,10/18/24,0:00,23:59,132,"Mon, Thu, Fri, Sat, Sun",2021,ID Missing,Practicum,NRSG 648 MN - Transitions to Nursing Practice,42/54: Mother/Baby,Archived (Completed)
492783,Emory University - SON Pre-licensure,Emory Johns Creek Hospital,Nursing,Precepted Rotation,1,1,11439,8/28/24,10/18/24,0:00,23:59,132,"Mon, Thu, Fri, Sat, Sun",ID Missing,ID Missing,Practicum,NRSG 648 MN - Transitions to Nursing Practice,ED: emergency and CDU,Archived (Completed)
492787,Emory University - SON Pre-licensure,Emory Johns Creek Hospital,Nursing,Precepted Rotation,1,1,11418,8/28/24,10/18/24,0:00,23:59,132,"Mon, Thu, Fri, Sat, Sun",ID Missing,ID Missing,Practicum,NRSG 648 MN - Transitions to Nursing Practice,ED: emergency and CDU,Archived (Completed)
493456,Emory University - SON Pre-licensure,Emory Decatur Hospital,Nursing,Precepted Rotation,1,1,11064,8/28/24,10/18/24,0:00,23:59,132,"Mon, Thu, Fri, Sat, Sun",2003,ID Missing,Practicum,NRSG 648 MN - Transitions to Nursing Practice,L&D,Archived (Completed)
494806,Chamberlain College of Nursing - Atlanta,Emory University Hospital,Nursing,Precepted Rotation,1,1,12266,9/2/24,10/26/24,0:00,23:59,120,,ID Missing,No Preceptor Assigned,Surgical / OR,NR 446/452 - Collaborative and Capstone - Senior Practicum,OR,Archived (Completed)
495741,Chamberlain College of Nursing - Atlanta,Emory University Hospital,Nursing,Cohort Rotation,1,1,10879,9/2/24,10/26/24,7:00,19:00,120,,ID Missing,No Preceptor Assigned,Surgical / OR,NR 446/452 - Collaborative and Capstone - Senior Practicum,OR,Archived (Completed)
496835,Kennesaw State University - Nursing,"Emory Offsite Locations - The Emory Clinic, Ambulatory Surgery Centers And The Emory Specialty Assocs",Nursing,Cohort Rotation,5,12,"12240, 11184, 12244, 12245, 12246",10/11/24,10/11/24,8:00,17:00,8,Fri,ID Missing,No Preceptor Assigned,Observation,4437 - Med/Surg Specialty Elective,Other (see comments),Archived (Completed)
497212,Emory University - SON Pre-licensure,Emory Decatur Hospital,Nursing,Precepted Rotation,1,1,11413,8/28/24,10/18/24,0:00,23:59,132,"Mon, Thu, Fri, Sat, Sun",2003,ID Missing,Practicum,NRSG 648 MN - Transitions to Nursing Practice,Emergency Dept- North Decatur,Archived (Completed)
497267,Emory University - SON Pre-licensure,Emory University Hospital,Nursing,Precepted Rotation,1,1,12142,10/9/24,11/1/24,0:00,23:59,30,"Wed, Fri",2023,No Preceptor Assigned,Other (see comments),PAE 7501 Elective â€“ Card - ,-no preference-,Archived (Completed)
497920,Emory University - SON Pre-licensure,Emory Decatur Hospital,Nursing,Precepted Rotation,1,1,11450,8/28/24,10/18/24,0:00,23:59,132,"Wed, Thu, Fri, Sat, Sun",2003,ID Missing,Practicum,NRSG 648 MN - Transitions to Nursing Practice,Emergency Dept- North Decatur,Archived (Completed)
498184,Emory University - SON Pre-licensure,Emory University Hospital,Nursing,Precepted Rotation,1,1,12104,9/4/24,9/18/24,0:00,23:59,30,Wed,2023,No Preceptor Assigned,Other (see comments),PAE 7501 Elective â€“ Card - ,-no preference-,Archived (Completed)
499083,Emory University - SON Pre-licensure,"Emory Offsite Locations - The Emory Clinic, Ambulatory Surgery Centers And The Emory Specialty Assocs",Nursing,Precepted Rotation,1,1,11414,8/28/24,10/18/24,0:00,23:59,24,Mon,ID Missing,ID Missing,Ambulatory,NRSG 676 MN - Care Transitions Practicum,Other (see comments),Archived (Completed)
499088,Emory University - SON Pre-licensure,"Emory Offsite Locations - The Emory Clinic, Ambulatory Surgery Centers And The Emory Specialty Assocs",Nursing,Precepted Rotation,0,1,No Students Assigned,8/28/24,10/18/24,0:00,23:59,24,Mon,ID Missing,ID Missing,Ambulatory,NRSG 676 MN - Care Transitions Practicum,Other (see comments),Archived (Completed)
499096,Emory University - SON Pre-licensure,"Emory Offsite Locations - The Emory Clinic, Ambulatory Surgery Centers And The Emory Specialty Assocs",Nursing,Precepted Rotation,1,1,11452,8/28/24,10/18/24,0:00,23:59,24,Mon,ID Missing,ID Missing,Ambulatory,NRSG 676 MN - Care Transitions Practicum,Other (see comments),Archived (Completed)
499099,Emory University - SON Pre-licensure,"Emory Offsite Locations - The Emory Clinic, Ambulatory Surgery Centers And The Emory Specialty Assocs",Nursing,Precepted Rotation,1,1,11420,8/28/24,10/18/24,0:00,23:59,24,Mon,ID Missing,ID Missing,Ambulatory,NRSG 676 MN - Care Transitions Practicum,Other (see comments),Archived (Completed)
499109,Emory University - SON Pre-licensure,"Emory Offsite Locations - The Emory Clinic, Ambulatory Surgery Centers And The Emory Specialty Assocs",Nursing,Precepted Rotation,1,1,11469,8/28/24,10/18/24,0:00,23:59,24,Mon,ID Missing,ID Missing,Ambulatory,NRSG 676 MN - Care Transitions Practicum,Other (see comments),Archived (Completed)
499115,Emory University - SON Pre-licensure,"Emory Offsite Locations - The Emory Clinic, Ambulatory Surgery Centers And The Emory Specialty Assocs",Nursing,Precepted Rotation,1,1,11482,8/28/24,10/18/24,0:00,23:59,24,Mon,ID Missing,ID Missing,Ambulatory,NRSG 676 MN - Care Transitions Practicum,Other (see comments),Archived (Completed)
499120,Emory University - SON Pre-licensure,"Emory Offsite Locations - The Emory Clinic, Ambulatory Surgery Centers And The Emory Specialty Assocs",Nursing,Precepted Rotation,1,1,11459,8/28/24,10/18/24,0:00,23:59,24,Mon,ID Missing,ID Missing,Ambulatory,NRSG 676 MN - Care Transitions Practicum,Other (see comments),Archived (Completed)
499124,Emory University - SON Pre-licensure,"Emory Offsite Locations - The Emory Clinic, Ambulatory Surgery Centers And The Emory Specialty Assocs",Nursing,Precepted Rotation,1,1,11567,8/28/24,10/18/24,0:00,23:59,24,Mon,ID Missing,ID Missing,Ambulatory,NRSG 676 MN - Care Transitions Practicum,Other (see comments),Archived (Completed)
499127,Emory University - SON Pre-licensure,"Emory Offsite Locations - The Emory Clinic, Ambulatory Surgery Centers And The Emory Specialty Assocs",Nursing,Precepted Rotation,1,1,11472,8/28/24,10/18/24,0:00,23:59,24,Mon,ID Missing,ID Missing,Ambulatory,NRSG 676 MN - Care Transitions Practicum,Other (see comments),Archived (Completed)
499136,Emory University - SON Pre-licensure,"Emory Offsite Locations - The Emory Clinic, Ambulatory Surgery Centers And The Emory Specialty Assocs",Nursing,Precepted Rotation,1,1,11115,8/28/24,10/18/24,0:00,23:59,24,Mon,ID Missing,ID Missing,Ambulatory,NRSG 676 MN - Care Transitions Practicum,Other (see comments),Archived (Completed)
499140,Emory University - SON Pre-licensure,"Emory Offsite Locations - The Emory Clinic, Ambulatory Surgery Centers And The Emory Specialty Assocs",Nursing,Precepted Rotation,1,1,11449,8/28/24,10/18/24,0:00,23:59,24,Mon,ID Missing,ID Missing,Ambulatory,NRSG 676 MN - Care Transitions Practicum,Other (see comments),Archived (Completed)
499145,Emory University - SON Pre-licensure,"Emory Offsite Locations - The Emory Clinic, Ambulatory Surgery Centers And The Emory Specialty Assocs",Nursing,Precepted Rotation,1,1,11446,8/28/24,10/18/24,0:00,23:59,24,Mon,ID Missing,ID Missing,Ambulatory,NRSG 676 MN - Care Transitions Practicum,Other (see comments),Archived (Completed)
499148,Emory University - SON Pre-licensure,"Emory Offsite Locations - The Emory Clinic, Ambulatory Surgery Centers And The Emory Specialty Assocs",Nursing,Precepted Rotation,1,1,11570,8/28/24,10/18/24,0:00,23:59,24,Mon,ID Missing,ID Missing,Ambulatory,NRSG 676 MN - Care Transitions Practicum,Other (see comments),Archived (Completed)
499150,Emory University - SON Pre-licensure,"Emory Offsite Locations - The Emory Clinic, Ambulatory Surgery Centers And The Emory Specialty Assocs",Nursing,Precepted Rotation,1,1,11476,8/28/24,10/18/24,0:00,23:59,24,Thu,ID Missing,ID Missing,Ambulatory,NRSG 676 MN - Care Transitions Practicum,Other (see comments),Archived (Completed)
499154,Emory University - SON Pre-licensure,"Emory Offsite Locations - The Emory Clinic, Ambulatory Surgery Centers And The Emory Specialty Assocs",Nursing,Precepted Rotation,1,1,11398,8/28/24,10/18/24,0:00,23:59,24,Thu,ID Missing,ID Missing,Ambulatory,NRSG 676 MN - Care Transitions Practicum,Other (see comments),Archived (Completed)
499155,Emory University - SON Pre-licensure,"Emory Offsite Locations - The Emory Clinic, Ambulatory Surgery Centers And The Emory Specialty Assocs",Nursing,Precepted Rotation,1,1,11453,8/28/24,10/18/24,0:00,23:59,24,Thu,ID Missing,ID Missing,Ambulatory,NRSG 676 MN - Care Transitions Practicum,Other (see comments),Archived (Completed)
499157,Emory University - SON Pre-licensure,"Emory Offsite Locations - The Emory Clinic, Ambulatory Surgery Centers And The Emory Specialty Assocs",Nursing,Precepted Rotation,1,1,11507,8/28/24,10/18/24,0:00,23:59,24,Thu,ID Missing,ID Missing,Ambulatory,NRSG 676 MN - Care Transitions Practicum,Other (see comments),Archived (Completed)
499160,Emory University - SON Pre-licensure,"Emory Offsite Locations - The Emory Clinic, Ambulatory Surgery Centers And The Emory Specialty Assocs",Nursing,Precepted Rotation,1,1,11576,8/28/24,10/18/24,0:00,23:59,24,Thu,ID Missing,ID Missing,Ambulatory,NRSG 676 MN - Care Transitions Practicum,Other (see comments),Archived (Completed)
499164,Emory University - SON Pre-licensure,"Emory Offsite Locations - The Emory Clinic, Ambulatory Surgery Centers And The Emory Specialty Assocs",Nursing,Precepted Rotation,1,1,11390,8/28/24,10/18/24,0:00,23:59,24,Thu,ID Missing,ID Missing,Ambulatory,NRSG 676 MN - Care Transitions Practicum,Other (see comments),Archived (Completed)
499169,Emory University - SON Pre-licensure,"Emory Offsite Locations - The Emory Clinic, Ambulatory Surgery Centers And The Emory Specialty Assocs",Nursing,Precepted Rotation,1,1,11428,8/28/24,10/18/24,0:00,23:59,24,Thu,ID Missing,ID Missing,Ambulatory,NRSG 676 MN - Care Transitions Practicum,Other (see comments),Archived (Completed)
499311,Emory University - SON Pre-licensure,"Emory Offsite Locations - The Emory Clinic, Ambulatory Surgery Centers And The Emory Specialty Assocs",Nursing,Precepted Rotation,1,1,11495,8/28/24,10/18/24,0:00,23:59,24,Thu,ID Missing,ID Missing,Ambulatory,NRSG 676 MN - Care Transitions Practicum,Other (see comments),Archived (Completed)
499315,Emory University - SON Pre-licensure,"Emory Offsite Locations - The Emory Clinic, Ambulatory Surgery Centers And The Emory Specialty Assocs",Nursing,Precepted Rotation,1,1,11480,8/28/24,10/18/24,0:00,23:59,24,Thu,ID Missing,ID Missing,Ambulatory,NRSG 676 MN - Care Transitions Practicum,Other (see comments),Archived (Completed)
499318,Emory University - SON Pre-licensure,"Emory Offsite Locations - The Emory Clinic, Ambulatory Surgery Centers And The Emory Specialty Assocs",Nursing,Precepted Rotation,1,1,11481,8/28/24,10/18/24,0:00,23:59,24,Thu,ID Missing,ID Missing,Ambulatory,NRSG 676 MN - Care Transitions Practicum,Other (see comments),Archived (Completed)
499320,Emory University - SON Pre-licensure,"Emory Offsite Locations - The Emory Clinic, Ambulatory Surgery Centers And The Emory Specialty Assocs",Nursing,Precepted Rotation,1,1,11451,8/28/24,10/18/24,0:00,23:59,24,Thu,ID Missing,ID Missing,Ambulatory,NRSG 676 MN - Care Transitions Practicum,Other (see comments),Archived (Completed)
499323,Emory University - SON Pre-licensure,"Emory Offsite Locations - The Emory Clinic, Ambulatory Surgery Centers And The Emory Specialty Assocs",Nursing,Precepted Rotation,1,1,10999,8/28/24,10/18/24,0:00,23:59,24,Thu,ID Missing,ID Missing,Ambulatory,NRSG 676 MN - Care Transitions Practicum,Other (see comments),Archived (Completed)
499330,Emory University - SON Pre-licensure,"Emory Offsite Locations - The Emory Clinic, Ambulatory Surgery Centers And The Emory Specialty Assocs",Nursing,Precepted Rotation,1,1,11502,8/28/24,10/18/24,0:00,23:59,24,Thu,ID Missing,ID Missing,Ambulatory,NRSG 676 MN - Care Transitions Practicum,Other (see comments),Archived (Completed)
499334,Emory University - SON Pre-licensure,"Emory Offsite Locations - The Emory Clinic, Ambulatory Surgery Centers And The Emory Specialty Assocs",Nursing,Precepted Rotation,1,1,11461,8/28/24,10/18/24,0:00,23:59,24,Thu,ID Missing,ID Missing,Ambulatory,NRSG 676 MN - Care Transitions Practicum,Other (see comments),Archived (Completed)
499337,Emory University - SON Pre-licensure,"Emory Offsite Locations - The Emory Clinic, Ambulatory Surgery Centers And The Emory Specialty Assocs",Nursing,Precepted Rotation,1,1,11491,8/28/24,10/18/24,0:00,23:59,24,Thu,ID Missing,ID Missing,Ambulatory,NRSG 676 MN - Care Transitions Practicum,Other (see comments),Archived (Completed)
499341,Emory University - SON Pre-licensure,"Emory Offsite Locations - The Emory Clinic, Ambulatory Surgery Centers And The Emory Specialty Assocs",Nursing,Precepted Rotation,1,1,11465,8/28/24,10/18/24,0:00,23:59,24,Thu,ID Missing,ID Missing,Ambulatory,NRSG 676 MN - Care Transitions Practicum,Other (see comments),Archived (Completed)
499358,Emory University - SON Pre-licensure,"Emory Offsite Locations - The Emory Clinic, Ambulatory Surgery Centers And The Emory Specialty Assocs",Nursing,Precepted Rotation,1,1,11427,8/28/24,10/18/24,0:00,23:59,24,Thu,ID Missing,ID Missing,Ambulatory,NRSG 676 MN - Care Transitions Practicum,Other (see comments),Archived (Completed)
499361,Emory University - SON Pre-licensure,"Emory Offsite Locations - The Emory Clinic, Ambulatory Surgery Centers And The Emory Specialty Assocs",Nursing,Precepted Rotation,1,1,11496,8/28/24,10/18/24,0:00,23:59,24,Thu,ID Missing,ID Missing,Ambulatory,NRSG 676 MN - Care Transitions Practicum,Other (see comments),Archived (Completed)
499365,Emory University - SON Pre-licensure,"Emory Offsite Locations - The Emory Clinic, Ambulatory Surgery Centers And The Emory Specialty Assocs",Nursing,Precepted Rotation,1,1,11406,8/28/24,10/18/24,0:00,23:59,24,Thu,ID Missing,ID Missing,Ambulatory,NRSG 676 MN - Care Transitions Practicum,Other (see comments),Archived (Completed)
499369,Emory University - SON Pre-licensure,"Emory Offsite Locations - The Emory Clinic, Ambulatory Surgery Centers And The Emory Specialty Assocs",Nursing,Precepted Rotation,1,1,11443,8/28/24,10/18/24,0:00,23:59,24,Thu,ID Missing,ID Missing,Ambulatory,NRSG 676 MN - Care Transitions Practicum,Other (see comments),Archived (Completed)
499371,Emory University - SON Pre-licensure,"Emory Offsite Locations - The Emory Clinic, Ambulatory Surgery Centers And The Emory Specialty Assocs",Nursing,Precepted Rotation,1,1,11436,8/28/24,10/18/24,0:00,23:59,24,Thu,ID Missing,ID Missing,Ambulatory,NRSG 676 MN - Care Transitions Practicum,Other (see comments),Archived (Completed)
499372,Emory University - SON Pre-licensure,"Emory Offsite Locations - The Emory Clinic, Ambulatory Surgery Centers And The Emory Specialty Assocs",Nursing,Precepted Rotation,1,1,11411,8/28/24,10/18/24,0:00,23:59,24,Fri,ID Missing,ID Missing,Ambulatory,NRSG 676 MN - Care Transitions Practicum,Other (see comments),Archived (Completed)
499373,Emory University - SON Pre-licensure,"Emory Offsite Locations - The Emory Clinic, Ambulatory Surgery Centers And The Emory Specialty Assocs",Nursing,Precepted Rotation,1,1,11471,8/28/24,10/18/24,0:00,23:59,24,Fri,ID Missing,ID Missing,Ambulatory,NRSG 676 MN - Care Transitions Practicum,Other (see comments),Archived (Completed)
499376,Emory University - SON Pre-licensure,"Emory Offsite Locations - The Emory Clinic, Ambulatory Surgery Centers And The Emory Specialty Assocs",Nursing,Precepted Rotation,1,1,11513,8/28/24,10/18/24,0:00,23:59,24,Fri,ID Missing,ID Missing,Ambulatory,NRSG 676 MN - Care Transitions Practicum,Other (see comments),Archived (Completed)
499381,Emory University - SON Pre-licensure,"Emory Offsite Locations - The Emory Clinic, Ambulatory Surgery Centers And The Emory Specialty Assocs",Nursing,Precepted Rotation,1,1,11464,8/28/24,10/18/24,0:00,23:59,24,Fri,ID Missing,ID Missing,Ambulatory,NRSG 676 MN - Care Transitions Practicum,Other (see comments),Archived (Completed)
499385,Emory University - SON Pre-licensure,"Emory Offsite Locations - The Emory Clinic, Ambulatory Surgery Centers And The Emory Specialty Assocs",Nursing,Precepted Rotation,1,1,11435,8/28/24,10/18/24,0:00,23:59,24,Fri,ID Missing,ID Missing,Ambulatory,NRSG 676 MN - Care Transitions Practicum,Other (see comments),Archived (Completed)
499387,Emory University - SON Pre-licensure,"Emory Offsite Locations - The Emory Clinic, Ambulatory Surgery Centers And The Emory Specialty Assocs",Nursing,Precepted Rotation,1,1,11458,8/28/24,10/18/24,0:00,23:59,24,Fri,ID Missing,ID Missing,Ambulatory,NRSG 676 MN - Care Transitions Practicum,Other (see comments),Archived (Completed)
499429,Emory University - SON Pre-licensure,"Emory Offsite Locations - The Emory Clinic, Ambulatory Surgery Centers And The Emory Specialty Assocs",Nursing,Precepted Rotation,1,1,11574,8/28/24,10/18/24,0:00,23:59,24,Fri,ID Missing,ID Missing,Ambulatory,NRSG 676 MN - Care Transitions Practicum,Other (see comments),Archived (Completed)
499430,Emory University - SON Pre-licensure,"Emory Offsite Locations - The Emory Clinic, Ambulatory Surgery Centers And The Emory Specialty Assocs",Nursing,Precepted Rotation,1,1,11494,8/28/24,10/18/24,0:00,23:59,24,Fri,ID Missing,ID Missing,Ambulatory,NRSG 676 MN - Care Transitions Practicum,Other (see comments),Archived (Completed)
499432,Emory University - SON Pre-licensure,"Emory Offsite Locations - The Emory Clinic, Ambulatory Surgery Centers And The Emory Specialty Assocs",Nursing,Precepted Rotation,1,1,11399,8/28/24,10/18/24,0:00,23:59,24,Fri,ID Missing,ID Missing,Ambulatory,NRSG 676 MN - Care Transitions Practicum,Other (see comments),Archived (Completed)
499434,Emory University - SON Pre-licensure,"Emory Offsite Locations - The Emory Clinic, Ambulatory Surgery Centers And The Emory Specialty Assocs",Nursing,Precepted Rotation,1,1,11441,8/28/24,10/18/24,0:00,23:59,24,Fri,ID Missing,ID Missing,Ambulatory,NRSG 676 MN - Care Transitions Practicum,Other (see comments),Archived (Completed)
499437,Emory University - SON Pre-licensure,"Emory Offsite Locations - The Emory Clinic, Ambulatory Surgery Centers And The Emory Specialty Assocs",Nursing,Precepted Rotation,1,1,11497,8/28/24,10/18/24,0:00,23:59,24,Fri,ID Missing,ID Missing,Ambulatory,NRSG 676 MN - Care Transitions Practicum,Other (see comments),Archived (Completed)
500915,Emory University - SON Pre-licensure,Emory University Hospital,Nursing,Precepted Rotation,1,1,11512,9/3/24,10/18/24,0:00,23:59,132,"Mon, Thu, Fri, Sat, Sun",2020,ID Missing,Practicum,NRSG 648 MN - Transitions to Nursing Practice,6T: Transplant,Archived (Completed)
506308,Chamberlain College of Nursing - Georgia,Emory University Hospital Midtown,Nursing,Cohort Rotation,0,6,No Students Assigned,4/6/24,4/27/24,7:00,19:00,48,Sat,ID Missing,No Preceptor Assigned,Perinatal - OB,NR 327 - Maternal Child,Maternity,Archived (Denied)
515565,Emory University - SON Pre-licensure,Emory Johns Creek Hospital,Nursing,Precepted Rotation,1,1,11157,10/14/24,10/26/24,0:00,23:59,60,,ID Missing,No Preceptor Assigned,MedSurg - Acute Care,NRSG 478D - Clinical Synthesis Practicum,3rd floor: med-surg,Archived (Completed)
519354,Emory University - SON Pre-licensure,Emory University Hospital,Nursing,Precepted Rotation,11,12,"12267, 12268, 12269, 12270, 12271, 12272, 12273, 12274, 12275, 12276, 12277",11/7/24,11/8/24,0:00,23:59,8,Thu,ID Missing,No Preceptor Assigned,Observation,NRSG - CAPES,-no preference-,Archived (Completed)
,,,,,,,,,,,,,,,,,,,
,,,,,,,,,,,,,,,,,,,
,,,,,,,,,,,,,,,,,,,
,,,,,,,,,,,,,,,,,,,
,,,,,,,,,,,,,,,,,,,
,,,,,,,,,,,,,,,,,,,
,,,,,,,,,,,,,,,,,,,
,,,,,,,,,,,,,,,,,,,
,,,,,,,,,,,,,,,,,,,
,,,,,,,,,,,,,,,,,,,
,,,,,,,,,,,,,,,,,,,
,,,,,,,,,,,,,,,,,,,
,,,,,,,,,,,,,,,,,,,
,,,,,,,,,,,,,,,,,,,
,,,,,,,,,,,,,,,,,,,
,,,,,,,,,,,,,,,,,,,
,,,,,,,,,,,,,,,,,,,
,,,,,,,,,,,,,,,,,,,
,,,,,,,,,,,,,,,,,,,
,,,,,,,,,,,,,,,,,,,
,,,,,,,,,,,,,,,,,,,
,,,,,,,,,,,,,,,,,,,
,,,,,,,,,,,,,,,,,,,
,,,,,,,,,,,,,,,,,,,
,,,,,,,,,,,,,,,,,,,
,,,,,,,,,,,,,,,,,,,
,,,,,,,,,,,,,,,,,,,
,,,,,,,,,,,,,,,,,,,
,,,,,,,,,,,,,,,,,,,
,,,,,,,,,,,,,,,,,,,
,,,,,,,,,,,,,,,,,,,
,,,,,,,,,,,,,,,,,,,
,,,,,,,,,,,,,,,,,,,
,,,,,,,,,,,,,,,,,,,
,,,,,,,,,,,,,,,,,,,
,,,,,,,,,,,,,,,,,,,
,,,,,,,,,,,,,,,,,,,
,,,,,,,,,,,,,,,,,,,
,,,,,,,,,,,,,,,,,,,
,,,,,,,,,,,,,,,,,,,
,,,,,,,,,,,,,,,,,,,
,,,,,,,,,,,,,,,,,,,
,,,,,,,,,,,,,,,,,,,
,,,,,,,,,,,,,,,,,,,
,,,,,,,,,,,,,,,,,,,
,,,,,,,,,,,,,,,,,,,
,,,,,,,,,,,,,,,,,,,
,,,,,,,,,,,,,,,,,,,
,,,,,,,,,,,,,,,,,,,
,,,,,,,,,,,,,,,,,,,
,,,,,,,,,,,,,,,,,,,
,,,,,,,,,,,,,,,,,,,
,,,,,,,,,,,,,,,,,,,
,,,,,,,,,,,,,,,,,,,
,,,,,,,,,,,,,,,,,,,
,,,,,,,,,,,,,,,,,,,
,,,,,,,,,,,,,,,,,,,
,,,,,,,,,,,,,,,,,,,
,,,,,,,,,,,,,,,,,,,
,,,,,,,,,,,,,,,,,,,
,,,,,,,,,,,,,,,,,,,
,,,,,,,,,,,,,,,,,,,
,,,,,,,,,,,,,,,,,,,
,,,,,,,,,,,,,,,,,,,
,,,,,,,,,,,,,,,,,,,
,,,,,,,,,,,,,,,,,,,
,,,,,,,,,,,,,,,,,,,
,,,,,,,,,,,,,,,,,,,
,,,,,,,,,,,,,,,,,,,
,,,,,,,,,,,,,,,,,,,
,,,,,,,,,,,,,,,,,,,
,,,,,,,,,,,,,,,,,,,
,,,,,,,,,,,,,,,,,,,
,,,,,,,,,,,,,,,,,,,
,,,,,,,,,,,,,,,,,,,
,,,,,,,,,,,,,,,,,,,
,,,,,,,,,,,,,,,,,,,
,,,,,,,,,,,,,,,,,,,
,,,,,,,,,,,,,,,,,,,
,,,,,,,,,,,,,,,,,,,
,,,,,,,,,,,,,,,,,,,
,,,,,,,,,,,,,,,,,,,
,,,,,,,,,,,,,,,,,,,
,,,,,,,,,,,,,,,,,,,
,,,,,,,,,,,,,,,,,,,
,,,,,,,,,,,,,,,,,,,
,,,,,,,,,,,,,,,,,,,
,,,,,,,,,,,,,,,,,,,
,,,,,,,,,,,,,,,,,,,
,,,,,,,,,,,,,,,,,,,
,,,,,,,,,,,,,,,,,,,
,,,,,,,,,,,,,,,,,,,
,,,,,,,,,,,,,,,,,,,
,,,,,,,,,,,,,,,,,,,
,,,,,,,,,,,,,,,,,,,
,,,,,,,,,,,,,,,,,,,
,,,,,,,,,,,,,,,,,,,
,,,,,,,,,,,,,,,,,,,
,,,,,,,,,,,,,,,,,,,
,,,,,,,,,,,,,,,,,,,
,,,,,,,,,,,,,,,,,,,
,,,,,,,,,,,,,,,,,,,
,,,,,,,,,,,,,,,,,,,
,,,,,,,,,,,,,,,,,,,
,,,,,,,,,,,,,,,,,,,
,,,,,,,,,,,,,,,,,,,
,,,,,,,,,,,,,,,,,,,
,,,,,,,,,,,,,,,,,,,
,,,,,,,,,,,,,,,,,,,
,,,,,,,,,,,,,,,,,,,
,,,,,,,,,,,,,,,,,,,
,,,,,,,,,,,,,,,,,,,
,,,,,,,,,,,,,,,,,,,
,,,,,,,,,,,,,,,,,,,
,,,,,,,,,,,,,,,,,,,
,,,,,,,,,,,,,,,,,,,
,,,,,,,,,,,,,,,,,,,
,,,,,,,,,,,,,,,,,,,
,,,,,,,,,,,,,,,,,,,
,,,,,,,,,,,,,,,,,,,
,,,,,,,,,,,,,,,,,,,
,,,,,,,,,,,,,,,,,,,
,,,,,,,,,,,,,,,,,,,
,,,,,,,,,,,,,,,,,,,
,,,,,,,,,,,,,,,,,,,
,,,,,,,,,,,,,,,,,,,
,,,,,,,,,,,,,,,,,,,
,,,,,,,,,,,,,,,,,,,
,,,,,,,,,,,,,,,,,,,
,,,,,,,,,,,,,,,,,,,
,,,,,,,,,,,,,,,,,,,
,,,,,,,,,,,,,,,,,,,
,,,,,,,,,,,,,,,,,,,
,,,,,,,,,,,,,,,,,,,
,,,,,,,,,,,,,,,,,,,
,,,,,,,,,,,,,,,,,,,
,,,,,,,,,,,,,,,,,,,
,,,,,,,,,,,,,,,,,,,
,,,,,,,,,,,,,,,,,,,
,,,,,,,,,,,,,,,,,,,
,,,,,,,,,,,,,,,,,,,
,,,,,,,,,,,,,,,,,,,
,,,,,,,,,,,,,,,,,,,
,,,,,,,,,,,,,,,,,,,
,,,,,,,,,,,,,,,,,,,
,,,,,,,,,,,,,,,,,,,
,,,,,,,,,,,,,,,,,,,
,,,,,,,,,,,,,,,,,,,
,,,,,,,,,,,,,,,,,,,
,,,,,,,,,,,,,,,,,,,
,,,,,,,,,,,,,,,,,,,
,,,,,,,,,,,,,,,,,,,
,,,,,,,,,,,,,,,,,,,
,,,,,,,,,,,,,,,,,,,
,,,,,,,,,,,,,,,,,,,
,,,,,,,,,,,,,,,,,,,
,,,,,,,,,,,,,,,,,,,
,,,,,,,,,,,,,,,,,,,
,,,,,,,,,,,,,,,,,,,
,,,,,,,,,,,,,,,,,,,
,,,,,,,,,,,,,,,,,,,
,,,,,,,,,,,,,,,,,,,
,,,,,,,,,,,,,,,,,,,
,,,,,,,,,,,,,,,,,,,
,,,,,,,,,,,,,,,,,,,
,,,,,,,,,,,,,,,,,,,
,,,,,,,,,,,,,,,,,,,
,,,,,,,,,,,,,,,,,,,
,,,,,,,,,,,,,,,,,,,
,,,,,,,,,,,,,,,,,,,
,,,,,,,,,,,,,,,,,,,
,,,,,,,,,,,,,,,,,,,
,,,,,,,,,,,,,,,,,,,
,,,,,,,,,,,,,,,,,,,
,,,,,,,,,,,,,,,,,,,
,,,,,,,,,,,,,,,,,,,
,,,,,,,,,,,,,,,,,,,
,,,,,,,,,,,,,,,,,,,
,,,,,,,,,,,,,,,,,,,
,,,,,,,,,,,,,,,,,,,
,,,,,,,,,,,,,,,,,,,
,,,,,,,,,,,,,,,,,,,
,,,,,,,,,,,,,,,,,,,
,,,,,,,,,,,,,,,,,,,
,,,,,,,,,,,,,,,,,,,
,,,,,,,,,,,,,,,,,,,
,,,,,,,,,,,,,,,,,,,
,,,,,,,,,,,,,,,,,,,
,,,,,,,,,,,,,,,,,,,
,,,,,,,,,,,,,,,,,,,
,,,,,,,,,,,,,,,,,,,
,,,,,,,,,,,,,,,,,,,
,,,,,,,,,,,,,,,,,,,
,,,,,,,,,,,,,,,,,,,
,,,,,,,,,,,,,,,,,,,
,,,,,,,,,,,,,,,,,,,
,,,,,,,,,,,,,,,,,,,
,,,,,,,,,,,,,,,,,,,
,,,,,,,,,,,,,,,,,,,
,,,,,,,,,,,,,,,,,,,
,,,,,,,,,,,,,,,,,,,
,,,,,,,,,,,,,,,,,,,
,,,,,,,,,,,,,,,,,,,
,,,,,,,,,,,,,,,,,,,
,,,,,,,,,,,,,,,,,,,
,,,,,,,,,,,,,,,,,,,
,,,,,,,,,,,,,,,,,,,
,,,,,,,,,,,,,,,,,,,
,,,,,,,,,,,,,,,,,,,
,,,,,,,,,,,,,,,,,,,
,,,,,,,,,,,,,,,,,,,
,,,,,,,,,,,,,,,,,,,
,,,,,,,,,,,,,,,,,,,
,,,,,,,,,,,,,,,,,,,
,,,,,,,,,,,,,,,,,,,
,,,,,,,,,,,,,,,,,,,
,,,,,,,,,,,,,,,,,,,
,,,,,,,,,,,,,,,,,,,
,,,,,,,,,,,,,,,,,,,
,,,,,,,,,,,,,,,,,,,
,,,,,,,,,,,,,,,,,,,
,,,,,,,,,,,,,,,,,,,
,,,,,,,,,,,,,,,,,,,
,,,,,,,,,,,,,,,,,,,
,,,,,,,,,,,,,,,,,,,
,,,,,,,,,,,,,,,,,,,
,,,,,,,,,,,,,,,,,,,
,,,,,,,,,,,,,,,,,,,
,,,,,,,,,,,,,,,,,,,
,,,,,,,,,,,,,,,,,,,
,,,,,,,,,,,,,,,,,,,
,,,,,,,,,,,,,,,,,,,
,,,,,,,,,,,,,,,,,,,
,,,,,,,,,,,,,,,,,,,
,,,,,,,,,,,,,,,,,,,
,,,,,,,,,,,,,,,,,,,
,,,,,,,,,,,,,,,,,,,
,,,,,,,,,,,,,,,,,,,
,,,,,,,,,,,,,,,,,,,
,,,,,,,,,,,,,,,,,,,
,,,,,,,,,,,,,,,,,,,
,,,,,,,,,,,,,,,,,,,
,,,,,,,,,,,,,,,,,,,
,,,,,,,,,,,,,,,,,,,
,,,,,,,,,,,,,,,,,,,
,,,,,,,,,,,,,,,,,,,
,,,,,,,,,,,,,,,,,,,
,,,,,,,,,,,,,,,,,,,
,,,,,,,,,,,,,,,,,,,
,,,,,,,,,,,,,,,,,,,
,,,,,,,,,,,,,,,,,,,
,,,,,,,,,,,,,,,,,,,
,,,,,,,,,,,,,,,,,,,
,,,,,,,,,,,,,,,,,,,
,,,,,,,,,,,,,,,,,,,
,,,,,,,,,,,,,,,,,,,
,,,,,,,,,,,,,,,,,,,
,,,,,,,,,,,,,,,,,,,
,,,,,,,,,,,,,,,,,,,
,,,,,,,,,,,,,,,,,,,
,,,,,,,,,,,,,,,,,,,
,,,,,,,,,,,,,,,,,,,
,,,,,,,,,,,,,,,,,,,
,,,,,,,,,,,,,,,,,,,
,,,,,,,,,,,,,,,,,,,
,,,,,,,,,,,,,,,,,,,
,,,,,,,,,,,,,,,,,,,
,,,,,,,,,,,,,,,,,,,
,,,,,,,,,,,,,,,,,,,
,,,,,,,,,,,,,,,,,,,
,,,,,,,,,,,,,,,,,,,
,,,,,,,,,,,,,,,,,,,
,,,,,,,,,,,,,,,,,,,
,,,,,,,,,,,,,,,,,,,
,,,,,,,,,,,,,,,,,,,
,,,,,,,,,,,,,,,,,,,
,,,,,,,,,,,,,,,,,,,
,,,,,,,,,,,,,,,,,,,
,,,,,,,,,,,,,,,,,,,
,,,,,,,,,,,,,,,,,,,
,,,,,,,,,,,,,,,,,,,
,,,,,,,,,,,,,,,,,,,
,,,,,,,,,,,,,,,,,,,
,,,,,,,,,,,,,,,,,,,
,,,,,,,,,,,,,,,,,,,
,,,,,,,,,,,,,,,,,,,
,,,,,,,,,,,,,,,,,,,
,,,,,,,,,,,,,,,,,,,
,,,,,,,,,,,,,,,,,,,
,,,,,,,,,,,,,,,,,,,
,,,,,,,,,,,,,,,,,,,
,,,,,,,,,,,,,,,,,,,
,,,,,,,,,,,,,,,,,,,
,,,,,,,,,,,,,,,,,,,
,,,,,,,,,,,,,,,,,,,
,,,,,,,,,,,,,,,,,,,
,,,,,,,,,,,,,,,,,,,
,,,,,,,,,,,,,,,,,,,
,,,,,,,,,,,,,,,,,,,
,,,,,,,,,,,,,,,,,,,
,,,,,,,,,,,,,,,,,,,
,,,,,,,,,,,,,,,,,,,
,,,,,,,,,,,,,,,,,,,
,,,,,,,,,,,,,,,,,,,
,,,,,,,,,,,,,,,,,,,
,,,,,,,,,,,,,,,,,,,
,,,,,,,,,,,,,,,,,,,
,,,,,,,,,,,,,,,,,,,
,,,,,,,,,,,,,,,,,,,
,,,,,,,,,,,,,,,,,,,
,,,,,,,,,,,,,,,,,,,
,,,,,,,,,,,,,,,,,,,
,,,,,,,,,,,,,,,,,,,
,,,,,,,,,,,,,,,,,,,
,,,,,,,,,,,,,,,,,,,
,,,,,,,,,,,,,,,,,,,
,,,,,,,,,,,,,,,,,,,
,,,,,,,,,,,,,,,,,,,
,,,,,,,,,,,,,,,,,,,
,,,,,,,,,,,,,,,,,,,
,,,,,,,,,,,,,,,,,,,
,,,,,,,,,,,,,,,,,,,
,,,,,,,,,,,,,,,,,,,
,,,,,,,,,,,,,,,,,,,
,,,,,,,,,,,,,,,,,,,
,,,,,,,,,,,,,,,,,,,
,,,,,,,,,,,,,,,,,,,
,,,,,,,,,,,,,,,,,,,
,,,,,,,,,,,,,,,,,,,
,,,,,,,,,,,,,,,,,,,
,,,,,,,,,,,,,,,,,,,
,,,,,,,,,,,,,,,,,,,
,,,,,,,,,,,,,,,,,,,
,,,,,,,,,,,,,,,,,,,
,,,,,,,,,,,,,,,,,,,
,,,,,,,,,,,,,,,,,,,
,,,,,,,,,,,,,,,,,,,
,,,,,,,,,,,,,,,,,,,
,,,,,,,,,,,,,,,,,,,
,,,,,,,,,,,,,,,,,,,
,,,,,,,,,,,,,,,,,,,
,,,,,,,,,,,,,,,,,,,
,,,,,,,,,,,,,,,,,,,
,,,,,,,,,,,,,,,,,,,
,,,,,,,,,,,,,,,,,,,
,,,,,,,,,,,,,,,,,,,
,,,,,,,,,,,,,,,,,,,
,,,,,,,,,,,,,,,,,,,
,,,,,,,,,,,,,,,,,,,
,,,,,,,,,,,,,,,,,,,
,,,,,,,,,,,,,,,,,,,
,,,,,,,,,,,,,,,,,,,
,,,,,,,,,,,,,,,,,,,
,,,,,,,,,,,,,,,,,,,
,,,,,,,,,,,,,,,,,,,
,,,,,,,,,,,,,,,,,,,
,,,,,,,,,,,,,,,,,,,
,,,,,,,,,,,,,,,,,,,
,,,,,,,,,,,,,,,,,,,
,,,,,,,,,,,,,,,,,,,
,,,,,,,,,,,,,,,,,,,
,,,,,,,,,,,,,,,,,,,
,,,,,,,,,,,,,,,,,,,
,,,,,,,,,,,,,,,,,,,
,,,,,,,,,,,,,,,,,,,
,,,,,,,,,,,,,,,,,,,
,,,,,,,,,,,,,,,,,,,
,,,,,,,,,,,,,,,,,,,
,,,,,,,,,,,,,,,,,,,
,,,,,,,,,,,,,,,,,,,
,,,,,,,,,,,,,,,,,,,
,,,,,,,,,,,,,,,,,,,
,,,,,,,,,,,,,,,,,,,
,,,,,,,,,,,,,,,,,,,
,,,,,,,,,,,,,,,,,,,
,,,,,,,,,,,,,,,,,,,
,,,,,,,,,,,,,,,,,,,
,,,,,,,,,,,,,,,,,,,
,,,,,,,,,,,,,,,,,,,
,,,,,,,,,,,,,,,,,,,
,,,,,,,,,,,,,,,,,,,
,,,,,,,,,,,,,,,,,,,
,,,,,,,,,,,,,,,,,,,
,,,,,,,,,,,,,,,,,,,
,,,,,,,,,,,,,,,,,,,
,,,,,,,,,,,,,,,,,,,
,,,,,,,,,,,,,,,,,,,
,,,,,,,,,,,,,,,,,,,
,,,,,,,,,,,,,,,,,,,
,,,,,,,,,,,,,,,,,,,
,,,,,,,,,,,,,,,,,,,
,,,,,,,,,,,,,,,,,,,
,,,,,,,,,,,,,,,,,,,
,,,,,,,,,,,,,,,,,,,
,,,,,,,,,,,,,,,,,,,
,,,,,,,,,,,,,,,,,,,
,,,,,,,,,,,,,,,,,,,
,,,,,,,,,,,,,,,,,,,
,,,,,,,,,,,,,,,,,,,
,,,,,,,,,,,,,,,,,,,
,,,,,,,,,,,,,,,,,,,
,,,,,,,,,,,,,,,,,,,
,,,,,,,,,,,,,,,,,,,
,,,,,,,,,,,,,,,,,,,
,,,,,,,,,,,,,,,,,,,
,,,,,,,,,,,,,,,,,,,
,,,,,,,,,,,,,,,,,,,
,,,,,,,,,,,,,,,,,,,
,,,,,,,,,,,,,,,,,,,
,,,,,,,,,,,,,,,,,,,
,,,,,,,,,,,,,,,,,,,
,,,,,,,,,,,,,,,,,,,
,,,,,,,,,,,,,,,,,,,
,,,,,,,,,,,,,,,,,,,
,,,,,,,,,,,,,,,,,,,
,,,,,,,,,,,,,,,,,,,
,,,,,,,,,,,,,,,,,,,
,,,,,,,,,,,,,,,,,,,
,,,,,,,,,,,,,,,,,,,
,,,,,,,,,,,,,,,,,,,
,,,,,,,,,,,,,,,,,,,
,,,,,,,,,,,,,,,,,,,
,,,,,,,,,,,,,,,,,,,
,,,,,,,,,,,,,,,,,,,
,,,,,,,,,,,,,,,,,,,
,,,,,,,,,,,,,,,,,,,
,,,,,,,,,,,,,,,,,,,
,,,,,,,,,,,,,,,,,,,
,,,,,,,,,,,,,,,,,,,
,,,,,,,,,,,,,,,,,,,
,,,,,,,,,,,,,,,,,,,
,,,,,,,,,,,,,,,,,,,
,,,,,,,,,,,,,,,,,,,
,,,,,,,,,,,,,,,,,,,
,,,,,,,,,,,,,,,,,,,
,,,,,,,,,,,,,,,,,,,
,,,,,,,,,,,,,,,,,,,
,,,,,,,,,,,,,,,,,,,
,,,,,,,,,,,,,,,,,,,
,,,,,,,,,,,,,,,,,,,
,,,,,,,,,,,,,,,,,,,
,,,,,,,,,,,,,,,,,,,
,,,,,,,,,,,,,,,,,,,
,,,,,,,,,,,,,,,,,,,
,,,,,,,,,,,,,,,,,,,
,,,,,,,,,,,,,,,,,,,
,,,,,,,,,,,,,,,,,,,
,,,,,,,,,,,,,,,,,,,
,,,,,,,,,,,,,,,,,,,
,,,,,,,,,,,,,,,,,,,
,,,,,,,,,,,,,,,,,,,
,,,,,,,,,,,,,,,,,,,
,,,,,,,,,,,,,,,,,,,
,,,,,,,,,,,,,,,,,,,
,,,,,,,,,,,,,,,,,,,
,,,,,,,,,,,,,,,,,,,
,,,,,,,,,,,,,,,,,,,
,,,,,,,,,,,,,,,,,,,
,,,,,,,,,,,,,,,,,,,
,,,,,,,,,,,,,,,,,,,
,,,,,,,,,,,,,,,,,,,
,,,,,,,,,,,,,,,,,,,
,,,,,,,,,,,,,,,,,,,
,,,,,,,,,,,,,,,,,,,
,,,,,,,,,,,,,,,,,,,
,,,,,,,,,,,,,,,,,,,
,,,,,,,,,,,,,,,,,,,
,,,,,,,,,,,,,,,,,,,
,,,,,,,,,,,,,,,,,,,
,,,,,,,,,,,,,,,,,,,
,,,,,,,,,,,,,,,,,,,
,,,,,,,,,,,,,,,,,,,
,,,,,,,,,,,,,,,,,,,
,,,,,,,,,,,,,,,,,,,
,,,,,,,,,,,,,,,,,,,
,,,,,,,,,,,,,,,,,,,
,,,,,,,,,,,,,,,,,,,
,,,,,,,,,,,,,,,,,,,
,,,,,,,,,,,,,,,,,,,
,,,,,,,,,,,,,,,,,,,
,,,,,,,,,,,,,,,,,,,
,,,,,,,,,,,,,,,,,,,
,,,,,,,,,,,,,,,,,,,
,,,,,,,,,,,,,,,,,,,
,,,,,,,,,,,,,,,,,,,
,,,,,,,,,,,,,,,,,,,
,,,,,,,,,,,,,,,,,,,
,,,,,,,,,,,,,,,,,,,
,,,,,,,,,,,,,,,,,,,
,,,,,,,,,,,,,,,,,,,
,,,,,,,,,,,,,,,,,,,
,,,,,,,,,,,,,,,,,,,
,,,,,,,,,,,,,,,,,,,
,,,,,,,,,,,,,,,,,,,
,,,,,,,,,,,,,,,,,,,
,,,,,,,,,,,,,,,,,,,
,,,,,,,,,,,,,,,,,,,
,,,,,,,,,,,,,,,,,,,
,,,,,,,,,,,,,,,,,,,
,,,,,,,,,,,,,,,,,,,
,,,,,,,,,,,,,,,,,,,
,,,,,,,,,,,,,,,,,,,
,,,,,,,,,,,,,,,,,,,
,,,,,,,,,,,,,,,,,,,
,,,,,,,,,,,,,,,,,,,
,,,,,,,,,,,,,,,,,,,
,,,,,,,,,,,,,,,,,,,
,,,,,,,,,,,,,,,,,,,
,,,,,,,,,,,,,,,,,,,
,,,,,,,,,,,,,,,,,,,
,,,,,,,,,,,,,,,,,,,
,,,,,,,,,,,,,,,,,,,
,,,,,,,,,,,,,,,,,,,
,,,,,,,,,,,,,,,,,,,
,,,,,,,,,,,,,,,,,,,
,,,,,,,,,,,,,,,,,,,
,,,,,,,,,,,,,,,,,,,
,,,,,,,,,,,,,,,,,,,
,,,,,,,,,,,,,,,,,,,
,,,,,,,,,,,,,,,,,,,
,,,,,,,,,,,,,,,,,,,
,,,,,,,,,,,,,,,,,,,
,,,,,,,,,,,,,,,,,,,
,,,,,,,,,,,,,,,,,,,
,,,,,,,,,,,,,,,,,,,
,,,,,,,,,,,,,,,,,,,
,,,,,,,,,,,,,,,,,,,
,,,,,,,,,,,,,,,,,,,
,,,,,,,,,,,,,,,,,,,
,,,,,,,,,,,,,,,,,,,
,,,,,,,,,,,,,,,,,,,
,,,,,,,,,,,,,,,,,,,
,,,,,,,,,,,,,,,,,,,
,,,,,,,,,,,,,,,,,,,
,,,,,,,,,,,,,,,,,,,
,,,,,,,,,,,,,,,,,,,
,,,,,,,,,,,,,,,,,,,
,,,,,,,,,,,,,,,,,,,
,,,,,,,,,,,,,,,,,,,
,,,,,,,,,,,,,,,,,,,
,,,,,,,,,,,,,,,,,,,
,,,,,,,,,,,,,,,,,,,
,,,,,,,,,,,,,,,,,,,
,,,,,,,,,,,,,,,,,,,
,,,,,,,,,,,,,,,,,,,
,,,,,,,,,,,,,,,,,,,
,,,,,,,,,,,,,,,,,,,
,,,,,,,,,,,,,,,,,,,
,,,,,,,,,,,,,,,,,,,
,,,,,,,,,,,,,,,,,,,
,,,,,,,,,,,,,,,,,,,
,,,,,,,,,,,,,,,,,,,
,,,,,,,,,,,,,,,,,,,
,,,,,,,,,,,,,,,,,,,
,,,,,,,,,,,,,,,,,,,
,,,,,,,,,,,,,,,,,,,
,,,,,,,,,,,,,,,,,,,
,,,,,,,,,,,,,,,,,,,
,,,,,,,,,,,,,,,,,,,
,,,,,,,,,,,,,,,,,,,
,,,,,,,,,,,,,,,,,,,
,,,,,,,,,,,,,,,,,,,
,,,,,,,,,,,,,,,,,,,
,,,,,,,,,,,,,,,,,,,
,,,,,,,,,,,,,,,,,,,
,,,,,,,,,,,,,,,,,,,
,,,,,,,,,,,,,,,,,,,
,,,,,,,,,,,,,,,,,,,
,,,,,,,,,,,,,,,,,,,
,,,,,,,,,,,,,,,,,,,
,,,,,,,,,,,,,,,,,,,
,,,,,,,,,,,,,,,,,,,
,,,,,,,,,,,,,,,,,,,
,,,,,,,,,,,,,,,,,,,
,,,,,,,,,,,,,,,,,,,
,,,,,,,,,,,,,,,,,,,
,,,,,,,,,,,,,,,,,,,
,,,,,,,,,,,,,,,,,,,
,,,,,,,,,,,,,,,,,,,
,,,,,,,,,,,,,,,,,,,
,,,,,,,,,,,,,,,,,,,
,,,,,,,,,,,,,,,,,,,
,,,,,,,,,,,,,,,,,,,
,,,,,,,,,,,,,,,,,,,
,,,,,,,,,,,,,,,,,,,
,,,,,,,,,,,,,,,,,,,
,,,,,,,,,,,,,,,,,,,
,,,,,,,,,,,,,,,,,,,
,,,,,,,,,,,,,,,,,,,
,,,,,,,,,,,,,,,,,,,
,,,,,,,,,,,,,,,,,,,
,,,,,,,,,,,,,,,,,,,
,,,,,,,,,,,,,,,,,,,
,,,,,,,,,,,,,,,,,,,
,,,,,,,,,,,,,,,,,,,
,,,,,,,,,,,,,,,,,,,
,,,,,,,,,,,,,,,,,,,
,,,,,,,,,,,,,,,,,,,
,,,,,,,,,,,,,,,,,,,
,,,,,,,,,,,,,,,,,,,
,,,,,,,,,,,,,,,,,,,
,,,,,,,,,,,,,,,,,,,
,,,,,,,,,,,,,,,,,,,
,,,,,,,,,,,,,,,,,,,
,,,,,,,,,,,,,,,,,,,
,,,,,,,,,,,,,,,,,,,
,,,,,,,,,,,,,,,,,,,
,,,,,,,,,,,,,,,,,,,
,,,,,,,,,,,,,,,,,,,
,,,,,,,,,,,,,,,,,,,
,,,,,,,,,,,,,,,,,,,
,,,,,,,,,,,,,,,,,,,
,,,,,,,,,,,,,,,,,,,
,,,,,,,,,,,,,,,,,,,
,,,,,,,,,,,,,,,,,,,
,,,,,,,,,,,,,,,,,,,
,,,,,,,,,,,,,,,,,,,
,,,,,,,,,,,,,,,,,,,
,,,,,,,,,,,,,,,,,,,
,,,,,,,,,,,,,,,,,,,
,,,,,,,,,,,,,,,,,,,
,,,,,,,,,,,,,,,,,,,
,,,,,,,,,,,,,,,,,,,
,,,,,,,,,,,,,,,,,,,
,,,,,,,,,,,,,,,,,,,
,,,,,,,,,,,,,,,,,,,
,,,,,,,,,,,,,,,,,,,
,,,,,,,,,,,,,,,,,,,
,,,,,,,,,,,,,,,,,,,
,,,,,,,,,,,,,,,,,,,
,,,,,,,,,,,,,,,,,,,
,,,,,,,,,,,,,,,,,,,
,,,,,,,,,,,,,,,,,,,
,,,,,,,,,,,,,,,,,,,
,,,,,,,,,,,,,,,,,,,
,,,,,,,,,,,,,,,,,,,
,,,,,,,,,,,,,,,,,,,
,,,,,,,,,,,,,,,,,,,
,,,,,,,,,,,,,,,,,,,
,,,,,,,,,,,,,,,,,,,
,,,,,,,,,,,,,,,,,,,
,,,,,,,,,,,,,,,,,,,
,,,,,,,,,,,,,,,,,,,
,,,,,,,,,,,,,,,,,,,
,,,,,,,,,,,,,,,,,,,
,,,,,,,,,,,,,,,,,,,
,,,,,,,,,,,,,,,,,,,
,,,,,,,,,,,,,,,,,,,
,,,,,,,,,,,,,,,,,,,
,,,,,,,,,,,,,,,,,,,
,,,,,,,,,,,,,,,,,,,
,,,,,,,,,,,,,,,,,,,
,,,,,,,,,,,,,,,,,,,
,,,,,,,,,,,,,,,,,,,
,,,,,,,,,,,,,,,,,,,
,,,,,,,,,,,,,,,,,,,
,,,,,,,,,,,,,,,,,,,
,,,,,,,,,,,,,,,,,,,
,,,,,,,,,,,,,,,,,,,
,,,,,,,,,,,,,,,,,,,
,,,,,,,,,,,,,,,,,,,
,,,,,,,,,,,,,,,,,,,
,,,,,,,,,,,,,,,,,,,
,,,,,,,,,,,,,,,,,,,
,,,,,,,,,,,,,,,,,,,
,,,,,,,,,,,,,,,,,,,
,,,,,,,,,,,,,,,,,,,
,,,,,,,,,,,,,,,,,,,
,,,,,,,,,,,,,,,,,,,
,,,,,,,,,,,,,,,,,,,
,,,,,,,,,,,,,,,,,,,
,,,,,,,,,,,,,,,,,,,
,,,,,,,,,,,,,,,,,,,
,,,,,,,,,,,,,,,,,,,
,,,,,,,,,,,,,,,,,,,
,,,,,,,,,,,,,,,,,,,
,,,,,,,,,,,,,,,,,,,
,,,,,,,,,,,,,,,,,,,
,,,,,,,,,,,,,,,,,,,
,,,,,,,,,,,,,,,,,,,
,,,,,,,,,,,,,,,,,,,
,,,,,,,,,,,,,,,,,,,
,,,,,,,,,,,,,,,,,,,
,,,,,,,,,,,,,,,,,,,
,,,,,,,,,,,,,,,,,,,
,,,,,,,,,,,,,,,,,,,
,,,,,,,,,,,,,,,,,,,
,,,,,,,,,,,,,,,,,,,
,,,,,,,,,,,,,,,,,,,
,,,,,,,,,,,,,,,,,,,
,,,,,,,,,,,,,,,,,,,
,,,,,,,,,,,,,,,,,,,
,,,,,,,,,,,,,,,,,,,
,,,,,,,,,,,,,,,,,,,
,,,,,,,,,,,,,,,,,,,
,,,,,,,,,,,,,,,,,,,
,,,,,,,,,,,,,,,,,,,
,,,,,,,,,,,,,,,,,,,
,,,,,,,,,,,,,,,,,,,
,,,,,,,,,,,,,,,,,,,
,,,,,,,,,,,,,,,,,,,
,,,,,,,,,,,,,,,,,,,
,,,,,,,,,,,,,,,,,,,
,,,,,,,,,,,,,,,,,,,
,,,,,,,,,,,,,,,,,,,
,,,,,,,,,,,,,,,,,,,
,,,,,,,,,,,,,,,,,,,
,,,,,,,,,,,,,,,,,,,
,,,,,,,,,,,,,,,,,,,
,,,,,,,,,,,,,,,,,,,
,,,,,,,,,,,,,,,,,,,
,,,,,,,,,,,,,,,,,,,
,,,,,,,,,,,,,,,,,,,
,,,,,,,,,,,,,,,,,,,
,,,,,,,,,,,,,,,,,,,
,,,,,,,,,,,,,,,,,,,
,,,,,,,,,,,,,,,,,,,
,,,,,,,,,,,,,,,,,,,
,,,,,,,,,,,,,,,,,,,
,,,,,,,,,,,,,,,,,,,
,,,,,,,,,,,,,,,,,,,
,,,,,,,,,,,,,,,,,,,
,,,,,,,,,,,,,,,,,,,
,,,,,,,,,,,,,,,,,,,
,,,,,,,,,,,,,,,,,,,
,,,,,,,,,,,,,,,,,,,
,,,,,,,,,,,,,,,,,,,
,,,,,,,,,,,,,,,,,,,
,,,,,,,,,,,,,,,,,,,
,,,,,,,,,,,,,,,,,,,
,,,,,,,,,,,,,,,,,,,
,,,,,,,,,,,,,,,,,,,
,,,,,,,,,,,,,,,,,,,
,,,,,,,,,,,,,,,,,,,
,,,,,,,,,,,,,,,,,,,
,,,,,,,,,,,,,,,,,,,
,,,,,,,,,,,,,,,,,,,
,,,,,,,,,,,,,,,,,,,
,,,,,,,,,,,,,,,,,,,
,,,,,,,,,,,,,,,,,,,
,,,,,,,,,,,,,,,,,,,
,,,,,,,,,,,,,,,,,,,
,,,,,,,,,,,,,,,,,,,
,,,,,,,,,,,,,,,,,,,
,,,,,,,,,,,,,,,,,,,
,,,,,,,,,,,,,,,,,,,
,,,,,,,,,,,,,,,,,,,
,,,,,,,,,,,,,,,,,,,
,,,,,,,,,,,,,,,,,,,
,,,,,,,,,,,,,,,,,,,
,,,,,,,,,,,,,,,,,,,
,,,,,,,,,,,,,,,,,,,
,,,,,,,,,,,,,,,,,,,
,,,,,,,,,,,,,,,,,,,
,,,,,,,,,,,,,,,,,,,
,,,,,,,,,,,,,,,,,,,
,,,,,,,,,,,,,,,,,,,
,,,,,,,,,,,,,,,,,,,
,,,,,,,,,,,,,,,,,,,
,,,,,,,,,,,,,,,,,,,
,,,,,,,,,,,,,,,,,,,
,,,,,,,,,,,,,,,,,,,
,,,,,,,,,,,,,,,,,,,
,,,,,,,,,,,,,,,,,,,
,,,,,,,,,,,,,,,,,,,
,,,,,,,,,,,,,,,,,,,
,,,,,,,,,,,,,,,,,,,
,,,,,,,,,,,,,,,,,,,
,,,,,,,,,,,,,,,,,,,
,,,,,,,,,,,,,,,,,,,
,,,,,,,,,,,,,,,,,,,
,,,,,,,,,,,,,,,,,,,
,,,,,,,,,,,,,,,,,,,