Rotation ID,Schools,Sites,Program,Experience,Student Count,Student Slots,Students,Start Date,End Date,Shift Start,Shift End,Total Hours per Person,Days of the Week,Faculty Name,Preceptor Name,Rotation Type,Course,Unit,Status,Cleaned Status,Year,Cohort,School_Cleaned,School Avg Hour per Person
312937,Chamberlain College of Nursing - Georgia,Emory Decatur Hospital,Nursing,Cohort Rotation,8,8,"10001, 10002, 10003, 10004, 10005, 10006, 10007, 10008",1/9/23,4/24/23,7:00:00,19:00:00,144,Mon,2001,No Preceptor Assigned,MedSurg - Acute Care,NR 446/452 - Colaborative and Capstone - Senior Practicum,Stroke Telemetry - 4400,Archived (Completed),Completed,2023,Spring 2023,Chamberlain College of Nursing - Georgia,77.66
312960,Chamberlain College of Nursing - Georgia,Emory Saint Joseph's Hospital,Nursing,Cohort Rotation,8,8,"10009, 10010, 10011, 10012, 10013, 10014, 10015, 10016",1/13/23,4/28/23,7:00:00,19:00:00,144,Fri,ID Missing,No Preceptor Assigned,MedSurg - Acute Care,NR 446/452 - Colaborative and Capstone - Senior Practicum,3SW,Archived (Completed),Completed,2023,Spring 2023,Chamberlain College of Nursing - Georgia,77.66
312961,Chamberlain College of Nursing - Georgia,Emory Saint Joseph's Hospital,Nursing,Cohort Rotation,8,8,"10017, 10018, 10019, 10020, 10021, 10022, 10023, 10024",5/10/23,6/28/23,7:00:00,19:00:00,96,Wed,ID Missing,No Preceptor Assigned,MedSurg - Acute Care,NR 446 - Senior Practicum - Collaborative Healthcare,6W,Archived (Completed),Completed,2023,Spring 2023,Chamberlain College of Nursing - Georgia,77.66
312962,Chamberlain College of Nursing - Georgia,Emory Saint Joseph's Hospital,Nursing,Cohort Rotation,8,8,"10025, 10026, 10027, 10028, 10029, 10030, 10031, 10032",5/12/23,6/30/23,7:00:00,19:00:00,96,Fri,ID Missing,No Preceptor Assigned,MedSurg - Acute Care,NR 446 - Senior Practicum - Collaborative Healthcare,3SW,Archived (Completed),Completed,2023,Spring 2023,Chamberlain College of Nursing - Georgia,77.66
319596,Chamberlain College of Nursing - Georgia,Emory Decatur Hospital,Nursing,Cohort Rotation,6,6,"10033, 10034, 10035, 10036, 10037, 10038",3/10/23,4/28/23,7:00:00,15:00:00,48,Fri,ID Missing,No Preceptor Assigned,Psychiatry; Mental Health; Behavioral Medicine,NR 326 - Mental Health Nursing,Behavioral Health (acute) - 1800,Archived (Completed),Completed,2023,Spring 2023,Chamberlain College of Nursing - Georgia,77.66
319605,Chamberlain College of Nursing - Georgia,Emory University Hospital at Wesley Woods,Nursing,Cohort Rotation,6,6,"10039, 10040, 10041, 10042, 10043, 10044",1/13/23,3/3/23,7:00:00,15:00:00,48,Fri,ID Missing,No Preceptor Assigned,Psychiatry; Mental Health; Behavioral Medicine,NR 326 - Mental Health Nursing,Inpatient Psych,Archived (Completed),Completed,2023,Spring 2023,Chamberlain College of Nursing - Georgia,77.66
319606,Chamberlain College of Nursing - Georgia,Emory University Hospital at Wesley Woods,Nursing,Cohort Rotation,6,6,"10045, 10046, 10047, 10048, 10049, 10050",3/10/23,4/28/23,7:00:00,15:00:00,48,Fri,ID Missing,No Preceptor Assigned,Psychiatry; Mental Health; Behavioral Medicine,NR 326 - Mental Health Nursing,-no preference-,Archived (Completed),Completed,2023,Spring 2023,Chamberlain College of Nursing - Georgia,77.66
322010,Chamberlain College of Nursing - Georgia,Emory Saint Joseph's Hospital,Nursing,Cohort Rotation,7,8,"10051, 10052, 10053, 10054, 10055, 10056, 10057",1/12/23,2/24/23,7:00:00,15:00:00,48,Thu,ID Missing,No Preceptor Assigned,Fundamentals,NR 226 - Fundamentals - Patient Care,4W,Archived (Completed),Completed,2023,Spring 2023,Chamberlain College of Nursing - Georgia,77.66
322011,Chamberlain College of Nursing - Georgia,Emory Saint Joseph's Hospital,Nursing,Cohort Rotation,6,8,"10058, 10059, 10060, 10061, 10062, 10063",1/12/23,3/2/23,7:00:00,15:00:00,48,Thu,ID Missing,No Preceptor Assigned,Fundamentals,NR 226 - Fundamentals - Patient Care,5E,Archived (Completed),Completed,2023,Spring 2023,Chamberlain College of Nursing - Georgia,77.66
339109,Georgia Baptist College of Nursing of Mercer University - Undergraduate Nursing,Emory Saint Joseph's Hospital,Nursing,Cohort Rotation,6,8,"10066, 10067, 10068, 10069, 10070, 10071",1/19/23,4/20/23,7:00:00,16:00:00,95,Thu,ID Missing,No Preceptor Assigned,MedSurg - Acute Care,NUR 317 - Adult Health,6E,Archived (Completed),Completed,2023,Spring 2023,Mercer University,65.3
340221,Georgia Baptist College of Nursing of Mercer University - Undergraduate Nursing,Emory Saint Joseph's Hospital,Nursing,Cohort Rotation,6,8,"10072, 10073, 10074, 10075, 10076, 10077",1/18/23,4/19/23,7:00:00,16:00:00,95,Wed,ID Missing,No Preceptor Assigned,MedSurg - Acute Care,NUR 317 - Adult Health,6W,Archived (Completed),Completed,2023,Spring 2023,Mercer University,65.3
343702,Chamberlain College of Nursing - Georgia,Emory Decatur Hospital,Nursing,Cohort Rotation,6,6,"10078, 10079, 10039, 10080, 10081, 10082",3/10/23,3/31/23,7:00:00,19:00:00,48,Fri,ID Missing,No Preceptor Assigned,Perinatal - OB,NR 327 - Maternal Child,L&D,Archived (Completed),Completed,2023,Spring 2023,Chamberlain College of Nursing - Georgia,77.66
343901,Chamberlain College of Nursing - Georgia,Emory Decatur Hospital,Nursing,Cohort Rotation,8,8,"10083, 10084, 10085, 10086, 10087, 10088, 10089, 10090",1/14/23,4/29/23,7:00:00,19:00:00,144,Sat,ID Missing,No Preceptor Assigned,MedSurg - Acute Care,NR 446/452 - Colaborative and Capstone - Senior Practicum,Stroke Telemetry - 4400,Archived (Completed),Completed,2023,Spring 2023,Chamberlain College of Nursing - Georgia,77.66
344180,Chamberlain College of Nursing - Georgia,Emory University Hospital Midtown,Nursing,Cohort Rotation,7,8,"10091, 10092, 10093, 10094, 10095, 10096, 10097",1/10/23,2/28/23,7:00:00,19:00:00,96,Tue,ID Missing,No Preceptor Assigned,MedSurg - Acute Care,NR 325 - Adult Health II,22: Med/Surg,Archived (Completed),Completed,2023,Spring 2023,Chamberlain College of Nursing - Georgia,77.66
344181,Chamberlain College of Nursing - Georgia,Emory University Hospital Midtown,Nursing,Cohort Rotation,8,8,"10079, 10098, 10099, 10100, 10101, 10102, 10103, 10104",1/12/23,3/2/23,7:00:00,19:00:00,96,Thu,ID Missing,No Preceptor Assigned,MedSurg - Acute Care,NR 325 - Adult Health II,22: Med/Surg,Archived (Completed),Completed,2023,Spring 2023,Chamberlain College of Nursing - Georgia,77.66
344182,Chamberlain College of Nursing - Georgia,Emory University Hospital Midtown,Nursing,Cohort Rotation,6,8,"10058, 10059, 10060, 10061, 10063, 10105",2/28/23,4/23/23,7:00:00,19:00:00,96,Tue,ID Missing,No Preceptor Assigned,MedSurg - Acute Care,NR 324 - Adult Health I,22: Med/Surg,Archived (Completed),Completed,2023,Spring 2023,Chamberlain College of Nursing - Georgia,77.66
344183,Chamberlain College of Nursing - Georgia,Emory University Hospital Midtown,Nursing,Cohort Rotation,8,8,"10106, 10107, 10108, 10109, 10110, 10111, 10112, 10113",3/2/23,4/20/23,7:00:00,19:00:00,96,Thu,ID Missing,No Preceptor Assigned,MedSurg - Acute Care,NR 324 - Adult Health I,22: Med/Surg,Archived (Completed),Completed,2023,Spring 2023,Chamberlain College of Nursing - Georgia,77.66
344184,Chamberlain College of Nursing - Georgia,Emory University Hospital Midtown,Nursing,Cohort Rotation,8,8,"10107, 10108, 10109, 10110, 10111, 10112, 10113, 10114",5/9/23,6/27/23,7:00:00,19:00:00,96,Tue,ID Missing,No Preceptor Assigned,MedSurg - Acute Care,NR 325 - Adult Health II,22: Med/Surg,Archived (Completed),Completed,2023,Spring 2023,Chamberlain College of Nursing - Georgia,77.66
344185,Chamberlain College of Nursing - Georgia,Emory University Hospital Midtown,Nursing,Cohort Rotation,7,8,"10058, 10059, 10060, 10061, 10063, 10105, 10115",5/11/23,6/29/23,7:00:00,19:00:00,96,Thu,ID Missing,No Preceptor Assigned,MedSurg - Acute Care,NR 325 - Adult Health II,22: Med/Surg,Archived (Completed),Completed,2023,Spring 2023,Chamberlain College of Nursing - Georgia,77.66
344186,Chamberlain College of Nursing - Georgia,Emory Saint Joseph's Hospital,Nursing,Cohort Rotation,8,8,"10051, 10052, 10053, 10054, 10055, 10116, 10117, 10118",3/7/23,4/25/23,7:00:00,19:00:00,96,Tue,ID Missing,No Preceptor Assigned,MedSurg - Acute Care,NR 324 - Adult Health I,3SW,Archived (Completed),Completed,2023,Spring 2023,Chamberlain College of Nursing - Georgia,77.66
344187,Chamberlain College of Nursing - Georgia,Emory Saint Joseph's Hospital,Nursing,Cohort Rotation,8,8,"10119, 10120, 10121, 10122, 10123, 10124, 10125, 10126",3/7/23,4/25/23,7:00:00,19:00:00,96,Tue,ID Missing,No Preceptor Assigned,MedSurg - Acute Care,NR 324 - Adult Health I,5W,Archived (Completed),Completed,2023,Spring 2023,Chamberlain College of Nursing - Georgia,77.66
344189,Chamberlain College of Nursing - Georgia,Emory Saint Joseph's Hospital,Nursing,Cohort Rotation,7,8,"10127, 10128, 10129, 10130, 10131, 10132, 10133",1/10/23,2/28/23,7:00:00,19:00:00,96,Tue,ID Missing,No Preceptor Assigned,MedSurg - Acute Care,NR 325 - Adult Health II,3SW,Archived (Completed),Completed,2023,Spring 2023,Chamberlain College of Nursing - Georgia,77.66
344190,Chamberlain College of Nursing - Georgia,Emory Saint Joseph's Hospital,Nursing,Cohort Rotation,8,8,"10134, 10135, 10136, 10137, 10138, 10139, 10140, 10141",1/10/23,2/28/23,7:00:00,19:00:00,96,Tue,ID Missing,No Preceptor Assigned,MedSurg - Acute Care,NR 325 - Adult Health II,5W,Archived (Completed),Completed,2023,Spring 2023,Chamberlain College of Nursing - Georgia,77.66
344191,Chamberlain College of Nursing - Georgia,Emory Saint Joseph's Hospital,Nursing,Cohort Rotation,7,8,"10078, 10142, 10034, 10143, 10050, 10144, 10145",1/12/23,3/2/23,7:00:00,19:00:00,96,Thu,ID Missing,No Preceptor Assigned,MedSurg - Acute Care,NR 325 - Adult Health II,5W,Archived (Completed),Completed,2023,Spring 2023,Chamberlain College of Nursing - Georgia,77.66
344192,Chamberlain College of Nursing - Georgia,Emory Saint Joseph's Hospital,Nursing,Cohort Rotation,8,8,"10051, 10052, 10053, 10054, 10055, 10117, 10118, 10116",5/9/23,6/27/23,7:00:00,19:00:00,96,Tue,ID Missing,No Preceptor Assigned,MedSurg - Acute Care,NR 325 - Adult Health II,3SW,Archived (Completed),Completed,2023,Spring 2023,Chamberlain College of Nursing - Georgia,77.66
344193,Chamberlain College of Nursing - Georgia,Emory Saint Joseph's Hospital,Nursing,Cohort Rotation,8,8,"10123, 10119, 10120, 10124, 10126, 10125, 10122, 10133",5/9/23,6/27/23,7:00:00,19:00:00,96,Tue,ID Missing,No Preceptor Assigned,MedSurg - Acute Care,NR 325 - Adult Health II,5W,Archived (Completed),Completed,2023,Spring 2023,Chamberlain College of Nursing - Georgia,77.66
344201,Chamberlain College of Nursing - Georgia,Emory Saint Joseph's Hospital,Nursing,Cohort Rotation,7,8,"10146, 10147, 10148, 10149, 10150, 10151, 10152",1/14/23,3/4/23,7:00:00,15:00:00,48,Sat,ID Missing,No Preceptor Assigned,Fundamentals,NR 226 - Fundamentals - Patient Care,4W,Archived (Completed),Completed,2023,Spring 2023,Chamberlain College of Nursing - Georgia,77.66
344202,Chamberlain College of Nursing - Georgia,Emory Saint Joseph's Hospital,Nursing,Cohort Rotation,8,8,"10153, 10154, 10155, 10156, 10157, 10158, 10159, 10160",5/11/23,6/29/23,7:00:00,15:00:00,48,Thu,ID Missing,No Preceptor Assigned,Fundamentals,NR 226 - Fundamentals - Patient Care,5E,Archived (Completed),Completed,2023,Spring 2023,Chamberlain College of Nursing - Georgia,77.66
344203,Chamberlain College of Nursing - Georgia,Emory Saint Joseph's Hospital,Nursing,Cohort Rotation,8,8,"10161, 10162, 10163, 10164, 10165, 10166, 10167, 10168",5/11/23,6/29/23,7:00:00,15:00:00,48,Thu,ID Missing,No Preceptor Assigned,Fundamentals,NR 226 - Fundamentals - Patient Care,4W,Archived (Completed),Completed,2023,Spring 2023,Chamberlain College of Nursing - Georgia,77.66
344204,Chamberlain College of Nursing - Georgia,Emory Saint Joseph's Hospital,Nursing,Cohort Rotation,6,8,"10169, 10170, 10171, 10172, 10173, 10174",5/12/23,6/30/23,7:00:00,15:00:00,48,Fri,ID Missing,No Preceptor Assigned,Fundamentals,NR 226 - Fundamentals - Patient Care,4W,Archived (Completed),Completed,2023,Spring 2023,Chamberlain College of Nursing - Georgia,77.66
344207,Chamberlain College of Nursing - Georgia,Emory Saint Joseph's Hospital,Nursing,Cohort Rotation,8,8,"10175, 10176, 10177, 10178, 10179, 10180, 10181, 10182",5/13/23,7/1/23,7:00:00,15:00:00,48,Sat,ID Missing,No Preceptor Assigned,Fundamentals,NR 226 - Fundamentals - Patient Care,4W,Archived (Completed),Completed,2023,Spring 2023,Chamberlain College of Nursing - Georgia,77.66
347990,Kennesaw State University - Nursing,Emory Saint Joseph's Hospital,Nursing,Cohort Rotation,7,8,"10183, 10184, 10185, 10186, 10187, 10188, 10189",3/1/23,4/23/23,6:30:00,13:00:00,46,Sat,ID Missing,No Preceptor Assigned,Fundamentals,3209 - Holistic Nursing,4S,Archived (Completed),Completed,2023,Spring 2023,Kennesaw State University,57.17
348030,Emory University - SON Pre-licensure,Emory Johns Creek Hospital,Nursing,Cohort Rotation,6,8,"10190, 10191, 10192, 10193, 10194, 10195",4/16/23,5/14/23,7:00:00,19:00:00,96,,ID Missing,No Preceptor Assigned,MedSurg - Acute Care,NRSG 356D - Acute and Chronic I Care Clinical Practicum Adult and Geriatric Populations,3rd floor: med-surg,Archived (Completed),Completed,2023,Spring 2023,Emory University,60.77
348053,Kennesaw State University - Nursing,Emory Saint Joseph's Hospital,Nursing,Cohort Rotation,8,8,"10196, 10197, 10198, 10199, 10200, 10201, 10202, 10203",1/29/23,4/29/23,6:30:00,15:00:00,96,Thu,ID Missing,No Preceptor Assigned,MedSurg - Acute Care,3313 - Adult Health,4S,Archived (Completed),Completed,2023,Spring 2023,Kennesaw State University,57.17
348081,Emory University - SON Pre-licensure,Emory Johns Creek Hospital,Nursing,Cohort Rotation,0,8,No Students Assigned,4/16/23,5/14/23,7:00:00,19:00:00,96,,ID Missing,No Preceptor Assigned,MedSurg - Acute Care,NRSG 360D - Acute and Chronic Care II Adult and Geriatric Practicum,4th floor: med-surg,Archived (Completed),Completed,2023,Spring 2023,Emory University,60.77
348084,Emory University - SON Pre-licensure,Emory Johns Creek Hospital,Nursing,Cohort Rotation,5,8,"10204, 10205, 10206, 10207, 10208",4/16/23,5/14/23,7:00:00,19:00:00,96,,"ID Missing, ID Missing",No Preceptor Assigned,MedSurg - Acute Care,NRSG 360D - Acute and Chronic Care II Adult and Geriatric Practicum,6N: medical,Archived (Completed),Completed,2023,Spring 2023,Emory University,60.77
348095,Emory University - SON Pre-licensure,Emory University Hospital,Nursing,Cohort Rotation,5,8,"10209, 10210, 10211, 10212, 10213",4/16/23,5/14/23,7:00:00,19:00:00,96,,"ID Missing, ID Missing",No Preceptor Assigned,MedSurg - Acute Care,NRSG 360D - Acute and Chronic Care II Adult and Geriatric Practicum,7T: Surgical,Archived (Completed),Completed,2023,Spring 2023,Emory University,60.77
348126,Emory University - SON Pre-licensure,Emory University Hospital Midtown,Nursing,Cohort Rotation,5,8,"10214, 10215, 10216, 10217, 10218",4/16/23,5/14/23,7:00:00,19:00:00,96,,"ID Missing, ID Missing, ID Missing",No Preceptor Assigned,MedSurg - Acute Care,NRSG 360D - Acute and Chronic Care II Adult and Geriatric Practicum,72: Med/Surg,Archived (Completed),Completed,2023,Spring 2023,Emory University,60.77
348673,Georgia State University - Perimeter College,Emory Long Term Acute Care Hospital,Nursing,Cohort Rotation,4,6,"10219, 10220, 10221, 10222",1/26/23,2/23/23,7:00:00,19:00:00,60,Thu,ID Missing,No Preceptor Assigned,MedSurg - Acute Care,NURS 1930 - Intermediate Concepts of Nursing,LTAC,Archived (Completed),Completed,2023,Spring 2023,Georgia State University,59.16
348676,Georgia State University - Perimeter College,Emory Long Term Acute Care Hospital,Nursing,Cohort Rotation,6,6,"10223, 10224, 10225, 10226, 10227, 10228",3/2/23,4/6/23,0:00:00,19:00:00,6,Thu,ID Missing,No Preceptor Assigned,MedSurg - Acute Care,NURS 1930 - Intermediate Concepts of Nursing,LTAC,Archived (Completed),Completed,2023,Spring 2023,Georgia State University,59.16
348678,Georgia State University - Perimeter College,Emory Decatur Hospital,Nursing,Cohort Rotation,5,6,"10229, 10230, 10231, 10232, 10233",1/20/23,2/17/23,7:00:00,19:00:00,60,Fri,ID Missing,No Preceptor Assigned,MedSurg - Acute Care,NURS 1930 - Intermediate Concepts of Nursing,Inpatient Rehab,Archived (Completed),Completed,2023,Spring 2023,Georgia State University,59.16
348679,Georgia State University - Perimeter College,Emory Decatur Hospital,Nursing,Cohort Rotation,6,6,"10234, 10235, 10236, 10237, 10238, 10239",2/24/23,3/31/23,7:00:00,19:00:00,60,Fri,ID Missing,No Preceptor Assigned,MedSurg - Acute Care,NURS 1930 - Intermediate Concepts of Nursing,Inpatient Rehab - 3600,Archived (Completed),Completed,2023,Spring 2023,Georgia State University,59.16
350042,University of North Georgia - Nursing,Emory Johns Creek Hospital,Nursing,Cohort Rotation,0,8,No Students Assigned,1/23/23,2/20/23,6:30:00,18:30:00,72,Mon,ID Missing,No Preceptor Assigned,MedSurg - Acute Care,N3705 - Adult Health I,3rd floor: med-surg,Archived (Completed),Completed,2023,Spring 2023,University Of North Georgia,76.8
350043,University of North Georgia - Nursing,Emory Johns Creek Hospital,Nursing,Cohort Rotation,0,8,No Students Assigned,3/20/23,4/24/23,6:30:00,18:30:00,72,Mon,ID Missing,No Preceptor Assigned,MedSurg - Acute Care,N4405 - Adult Health II,3rd floor: med-surg,Archived (Completed),Completed,2023,Spring 2023,University Of North Georgia,76.8
352700,University of North Georgia - Nursing,Emory Johns Creek Hospital,Nursing,Cohort Rotation,0,8,No Students Assigned,1/19/23,4/27/23,7:00:00,19:00:00,144,Thu,ID Missing,No Preceptor Assigned,MedSurg - Acute Care,N4707 - Synthesis of Nursing Practice,4th floor: med-surg,Archived (Completed),Completed,2023,Spring 2023,University Of North Georgia,76.8
352794,University of North Georgia - Nursing,Emory Johns Creek Hospital,Nursing,Cohort Rotation,4,6,"10240, 10241, 10242, 10243",1/20/23,2/24/23,6:30:00,18:30:00,72,Fri,ID Missing,No Preceptor Assigned,Perinatal - OB,N3804 - Nursing Care of the Childbearing Family,"Maternity: M/B, L&D, NICU",Archived (Completed),Completed,2023,Spring 2023,University Of North Georgia,76.8
352795,University of North Georgia - Nursing,Emory Johns Creek Hospital,Nursing,Cohort Rotation,4,6,"10244, 10245, 10246, 10247",3/3/23,4/14/23,6:30:00,18:30:00,72,Fri,ID Missing,No Preceptor Assigned,Perinatal - OB,N3804 - Nursing Care of the Childbearing Family,"Maternity: M/B, L&D, NICU",Archived (Completed),Completed,2023,Spring 2023,University Of North Georgia,76.8
353326,Chamberlain College of Nursing - Georgia,Emory Decatur Hospital,Nursing,Cohort Rotation,6,6,"10248, 10249, 10250, 10251, 10026, 10252",1/13/23,2/3/23,7:00:00,19:00:00,96,Fri,ID Missing,No Preceptor Assigned,Critical/Intensive Care,NR341 - Complex Adult Health,ICU,Archived (Completed),Completed,2023,Spring 2023,Chamberlain College of Nursing - Georgia,77.66
353327,Chamberlain College of Nursing - Georgia,Emory Decatur Hospital,Nursing,Cohort Rotation,6,6,"10027, 10033, 10028, 10253, 10254, 10255",2/10/23,3/3/23,7:00:00,19:00:00,96,Fri,ID Missing,No Preceptor Assigned,Critical/Intensive Care,NR341 - Complex Adult Health,ICU,Archived (Completed),Completed,2023,Spring 2023,Chamberlain College of Nursing - Georgia,77.66
353328,Chamberlain College of Nursing - Georgia,Emory Decatur Hospital,Nursing,Cohort Rotation,6,6,"10256, 10257, 10258, 10091, 10259, 10260",3/10/23,3/31/23,7:00:00,19:00:00,96,Fri,ID Missing,No Preceptor Assigned,Critical/Intensive Care,NR341 - Complex Adult Health,ICU - 2500,Archived (Completed),Completed,2023,Spring 2023,Chamberlain College of Nursing - Georgia,77.66
353329,Chamberlain College of Nursing - Georgia,Emory Decatur Hospital,Nursing,Cohort Rotation,6,6,"10261, 10262, 10263, 10264, 10135, 10137",4/7/23,4/28/23,7:00:00,19:00:00,96,Fri,ID Missing,No Preceptor Assigned,Critical/Intensive Care,NR341 - Complex Adult Health,ICU - 2500,Archived (Completed),Completed,2023,Spring 2023,Chamberlain College of Nursing - Georgia,77.66
353522,Georgia Gwinnett College,Emory University Hospital at Wesley Woods,Nursing,Cohort Rotation,7,7,"10265, 10266, 10267, 10268, 10269, 10270, 10271",4/3/23,4/25/23,0:00:00,23:59:00,48,Mon,ID Missing,No Preceptor Assigned,Psychiatry; Mental Health; Behavioral Medicine,NURS 4020 - Wellness & Illness III,Inpatient Psych,Archived (Completed),Completed,2023,Spring 2023,Georgia Gwinnett College,40.0
357543,Emory University - SON Pre-licensure,Emory University Hospital Midtown,Nursing,Cohort Rotation,7,8,"10273, 10274, 10275, 10276, 10277, 10278, 10279",1/17/23,2/28/23,7:00:00,19:00:00,60,Tue,ID Missing,No Preceptor Assigned,Other (see comments),NRSG 391 Practicum - Adult and Geriatric Practicum,51: Med-Surg,Archived (Completed),Completed,2023,Spring 2023,Emory University,60.77
357544,Emory University - SON Pre-licensure,Emory University Hospital,Nursing,Cohort Rotation,8,8,"10280, 10281, 10282, 10283, 10284, 10285, 10286, 10287",1/17/23,2/28/23,7:00:00,19:00:00,60,Tue,ID Missing,No Preceptor Assigned,Other (see comments),NRSG 391 Practicum - Adult and Geriatric Practicum,9E: Neuroscience,Archived (Completed),Completed,2023,Spring 2023,Emory University,60.77
357549,Emory University - SON Pre-licensure,Emory Saint Joseph's Hospital,Nursing,Cohort Rotation,6,8,"10288, 10289, 10290, 10291, 10292, 10293",1/17/23,2/28/23,7:00:00,19:00:00,60,Tue,ID Missing,No Preceptor Assigned,Other (see comments),NRSG 391 Practicum - Adult and Geriatric Practicum,6W,Archived (Completed),Completed,2023,Spring 2023,Emory University,60.77
357550,Emory University - SON Pre-licensure,Emory University Hospital,Nursing,Cohort Rotation,8,8,"10294, 10295, 10296, 10297, 10298, 10299, 10300, 10301",1/17/23,2/28/23,7:00:00,19:00:00,60,Tue,ID Missing,No Preceptor Assigned,Other (see comments),NRSG 391 Practicum - Adult and Geriatric Practicum,3G: Neurosciences,Archived (Completed),Completed,2023,Spring 2023,Emory University,60.77
357552,Emory University - SON Pre-licensure,Emory Saint Joseph's Hospital,Nursing,Cohort Rotation,7,8,"10302, 10303, 10304, 10305, 10306, 10307, 10308",1/18/23,3/1/23,7:00:00,19:00:00,60,Wed,ID Missing,No Preceptor Assigned,Other (see comments),NRSG 391 Practicum - Adult and Geriatric Practicum,5E,Archived (Completed),Completed,2023,Spring 2023,Emory University,60.77
357554,Emory University - SON Pre-licensure,Emory Johns Creek Hospital,Nursing,Cohort Rotation,8,8,"10309, 10310, 10311, 10312, 10313, 10314, 10315, 10316",1/18/23,3/1/23,7:00:00,19:00:00,60,Wed,ID Missing,No Preceptor Assigned,Other (see comments),NRSG 391 Practicum - Adult and Geriatric Practicum,4th floor: med-surg,Archived (Completed),Completed,2023,Spring 2023,Emory University,60.77
357566,Emory University - SON Pre-licensure,Emory University Hospital Midtown,Nursing,Cohort Rotation,8,8,"10317, 10318, 10319, 10320, 10321, 10322, 10323, 10324",1/18/23,3/1/23,7:00:00,19:00:00,60,Wed,ID Missing,No Preceptor Assigned,Other (see comments),NRSG 391 Practicum - Adult and Geriatric Practicum,31: Ortho/Neuro,Archived (Completed),Completed,2023,Spring 2023,Emory University,60.77
357568,Emory University - SON Pre-licensure,Emory University Hospital,Nursing,Cohort Rotation,8,8,"10325, 10326, 10327, 10328, 10329, 10330, 10331, 10332",1/18/23,3/1/23,7:00:00,19:00:00,60,Wed,ID Missing,No Preceptor Assigned,Other (see comments),NRSG 391 Practicum - Adult and Geriatric Practicum,6G: Medical,Archived (Completed),Completed,2023,Spring 2023,Emory University,60.77
357569,Emory University - SON Pre-licensure,Emory University Hospital Midtown,Nursing,Cohort Rotation,5,5,"10333, 10334, 10335, 10336, 10337",1/21/23,3/4/23,7:00:00,19:00:00,60,Sat,ID Missing,No Preceptor Assigned,Other (see comments),NRSG 391 Practicum - Adult and Geriatric Practicum,72: Med/Surg,Archived (Completed),Completed,2023,Spring 2023,Emory University,60.77
357570,Emory University - SON Pre-licensure,Emory University Hospital,Nursing,Cohort Rotation,8,8,"10338, 10339, 10340, 10341, 10342, 10343, 10344, 10345",1/21/23,3/4/23,7:00:00,19:00:00,60,Sat,ID Missing,No Preceptor Assigned,Other (see comments),NRSG 391 Practicum - Adult and Geriatric Practicum,7T: Surgical,Archived (Completed),Completed,2023,Spring 2023,Emory University,60.77
359033,Emory University - SON Pre-licensure,Emory Johns Creek Hospital,Nursing,Cohort Rotation,6,6,"10353, 10354, 10355, 10356, 10357, 10358",3/16/23,4/27/23,7:00:00,17:00:00,60,Thu,ID Missing,No Preceptor Assigned,Fundamentals,527 MN - Foundation of Nursing Practice,6W oncology,Archived (Completed),Completed,2023,Spring 2023,Emory University,60.77
359034,Emory University - SON Pre-licensure,Emory Saint Joseph's Hospital,Nursing,Cohort Rotation,5,8,"10359, 10360, 10361, 10362, 10363",3/16/23,5/4/23,0:00:00,23:59:00,60,Thu,ID Missing,No Preceptor Assigned,Fundamentals,527 MN - Foundation of Nursing Practice,4E,Archived (Completed),Completed,2023,Spring 2023,Emory University,60.77
359038,Emory University - SON Pre-licensure,Emory Decatur Hospital,Nursing,Cohort Rotation,6,8,"10364, 10365, 10366, 10367, 10368, 10369",3/16/23,4/27/23,7:00:00,17:00:00,60,Thu,ID Missing,No Preceptor Assigned,Fundamentals,527 MN - Foundation of Nursing Practice,Surgical Oncology - 4200,Archived (Completed),Completed,2023,Spring 2023,Emory University,60.77
359039,Emory University - SON Pre-licensure,Emory University Orthopaedics and Spine Hospital,Nursing,Cohort Rotation,5,8,"10370, 10371, 10372, 10373, 10374",3/16/23,4/27/23,7:00:00,17:00:00,60,Thu,ID Missing,No Preceptor Assigned,Fundamentals,527 MN - Foundation of Nursing Practice,2-4 floors: Orthopaedics,Archived (Completed),Completed,2023,Spring 2023,Emory University,60.77
359048,Emory University - SON Pre-licensure,Emory University Hospital,Nursing,Cohort Rotation,7,8,"10375, 10376, 10377, 10378, 10379, 10380, 10381",3/16/23,4/27/23,17:00:00,17:00:00,60,Thu,ID Missing,No Preceptor Assigned,Fundamentals,527 MN - Foundation of Nursing Practice,3G: Neurosciences,Archived (Completed),Completed,2023,Spring 2023,Emory University,60.77
359062,Emory University - SON Pre-licensure,Emory University Hospital Midtown,Nursing,Cohort Rotation,4,8,"10382, 10383, 10384, 10385",3/16/23,4/27/23,7:00:00,17:00:00,60,Thu,ID Missing,No Preceptor Assigned,Fundamentals,527 MN - Foundation of Nursing Practice,31: Ortho/Neuro,Archived (Completed),Completed,2023,Spring 2023,Emory University,60.77
359067,Emory University - SON Pre-licensure,Emory University Hospital,Nursing,Cohort Rotation,7,8,"10386, 10387, 10388, 10389, 10390, 10391, 10392",3/17/23,4/28/23,7:00:00,17:00:00,60,Fri,ID Missing,No Preceptor Assigned,Fundamentals,527 MN - Foundation of Nursing Practice,7T: Surgical,Archived (Completed),Completed,2023,Spring 2023,Emory University,60.77
359070,Emory University - SON Pre-licensure,Emory Saint Joseph's Hospital,Nursing,Cohort Rotation,6,8,"10393, 10394, 10395, 10396, 10397, 10398",3/17/23,4/28/23,7:00:00,17:00:00,60,Fri,ID Missing,No Preceptor Assigned,Fundamentals,527 MN - Foundation of Nursing Practice,6E,Archived (Completed),Completed,2023,Spring 2023,Emory University,60.77
359071,Emory University - SON Pre-licensure,Emory Decatur Hospital,Nursing,Cohort Rotation,7,8,"10399, 10400, 10401, 10402, 10403, 10404, 10405",3/17/23,4/28/23,7:00:00,17:00:00,60,Fri,ID Missing,No Preceptor Assigned,Fundamentals,527 MN - Foundation of Nursing Practice,Cardiac Telemetry - 2400,Archived (Completed),Completed,2023,Spring 2023,Emory University,60.77
359072,Emory University - SON Pre-licensure,Emory University Hospital Midtown,Nursing,Cohort Rotation,5,8,"10406, 10407, 10408, 10409, 10410",3/17/23,4/28/23,7:00:00,17:00:00,60,Fri,ID Missing,No Preceptor Assigned,Fundamentals,527 MN - Foundation of Nursing Practice,71: Oncology,Archived (Completed),Completed,2023,Spring 2023,Emory University,60.77
359073,Emory University - SON Pre-licensure,Emory University Hospital,Nursing,Cohort Rotation,6,8,"10411, 10412, 10413, 10414, 10415, 10416",3/17/23,4/28/23,7:00:00,17:00:00,60,Fri,ID Missing,No Preceptor Assigned,Fundamentals,527 MN - Foundation of Nursing Practice,6G: Medical,Archived (Completed),Completed,2023,Spring 2023,Emory University,60.77
359075,Emory University - SON Pre-licensure,Emory Johns Creek Hospital,Nursing,Cohort Rotation,4,8,"10417, 10418, 10419, 10420",3/17/23,4/28/23,7:00:00,17:00:00,60,Fri,ID Missing,No Preceptor Assigned,Fundamentals,527 MN - Foundation of Nursing Practice,6N: medical,Archived (Completed),Completed,2023,Spring 2023,Emory University,60.77
359077,Emory University - SON Pre-licensure,Emory University Hospital Midtown,Nursing,Cohort Rotation,7,8,"10421, 10422, 10423, 10424, 10425, 10426, 10427",3/21/23,5/2/23,7:00:00,19:00:00,60,Tue,ID Missing,No Preceptor Assigned,Other (see comments),NRSG 391 Practicum - Adult and Geriatric Practicum,51: Med-Surg,Archived (Completed),Completed,2023,Spring 2023,Emory University,60.77
359080,Emory University - SON Pre-licensure,Emory University Hospital,Nursing,Cohort Rotation,8,8,"10428, 10429, 10430, 10431, 10432, 10433, 10434, 10435",3/21/23,5/2/23,7:00:00,19:00:00,60,Tue,ID Missing,No Preceptor Assigned,Other (see comments),NRSG 391 Practicum - Adult and Geriatric Practicum,9E: Neuroscience,Archived (Completed),Completed,2023,Spring 2023,Emory University,60.77
359082,Emory University - SON Pre-licensure,Emory Saint Joseph's Hospital,Nursing,Cohort Rotation,7,8,"10436, 10437, 10438, 10439, 10440, 10441, 10442",3/21/23,5/2/23,7:00:00,19:00:00,60,Tue,ID Missing,No Preceptor Assigned,Other (see comments),NRSG 391 Practicum - Adult and Geriatric Practicum,6W,Archived (Completed),Completed,2023,Spring 2023,Emory University,60.77
359111,Emory University - SON Pre-licensure,Emory University Hospital,Nursing,Cohort Rotation,8,8,"10443, 10444, 10445, 10446, 10447, 10448, 10449, 10450",3/21/23,5/2/23,7:00:00,19:00:00,60,Tue,ID Missing,No Preceptor Assigned,Other (see comments),NRSG 391 Practicum - Adult and Geriatric Practicum,3G: Neurosciences,Archived (Completed),Completed,2023,Spring 2023,Emory University,60.77
359119,Emory University - SON Pre-licensure,Emory Saint Joseph's Hospital,Nursing,Cohort Rotation,7,8,"10451, 10452, 10453, 10454, 10455, 10456, 10457",3/22/23,5/3/23,7:00:00,19:00:00,60,Wed,ID Missing,No Preceptor Assigned,Other (see comments),NRSG 391 Practicum - Adult and Geriatric Practicum,5E,Archived (Completed),Completed,2023,Spring 2023,Emory University,60.77
359129,Emory University - SON Pre-licensure,Emory Johns Creek Hospital,Nursing,Cohort Rotation,5,8,"10458, 10459, 10460, 10461, 10462",3/22/23,5/3/23,7:00:00,19:00:00,60,Wed,ID Missing,No Preceptor Assigned,Other (see comments),NRSG 391 Practicum - Adult and Geriatric Practicum,4th floor: med-surg,Archived (Completed),Completed,2023,Spring 2023,Emory University,60.77
359133,Emory University - SON Pre-licensure,Emory University Hospital Midtown,Nursing,Cohort Rotation,7,8,"10463, 10464, 10465, 10466, 10467, 10468, 10469",3/22/23,5/3/23,7:00:00,19:00:00,60,Wed,ID Missing,No Preceptor Assigned,Other (see comments),NRSG 391 Practicum - Adult and Geriatric Practicum,31: Ortho/Neuro,Archived (Completed),Completed,2023,Spring 2023,Emory University,60.77
359135,Emory University - SON Pre-licensure,Emory University Hospital,Nursing,Cohort Rotation,8,8,"10470, 10471, 10472, 10473, 10474, 10475, 10476, 10477",3/22/23,5/3/23,7:00:00,19:00:00,60,Wed,ID Missing,No Preceptor Assigned,Other (see comments),NRSG 391 Practicum - Adult and Geriatric Practicum,6G: Medical,Archived (Completed),Completed,2023,Spring 2023,Emory University,60.77
359138,Emory University - SON Pre-licensure,Emory University Hospital Midtown,Nursing,Cohort Rotation,4,5,"10478, 10479, 10480, 10481",3/18/23,5/6/23,7:00:00,19:00:00,60,Sat,"ID Missing, ID Missing, ID Missing, ID Missing, ID Missing",No Preceptor Assigned,Other (see comments),NRSG 391 Practicum - Adult and Geriatric Practicum,72: Med/Surg,Archived (Completed),Completed,2023,Spring 2023,Emory University,60.77
359141,Emory University - SON Pre-licensure,Emory University Hospital,Nursing,Cohort Rotation,4,8,"10482, 10483, 10484, 10485",3/25/23,5/6/23,7:00:00,19:00:00,60,Sat,"ID Missing, ID Missing, ID Missing, ID Missing, ID Missing",No Preceptor Assigned,Other (see comments),NRSG 391 Practicum - Adult and Geriatric Practicum,7T: Surgical,Archived (Completed),Completed,2023,Spring 2023,Emory University,60.77
359187,Emory University - SON Pre-licensure,Emory University Hospital,Nursing,Cohort Rotation,8,8,"10486, 10487, 10488, 10489, 10490, 10491, 10492, 10493",1/17/23,2/28/23,7:00:00,19:00:00,60,Tue,ID Missing,No Preceptor Assigned,Other (see comments),NRSG 391 Practicum - Adult and Geriatric Practicum,10E (DEU): Surgical,Archived (Completed),Completed,2023,Spring 2023,Emory University,60.77
359193,Emory University - SON Pre-licensure,Emory Johns Creek Hospital,Nursing,Cohort Rotation,6,8,"10494, 10495, 10496, 10497, 10498, 10499",1/17/23,2/28/23,7:00:00,19:00:00,60,Tue,ID Missing,No Preceptor Assigned,Other (see comments),NRSG 391 Practicum - Adult and Geriatric Practicum,4th floor: med-surg,Archived (Completed),Completed,2023,Spring 2023,Emory University,60.77
359194,Emory University - SON Pre-licensure,Emory University Hospital,Nursing,Cohort Rotation,6,8,"10500, 10501, 10502, 10503, 10504, 10505",1/18/23,3/1/23,7:00:00,19:00:00,60,Wed,ID Missing,No Preceptor Assigned,Other (see comments),NRSG 391 Practicum - Adult and Geriatric Practicum,6T: Transplant,Archived (Completed),Completed,2023,Spring 2023,Emory University,60.77
359196,Emory University - SON Pre-licensure,Emory Saint Joseph's Hospital,Nursing,Cohort Rotation,8,8,"10506, 10507, 10508, 10509, 10510, 10511, 10512, 10513",1/18/23,3/1/23,7:00:00,19:00:00,60,Wed,ID Missing,No Preceptor Assigned,Other (see comments),NRSG 391 Practicum - Adult and Geriatric Practicum,4W,Archived (Completed),Completed,2023,Spring 2023,Emory University,60.77
359203,Emory University - SON Pre-licensure,Emory University Hospital Midtown,Nursing,Cohort Rotation,6,8,"10514, 10515, 10516, 10517, 10345, 10518",1/18/23,3/1/23,7:00:00,19:00:00,60,Wed,ID Missing,No Preceptor Assigned,Other (see comments),NRSG 391 Practicum - Adult and Geriatric Practicum,21: General Surgery,Archived (Completed),Completed,2023,Spring 2023,Emory University,60.77
359210,Emory University - SON Pre-licensure,Emory University Hospital,Nursing,Cohort Rotation,8,8,"10519, 10520, 10521, 10522, 10523, 10524, 10525, 10526",3/21/23,5/2/23,7:00:00,19:00:00,60,Tue,ID Missing,No Preceptor Assigned,Other (see comments),NRSG 391 Practicum - Adult and Geriatric Practicum,10E (DEU): Surgical,Archived (Completed),Completed,2023,Spring 2023,Emory University,60.77
359211,Emory University - SON Pre-licensure,Emory Johns Creek Hospital,Nursing,Cohort Rotation,7,8,"10527, 10528, 10529, 10530, 10531, 10532, 10533",3/21/23,5/2/23,7:00:00,19:00:00,60,Tue,ID Missing,No Preceptor Assigned,Other (see comments),NRSG 391 Practicum - Adult and Geriatric Practicum,4th floor: med-surg,Archived (Completed),Completed,2023,Spring 2023,Emory University,60.77
359310,Emory University - SON Pre-licensure,Emory University Hospital at Wesley Woods,Nursing,Cohort Rotation,8,9,"10421, 10428, 10447, 10423, 10469, 10478, 10482, 10450",1/17/23,2/28/23,7:00:00,19:00:00,60,Tue,ID Missing,No Preceptor Assigned,Psychiatry; Mental Health; Behavioral Medicine,NRSG 393 Practicum - Mental Health Practicum,-no preference-,Archived (Completed),Completed,2023,Spring 2023,Emory University,60.77
359311,Emory University - SON Pre-licensure,Emory University Hospital at Wesley Woods,Nursing,Cohort Rotation,9,9,"10288, 10273, 10274, 10281, 10275, 10318, 10276, 10277, 10278",3/21/23,5/2/23,7:00:00,19:00:00,60,Tue,ID Missing,No Preceptor Assigned,Psychiatry; Mental Health; Behavioral Medicine,NRSG 393 Practicum - Mental Health Practicum,-no preference-,Archived (Completed),Completed,2023,Spring 2023,Emory University,60.77
359315,Emory University - SON Pre-licensure,Emory Decatur Hospital,Nursing,Cohort Rotation,9,9,"10422, 10424, 10451, 10479, 10434, 10466, 10439, 10429, 10446",1/17/23,2/21/23,7:00:00,19:00:00,60,Tue,ID Missing,No Preceptor Assigned,Psychiatry; Mental Health; Behavioral Medicine,NRSG 393 Practicum - Mental Health Practicum,Behavioral Health,Archived (Completed),Completed,2023,Spring 2023,Emory University,60.77
359318,Emory University - SON Pre-licensure,Emory Decatur Hospital,Nursing,Cohort Rotation,9,9,"10289, 10298, 10290, 10291, 10292, 10293, 10321, 10326, 10330",3/21/23,4/25/23,7:00:00,19:00:00,60,Tue,ID Missing,No Preceptor Assigned,Psychiatry; Mental Health; Behavioral Medicine,NRSG 393 Practicum - Mental Health Practicum,Behavioral Health (acute) - 1800,Archived (Completed),Completed,2023,Spring 2023,Emory University,60.77
359338,Emory University - SON Pre-licensure,Emory Decatur Hospital,Nursing,Cohort Rotation,7,9,"10471, 10534, 10485, 10442, 10535, 10449, 10536",1/21/23,2/25/23,7:00:00,19:00:00,60,Sat,ID Missing,No Preceptor Assigned,Psychiatry; Mental Health; Behavioral Medicine,NRSG 393 Practicum - Mental Health Practicum,Behavioral Health,Archived (Completed),Completed,2023,Spring 2023,Emory University,60.77
359339,Emory University - SON Pre-licensure,Emory Decatur Hospital,Nursing,Cohort Rotation,8,9,"10311, 10312, 10313, 10319, 10320, 10328, 10338, 10329",3/25/23,4/29/23,7:00:00,19:00:00,60,Sat,"ID Missing, ID Missing, ID Missing",No Preceptor Assigned,Psychiatry; Mental Health; Behavioral Medicine,NRSG 393 Practicum - Mental Health Practicum,Behavioral Health (acute) - 1800,Archived (Completed),Completed,2023,Spring 2023,Emory University,60.77
359343,Emory University - SON Pre-licensure,Emory University Hospital at Wesley Woods,Nursing,Cohort Rotation,9,9,"10537, 10538, 10539, 10540, 10541, 10542, 10543, 10544, 10545",1/18/23,3/1/23,7:00:00,19:00:00,60,Wed,ID Missing,No Preceptor Assigned,Psychiatry; Mental Health; Behavioral Medicine,NRSG 393 Practicum - Mental Health Practicum,-no preference-,Archived (Completed),Completed,2023,Spring 2023,Emory University,60.77
359344,Emory University - SON Pre-licensure,Emory Decatur Hospital,Nursing,Cohort Rotation,9,9,"10546, 10547, 10548, 10549, 10550, 10551, 10552, 10553, 10554",1/18/23,3/1/23,7:00:00,19:00:00,60,Wed,ID Missing,No Preceptor Assigned,Psychiatry; Mental Health; Behavioral Medicine,NRSG 393 Practicum - Mental Health Practicum,Behavioral Health,Archived (Completed),Completed,2023,Spring 2023,Emory University,60.77
359347,Emory University - SON Pre-licensure,Emory University Hospital at Wesley Woods,Nursing,Cohort Rotation,8,9,"10555, 10556, 10557, 10558, 10559, 10560, 10561, 10562",1/21/23,3/4/23,7:00:00,19:00:00,60,Sat,ID Missing,No Preceptor Assigned,Psychiatry; Mental Health; Behavioral Medicine,NRSG 393 Practicum - Mental Health Practicum,-no preference-,Archived (Completed),Completed,2023,Spring 2023,Emory University,60.77
359348,Emory University - SON Pre-licensure,Emory University Hospital at Wesley Woods,Nursing,Cohort Rotation,9,9,"10563, 10564, 10565, 10566, 10567, 10568, 10569, 10570, 10571",3/22/23,5/3/23,7:00:00,19:00:00,60,Wed,ID Missing,No Preceptor Assigned,Psychiatry; Mental Health; Behavioral Medicine,NRSG 393 Practicum - Mental Health Practicum,-no preference-,Archived (Completed),Completed,2023,Spring 2023,Emory University,60.77
359349,Emory University - SON Pre-licensure,Emory Decatur Hospital,Nursing,Cohort Rotation,9,9,"10572, 10573, 10574, 10575, 10576, 10577, 10578, 10579, 10580",3/22/23,5/3/23,7:00:00,19:00:00,60,Wed,ID Missing,No Preceptor Assigned,Psychiatry; Mental Health; Behavioral Medicine,NRSG 393 Practicum - Mental Health Practicum,Behavioral Health (acute) - 1800,Archived (Completed),Completed,2023,Spring 2023,Emory University,60.77
359351,Emory University - SON Pre-licensure,Emory University Hospital at Wesley Woods,Nursing,Cohort Rotation,9,10,"10581, 10582, 10583, 10584, 10585, 10586, 10587, 10588, 10589",3/25/23,4/29/23,7:00:00,19:00:00,60,Sat,"ID Missing, ID Missing, ID Missing",No Preceptor Assigned,Psychiatry; Mental Health; Behavioral Medicine,NRSG 393 Practicum - Mental Health Practicum,-no preference-,Archived (Completed),Completed,2023,Spring 2023,Emory University,60.77
359353,Georgia State University - SON - Undergraduate,Emory Decatur Hospital,Nursing,Cohort Rotation,5,8,"10590, 10591, 10592, 10593, 10594",1/14/23,2/25/23,6:30:00,19:00:00,12,Sat,ID Missing,No Preceptor Assigned,MedSurg - Acute Care,NURS 3510 - Med Surg,-no preference-,Archived (Completed),Completed,2023,Spring 2023,Georgia State University,59.16
359354,Georgia State University - SON - Undergraduate,Emory Decatur Hospital,Nursing,Cohort Rotation,6,8,"10595, 10596, 10597, 10598, 10599, 10600",3/4/23,4/22/23,6:30:00,19:00:00,12,Sat,ID Missing,No Preceptor Assigned,MedSurg - Acute Care,NURS 3510 - Med Surg,-no preference-,Archived (Completed),Completed,2023,Spring 2023,Georgia State University,59.16
359635,Emory University - SON Pre-licensure,Emory University Hospital,Nursing,Cohort Rotation,7,8,"10601, 10602, 10603, 10604, 10605, 10606, 10607",3/22/23,5/3/23,7:00:00,19:00:00,60,Wed,ID Missing,No Preceptor Assigned,Other (see comments),NRSG 391 Practicum - Adult and Geriatric Practicum,6T: Transplant,Archived (Completed),Completed,2023,Spring 2023,Emory University,60.77
359638,Emory University - SON Pre-licensure,Emory Saint Joseph's Hospital,Nursing,Cohort Rotation,8,8,"10608, 10609, 10610, 10611, 10612, 10613, 10614, 10615",3/22/23,5/3/23,7:00:00,19:00:00,8,Wed,ID Missing,No Preceptor Assigned,Other (see comments),NRSG 391 Practicum - Adult and Geriatric Practicum,4W,Archived (Completed),Completed,2023,Spring 2023,Emory University,60.77
359640,Emory University - SON Pre-licensure,Emory University Hospital Midtown,Nursing,Cohort Rotation,8,8,"10616, 10617, 10618, 10619, 10620, 10621, 10622, 10623",3/22/23,5/3/23,7:00:00,19:00:00,60,Wed,ID Missing,No Preceptor Assigned,Other (see comments),NRSG 391 Practicum - Adult and Geriatric Practicum,21: General Surgery,Archived (Completed),Completed,2023,Spring 2023,Emory University,60.77
359641,Emory University - SON Pre-licensure,Emory University Hospital Midtown,Nursing,Cohort Rotation,6,8,"10565, 10624, 10567, 10625, 10626, 10627",1/10/23,2/28/23,7:00:00,19:00:00,60,Tue,ID Missing,No Preceptor Assigned,Perinatal - OB,NRSG 392 Practicum - Maternity Practicum,42/54: Mother/Baby,Archived (Completed),Completed,2023,Spring 2023,Emory University,60.77
359643,Emory University - SON Pre-licensure,Emory Decatur Hospital,Nursing,Cohort Rotation,6,6,"10628, 10568, 10569, 10629, 10630, 10631",1/10/23,2/28/23,7:00:00,19:00:00,60,Tue,ID Missing,No Preceptor Assigned,Perinatal - OB,NRSG 392 Practicum - Maternity Practicum,Mother/Baby,Archived (Completed),Completed,2023,Spring 2023,Emory University,60.77
359649,Emory University - SON Pre-licensure,Emory University Hospital Midtown,Nursing,Cohort Rotation,5,8,"10632, 10633, 10634, 10635, 10636",1/11/23,2/22/23,7:00:00,19:00:00,60,Wed,ID Missing,No Preceptor Assigned,Perinatal - OB,NRSG 392 Practicum - Maternity Practicum,42/54: Mother/Baby,Archived (Completed),Completed,2023,Spring 2023,Emory University,60.77
359650,Emory University - SON Pre-licensure,Emory Decatur Hospital,Nursing,Cohort Rotation,6,6,"10637, 10563, 10638, 10571, 10572, 10639",1/10/23,3/1/23,7:00:00,19:00:00,60,Wed,ID Missing,No Preceptor Assigned,Other (see comments),NRSG 392 Practicum - Maternity Practicum,Mother/Baby,Archived (Completed),Completed,2023,Spring 2023,Emory University,60.77
359652,Emory University - SON Pre-licensure,Emory Johns Creek Hospital,Nursing,Cohort Rotation,6,6,"10640, 10641, 10588, 10642, 10643, 10577",1/11/23,2/22/23,7:00:00,19:00:00,60,Wed,ID Missing,No Preceptor Assigned,Perinatal - OB,NRSG 392 Practicum - Maternity Practicum,"Maternity: M/B, L&D, NICU",Archived (Completed),Completed,2023,Spring 2023,Emory University,60.77
359656,Emory University - SON Pre-licensure,Emory University Hospital Midtown,Nursing,Cohort Rotation,6,6,"10566, 10644, 10570, 10645, 10646, 10647",1/14/23,3/4/23,7:00:00,19:00:00,60,Sat,ID Missing,No Preceptor Assigned,Perinatal - OB,NRSG 392 Practicum - Maternity Practicum,42/54: Mother/Baby,Archived (Completed),Completed,2023,Spring 2023,Emory University,60.77
359657,Emory University - SON Pre-licensure,Emory Decatur Hospital,Nursing,Cohort Rotation,5,6,"10648, 10649, 10573, 10587, 10650",1/14/23,3/4/23,7:00:00,19:00:00,60,Sat,ID Missing,No Preceptor Assigned,Perinatal - OB,NRSG 392 Practicum - Maternity Practicum,Mother/Baby,Archived (Completed),Completed,2023,Spring 2023,Emory University,60.77
359662,Emory University - SON Pre-licensure,Emory University Hospital Midtown,Nursing,Cohort Rotation,6,8,"10537, 10547, 10651, 10652, 10545, 10550",3/14/23,4/25/23,7:00:00,19:00:00,60,Tue,ID Missing,No Preceptor Assigned,Perinatal - OB,NRSG 392 Practicum - Maternity Practicum,42/54: Mother/Baby,Archived (Completed),Completed,2023,Spring 2023,Emory University,60.77
359665,Emory University - SON Pre-licensure,Emory Decatur Hospital,Nursing,Cohort Rotation,6,6,"10548, 10549, 10653, 10654, 10655, 10656",3/14/23,4/25/23,7:00:00,19:00:00,60,Tue,ID Missing,No Preceptor Assigned,Perinatal - OB,NRSG 392 Practicum - Maternity Practicum,Mother/Baby,Archived (Completed),Completed,2023,Spring 2023,Emory University,60.77
359669,Emory University - SON Pre-licensure,Emory University Hospital Midtown,Nursing,Cohort Rotation,6,8,"10657, 10658, 10554, 10659, 10558, 10559",3/15/23,4/26/23,0:00:00,23:59:00,60,Wed,ID Missing,No Preceptor Assigned,Perinatal - OB,NRSG 392 Practicum - Maternity Practicum,42/54: Mother/Baby,Archived (Completed),Completed,2023,Spring 2023,Emory University,60.77
359671,Emory University - SON Pre-licensure,Emory Decatur Hospital,Nursing,Cohort Rotation,6,6,"10286, 10555, 10660, 10661, 10662, 10663",3/15/23,4/26/23,7:00:00,19:00:00,60,Wed,ID Missing,No Preceptor Assigned,Perinatal - OB,NRSG 392 Practicum - Maternity Practicum,Mother/Baby,Archived (Completed),Completed,2023,Spring 2023,Emory University,60.77
359673,Emory University - SON Pre-licensure,Emory Johns Creek Hospital,Nursing,Cohort Rotation,6,6,"10664, 10665, 10542, 10540, 10666, 10667",3/15/23,4/26/23,7:00:00,19:00:00,60,Wed,ID Missing,No Preceptor Assigned,Perinatal - OB,NRSG 392 Practicum - Maternity Practicum,"Maternity: M/B, L&D, NICU",Archived (Completed),Completed,2023,Spring 2023,Emory University,60.77
359678,Emory University - SON Pre-licensure,Emory University Hospital Midtown,Nursing,Cohort Rotation,5,8,"10668, 10669, 10670, 10671, 10672",3/18/23,4/29/23,7:00:00,19:00:00,60,Sat,"ID Missing, ID Missing, ID Missing, ID Missing, ID Missing",No Preceptor Assigned,Perinatal - OB,NRSG 392 Practicum - Maternity Practicum,42/54: Mother/Baby,Archived (Completed),Completed,2023,Spring 2023,Emory University,60.77
359681,Emory University - SON Pre-licensure,Emory Decatur Hospital,Nursing,Cohort Rotation,5,6,"10673, 10674, 10556, 10551, 10560",3/18/23,4/22/23,7:00:00,19:00:00,60,Sat,"ID Missing, ID Missing, ID Missing, ID Missing, ID Missing",No Preceptor Assigned,Perinatal - OB,NRSG 392 Practicum - Maternity Practicum,Mother/Baby,Archived (Completed),Completed,2023,Spring 2023,Emory University,60.77
360628,Emory University - SON Pre-licensure,Emory Saint Joseph's Hospital,Nursing,Cohort Rotation,0,8,No Students Assigned,3/25/23,5/6/23,7:00:00,19:00:00,60,Sat,ID Missing,No Preceptor Assigned,Other (see comments),NRSG 391 Practicum - Adult and Geriatric Practicum,5W,Archived (Completed),Completed,2023,Spring 2023,Emory University,60.77
364025,Emory University - SON Pre-licensure,Emory University Hospital at Wesley Woods,Nursing,Cohort Rotation,8,9,"10661, 10663, 10724, 10725, 10726, 10727, 10728, 10542",1/15/23,2/26/23,7:00:00,19:00:00,60,Sun,ID Missing,No Preceptor Assigned,Psychiatry; Mental Health; Behavioral Medicine,775 - NRSG 775D Mental Health,Inpatient Psych,Archived (Completed),Completed,2023,Spring 2023,Emory University,60.77
364031,Emory University - SON Pre-licensure,Emory University Hospital at Wesley Woods,Nursing,Cohort Rotation,9,9,"10650, 10633, 10307, 10639, 10729, 10730, 10731, 10647, 10732",3/19/23,4/30/23,0:00:00,23:59:00,60,Sun,ID Missing,No Preceptor Assigned,Psychiatry; Mental Health; Behavioral Medicine,775 - NRSG 775D Mental Health,Inpatient Psych,Archived (Completed),Completed,2023,Spring 2023,Emory University,60.77
364232,Chamberlain College of Nursing - Georgia,Emory Saint Joseph's Hospital,Nursing,Cohort Rotation,8,8,"10146, 10148, 10149, 10150, 10115, 10733, 10734, 10735",3/11/23,4/29/23,7:00:00,19:00:00,96,Sat,"ID Missing, ID Missing",No Preceptor Assigned,MedSurg - Acute Care,NR 324 - Adult Health I,3S,Archived (Completed),Completed,2023,Spring 2023,Chamberlain College of Nursing - Georgia,77.66
365654,Emory University - SON Pre-licensure,Emory University Hospital Midtown,Nursing,Cohort Rotation,6,6,"10757, 10758, 10759, 10760, 10581, 10731",1/15/23,3/5/23,7:00:00,19:00:00,60,Sun,ID Missing,No Preceptor Assigned,Perinatal - OB,NRSG 392 Practicum - Maternity Practicum,42/54: Mother/Baby,Archived (Completed),Completed,2023,Spring 2023,Emory University,60.77
365659,Emory University - SON Pre-licensure,Emory University Hospital Midtown,Nursing,Cohort Rotation,6,6,"10761, 10546, 10762, 10725, 10763, 10764",3/19/23,4/30/23,7:00:00,19:00:00,60,Sun,ID Missing,No Preceptor Assigned,Perinatal - OB,NRSG 392 Practicum - Maternity Practicum,42/54: Mother/Baby,Archived (Completed),Completed,2023,Spring 2023,Emory University,60.77
371674,Emory University - SON Pre-licensure,Emory Johns Creek Hospital,Nursing,Cohort Rotation,6,8,"10804, 10805, 10806, 10807, 10808, 10809",8/6/23,9/2/23,7:00:00,19:00:00,96,,"ID Missing, ID Missing, ID Missing, ID Missing",No Preceptor Assigned,MedSurg - Acute Care,NRSG 356D - Acute and Chronic I Care Clinical Practicum Adult and Geriatric Populations,3rd floor: med-surg,Archived (Completed),Completed,2023,Fall 2023,Emory University,60.77
371675,Emory University - SON Pre-licensure,Emory Johns Creek Hospital,Nursing,Cohort Rotation,0,8,No Students Assigned,8/6/23,9/2/23,7:00:00,19:00:00,96,,ID Missing,No Preceptor Assigned,MedSurg - Acute Care,NRSG 356D - Acute and Chronic I Care Clinical Practicum Adult and Geriatric Populations,4th floor: med-surg,Archived (Completed),Completed,2023,Fall 2023,Emory University,60.77
371676,Emory University - SON Pre-licensure,Emory Johns Creek Hospital,Nursing,Cohort Rotation,6,8,"10810, 10811, 10812, 10813, 10814, 10815",8/6/23,9/2/23,7:00:00,19:00:00,96,,"ID Missing, ID Missing, ID Missing",No Preceptor Assigned,MedSurg - Acute Care,NRSG 356D - Acute and Chronic I Care Clinical Practicum Adult and Geriatric Populations,6N: medical,Archived (Completed),Completed,2023,Fall 2023,Emory University,60.77
371679,Emory University - SON Pre-licensure,Emory Saint Joseph's Hospital,Nursing,Cohort Rotation,4,8,"10816, 10817, 10818, 10819",8/6/23,9/2/23,7:00:00,19:00:00,96,,ID Missing,No Preceptor Assigned,MedSurg - Acute Care,NRSG 356D - Acute and Chronic I Care Clinical Practicum Adult and Geriatric Populations,3E,Archived (Completed),Completed,2023,Fall 2023,Emory University,60.77
371681,Emory University - SON Pre-licensure,Emory University Hospital Midtown,Nursing,Cohort Rotation,4,8,"10820, 10821, 10822, 10823",8/6/23,9/2/23,7:00:00,19:00:00,96,,"ID Missing, ID Missing, ID Missing",No Preceptor Assigned,MedSurg - Acute Care,NRSG 356D - Acute and Chronic I Care Clinical Practicum Adult and Geriatric Populations,72: Med/Surg,Archived (Completed),Completed,2023,Fall 2023,Emory University,60.77
374730,Chamberlain College of Nursing - Georgia,Emory Hillandale Hospital,Nursing,Cohort Rotation,6,6,"10825, 10826, 10827, 10036, 10828, 10829",10/30/23,11/20/23,7:00:00,19:00:00,48,Mon,ID Missing,No Preceptor Assigned,MedSurg - Acute Care,NR 452 - Capstone Course,4th floor - telemetry,Archived (Completed),Completed,2023,Fall 2023,Chamberlain College of Nursing - Georgia,77.66
374750,Chamberlain College of Nursing - Georgia,Emory Johns Creek Hospital,Nursing,Cohort Rotation,6,8,"10830, 10831, 10832, 10833, 10834, 10835",9/4/23,10/28/23,7:00:00,19:00:00,96,Sat,ID Missing,No Preceptor Assigned,MedSurg - Acute Care,NR 446 - Collaborative Health,3rd floor: med-surg,Archived (Completed),Completed,2023,Fall 2023,Chamberlain College of Nursing - Georgia,77.66
374752,Chamberlain College of Nursing - Georgia,Emory Johns Creek Hospital,Nursing,Cohort Rotation,8,8,"10830, 10831, 10832, 10833, 10834, 10835, 10836, 10837",11/4/23,11/25/23,7:00:00,19:00:00,48,Sat,ID Missing,No Preceptor Assigned,MedSurg - Acute Care,NR 452 - Capstone Course,3rd floor: med-surg,Archived (Completed),Completed,2023,Fall 2023,Chamberlain College of Nursing - Georgia,77.66
374754,Chamberlain College of Nursing - Georgia,Emory Saint Joseph's Hospital,Nursing,Cohort Rotation,8,8,"10017, 10018, 10019, 10020, 10021, 10022, 10023, 10024",7/10/23,9/2/23,7:00:00,19:00:00,48,Wed,ID Missing,No Preceptor Assigned,MedSurg - Acute Care,NR 452 - Capstone Course,6W,Archived (Completed),Completed,2023,Fall 2023,Chamberlain College of Nursing - Georgia,77.66
374755,Chamberlain College of Nursing - Georgia,Emory Saint Joseph's Hospital,Nursing,Cohort Rotation,8,8,"10025, 10027, 10028, 10029, 10030, 10031, 10032, 10838",7/10/23,9/2/23,7:00:00,19:00:00,48,Fri,ID Missing,No Preceptor Assigned,MedSurg - Acute Care,NR 452 - Capstone Course,3SW,Archived (Completed),Completed,2023,Fall 2023,Chamberlain College of Nursing - Georgia,77.66
374758,Chamberlain College of Nursing - Georgia,Emory Saint Joseph's Hospital,Nursing,Cohort Rotation,7,8,"10839, 10840, 10841, 10842, 10843, 10844, 10845",9/4/23,10/28/23,7:00:00,19:00:00,96,Wed,ID Missing,No Preceptor Assigned,MedSurg - Acute Care,NR 446 - Collaborative Health,6W,Archived (Completed),Completed,2023,Fall 2023,Chamberlain College of Nursing - Georgia,77.66
374759,Chamberlain College of Nursing - Georgia,Emory Saint Joseph's Hospital,Nursing,Cohort Rotation,7,8,"10846, 10847, 10848, 10849, 10850, 10851, 10852",9/4/23,10/28/23,7:00:00,19:00:00,96,Fri,ID Missing,No Preceptor Assigned,MedSurg - Acute Care,NR 446 - Collaborative Health,3SW,Archived (Completed),Completed,2023,Fall 2023,Chamberlain College of Nursing - Georgia,77.66
374762,Chamberlain College of Nursing - Georgia,Emory Saint Joseph's Hospital,Nursing,Cohort Rotation,8,8,"10839, 10840, 10841, 10842, 10843, 10844, 10845, 10853",11/1/23,12/29/23,7:00:00,19:00:00,48,Wed,ID Missing,No Preceptor Assigned,MedSurg - Acute Care,NR 452 - Capstone Course,6W pulmonary thoracic,Archived (Completed),Completed,2023,Fall 2023,Chamberlain College of Nursing - Georgia,77.66
374763,Chamberlain College of Nursing - Georgia,Emory Saint Joseph's Hospital,Nursing,Cohort Rotation,8,8,"10852, 10854, 10846, 10847, 10848, 10849, 10850, 10851",11/3/23,12/1/23,7:00:00,19:00:00,48,Fri,ID Missing,No Preceptor Assigned,MedSurg - Acute Care,NR 452 - Capstone Course,3SW GI medicine/bariatrics,Archived (Completed),Completed,2023,Fall 2023,Chamberlain College of Nursing - Georgia,77.66
374764,Chamberlain College of Nursing - Georgia,Emory Saint Joseph's Hospital,Nursing,Cohort Rotation,0,8,No Students Assigned,11/4/23,11/25/23,7:00:00,19:00:00,48,Sat,ID Missing,No Preceptor Assigned,MedSurg - Acute Care,NR 452 - Capstone Course,6W pulmonary thoracic,Archived (Completed),Completed,2023,Fall 2023,Chamberlain College of Nursing - Georgia,77.66
374765,Chamberlain College of Nursing - Georgia,Emory Saint Joseph's Hospital,Nursing,Cohort Rotation,0,8,No Students Assigned,11/4/23,11/25/23,7:00:00,19:00:00,48,Sat,ID Missing,No Preceptor Assigned,MedSurg - Acute Care,NR 452 - Capstone Course,3SW GI medicine/bariatrics,Archived (Completed),Completed,2023,Fall 2023,Chamberlain College of Nursing - Georgia,77.66
374902,Chamberlain College of Nursing - Georgia,Emory Saint Joseph's Hospital,Nursing,Cohort Rotation,8,8,"10169, 10170, 10165, 10172, 10173, 10174, 10162, 10161",7/13/23,8/31/23,7:00:00,19:00:00,96,Thu,ID Missing,No Preceptor Assigned,MedSurg - Acute Care,NR 324 - Adult Health I,5W,Archived (Completed),Completed,2023,Fall 2023,Chamberlain College of Nursing - Georgia,77.66
374903,Chamberlain College of Nursing - Georgia,Emory Saint Joseph's Hospital,Nursing,Cohort Rotation,7,8,"10153, 10154, 10155, 10157, 10158, 10159, 10160",7/11/23,8/29/23,7:00:00,19:00:00,96,Tue,ID Missing,No Preceptor Assigned,MedSurg - Acute Care,NR 324 - Adult Health I,5W,Archived (Completed),Completed,2023,Fall 2023,Chamberlain College of Nursing - Georgia,77.66
374904,Chamberlain College of Nursing - Georgia,Emory Saint Joseph's Hospital,Nursing,Cohort Rotation,8,8,"10175, 10176, 10177, 10178, 10179, 10180, 10181, 10168",7/15/23,9/2/23,7:00:00,19:00:00,96,Sat,ID Missing,No Preceptor Assigned,MedSurg - Acute Care,NR 324 - Adult Health I,3S,Archived (Completed),Completed,2023,Fall 2023,Chamberlain College of Nursing - Georgia,77.66
374907,Chamberlain College of Nursing - Georgia,Emory University Hospital Midtown,Nursing,Cohort Rotation,8,8,"10855, 10163, 10164, 10166, 10856, 10857, 10858, 10859",7/13/23,8/31/23,7:00:00,19:00:00,96,Thu,ID Missing,No Preceptor Assigned,MedSurg - Acute Care,NR 324 - Adult Health I,22: Med/Surg,Archived (Completed),Completed,2023,Fall 2023,Chamberlain College of Nursing - Georgia,77.66
374923,Chamberlain College of Nursing - Georgia,Emory Decatur Hospital,Nursing,Cohort Rotation,4,6,"10142, 10860, 10058, 10861",7/14/23,8/4/23,7:00:00,19:00:00,96,Wed,ID Missing,No Preceptor Assigned,Critical/Intensive Care,NR341 - Complex Adult Health,ICU - 2500,Archived (Completed),Completed,2023,Fall 2023,Chamberlain College of Nursing - Georgia,77.66
374924,Chamberlain College of Nursing - Georgia,Emory Decatur Hospital,Nursing,Cohort Rotation,5,6,"10862, 10863, 10864, 10123, 10865",8/11/23,9/1/23,7:00:00,19:00:00,96,Wed,ID Missing,No Preceptor Assigned,Critical/Intensive Care,NR341 - Complex Adult Health,ICU - 2500,Archived (Completed),Completed,2023,Fall 2023,Chamberlain College of Nursing - Georgia,77.66
374925,Chamberlain College of Nursing - Georgia,Emory Decatur Hospital,Nursing,Cohort Rotation,6,6,"10127, 10866, 10867, 10082, 10054, 10095",7/14/23,9/1/23,7:00:00,15:00:00,48,Fri,ID Missing,No Preceptor Assigned,Psychiatry; Mental Health; Behavioral Medicine,NR 326 - Mental Health Nursing,Behavioral Health (acute) - 1800,Archived (Completed),Completed,2023,Fall 2023,Chamberlain College of Nursing - Georgia,77.66
375147,Chamberlain College of Nursing - Georgia,Emory University Hospital at Wesley Woods,Nursing,Cohort Rotation,6,6,"10055, 10868, 10869, 10870, 10078, 10128",7/14/23,9/1/23,7:00:00,15:00:00,48,Fri,ID Missing,No Preceptor Assigned,Psychiatry; Mental Health; Behavioral Medicine,NR 326 - Mental Health Nursing,Inpatient Psych,Archived (Completed),Completed,2023,Fall 2023,Chamberlain College of Nursing - Georgia,77.66
375148,Chamberlain College of Nursing - Georgia,Emory University Hospital at Wesley Woods,Nursing,Cohort Rotation,6,6,"10871, 10872, 10873, 10874, 10875, 10876",5/12/23,6/30/23,7:00:00,15:00:00,48,Fri,ID Missing,No Preceptor Assigned,Psychiatry; Mental Health; Behavioral Medicine,NR 326 - Mental Health Nursing,Inpatient Psych,Archived (Completed),Completed,2023,Spring 2023,Chamberlain College of Nursing - Georgia,77.66
375215,Chamberlain College of Nursing - Georgia,Emory Saint Joseph's Hospital,Nursing,Cohort Rotation,8,8,"10877, 10878, 10879, 10880, 10881, 10882, 10883, 10884",9/5/23,10/24/23,7:00:00,19:00:00,96,Tue,ID Missing,No Preceptor Assigned,MedSurg - Acute Care,NR 325 - Adult Health II,3SW,Archived (Completed),Completed,2023,Fall 2023,Chamberlain College of Nursing - Georgia,77.66
375216,Chamberlain College of Nursing - Georgia,Emory Saint Joseph's Hospital,Nursing,Cohort Rotation,8,8,"10169, 10170, 10165, 10172, 10173, 10174, 10162, 10161",9/6/23,10/26/23,7:00:00,19:00:00,96,Thu,ID Missing,No Preceptor Assigned,MedSurg - Acute Care,NR 325 - Adult Health II,5W,Archived (Completed),Completed,2023,Fall 2023,Chamberlain College of Nursing - Georgia,77.66
375217,Chamberlain College of Nursing - Georgia,Emory Saint Joseph's Hospital,Nursing,Cohort Rotation,8,8,"10153, 10154, 10155, 10157, 10158, 10159, 10160, 10105",9/5/23,10/24/23,7:00:00,19:00:00,96,Tue,ID Missing,No Preceptor Assigned,MedSurg - Acute Care,NR 325 - Adult Health II,5W,Archived (Completed),Completed,2023,Fall 2023,Chamberlain College of Nursing - Georgia,77.66
375218,Chamberlain College of Nursing - Georgia,Emory Saint Joseph's Hospital,Nursing,Cohort Rotation,7,8,"10175, 10176, 10177, 10178, 10179, 10180, 10181",9/9/23,10/28/23,7:00:00,19:00:00,96,Sat,"ID Missing, ID Missing",No Preceptor Assigned,MedSurg - Acute Care,NR 325 - Adult Health II,3S,Archived (Completed),Completed,2023,Fall 2023,Chamberlain College of Nursing - Georgia,77.66
375219,Chamberlain College of Nursing - Georgia,Emory Saint Joseph's Hospital,Nursing,Cohort Rotation,8,8,"10885, 10886, 10887, 10888, 10889, 10890, 10891, 10892",10/31/23,12/19/23,7:00:00,19:00:00,96,Tue,ID Missing,No Preceptor Assigned,MedSurg - Acute Care,NR 324 - Adult Health I,3SW GI medicine/bariatrics,Archived (Completed),Completed,2023,Fall 2023,Chamberlain College of Nursing - Georgia,77.66
375220,Chamberlain College of Nursing - Georgia,Emory Saint Joseph's Hospital,Nursing,Cohort Rotation,8,8,"10893, 10894, 10895, 10896, 10897, 10898, 10899, 10900",11/2/23,12/14/23,7:00:00,19:00:00,96,Thu,ID Missing,No Preceptor Assigned,MedSurg - Acute Care,NR 324 - Adult Health I,5W internal medicine,Archived (Completed),Completed,2023,Fall 2023,Chamberlain College of Nursing - Georgia,77.66
375221,Chamberlain College of Nursing - Georgia,Emory Saint Joseph's Hospital,Nursing,Cohort Rotation,7,8,"10901, 10902, 10903, 10904, 10905, 10906, 10907",10/31/23,12/19/23,7:00:00,19:00:00,96,Tue,ID Missing,No Preceptor Assigned,MedSurg - Acute Care,NR 324 - Adult Health I,5W internal medicine,Archived (Completed),Completed,2023,Fall 2023,Chamberlain College of Nursing - Georgia,77.66
375222,Chamberlain College of Nursing - Georgia,Emory Saint Joseph's Hospital,Nursing,Cohort Rotation,7,8,"10908, 10909, 10910, 10911, 10912, 10913, 10914",11/4/23,12/16/23,7:00:00,19:00:00,96,Sat,"ID Missing, ID Missing",No Preceptor Assigned,MedSurg - Acute Care,NR 324 - Adult Health I,3S GI surgery,Archived (Completed),Completed,2023,Fall 2023,Chamberlain College of Nursing - Georgia,77.66
375224,Chamberlain College of Nursing - Georgia,Emory Saint Joseph's Hospital,Nursing,Cohort Rotation,8,8,"10885, 10892, 10915, 10890, 10888, 10889, 10891, 10886",9/8/23,10/27/23,7:00:00,15:00:00,48,Fri,ID Missing,No Preceptor Assigned,Fundamentals,NR 226 - Fundamentals - Patient Care,5E,Archived (Completed),Completed,2023,Fall 2023,Chamberlain College of Nursing - Georgia,77.66
375225,Chamberlain College of Nursing - Georgia,Emory Saint Joseph's Hospital,Nursing,Cohort Rotation,8,8,"10916, 10917, 10918, 10919, 10900, 10920, 10921, 10922",9/9/23,10/28/23,7:00:00,15:00:00,48,Sat,ID Missing,No Preceptor Assigned,Fundamentals,NR 226 - Fundamentals - Patient Care,4W,Archived (Completed),Completed,2023,Fall 2023,Chamberlain College of Nursing - Georgia,77.66
375393,Chamberlain College of Nursing - Georgia,Emory Decatur Hospital,Nursing,Cohort Rotation,6,6,"10923, 10924, 10152, 10925, 10734, 10151",9/8/23,10/27/23,7:00:00,15:00:00,48,Fri,ID Missing,No Preceptor Assigned,Psychiatry; Mental Health; Behavioral Medicine,NR 326 - Mental Health Nursing,Behavioral Health (acute) - 1800,Archived (Completed),Completed,2023,Fall 2023,Chamberlain College of Nursing - Georgia,77.66
375414,Chamberlain College of Nursing - Georgia,Emory Decatur Hospital,Nursing,Cohort Rotation,6,6,"10928, 10929, 10863, 10930, 10117, 10931",11/3/23,12/15/23,7:00:00,15:00:00,48,Fri,ID Missing,No Preceptor Assigned,Psychiatry; Mental Health; Behavioral Medicine,NR 326 - Mental Health Nursing,Behavioral Health (acute) - 1800,Archived (Completed),Completed,2023,Fall 2023,Chamberlain College of Nursing - Georgia,77.66
375428,Chamberlain College of Nursing - Georgia,Emory University Hospital At Wesley Woods,Nursing,Cohort Rotation,6,6,"10059, 10932, 10933, 10934, 10124, 10125",11/3/23,12/15/23,7:00:00,15:00:00,48,Fri,ID Missing,No Preceptor Assigned,Psychiatry; Mental Health; Behavioral Medicine,NR 326 - Mental Health Nursing,Inpatient Psych,Archived (Completed),Completed,2023,Fall 2023,Chamberlain College of Nursing - Georgia,77.66
375452,Chamberlain College of Nursing - Georgia,Emory University Hospital Midtown,Nursing,Cohort Rotation,8,8,"10855, 10163, 10164, 10166, 10856, 10857, 10858, 10859",9/7/23,10/26/23,7:00:00,19:00:00,96,Thu,ID Missing,No Preceptor Assigned,MedSurg - Acute Care,NR 325 - Adult Health II,22: Med/Surg,Archived (Completed),Completed,2023,Fall 2023,Chamberlain College of Nursing - Georgia,77.66
375453,Chamberlain College of Nursing - Georgia,Emory University Hospital Midtown,Nursing,Cohort Rotation,8,8,"10935, 10936, 10937, 10938, 10939, 10940, 10941, 10942",10/31/23,12/19/23,7:00:00,19:00:00,96,Tue,ID Missing,No Preceptor Assigned,MedSurg - Acute Care,NR 324 - Adult Health I,22: Med/Surg,Archived (Completed),Completed,2023,Fall 2023,Chamberlain College of Nursing - Georgia,77.66
375454,Chamberlain College of Nursing - Georgia,Emory University Hospital Midtown,Nursing,Cohort Rotation,0,8,No Students Assigned,11/2/23,12/14/23,7:00:00,19:00:00,96,Thu,ID Missing,No Preceptor Assigned,MedSurg - Acute Care,NR 324 - Adult Health I,22: Med/Surg,Archived (Completed),Completed,2023,Fall 2023,Chamberlain College of Nursing - Georgia,77.66
375985,Georgia State University - Perimeter College,Emory Long Term Acute Care Hospital,Nursing,Cohort Rotation,6,6,"10945, 10219, 10946, 10947, 10948, 10949",9/29/23,11/17/23,7:00:00,19:00:00,96,Fri,ID Missing,No Preceptor Assigned,MedSurg - Acute Care,NURS 1930 - Intermediate Concepts of Nursing,LTAC,Archived (Completed),Completed,2023,Fall 2023,Georgia State University,59.16
382320,Emory University - SON Pre-licensure,Emory University Hospital Midtown,Nursing,Cohort Rotation,6,6,"10289, 10429, 10439, 10451, 10464, 10308",5/16/23,6/20/23,7:00:00,19:00:00,60,Tue,ID Missing,No Preceptor Assigned,Perinatal - OB,NRSG 392 Practicum - Maternity Practicum,Maternity,Archived (Completed),Completed,2023,Spring 2023,Emory University,60.77
382324,Emory University - SON Pre-licensure,Emory University Hospital Midtown,Nursing,Cohort Rotation,6,6,"10292, 10446, 10421, 10290, 10291, 10316",5/17/23,6/21/23,7:00:00,19:00:00,60,Wed,ID Missing,No Preceptor Assigned,Perinatal - OB,NRSG 392 Practicum - Maternity Practicum,Maternity,Archived (Completed),Completed,2023,Spring 2023,Emory University,60.77
382326,Emory University - SON Pre-licensure,Emory University Hospital Midtown,Nursing,Cohort Rotation,6,6,"10467, 10343, 10475, 10311, 10483, 10973",5/20/23,6/24/23,7:00:00,19:00:00,60,Sat,ID Missing,No Preceptor Assigned,Perinatal - OB,NRSG 392 Practicum - Maternity Practicum,Maternity,Archived (Completed),Completed,2023,Spring 2023,Emory University,60.77
382329,Emory University - SON Pre-licensure,Emory Decatur Hospital,Nursing,Cohort Rotation,4,6,"10447, 10332, 10279, 10281",5/16/23,6/20/23,7:00:00,19:00:00,60,Tue,ID Missing,No Preceptor Assigned,Perinatal - OB,NRSG 392 Practicum - Maternity Practicum,Mother/Baby,Archived (Completed),Completed,2023,Spring 2023,Emory University,60.77
382330,Emory University - SON Pre-licensure,Emory Decatur Hospital,Nursing,Cohort Rotation,6,6,"10283, 10342, 10288, 10436, 10295, 10335",5/17/23,6/21/23,7:00:00,19:00:00,60,Wed,ID Missing,No Preceptor Assigned,Perinatal - OB,NRSG 392 Practicum - Maternity Practicum,Mother/Baby,Archived (Completed),Completed,2023,Spring 2023,Emory University,60.77
382343,Emory University - SON Pre-licensure,Emory Johns Creek Hospital,Nursing,Cohort Rotation,6,6,"10473, 10341, 10474, 10472, 10470, 10423",5/16/23,6/20/23,7:00:00,19:00:00,60,Tue,ID Missing,No Preceptor Assigned,Perinatal - OB,NRSG 392 Practicum - Maternity Practicum,"Maternity: M/B, L&D, NICU",Archived (Completed),Completed,2023,Spring 2023,Emory University,60.77
382347,Emory University - SON Pre-licensure,Emory Johns Creek Hospital,Nursing,Cohort Rotation,6,6,"10441, 10457, 10460, 10438, 10440, 10435",5/17/23,6/21/23,7:00:00,19:00:00,60,Wed,ID Missing,No Preceptor Assigned,Perinatal - OB,NRSG 392 Practicum - Maternity Practicum,"Maternity: M/B, L&D, NICU",Archived (Completed),Completed,2023,Spring 2023,Emory University,60.77
382519,Kennesaw State University - Nursing,Emory Saint Joseph's Hospital,Nursing,Cohort Rotation,4,8,"10974, 10975, 10976, 10977",6/15/23,7/21/23,7:00:00,15:00:00,96,"Thu, Fri",ID Missing,No Preceptor Assigned,MedSurg - Acute Care,3313 - Adult Health,4S,Archived (Completed),Completed,2023,Spring 2023,Kennesaw State University,57.17
382529,Georgia Baptist College of Nursing of Mercer University - Undergraduate Nursing,Emory Saint Joseph's Hospital,Nursing,Cohort Rotation,8,8,"10978, 10070, 10979, 10980, 10071, 10981, 10982, 10983",9/7/23,12/14/23,7:00:00,19:00:00,132,Thu,ID Missing,No Preceptor Assigned,MedSurg - Acute Care,NUR 408 - High Acuity Adult,6W pulmonary thoracic,Archived (Completed),Completed,2023,Fall 2023,Mercer University,65.3
382564,Georgia Baptist College of Nursing of Mercer University - Undergraduate Nursing,Emory University Hospital Midtown,Nursing,Cohort Rotation,4,8,"10984, 10067, 10985, 10986",9/1/23,9/22/23,7:00:00,19:00:00,40,Fri,ID Missing,No Preceptor Assigned,Perinatal - OB,NUR 407 - Care of the Childbearing Family,42/54: Mother/Baby,Archived (Completed),Completed,2023,Fall 2023,Mercer University,65.3
382565,Georgia Baptist College of Nursing of Mercer University - Undergraduate Nursing,Emory University Hospital Midtown,Nursing,Cohort Rotation,4,8,"10987, 10988, 10989, 10990",9/29/23,10/20/23,7:00:00,19:00:00,40,Fri,ID Missing,No Preceptor Assigned,Perinatal - OB,NUR 407 - Care of the Childbearing Family,42/54: Mother/Baby,Archived (Completed),Completed,2023,Fall 2023,Mercer University,65.3
382566,Georgia Baptist College of Nursing of Mercer University - Undergraduate Nursing,Emory University Hospital Midtown,Nursing,Cohort Rotation,4,8,"10991, 10072, 10992, 10993",10/27/23,12/8/23,7:00:00,19:00:00,40,Fri,ID Missing,No Preceptor Assigned,Perinatal - OB,NUR 407 - Care of the Childbearing Family,42/54: Mother/Baby,Archived (Completed),Completed,2023,Fall 2023,Mercer University,65.3
383360,Emory University - SON Pre-licensure,Emory Decatur Hospital,Nursing,Cohort Rotation,6,8,"10994, 10995, 10996, 10997, 10998, 10999",6/15/23,7/27/23,7:00:00,19:00:00,60,Thu,ID Missing,No Preceptor Assigned,Fundamentals,527 MN - Foundation of Nursing Practice,Cardiac Telemetry - 2400,Archived (Completed),Completed,2023,Spring 2023,Emory University,60.77
383361,Emory University - SON Pre-licensure,Emory Decatur Hospital,Nursing,Cohort Rotation,8,8,"11000, 11001, 11002, 11003, 11004, 11005, 11006, 11007",6/15/23,7/27/23,7:00:00,19:00:00,60,Thu,ID Missing,No Preceptor Assigned,Fundamentals,527 MN - Foundation of Nursing Practice,Surgical Oncology - 4200,Archived (Completed),Completed,2023,Spring 2023,Emory University,60.77
383362,Emory University - SON Pre-licensure,Emory Hillandale Hospital,Nursing,Cohort Rotation,8,8,"11008, 11009, 11010, 11011, 11012, 11013, 11014, 11015",6/15/23,7/27/23,7:00:00,19:00:00,60,Thu,ID Missing,No Preceptor Assigned,Fundamentals,527 MN - Foundation of Nursing Practice,4th floor - telemetry,Archived (Completed),Completed,2023,Spring 2023,Emory University,60.77
383363,Emory University - SON Pre-licensure,Emory Hillandale Hospital,Nursing,Cohort Rotation,8,8,"11016, 11017, 11018, 11019, 11020, 11021, 11022, 11023",6/15/23,7/27/23,7:00:00,19:00:00,60,Thu,ID Missing,No Preceptor Assigned,Fundamentals,527 MN - Foundation of Nursing Practice,3rd floor - med surg,Archived (Completed),Completed,2023,Spring 2023,Emory University,60.77
383365,Emory University - SON Pre-licensure,Emory Johns Creek Hospital,Nursing,Cohort Rotation,5,8,"11024, 11025, 11026, 11027, 11028",6/15/23,7/27/23,7:00:00,19:00:00,60,Thu,ID Missing,No Preceptor Assigned,Fundamentals,527 MN - Foundation of Nursing Practice,6W oncology,Archived (Completed),Completed,2023,Spring 2023,Emory University,60.77
383367,Emory University - SON Pre-licensure,Emory Saint Joseph's Hospital,Nursing,Cohort Rotation,8,8,"11029, 11030, 11031, 11032, 11033, 11034, 11035, 11036",6/15/23,7/27/23,7:00:00,19:00:00,60,Thu,ID Missing,No Preceptor Assigned,Fundamentals,527 MN - Foundation of Nursing Practice,4E,Archived (Completed),Completed,2023,Spring 2023,Emory University,60.77
383368,Emory University - SON Pre-licensure,Emory University Hospital,Nursing,Cohort Rotation,8,8,"11037, 11038, 11039, 11040, 11041, 11042, 11043, 11044",6/15/23,7/27/23,7:00:00,19:00:00,60,Thu,ID Missing,No Preceptor Assigned,Fundamentals,527 MN - Foundation of Nursing Practice,7T: Surgical,Archived (Completed),Completed,2023,Spring 2023,Emory University,60.77
383369,Emory University - SON Pre-licensure,Emory University Hospital,Nursing,Cohort Rotation,0,8,No Students Assigned,6/16/23,7/27/23,7:00:00,19:00:00,60,Thu,ID Missing,No Preceptor Assigned,Fundamentals,527 MN - Foundation of Nursing Practice,9E: Neuroscience,Archived (Completed),Completed,2023,Spring 2023,Emory University,60.77
383371,Emory University - SON Pre-licensure,Emory University Hospital,Nursing,Cohort Rotation,8,8,"11045, 11046, 11047, 11048, 11049, 11050, 11051, 11052",6/15/23,7/27/23,7:00:00,19:00:00,60,Thu,ID Missing,No Preceptor Assigned,Fundamentals,527 MN - Foundation of Nursing Practice,6G: Medical,Archived (Completed),Completed,2023,Spring 2023,Emory University,60.77
383372,Emory University - SON Pre-licensure,Emory University Orthopaedics and Spine Hospital,Nursing,Cohort Rotation,0,8,No Students Assigned,6/15/23,7/27/23,7:00:00,19:00:00,8,Thu,ID Missing,No Preceptor Assigned,Fundamentals,527 MN - Foundation of Nursing Practice,2-4 floors: Orthopaedics,Archived (Completed),Completed,2023,Spring 2023,Emory University,60.77
383373,Emory University - SON Pre-licensure,Emory University Hospital Midtown,Nursing,Cohort Rotation,8,8,"11053, 11054, 11055, 11056, 11057, 11058, 11059, 11060",6/15/23,7/27/23,7:00:00,19:00:00,60,Thu,ID Missing,No Preceptor Assigned,Fundamentals,527 MN - Foundation of Nursing Practice,21: General Surgery,Archived (Completed),Completed,2023,Spring 2023,Emory University,60.77
383375,Emory University - SON Pre-licensure,Emory Decatur Hospital,Nursing,Cohort Rotation,8,8,"11061, 10106, 11062, 11063, 11064, 11065, 11066, 11067",6/16/23,7/28/23,7:00:00,19:00:00,60,Fri,ID Missing,No Preceptor Assigned,Fundamentals,527 MN - Foundation of Nursing Practice,Cardiac Telemetry - 2400,Archived (Completed),Completed,2023,Spring 2023,Emory University,60.77
383376,Emory University - SON Pre-licensure,Emory Decatur Hospital,Nursing,Cohort Rotation,8,8,"11068, 11069, 11070, 11071, 11072, 11073, 11074, 11075",6/16/23,7/28/23,7:00:00,19:00:00,60,Fri,ID Missing,No Preceptor Assigned,Fundamentals,527 MN - Foundation of Nursing Practice,Stroke Telemetry - 4400,Archived (Completed),Completed,2023,Spring 2023,Emory University,60.77
383377,Emory University - SON Pre-licensure,Emory Johns Creek Hospital,Nursing,Cohort Rotation,8,8,"11076, 11077, 11078, 11079, 11080, 11081, 11082, 11083",6/16/23,7/28/23,7:00:00,19:00:00,60,Fri,ID Missing,No Preceptor Assigned,Fundamentals,527 MN - Foundation of Nursing Practice,6W oncology,Archived (Completed),Completed,2023,Spring 2023,Emory University,60.77
383379,Emory University - SON Pre-licensure,Emory Saint Joseph's Hospital,Nursing,Cohort Rotation,8,8,"11084, 11085, 11086, 11087, 11088, 11089, 11090, 11091",6/16/23,7/28/23,7:00:00,19:00:00,60,Fri,ID Missing,No Preceptor Assigned,Fundamentals,527 MN - Foundation of Nursing Practice,4E,Archived (Completed),Completed,2023,Spring 2023,Emory University,60.77
383382,Emory University - SON Pre-licensure,Emory Saint Joseph's Hospital,Nursing,Cohort Rotation,8,8,"11092, 11093, 11094, 11095, 11096, 11097, 11098, 11099",6/16/23,7/28/23,7:00:00,19:00:00,60,Fri,ID Missing,No Preceptor Assigned,Fundamentals,527 MN - Foundation of Nursing Practice,6E,Archived (Completed),Completed,2023,Spring 2023,Emory University,60.77
383384,Emory University - SON Pre-licensure,Emory University Hospital,Nursing,Cohort Rotation,8,8,"11100, 11101, 11102, 11103, 11104, 11105, 11106, 11107",6/16/23,7/28/23,7:00:00,19:00:00,60,Fri,ID Missing,No Preceptor Assigned,Fundamentals,527 MN - Foundation of Nursing Practice,6T: Transplant,Archived (Completed),Completed,2023,Spring 2023,Emory University,60.77
383387,Emory University - SON Pre-licensure,Emory University Hospital,Nursing,Cohort Rotation,8,8,"11108, 11109, 11110, 11111, 11112, 11113, 11114, 11115",6/16/23,7/28/23,7:00:00,19:00:00,60,Fri,ID Missing,No Preceptor Assigned,Fundamentals,527 MN - Foundation of Nursing Practice,7T: Surgical,Archived (Completed),Completed,2023,Spring 2023,Emory University,60.77
383389,Emory University - SON Pre-licensure,Emory University Hospital,Nursing,Cohort Rotation,0,8,No Students Assigned,6/16/23,7/28/23,7:00:00,19:00:00,60,Fri,ID Missing,No Preceptor Assigned,Fundamentals,527 MN - Foundation of Nursing Practice,9E: Neuroscience,Archived (Completed),Completed,2023,Spring 2023,Emory University,60.77
383390,Emory University - SON Pre-licensure,Emory University Hospital Midtown,Nursing,Cohort Rotation,0,8,No Students Assigned,6/16/23,7/28/23,7:00:00,19:00:00,60,Fri,ID Missing,No Preceptor Assigned,Fundamentals,527 MN - Foundation of Nursing Practice,31: Ortho/Neuro,Archived (Completed),Completed,2023,Spring 2023,Emory University,60.77
383391,Emory University - SON Pre-licensure,Emory University Hospital,Nursing,Cohort Rotation,8,8,"11116, 11117, 11118, 11119, 11120, 11121, 11122, 11123",6/16/23,7/28/23,7:00:00,19:00:00,60,Fri,ID Missing,No Preceptor Assigned,Fundamentals,527 MN - Foundation of Nursing Practice,6G: Medical,Archived (Completed),Completed,2023,Spring 2023,Emory University,60.77
383392,Emory University - SON Pre-licensure,Emory University Hospital Midtown,Nursing,Cohort Rotation,7,8,"11124, 11125, 11126, 11127, 11128, 11129, 11130",6/16/23,7/28/23,7:00:00,19:00:00,60,Fri,"ID Missing, ID Missing",No Preceptor Assigned,Fundamentals,527 MN - Foundation of Nursing Practice,21: General Surgery,Archived (Completed),Completed,2023,Spring 2023,Emory University,60.77
383394,Emory University - SON Pre-licensure,Emory Saint Joseph's Hospital,Nursing,Cohort Rotation,6,8,"10398, 10364, 10420, 10367, 10376, 10363",5/18/23,8/3/23,7:00:00,19:00:00,60,Thu,ID Missing,No Preceptor Assigned,Other (see comments),NRSG 391 Practicum - Adult and Geriatric Practicum,3S,Archived (Completed),Completed,2023,Spring 2023,Emory University,60.77
383404,Emory University - SON Pre-licensure,Emory University Hospital,Nursing,Cohort Rotation,6,8,"10381, 10415, 10405, 10390, 10395, 10391",5/18/23,8/3/23,7:00:00,19:00:00,60,Thu,ID Missing,No Preceptor Assigned,Other (see comments),NRSG 391 - Adult and Geriatric Practicum,6T: Transplant,Archived (Completed),Completed,2023,Spring 2023,Emory University,60.77
383412,Emory University - SON Pre-licensure,Emory University Hospital,Nursing,Cohort Rotation,6,8,"10357, 10401, 10413, 10416, 10417, 10358",5/18/23,8/3/23,7:00:00,19:00:00,60,Thu,"ID Missing, ID Missing",No Preceptor Assigned,Other (see comments),NRSG 391 - Adult and Geriatric Practicum,3G: Neurosciences,Archived (Completed),Completed,2023,Spring 2023,Emory University,60.77
383414,Emory University - SON Pre-licensure,Emory University Hospital Midtown,Nursing,Cohort Rotation,6,8,"10370, 10371, 10365, 10399, 10389, 11131",5/18/23,8/3/23,7:00:00,19:00:00,60,Thu,ID Missing,No Preceptor Assigned,Other (see comments),NRSG 391 - Adult and Geriatric Practicum,31: Ortho/Neuro,Archived (Completed),Completed,2023,Spring 2023,Emory University,60.77
383416,Emory University - SON Pre-licensure,Emory Saint Joseph's Hospital,Nursing,Cohort Rotation,6,8,"10368, 10377, 10396, 10400, 10353, 10361",5/18/23,8/3/23,7:00:00,19:00:00,60,Thu,ID Missing,No Preceptor Assigned,Other (see comments),NRSG 391 - Adult and Geriatric Practicum,3W,Archived (Completed),Completed,2023,Spring 2023,Emory University,60.77
383418,Emory University - SON Pre-licensure,Emory Saint Joseph's Hospital,Nursing,Cohort Rotation,6,8,"10404, 10386, 10403, 10402, 10412, 10414",5/13/23,8/5/23,7:00:00,19:00:00,60,Sat,ID Missing,No Preceptor Assigned,Other (see comments),NRSG 391 - Adult and Geriatric Practicum,3W,Archived (Completed),Completed,2023,Spring 2023,Emory University,60.77
383419,Emory University - SON Pre-licensure,Emory University Hospital,Nursing,Cohort Rotation,6,8,"10380, 10362, 10383, 10385, 10360, 10359",5/13/23,8/5/23,7:00:00,19:00:00,60,Sat,ID Missing,No Preceptor Assigned,Other (see comments),NRSG 391 - Adult and Geriatric Practicum,7T: Surgical,Archived (Completed),Completed,2023,Spring 2023,Emory University,60.77
383420,Emory University - SON Pre-licensure,Emory University Hospital Midtown,Nursing,Cohort Rotation,5,8,"10397, 10375, 10408, 10373, 10392",5/13/23,8/5/23,7:00:00,19:00:00,60,Sat,ID Missing,No Preceptor Assigned,Other (see comments),NRSG 391 - Adult and Geriatric Practicum,41: Med Cardiology,Archived (Completed),Completed,2023,Spring 2023,Emory University,60.77
383426,Emory University - SON Pre-licensure,Emory University Hospital Midtown,Nursing,Cohort Rotation,4,8,"10535, 10534, 10536, 11132",5/13/23,8/5/23,7:00:00,19:00:00,60,Sat,"ID Missing, ID Missing",No Preceptor Assigned,Other (see comments),NRSG 391 - Adult and Geriatric Practicum,72: Med/Surg,Archived (Completed),Completed,2023,Spring 2023,Emory University,60.77
383429,Emory University - SON Pre-licensure,Emory Saint Joseph's Hospital,Nursing,Cohort Rotation,4,8,"10394, 10366, 10379, 10387",5/13/23,8/5/23,7:00:00,19:00:00,60,Sat,ID Missing,No Preceptor Assigned,Other (see comments),NRSG 391 - Adult and Geriatric Practicum,6W,Archived (Completed),Completed,2023,Spring 2023,Emory University,60.77
383437,Emory University - SON Pre-licensure,Emory University Hospital,Nursing,Cohort Rotation,0,8,No Students Assigned,5/13/23,8/5/23,7:00:00,19:00:00,60,Sat,ID Missing,No Preceptor Assigned,Other (see comments),NRSG 391 - Adult and Geriatric Practicum,3G: Neurosciences,Archived (Completed),Completed,2023,Spring 2023,Emory University,60.77
384417,Georgia Baptist College of Nursing of Mercer University - Undergraduate Nursing,Emory Saint Joseph's Hospital,Nursing,Cohort Rotation,7,8,"11133, 11134, 11135, 11136, 11137, 11138, 11139",10/24/23,12/12/23,7:00:00,13:00:00,36,Tue,ID Missing,No Preceptor Assigned,Fundamentals,NUR 313 - Fundamentals,6W pulmonary thoracic,Archived (Completed),Completed,2023,Fall 2023,Mercer University,65.3
384657,Emory University - SON Pre-licensure,Emory University Hospital Midtown,Nursing,Cohort Rotation,4,6,"10306, 10484, 10476, 10285",6/27/23,8/1/23,7:00:00,19:00:00,60,Tue,ID Missing,No Preceptor Assigned,Perinatal - OB,NRSG 392 Practicum - Maternity Practicum,Maternity,Archived (Completed),Completed,2023,Spring 2023,Emory University,60.77
384658,Emory University - SON Pre-licensure,Emory University Hospital Midtown,Nursing,Cohort Rotation,6,6,"10331, 10434, 10479, 10422, 10454, 10477",6/28/23,8/2/23,7:00:00,19:00:00,60,Wed,ID Missing,No Preceptor Assigned,Perinatal - OB,NRSG 392 Practicum - Maternity Practicum,Maternity,Archived (Completed),Completed,2023,Spring 2023,Emory University,60.77
384659,Emory University - SON Pre-licensure,Emory University Hospital Midtown,Nursing,Cohort Rotation,3,6,"10307, 10471, 10340",7/1/23,8/5/23,7:00:00,19:00:00,60,Sat,ID Missing,No Preceptor Assigned,Perinatal - OB,NRSG 392 Practicum - Maternity Practicum,Maternity,Archived (Completed),Completed,2023,Fall 2023,Emory University,60.77
384661,Emory University - SON Pre-licensure,Emory Decatur Hospital,Nursing,Cohort Rotation,6,6,"10478, 10428, 10469, 10482, 10458, 10445",6/27/23,8/1/23,7:00:00,19:00:00,60,Tue,ID Missing,No Preceptor Assigned,Perinatal - OB,NRSG 392 Practicum - Maternity Practicum,Mother/Baby,Archived (Completed),Completed,2023,Spring 2023,Emory University,60.77
384662,Emory University - SON Pre-licensure,Emory Decatur Hospital,Nursing,Cohort Rotation,4,6,"10273, 10455, 10465, 10278",6/28/23,8/2/23,7:00:00,19:00:00,60,Wed,ID Missing,No Preceptor Assigned,Perinatal - OB,NRSG 392 Practicum - Maternity Practicum,Mother/Baby,Archived (Completed),Completed,2023,Spring 2023,Emory University,60.77
384664,Emory University - SON Pre-licensure,Emory Johns Creek Hospital,Nursing,Cohort Rotation,5,6,"10327, 10462, 10323, 10333, 10325",6/27/23,8/1/23,7:00:00,19:00:00,60,Tue,ID Missing,No Preceptor Assigned,Perinatal - OB,NRSG 392 Practicum - Maternity Practicum,"Maternity: M/B, L&D, NICU",Archived (Completed),Completed,2023,Spring 2023,Emory University,60.77
384665,Emory University - SON Pre-licensure,Emory Johns Creek Hospital,Nursing,Cohort Rotation,5,6,"10277, 10322, 10317, 10324, 10336",6/28/23,8/2/23,7:00:00,19:00:00,60,Wed,ID Missing,No Preceptor Assigned,Perinatal - OB,NRSG 392 Practicum - Maternity Practicum,"Maternity: M/B, L&D, NICU",Archived (Completed),Completed,2023,Spring 2023,Emory University,60.77
384852,Emory University - SON Pre-licensure,Emory University Hospital at Wesley Woods,Nursing,Cohort Rotation,8,8,"10406, 10378, 10409, 10405, 10286, 11140, 10420, 11131",5/22/23,5/29/23,7:00:00,19:00:00,24,Mon,ID Missing,No Preceptor Assigned,Psychiatry; Mental Health; Behavioral Medicine,NRSG 393 - Mental Health Practicum,Inpatient Psych,Archived (Completed),Completed,2023,Spring 2023,Emory University,60.77
384855,Emory University - SON Pre-licensure,Emory Decatur Hospital,Nursing,Cohort Rotation,6,6,"10381, 10415, 10411, 10391, 10390, 10395",5/22/23,5/29/23,7:00:00,19:00:00,24,Mon,ID Missing,No Preceptor Assigned,Psychiatry; Mental Health; Behavioral Medicine,NRSG 393 - Mental Health Practicum,Behavioral Health (acute) - 1800,Archived (Completed),Completed,2023,Spring 2023,Emory University,60.77
384859,Emory University - SON Pre-licensure,Emory University Hospital at Wesley Woods,Nursing,Cohort Rotation,8,8,"10397, 10375, 10408, 10373, 10392, 10286, 11140, 11131",6/5/23,6/12/23,7:00:00,19:00:00,24,Mon,ID Missing,No Preceptor Assigned,Psychiatry; Mental Health; Behavioral Medicine,NRSG 393 - Mental Health Practicum,Inpatient Psych,Archived (Completed),Completed,2023,Spring 2023,Emory University,60.77
384862,Emory University - SON Pre-licensure,Emory Decatur Hospital,Nursing,Cohort Rotation,6,6,"10404, 10386, 10403, 10402, 10412, 10414",5/24/23,5/31/23,7:00:00,19:00:00,24,Wed,ID Missing,No Preceptor Assigned,Psychiatry; Mental Health; Behavioral Medicine,NRSG 393 Practicum - Mental Health Practicum,Behavioral Health (acute) - 1800,Archived (Completed),Completed,2023,Spring 2023,Emory University,60.77
384866,Emory University - SON Pre-licensure,Emory University Hospital at Wesley Woods,Nursing,Cohort Rotation,6,6,"10359, 10398, 10364, 10367, 10376, 10361",6/7/23,6/14/23,7:00:00,19:00:00,24,Wed,ID Missing,No Preceptor Assigned,Psychiatry; Mental Health; Behavioral Medicine,NRSG 393 - Mental Health Practicum,Inpatient Psych,Archived (Completed),Completed,2023,Spring 2023,Emory University,60.77
384869,Emory University - SON Pre-licensure,Emory Decatur Hospital,Nursing,Cohort Rotation,4,6,"10394, 10366, 10379, 10387",6/7/23,6/14/23,7:00:00,19:00:00,24,Wed,ID Missing,No Preceptor Assigned,Psychiatry; Mental Health; Behavioral Medicine,NRSG 393 - Mental Health Practicum,Behavioral Health (acute) - 1800,Archived (Completed),Completed,2023,Spring 2023,Emory University,60.77
384875,Emory University - SON Pre-licensure,Emory University Hospital at Wesley Woods,Nursing,Cohort Rotation,5,6,"10370, 10371, 10365, 10389, 10399",7/3/23,7/10/23,7:00:00,19:00:00,24,Mon,ID Missing,No Preceptor Assigned,Psychiatry; Mental Health; Behavioral Medicine,NRSG 393 Practicum - Mental Health Practicum,Inpatient Psych,Archived (Completed),Completed,2023,Fall 2023,Emory University,60.77
384876,Emory University - SON Pre-licensure,Emory Decatur Hospital,Nursing,Cohort Rotation,6,6,"10357, 10401, 10413, 10416, 10417, 10358",7/3/23,7/10/23,7:00:00,19:00:00,24,Mon,ID Missing,No Preceptor Assigned,Psychiatry; Mental Health; Behavioral Medicine,NRSG 393 - Mental Health Practicum,Behavioral Health (acute) - 1800,Archived (Completed),Completed,2023,Fall 2023,Emory University,60.77
384878,Emory University - SON Pre-licensure,Emory University Hospital at Wesley Woods,Nursing,Cohort Rotation,6,6,"10368, 10419, 10377, 10400, 10353, 10396",7/17/23,7/24/23,7:00:00,19:00:00,6,Wed,ID Missing,No Preceptor Assigned,Psychiatry; Mental Health; Behavioral Medicine,NRSG 393 - Mental Health Practicum,Inpatient Psych,Archived (Completed),Completed,2023,Fall 2023,Emory University,60.77
384879,Emory University - SON Pre-licensure,Emory University Hospital at Wesley Woods,Nursing,Cohort Rotation,5,8,"10356, 10354, 10410, 10369, 10355",7/19/23,7/26/23,7:00:00,19:00:00,24,Wed,ID Missing,No Preceptor Assigned,Psychiatry; Mental Health; Behavioral Medicine,NRSG 393 - Mental Health Practicum,Inpatient Psych,Archived (Completed),Completed,2023,Fall 2023,Emory University,60.77
384881,Emory University - SON Pre-licensure,Emory Decatur Hospital,Nursing,Cohort Rotation,6,6,"10382, 10384, 10374, 10418, 10388, 10407",7/19/23,7/26/23,7:00:00,19:00:00,24,Wed,ID Missing,No Preceptor Assigned,Psychiatry; Mental Health; Behavioral Medicine,NRSG 393 - Mental Health Practicum,Behavioral Health (acute) - 1800,Archived (Completed),Completed,2023,Fall 2023,Emory University,60.77
385134,Emory University - SON Pre-licensure,Emory Johns Creek Hospital,Nursing,Cohort Rotation,6,8,"11142, 11143, 11144, 11145, 11146, 11147",12/1/23,12/16/23,7:00:00,19:00:00,96,,ID Missing,No Preceptor Assigned,MedSurg - Acute Care,NRSG 360D - Acute and Chronic Care II Adult and Geriatric Practicum,3rd floor: med-surg,Archived (Completed),Completed,2023,Fall 2023,Emory University,60.77
385138,Emory University - SON Pre-licensure,Emory Johns Creek Hospital,Nursing,Cohort Rotation,6,8,"11148, 11149, 11150, 11151, 11152, 11153",12/1/23,12/16/23,0:00:00,23:59:00,96,,"ID Missing, ID Missing, ID Missing",No Preceptor Assigned,MedSurg - Acute Care,NRSG 360D - Acute and Chronic Care II Adult and Geriatric Practicum,6N: medical cardiology,Archived (Completed),Completed,2023,Fall 2023,Emory University,60.77
385139,Emory University - SON Pre-licensure,Emory University Hospital,Nursing,Cohort Rotation,5,8,"11154, 11155, 11156, 11157, 11158",12/1/23,12/16/23,7:00:00,19:00:00,96,,ID Missing,No Preceptor Assigned,MedSurg - Acute Care,NRSG 360D - Acute and Chronic Care II Adult and Geriatric Practicum,7T: Surgical,Archived (Completed),Completed,2023,Fall 2023,Emory University,60.77
385141,Emory University - SON Pre-licensure,Emory University Hospital Midtown,Nursing,Cohort Rotation,5,8,"11159, 11160, 11161, 11162, 11163",12/1/23,12/16/23,7:00:00,19:00:00,96,,"ID Missing, ID Missing, ID Missing",No Preceptor Assigned,MedSurg - Acute Care,NRSG 360D - Acute and Chronic Care II Adult and Geriatric Practicum,72: Med/Surg,Archived (Completed),Completed,2023,Fall 2023,Emory University,60.77
385145,Emory University - SON Pre-licensure,Emory Saint Joseph's Hospital,Nursing,Cohort Rotation,5,8,"11164, 11165, 11166, 11167, 11168",12/1/23,12/16/23,0:00:00,23:59:00,96,,"ID Missing, ID Missing, ID Missing",No Preceptor Assigned,MedSurg - Acute Care,NRSG 360D - Acute and Chronic Care II Adult and Geriatric Practicum,3E heart failure,Archived (Completed),Completed,2023,Fall 2023,Emory University,60.77
386557,Emory University - SON Pre-licensure,Emory Decatur Hospital,Nursing,Cohort Rotation,5,6,"10406, 10378, 10409, 10411, 10419",5/18/23,8/3/23,7:00:00,19:00:00,60,Thu,ID Missing,No Preceptor Assigned,Other (see comments),NRSG 391 - Adult and Geriatric Practicum,General Medical - 4500,Archived (Completed),Completed,2023,Spring 2023,Emory University,60.77
387234,Kennesaw State University - Nursing,Emory Saint Joseph's Hospital,Nursing,Cohort Rotation,8,8,"11172, 11173, 11174, 11175, 11176, 11177, 11178, 11179",10/4/23,11/19/23,6:30:00,13:00:00,46,Fri,ID Missing,No Preceptor Assigned,MedSurg - Acute Care,3209 - Holistic Nursing,4S,Archived (Completed),Completed,2023,Fall 2023,Kennesaw State University,57.17
387269,Kennesaw State University - Nursing,Emory Saint Joseph's Hospital,Nursing,Cohort Rotation,7,8,"11180, 11181, 11182, 11183, 11184, 11185, 11186",9/5/23,12/3/23,6:30:00,15:00:00,96,Thu,ID Missing,No Preceptor Assigned,MedSurg - Acute Care,3313 - Adult Health,4S ortho,Archived (Completed),Completed,2023,Fall 2023,Kennesaw State University,57.17
387541,Emory University - SON Pre-licensure,Emory University Hospital,Nursing,Cohort Rotation,4,6,"11187, 10461, 11188, 10449",5/18/23,8/3/23,7:00:00,19:00:00,60,Thu,"ID Missing, ID Missing, ID Missing",No Preceptor Assigned,Other (see comments),NRSG 391 - Adult and Geriatric Practicum,9T: Bone Marrow Transplant,Archived (Completed),Completed,2023,Spring 2023,Emory University,60.77
387543,Emory University - SON Pre-licensure,Emory Decatur Hospital,Nursing,Cohort Rotation,5,6,"10356, 10354, 10410, 10369, 10355",5/13/23,8/5/23,7:00:00,19:00:00,60,Sat,ID Missing,No Preceptor Assigned,Other (see comments),NRSG 391 - Adult and Geriatric Practicum,Stroke Telemetry - 4400,Archived (Completed),Completed,2023,Spring 2023,Emory University,60.77
387545,Emory University - SON Pre-licensure,Emory University Hospital,Nursing,Cohort Rotation,6,6,"10382, 10384, 10374, 10418, 10388, 10407",5/13/23,8/5/23,7:00:00,19:00:00,60,Sat,ID Missing,No Preceptor Assigned,Other (see comments),NRSG 391 - Adult and Geriatric Practicum,9T: Bone Marrow Transplant,Archived (Completed),Completed,2023,Spring 2023,Emory University,60.77
390939,Georgia Gwinnett College,Emory University Hospital at Wesley Woods,Nursing,Cohort Rotation,0,8,No Students Assigned,10/17/23,11/14/23,7:00:00,15:00:00,32,"Mon, Tue, Sat, Sun",ID Missing,No Preceptor Assigned,Psychiatry; Mental Health; Behavioral Medicine,NURS 4020 - Wellness & Illness III,Inpatient Psych,Archived (Completed),Completed,2023,Fall 2023,Georgia Gwinnett College,40.0
390945,Emory University - SON Pre-licensure,Emory Decatur Hospital,Nursing,Cohort Rotation,6,6,"10380, 10363, 10362, 10383, 10385, 10360",7/5/23,7/12/23,7:00:00,19:00:00,24,Wed,ID Missing,No Preceptor Assigned,Psychiatry; Mental Health; Behavioral Medicine,NRSG 393 - Mental Health Practicum,Behavioral Health (acute) - 1800,Archived (Completed),Completed,2023,Fall 2023,Emory University,60.77
391504,Emory University - SON Pre-licensure,Emory University Hospital at Wesley Woods,Nursing,Cohort Rotation,4,6,"11187, 10461, 11188, 10449",7/23/23,7/30/23,7:00:00,19:00:00,24,Sun,ID Missing,No Preceptor Assigned,Psychiatry; Mental Health; Behavioral Medicine,NRSG 393 Practicum - Mental Health Practicum,Inpatient Psych,Archived (Completed),Completed,2023,Fall 2023,Emory University,60.77
391506,Emory University - SON Pre-licensure,Emory University Hospital at Wesley Woods,Nursing,Cohort Rotation,3,8,"10286, 11140, 11131",6/11/23,6/18/23,7:00:00,19:00:00,24,Sun,ID Missing,No Preceptor Assigned,Psychiatry; Mental Health; Behavioral Medicine,NRSG 393 Practicum - Mental Health Practicum,Inpatient Psych,Archived (Completed),Completed,2023,Spring 2023,Emory University,60.77
393050,University of North Georgia - Nursing,Emory Johns Creek Hospital,Nursing,Cohort Rotation,5,5,"11217, 11218, 11219, 11220, 11221",9/1/23,11/10/23,6:30:00,18:30:00,72,Fri,ID Missing,No Preceptor Assigned,Perinatal - OB,N3804 - Nursing Care of the Childbearing Family,"Maternity: M/B, L&D, NICU",Archived (Completed),Completed,2023,Fall 2023,University Of North Georgia,76.8
393051,University of North Georgia - Nursing,Emory Johns Creek Hospital,Nursing,Cohort Rotation,4,6,"11222, 11223, 11224, 11225",9/8/23,11/17/23,6:30:00,18:30:00,72,Fri,ID Missing,No Preceptor Assigned,Perinatal - OB,N3804 - Nursing Care of the Childbearing Family,"Maternity: M/B, L&D, NICU",Archived (Completed),Completed,2023,Fall 2023,University Of North Georgia,76.8
395159,Georgia State University - SON - Undergraduate,Emory Decatur Hospital,Nursing,Cohort Rotation,6,6,"11228, 11229, 11230, 11231, 11232, 11233",8/20/23,10/8/23,6:30:00,19:00:00,84,Sat,ID Missing,No Preceptor Assigned,MedSurg - Acute Care,NURS 3510 - Med Surg,General Surgery - 3400,Archived (Completed),Completed,2023,Fall 2023,Georgia State University,59.16
395212,University of North Georgia - Nursing,Emory Johns Creek Hospital,Nursing,Cohort Rotation,5,6,"11234, 11235, 11236, 11237, 11238",8/28/23,10/2/23,6:30:00,18:30:00,72,Mon,ID Missing,No Preceptor Assigned,MedSurg - Acute Care,N3705 - Adult Health I,3rd floor: med-surg,Archived (Completed),Completed,2023,Fall 2023,University Of North Georgia,76.8
395213,University of North Georgia - Nursing,Emory Johns Creek Hospital,Nursing,Cohort Rotation,5,6,"11234, 11235, 11236, 11237, 11239",10/23/23,12/4/23,6:30:00,18:30:00,72,Mon,ID Missing,No Preceptor Assigned,MedSurg - Acute Care,N4405 - Adult Health II,3rd floor: med-surg,Archived (Completed),Completed,2023,Fall 2023,University Of North Georgia,76.8
395259,Georgia State University - SON - Undergraduate,Emory Decatur Hospital,Nursing,Cohort Rotation,5,6,"11240, 11241, 11242, 11243, 11244",10/14/23,12/5/23,0:00:00,23:59:00,84,Sat,ID Missing,No Preceptor Assigned,MedSurg - Acute Care,NURS 3510 - Med Surg,General Surgery - 3400,Archived (Completed),Completed,2023,Fall 2023,Georgia State University,59.16
399129,Chamberlain College of Nursing - Georgia,Emory Decatur Hospital,Nursing,Cohort Rotation,6,6,"11253, 11254, 11255, 11256, 11257, 10126",9/6/23,9/27/23,7:00:00,13:00:00,48,Wed,ID Missing,No Preceptor Assigned,Critical/Intensive Care,NR341 - Complex Adult Health,ICU - 2500,Archived (Completed),Completed,2023,Fall 2023,Chamberlain College of Nursing - Georgia,77.66
399132,Chamberlain College of Nursing - Georgia,Emory Decatur Hospital,Nursing,Cohort Rotation,6,6,"10866, 10032, 10102, 11258, 11259, 10104",10/4/23,10/25/23,7:00:00,19:00:00,48,Wed,ID Missing,No Preceptor Assigned,Critical/Intensive Care,NR341 - Complex Adult Health,ICU - 2500,Archived (Completed),Completed,2023,Fall 2023,Chamberlain College of Nursing - Georgia,77.66
399149,Chamberlain College of Nursing - Georgia,Emory Decatur Hospital,Nursing,Cohort Rotation,5,6,"10153, 10157, 10884, 10180, 11260",11/1/23,11/15/23,7:00:00,19:00:00,48,Wed,ID Missing,No Preceptor Assigned,Critical/Intensive Care,NR341 - Complex Adult Health,ICU - 2500,Archived (Completed),Completed,2023,Fall 2023,Chamberlain College of Nursing - Georgia,77.66
399150,Chamberlain College of Nursing - Georgia,Emory Decatur Hospital,Nursing,Cohort Rotation,0,6,No Students Assigned,11/22/23,12/6/23,7:00:00,19:00:00,48,Wed,ID Missing,No Preceptor Assigned,Critical/Intensive Care,NR341 - Complex Adult Health,ICU - 2500,Archived (Completed),Completed,2023,Fall 2023,Chamberlain College of Nursing - Georgia,77.66
402602,Georgia State University - SON - Undergraduate,Emory University Hospital at Wesley Woods,Nursing,Cohort Rotation,0,8,No Students Assigned,8/24/23,10/5/23,6:30:00,14:30:00,10,Thu,ID Missing,No Preceptor Assigned,Practicum,NURS 3810 - Mental Health,-no preference-,Archived (Completed),Completed,2023,Fall 2023,Georgia State University,59.16
402603,Georgia State University - SON - Undergraduate,Emory University Hospital At Wesley Woods,Nursing,Cohort Rotation,5,8,"11262, 11263, 11264, 11265, 11266",10/12/23,11/30/23,6:30:00,14:30:00,10,Thu,ID Missing,No Preceptor Assigned,Practicum,NURS 3810 - Mental Health,-no preference-,Archived (Completed),Completed,2023,Fall 2023,Georgia State University,59.16
404356,Emory University - SON Pre-licensure,Emory Hillandale Hospital,Nursing,Cohort Rotation,7,7,"11000, 11047, 11048, 11062, 11111, 11066, 11123",8/22/23,10/3/23,7:00:00,19:00:00,60,Tue,ID Missing,No Preceptor Assigned,Other (see comments),NRSG 391 - Adult and Geriatric Practicum,4th floor - telemetry,Archived (Completed),Completed,2023,Fall 2023,Emory University,60.77
404357,Emory University - SON Pre-licensure,Emory Saint Joseph's Hospital,Nursing,Cohort Rotation,7,7,"11082, 11091, 11129, 11021, 11026, 11125, 10998",8/22/23,10/3/23,7:00:00,19:00:00,60,Tue,ID Missing,No Preceptor Assigned,Other (see comments),NRSG 391 - Adult and Geriatric Practicum,4W,Archived (Completed),Completed,2023,Fall 2023,Emory University,60.77
404358,Emory University - SON Pre-licensure,Emory University Hospital,Nursing,Cohort Rotation,7,7,"11078, 11036, 11079, 11107, 11017, 11113, 11011",8/22/23,10/3/23,7:00:00,19:00:00,60,Tue,ID Missing,No Preceptor Assigned,Other (see comments),NRSG 391 - Adult and Geriatric Practicum,6E: CV Stepdown/Heart Transplant,Archived (Completed),Completed,2023,Fall 2023,Emory University,60.77
404359,Emory University - SON Pre-licensure,Emory University Hospital Midtown,Nursing,Cohort Rotation,7,7,"11094, 11108, 11065, 11112, 11018, 11085, 11050",8/22/23,10/3/23,7:00:00,19:00:00,60,Tue,ID Missing,No Preceptor Assigned,Other (see comments),NRSG 391 - Adult and Geriatric Practicum,51: Med-Surg,Archived (Completed),Completed,2023,Fall 2023,Emory University,60.77
404363,Emory University - SON Pre-licensure,Emory Johns Creek Hospital,Nursing,Cohort Rotation,7,7,"11067, 11114, 11087, 11032, 11043, 11099, 11080",8/23/23,10/11/23,7:00:00,19:00:00,60,Wed,ID Missing,No Preceptor Assigned,Other (see comments),NRSG 391 - Adult and Geriatric Practicum,4th floor: med-surg,Archived (Completed),Completed,2023,Fall 2023,Emory University,60.77
404364,Emory University - SON Pre-licensure,Emory Saint Joseph's Hospital,Nursing,Cohort Rotation,7,7,"11061, 11045, 11024, 11002, 11126, 11041, 11075",8/23/23,10/11/23,7:00:00,19:00:00,60,Wed,ID Missing,No Preceptor Assigned,Other (see comments),NRSG 391 - Adult and Geriatric Practicum,3W,Archived (Completed),Completed,2023,Fall 2023,Emory University,60.77
404365,Emory University - SON Pre-licensure,Emory University Hospital,Nursing,Cohort Rotation,7,7,"11019, 11029, 11086, 11120, 11030, 11042, 11088",8/23/23,10/11/23,7:00:00,19:00:00,60,Wed,ID Missing,No Preceptor Assigned,Other (see comments),NRSG 391 - Adult and Geriatric Practicum,7T: Surgical,Archived (Completed),Completed,2023,Fall 2023,Emory University,60.77
404367,Emory University - SON Pre-licensure,Emory Johns Creek Hospital,Nursing,Cohort Rotation,4,7,"11068, 11071, 11069, 10418",8/26/23,10/14/23,7:00:00,19:00:00,60,Sat,ID Missing,No Preceptor Assigned,Other (see comments),NRSG 391 - Adult and Geriatric Practicum,6W oncology,Archived (Completed),Completed,2023,Fall 2023,Emory University,60.77
404368,Emory University - SON Pre-licensure,Emory University Hospital,Nursing,Cohort Rotation,6,7,"11009, 11116, 11130, 11090, 10499, 11119",8/26/23,10/14/23,7:00:00,19:00:00,60,Sat,"ID Missing, ID Missing",No Preceptor Assigned,Other (see comments),NRSG 391 - Adult and Geriatric Practicum,6E: CV Stepdown/Heart Transplant,Archived (Completed),Completed,2023,Fall 2023,Emory University,60.77
404369,Emory University - SON Pre-licensure,Emory University Hospital,Nursing,Cohort Rotation,4,7,"11058, 11095, 11098, 10389",8/26/23,10/14/23,7:00:00,19:00:00,60,Sat,ID Missing,No Preceptor Assigned,Other (see comments),NRSG 391 - Adult and Geriatric Practicum,7T: Surgical,Archived (Completed),Completed,2023,Fall 2023,Emory University,60.77
404395,Emory University - SON Pre-licensure,Emory Hillandale Hospital,Nursing,Cohort Rotation,6,7,"11013, 11046, 11092, 11057, 11110, 11121",10/17/23,12/5/23,7:00:00,19:00:00,60,Tue,ID Missing,No Preceptor Assigned,Other (see comments),NRSG 391 - Adult and Geriatric Practicum,4th floor - telemetry,Archived (Completed),Completed,2023,Fall 2023,Emory University,60.77
404396,Emory University - SON Pre-licensure,Emory Saint Joseph's Hospital,Nursing,Cohort Rotation,6,7,"11073, 11083, 11059, 11012, 11020, 11044",10/17/23,12/5/23,7:00:00,19:00:00,60,Tue,ID Missing,No Preceptor Assigned,Other (see comments),NRSG 391 - Adult and Geriatric Practicum,4W renal and urology,Archived (Completed),Completed,2023,Fall 2023,Emory University,60.77
404397,Emory University - SON Pre-licensure,Emory University Hospital,Nursing,Cohort Rotation,7,7,"10106, 11001, 10997, 11003, 10996, 11093, 11084",10/17/23,12/5/23,7:00:00,19:00:00,60,Tue,"ID Missing, ID Missing",No Preceptor Assigned,Perinatal - OB,NRSG 391 - Adult and Geriatric Practicum,6E: CV Stepdown/Heart Transplant,Archived (Completed),Completed,2023,Fall 2023,Emory University,60.77
404398,Emory University - SON Pre-licensure,Emory University Hospital Midtown,Nursing,Cohort Rotation,6,7,"11081, 11097, 11101, 11007, 11124, 11039",10/17/23,12/5/23,0:00:00,23:59:00,60,Tue,ID Missing,No Preceptor Assigned,Other (see comments),NRSG 391 - Adult and Geriatric Practicum,51: Med-Surg,Archived (Completed),Completed,2023,Fall 2023,Emory University,60.77
404399,Emory University - SON Pre-licensure,Emory Johns Creek Hospital,Nursing,Cohort Rotation,7,7,"11070, 11028, 11100, 11010, 11096, 11109, 10414",10/11/23,12/6/23,7:00:00,19:00:00,60,Wed,ID Missing,No Preceptor Assigned,Other (see comments),NRSG 391 - Adult and Geriatric Practicum,4th floor: med-surg,Archived (Completed),Completed,2023,Fall 2023,Emory University,60.77
404400,Emory University - SON Pre-licensure,Emory Saint Joseph's Hospital,Nursing,Cohort Rotation,7,7,"11076, 11072, 11034, 11274, 11035, 10345, 10337",10/11/23,12/6/23,7:00:00,19:00:00,60,Wed,ID Missing,No Preceptor Assigned,Other (see comments),NRSG 391 - Adult and Geriatric Practicum,3W cardiology,Archived (Completed),Completed,2023,Fall 2023,Emory University,60.77
404401,Emory University - SON Pre-licensure,Emory University Hospital,Nursing,Cohort Rotation,7,7,"10995, 11031, 11122, 11051, 11040, 11127, 11128",10/11/23,12/6/23,7:00:00,19:00:00,60,Wed,ID Missing,No Preceptor Assigned,Other (see comments),NRSG 391 - Adult and Geriatric Practicum,7T: Surgical,Archived (Completed),Completed,2023,Fall 2023,Emory University,60.77
404402,Emory University - SON Pre-licensure,Emory University Hospital Midtown,Nursing,Cohort Rotation,7,7,"11074, 11103, 11060, 11006, 11105, 11025, 11106",10/11/23,12/6/23,7:00:00,19:00:00,60,Wed,ID Missing,No Preceptor Assigned,Other (see comments),NRSG 391 - Adult and Geriatric Practicum,51: Med-Surg,Archived (Completed),Completed,2023,Fall 2023,Emory University,60.77
404408,Emory University - SON Pre-licensure,Emory Johns Creek Hospital,Nursing,Cohort Rotation,6,7,"11052, 11104, 11118, 11022, 11027, 10994",10/14/23,12/9/23,7:00:00,19:00:00,60,Sat,ID Missing,No Preceptor Assigned,Perinatal - OB,NRSG 391 - Adult and Geriatric Practicum,6W oncology/hospice,Archived (Completed),Completed,2023,Fall 2023,Emory University,60.77
404409,Emory University - SON Pre-licensure,Emory University Hospital,Nursing,Cohort Rotation,6,7,"11056, 11115, 11038, 11015, 11033, 11037",10/14/23,12/9/23,7:00:00,19:00:00,60,Sat,"ID Missing, ID Missing",No Preceptor Assigned,Other (see comments),NRSG 391 - Adult and Geriatric Practicum,6E: CV Stepdown/Heart Transplant,Archived (Completed),Completed,2023,Fall 2023,Emory University,60.77
404412,Emory University - SON Pre-licensure,Emory University Hospital,Nursing,Cohort Rotation,5,7,"11077, 11063, 11054, 11055, 10611",10/14/23,12/9/23,7:00:00,19:00:00,60,Sat,ID Missing,No Preceptor Assigned,Other (see comments),NRSG 391 - Adult and Geriatric Practicum,7T: Surgical,Archived (Completed),Completed,2023,Fall 2023,Emory University,60.77
404423,Emory University - SON Pre-licensure,Emory University Hospital Midtown,Nursing,Cohort Rotation,6,6,"10604, 10529, 10605, 10606, 10614, 10615",8/22/23,10/3/23,7:00:00,19:00:00,60,Tue,ID Missing,No Preceptor Assigned,Perinatal - OB,NRSG 392 - Maternity Practicum,42/54: Mother/Baby,Archived (Completed),Completed,2023,Fall 2023,Emory University,60.77
404424,Emory University - SON Pre-licensure,Emory University Hospital Midtown,Nursing,Cohort Rotation,5,6,"10357, 10386, 10406, 10359, 10403",8/23/23,10/11/23,7:00:00,19:00:00,60,Wed,2004,No Preceptor Assigned,Perinatal - OB,NRSG 392 - Maternity Practicum,42/54: Mother/Baby,Archived (Completed),Completed,2023,Fall 2023,Emory University,60.77
404427,Emory University - SON Pre-licensure,Emory University Hospital Midtown,Nursing,Cohort Rotation,6,6,"10523, 10616, 10519, 10601, 10525, 10517",10/17/23,12/5/23,7:00:00,19:00:00,60,Tue,"ID Missing, ID Missing",No Preceptor Assigned,Perinatal - OB,NRSG 392 - Maternity Practicum,42/54: Mother/Baby,Archived (Completed),Completed,2023,Fall 2023,Emory University,60.77
404429,Emory University - SON Pre-licensure,Emory University Hospital Midtown,Nursing,Cohort Rotation,4,6,"10536, 10408, 10374, 10384",10/18/23,12/6/23,7:00:00,19:00:00,60,Wed,2004,No Preceptor Assigned,Perinatal - OB,NRSG 392 - Maternity Practicum,42/54: Mother/Baby,Archived (Completed),Completed,2023,Fall 2023,Emory University,60.77
404971,Emory University - SON Pre-licensure,Emory University Hospital Midtown,Nursing,Cohort Rotation,6,8,"10365, 10370, 10400, 10371, 10419, 11132",8/21/23,10/2/23,7:00:00,19:00:00,60,Mon,ID Missing,No Preceptor Assigned,Perinatal - OB,NRSG 392 - Maternity Practicum,42/54: Mother/Baby,Archived (Completed),Completed,2023,Fall 2023,Emory University,60.77
404974,Emory University - SON Pre-licensure,Emory University Hospital Midtown,Nursing,Cohort Rotation,5,8,"10390, 10405, 10415, 10396, 10394",8/24/23,10/12/23,7:00:00,19:00:00,60,Thu,ID Missing,No Preceptor Assigned,Perinatal - OB,NRSG 392 - Maternity Practicum,42/54: Mother/Baby,Archived (Completed),Completed,2023,Fall 2023,Emory University,60.77
404975,Emory University - SON Pre-licensure,Emory University Hospital Midtown,Nursing,Cohort Rotation,4,8,"11275, 10522, 10526, 10607",8/26/23,10/14/23,7:00:00,19:00:00,60,Sat,ID Missing,No Preceptor Assigned,Perinatal - OB,NRSG 392 - Maternity Practicum,42/54: Mother/Baby,Archived (Completed),Completed,2023,Fall 2023,Emory University,60.77
404976,Emory University - SON Pre-licensure,Emory Decatur Hospital,Nursing,Cohort Rotation,5,6,"10377, 10381, 10387, 10388, 10410",8/21/23,10/2/23,7:00:00,19:00:00,60,Mon,ID Missing,No Preceptor Assigned,Perinatal - OB,NRSG 392 - Maternity Practicum,Mother/Baby,Archived (Completed),Completed,2023,Fall 2023,Emory University,60.77
404977,Emory University - SON Pre-licensure,Emory Decatur Hospital,Nursing,Cohort Rotation,5,6,"10383, 10367, 10356, 10368, 10373",8/23/23,10/4/23,7:00:00,19:00:00,60,Wed,ID Missing,No Preceptor Assigned,Perinatal - OB,NRSG 392 - Maternity Practicum,Mother/Baby,Archived (Completed),Completed,2023,Fall 2023,Emory University,60.77
404978,Emory University - SON Pre-licensure,Emory Decatur Hospital,Nursing,Cohort Rotation,5,6,"10409, 10395, 10382, 10411, 11131",8/24/23,10/12/23,7:00:00,19:00:00,60,Thu,ID Missing,No Preceptor Assigned,Perinatal - OB,NRSG 392 - Maternity Practicum,Mother/Baby,Archived (Completed),Completed,2023,Fall 2023,Emory University,60.77
404983,Emory University - SON Pre-licensure,Emory Johns Creek Hospital,Nursing,Cohort Rotation,4,6,"10398, 10357, 10361, 10369",8/23/23,10/11/23,7:00:00,19:00:00,60,Wed,ID Missing,No Preceptor Assigned,Perinatal - OB,NRSG 392 - Maternity Practicum,"Maternity: M/B, L&D, NICU",Archived (Completed),Completed,2023,Fall 2023,Emory University,60.77
404986,Emory University - SON Pre-licensure,Emory University Hospital Midtown,Nursing,Cohort Rotation,6,8,"10399, 10416, 10401, 10413, 10376, 10463",10/16/23,12/4/23,7:00:00,19:00:00,60,Mon,ID Missing,No Preceptor Assigned,Perinatal - OB,NRSG 392 - Maternity Practicum,42/54: Mother/Baby,Archived (Completed),Completed,2023,Fall 2023,Emory University,60.77
404988,Emory University - SON Pre-licensure,Emory University Hospital Midtown,Nursing,Cohort Rotation,5,8,"10366, 10417, 10355, 10392, 10362",10/12/23,12/7/23,7:00:00,19:00:00,60,Thu,"ID Missing, ID Missing",No Preceptor Assigned,Perinatal - OB,NRSG 392 - Maternity Practicum,42/54: Mother/Baby,Archived (Completed),Completed,2023,Fall 2023,Emory University,60.77
404990,Emory University - SON Pre-licensure,Emory University Hospital Midtown,Nursing,Cohort Rotation,3,8,"11188, 10354, 10397",10/14/23,12/9/23,7:00:00,19:00:00,60,Sat,ID Missing,No Preceptor Assigned,Perinatal - OB,NRSG 392 - Maternity Practicum,42/54: Mother/Baby,Archived (Completed),Completed,2023,Fall 2023,Emory University,60.77
404992,Emory University - SON Pre-licensure,Emory Decatur Hospital,Nursing,Cohort Rotation,3,6,"10463, 10535, 10449",10/16/23,12/4/23,7:00:00,19:00:00,60,Mon,ID Missing,No Preceptor Assigned,Perinatal - OB,NRSG 392 - Maternity Practicum,Mother/Baby,Archived (Completed),Completed,2023,Fall 2023,Emory University,60.77
404993,Emory University - SON Pre-licensure,Emory Decatur Hospital,Nursing,Cohort Rotation,4,6,"10363, 10402, 10404, 10461",10/11/23,12/6/23,7:00:00,19:00:00,60,Wed,ID Missing,No Preceptor Assigned,Perinatal - OB,NRSG 392 - Maternity Practicum,Mother/Baby,Archived (Completed),Completed,2023,Fall 2023,Emory University,60.77
405004,Emory University - SON Pre-licensure,Emory Decatur Hospital,Nursing,Cohort Rotation,5,6,"10364, 10375, 10353, 10376, 10378",10/12/23,12/7/23,7:00:00,19:00:00,60,Thu,ID Missing,No Preceptor Assigned,Perinatal - OB,NRSG 392 - Maternity Practicum,Mother/Baby,Archived (Completed),Completed,2023,Fall 2023,Emory University,60.77
405014,Emory University - SON Pre-licensure,Emory Johns Creek Hospital,Nursing,Cohort Rotation,4,6,"10379, 10358, 10420, 10360",10/11/23,12/6/23,7:00:00,19:00:00,60,Wed,ID Missing,No Preceptor Assigned,Perinatal - OB,NRSG 392 - Maternity Practicum,"Maternity: M/B, L&D, NICU",Archived (Completed),Completed,2023,Fall 2023,Emory University,60.77
405022,Emory University - SON Pre-licensure,Emory University Hospital at Wesley Woods,Nursing,Cohort Rotation,7,8,"11276, 10620, 10517, 10502, 10610, 10499, 10523",8/22/23,10/13/23,7:00:00,19:00:00,60,Tue,ID Missing,No Preceptor Assigned,Psychiatry; Mental Health; Behavioral Medicine,NRSG 393 - Mental Health Practicum,Inpatient Psych,Archived (Completed),Completed,2023,Fall 2023,Emory University,60.77
405024,Emory University - SON Pre-licensure,Emory University Hospital at Wesley Woods,Nursing,Cohort Rotation,7,8,"10516, 10609, 10519, 10525, 10518, 10493, 10513",8/26/23,10/14/23,7:00:00,19:00:00,60,Sat,ID Missing,No Preceptor Assigned,Psychiatry; Mental Health; Behavioral Medicine,NRSG 392 - Maternity Practicum,Inpatient Psych,Archived (Completed),Completed,2023,Fall 2023,Emory University,60.77
405030,Emory University - SON Pre-licensure,Emory Decatur Hospital,Nursing,Cohort Rotation,5,6,"10623, 10509, 11277, 10491, 10510",8/23/23,10/11/23,7:00:00,19:00:00,60,Wed,ID Missing,No Preceptor Assigned,Psychiatry; Mental Health; Behavioral Medicine,NRSG 393 - Mental Health Practicum,Behavioral Health (acute) - 1800,Archived (Completed),Completed,2023,Fall 2023,Emory University,60.77
405032,Emory University - SON Pre-licensure,Emory Decatur Hospital,Nursing,Cohort Rotation,2,6,"10500, 10501",8/27/23,10/15/23,7:00:00,19:00:00,60,Sun,ID Missing,No Preceptor Assigned,Psychiatry; Mental Health; Behavioral Medicine,NRSG 393 - Mental Health Practicum,Behavioral Health (acute) - 1800,Archived (Completed),Completed,2023,Fall 2023,Emory University,60.77
405036,Emory University - SON Pre-licensure,Emory University Hospital At Wesley Woods,Nursing,Cohort Rotation,6,6,"10604, 10529, 10506, 10614, 10527, 10522",10/17/23,12/5/23,7:00:00,19:00:00,60,Tue,ID Missing,No Preceptor Assigned,Psychiatry; Mental Health; Behavioral Medicine,NRSG 393 - Mental Health Practicum,Inpatient Psych,Archived (Completed),Completed,2023,Fall 2023,Emory University,60.77
405039,Emory University - SON Pre-licensure,Emory University Hospital At Wesley Woods,Nursing,Cohort Rotation,3,6,"10494, 10606, 10615",10/14/23,12/9/23,7:00:00,19:00:00,60,Sat,ID Missing,No Preceptor Assigned,Psychiatry; Mental Health; Behavioral Medicine,NRSG 393 - Mental Health Practicum,Inpatient Psych,Archived (Completed),Completed,2023,Fall 2023,Emory University,60.77
405042,Emory University - SON Pre-licensure,Emory Decatur Hospital,Nursing,Cohort Rotation,6,6,"10611, 10496, 10507, 10345, 10618, 10526",10/11/23,12/6/23,7:00:00,19:00:00,60,Wed,ID Missing,No Preceptor Assigned,Psychiatry; Mental Health; Behavioral Medicine,NRSG 393 - Mental Health Practicum,Behavioral Health (acute) - 1800,Archived (Completed),Completed,2023,Fall 2023,Emory University,60.77
405045,Emory University - SON Pre-licensure,Emory Decatur Hospital,Nursing,Cohort Rotation,5,6,"10524, 10487, 10528, 10621, 10508",10/22/23,12/10/23,7:00:00,19:00:00,60,Sun,ID Missing,No Preceptor Assigned,Psychiatry; Mental Health; Behavioral Medicine,NRSG 393 - Mental Health Practicum,Behavioral Health (acute) - 1800,Archived (Completed),Completed,2023,Fall 2023,Emory University,60.77
405055,Emory University - SON Pre-licensure,Emory University Hospital at Wesley Woods,Nursing,Cohort Rotation,5,8,"10106, 11001, 11038, 11015, 11033",8/23/23,10/4/23,7:00:00,19:00:00,60,Wed,ID Missing,No Preceptor Assigned,Psychiatry; Mental Health; Behavioral Medicine,NRSG 393 - Mental Health Practicum,Inpatient Psych,Archived (Completed),Completed,2023,Fall 2023,Emory University,60.77
405069,Emory University - SON Pre-licensure,Emory University Hospital at Wesley Woods,Nursing,Cohort Rotation,4,8,"11023, 11127, 11128, 11056",8/27/23,10/15/23,7:00:00,19:00:00,60,Sun,ID Missing,No Preceptor Assigned,Psychiatry; Mental Health; Behavioral Medicine,NRSG 393 - Mental Health Practicum,Inpatient Psych,Archived (Completed),Completed,2023,Fall 2023,Emory University,60.77
405078,Emory University - SON Pre-licensure,Emory Decatur Hospital,Nursing,Cohort Rotation,6,6,"11052, 11104, 11118, 11022, 11027, 10994",8/22/23,10/3/23,7:00:00,19:00:00,60,Tue,ID Missing,No Preceptor Assigned,Psychiatry; Mental Health; Behavioral Medicine,NRSG 393 - Mental Health Practicum,Behavioral Health (acute) - 1800,Archived (Completed),Completed,2023,Fall 2023,Emory University,60.77
405089,Emory University - SON Pre-licensure,Emory Decatur Hospital,Nursing,Cohort Rotation,6,6,"11074, 11103, 11059, 11060, 11006, 10463",8/26/23,10/14/23,7:00:00,19:00:00,60,Sat,ID Missing,No Preceptor Assigned,Psychiatry; Mental Health; Behavioral Medicine,NRSG 393 - Mental Health Practicum,Behavioral Health (acute) - 1800,Archived (Completed),Completed,2023,Fall 2023,Emory University,60.77
405096,Emory University - SON Pre-licensure,Emory University Hospital At Wesley Woods,Nursing,Cohort Rotation,8,8,"11000, 11082, 11047, 11048, 11062, 11078, 10393, 11129",10/18/23,12/6/23,7:00:00,19:00:00,60,Wed,ID Missing,No Preceptor Assigned,Psychiatry; Mental Health; Behavioral Medicine,NRSG 393 - Mental Health Practicum,Inpatient Psych,Archived (Completed),Completed,2023,Fall 2023,Emory University,60.77
405100,Emory University - SON Pre-licensure,Emory University Hospital At Wesley Woods,Nursing,Cohort Rotation,5,8,"11053, 11064, 11016, 11065, 11123",10/22/23,12/10/23,7:00:00,19:00:00,60,Sun,ID Missing,No Preceptor Assigned,Psychiatry; Mental Health; Behavioral Medicine,NRSG 393 - Mental Health Practicum,Inpatient Psych,Archived (Completed),Completed,2023,Fall 2023,Emory University,60.77
405101,Emory University - SON Pre-licensure,Emory Decatur Hospital,Nursing,Cohort Rotation,6,6,"11061, 11099, 11045, 11024, 11002, 11069",10/17/23,12/5/23,7:00:00,19:00:00,60,Tue,ID Missing,No Preceptor Assigned,Psychiatry; Mental Health; Behavioral Medicine,NRSG 393 - Mental Health Practicum,Behavioral Health (acute) - 1800,Archived (Completed),Completed,2023,Fall 2023,Emory University,60.77
405103,Emory University - SON Pre-licensure,Emory Decatur Hospital,Nursing,Cohort Rotation,5,6,"11120, 11041, 10998, 11036, 11066",10/14/23,12/9/23,7:00:00,19:00:00,60,Sat,ID Missing,No Preceptor Assigned,Psychiatry; Mental Health; Behavioral Medicine,NRSG 393 - Mental Health Practicum,Behavioral Health (acute) - 1800,Archived (Completed),Completed,2023,Fall 2023,Emory University,60.77
405500,Emory University - SON Pre-licensure,Emory Decatur Hospital,Nursing,Cohort Rotation,8,8,"11278, 11279, 11280, 11281, 11282, 11283, 11284, 11285",9/20/23,12/6/23,7:00:00,19:00:00,60,Wed,ID Missing,No Preceptor Assigned,Fundamentals,527 MN - Foundation of Nursing Practice,Cardiac Telemetry - 2400,Archived (Completed),Completed,2023,Fall 2023,Emory University,60.77
405502,Emory University - SON Pre-licensure,Emory University Hospital,Nursing,Cohort Rotation,6,8,"11286, 11287, 11288, 11289, 11290, 11291",9/20/23,12/6/23,7:00:00,19:00:00,60,Wed,ID Missing,No Preceptor Assigned,Fundamentals,527 MN - Foundation of Nursing Practice,3G: Neurosciences,Archived (Completed),Completed,2023,Fall 2023,Emory University,60.77
405503,Emory University - SON Pre-licensure,Emory University Hospital,Nursing,Cohort Rotation,8,8,"11292, 11293, 11294, 11295, 11296, 11297, 11286, 11287",9/20/23,12/6/23,7:00:00,19:00:00,60,Wed,ID Missing,No Preceptor Assigned,Fundamentals,527 MN - Foundation of Nursing Practice,6G: Medical,Archived (Completed),Completed,2023,Fall 2023,Emory University,60.77
405506,Emory University - SON Pre-licensure,Emory University Hospital,Nursing,Cohort Rotation,8,8,"11298, 11299, 11300, 11301, 11302, 11303, 11288, 11289",9/20/23,12/6/23,7:00:00,19:00:00,60,Wed,ID Missing,No Preceptor Assigned,Perinatal - OB,527 MN - Foundation of Nursing Practice,9E: Neuroscience,Archived (Completed),Completed,2023,Fall 2023,Emory University,60.77
405507,Emory University - SON Pre-licensure,Emory University Hospital Midtown,Nursing,Cohort Rotation,8,8,"11304, 11305, 11306, 11307, 11308, 11309, 11290, 11291",9/20/23,12/6/23,7:00:00,19:00:00,60,Wed,ID Missing,No Preceptor Assigned,Fundamentals,527 MN - Foundation of Nursing Practice,21: General Surgery,Archived (Completed),Completed,2023,Fall 2023,Emory University,60.77
405509,Emory University - SON Pre-licensure,Emory Saint Joseph's Hospital,Nursing,Cohort Rotation,7,8,"11310, 11311, 11312, 11313, 11314, 11315, 11316",9/20/23,12/6/23,7:00:00,19:00:00,60,Wed,ID Missing,No Preceptor Assigned,Fundamentals,527 MN - Foundation of Nursing Practice,3S GI surgery,Archived (Completed),Completed,2023,Fall 2023,Emory University,60.77
405511,Emory University - SON Pre-licensure,Emory Saint Joseph's Hospital,Nursing,Cohort Rotation,5,8,"11317, 11318, 11319, 11320, 11321",9/20/23,12/6/23,7:00:00,19:00:00,60,Wed,ID Missing,No Preceptor Assigned,Fundamentals,527 MN - Foundation of Nursing Practice,5W internal medicine,Archived (Completed),Completed,2023,Fall 2023,Emory University,60.77
405516,Emory University - SON Pre-licensure,Emory Decatur Hospital,Nursing,Cohort Rotation,7,8,"11322, 11323, 11324, 11325, 11326, 11327, 11328",9/22/23,12/8/23,7:00:00,19:00:00,60,Fri,ID Missing,No Preceptor Assigned,Fundamentals,527 MN - Foundation of Nursing Practice,Cardiac Telemetry - 2400,Archived (Completed),Completed,2023,Fall 2023,Emory University,60.77
405517,Emory University - SON Pre-licensure,Emory Decatur Hospital,Nursing,Cohort Rotation,8,8,"11329, 11330, 11331, 11332, 11333, 11334, 11335, 11336",9/22/23,12/8/23,7:00:00,19:00:00,60,Fri,"ID Missing, ID Missing",No Preceptor Assigned,Fundamentals,527 MN - Foundation of Nursing Practice,Surgical Oncology - 4200,Archived (Completed),Completed,2023,Fall 2023,Emory University,60.77
405518,Emory University - SON Pre-licensure,Emory Decatur Hospital,Nursing,Cohort Rotation,7,8,"11337, 11338, 11339, 11340, 11341, 11342, 11343",9/22/23,12/8/23,7:00:00,23:59:00,60,Fri,ID Missing,No Preceptor Assigned,Fundamentals,527 MN - Foundation of Nursing Practice,Stroke Telemetry - 4400,Archived (Completed),Completed,2023,Fall 2023,Emory University,60.77
405521,Emory University - SON Pre-licensure,Emory University Hospital,Nursing,Cohort Rotation,8,8,"11344, 11345, 11346, 11347, 11348, 11349, 11350, 11351",9/22/23,12/8/23,7:00:00,19:00:00,60,Fri,ID Missing,No Preceptor Assigned,Fundamentals,527 MN - Foundation of Nursing Practice,6T: Transplant,Archived (Completed),Completed,2023,Fall 2023,Emory University,60.77
405522,Emory University - SON Pre-licensure,Emory University Hospital Midtown,Nursing,Cohort Rotation,8,8,"11352, 11353, 11354, 11355, 11356, 11357, 11358, 11359",9/22/23,12/8/23,7:00:00,19:00:00,60,Fri,ID Missing,No Preceptor Assigned,Fundamentals,527 MN - Foundation of Nursing Practice,21: General Surgery,Archived (Completed),Completed,2023,Fall 2023,Emory University,60.77
405523,Emory University - SON Pre-licensure,Emory University Hospital Midtown,Nursing,Cohort Rotation,8,8,"11360, 11361, 11362, 11363, 11364, 11365, 11366, 11367",9/22/23,12/8/23,7:00:00,19:00:00,60,Fri,"2004, ID Missing",No Preceptor Assigned,Fundamentals,527 MN - Foundation of Nursing Practice,41: Med Cardiology,Archived (Completed),Completed,2023,Fall 2023,Emory University,60.77
405525,Emory University - SON Pre-licensure,Emory Johns Creek Hospital,Nursing,Cohort Rotation,6,8,"11368, 11369, 11370, 11371, 11372, 11373",9/22/23,12/8/23,7:00:00,19:00:00,60,Fri,ID Missing,No Preceptor Assigned,Fundamentals,527 MN - Foundation of Nursing Practice,6W oncology/hospice,Archived (Completed),Completed,2023,Fall 2023,Emory University,60.77
405526,Emory University - SON Pre-licensure,Emory Saint Joseph's Hospital,Nursing,Cohort Rotation,7,8,"11374, 11375, 11376, 11377, 11378, 11379, 11380",9/23/23,12/9/23,7:00:00,19:00:00,60,Sat,ID Missing,No Preceptor Assigned,Fundamentals,527 MN - Foundation of Nursing Practice,5W internal medicine,Archived (Completed),Completed,2023,Fall 2023,Emory University,60.77
405527,Emory University - SON Pre-licensure,Emory University Hospital,Nursing,Cohort Rotation,6,8,"11381, 11382, 11383, 11378, 11379, 11351",9/23/23,12/9/23,7:00:00,19:00:00,60,Sat,ID Missing,No Preceptor Assigned,Fundamentals,527 MN - Foundation of Nursing Practice,9T: Bone Marrow Transplant,Archived (Completed),Completed,2023,Fall 2023,Emory University,60.77
405528,Emory University - SON Pre-licensure,Emory University Hospital Midtown,Nursing,Cohort Rotation,7,8,"11384, 11385, 11386, 11387, 11381, 11382, 11383",9/23/23,12/9/23,7:00:00,19:00:00,60,Sat,ID Missing,No Preceptor Assigned,Fundamentals,527 MN - Foundation of Nursing Practice,41: Med Cardiology,Archived (Completed),Completed,2023,Fall 2023,Emory University,60.77
405555,Emory University - SON Pre-licensure,Emory Decatur Hospital,Nursing,Cohort Rotation,6,8,"11388, 11389, 11390, 11391, 11392, 11393",9/21/23,12/7/23,7:00:00,19:00:00,60,Thu,ID Missing,No Preceptor Assigned,Fundamentals,527 MN - Foundation of Nursing Practice,Cardiac Telemetry - 2400,Archived (Completed),Completed,2023,Fall 2023,Emory University,60.77
405557,Emory University - SON Pre-licensure,Emory Decatur Hospital,Nursing,Cohort Rotation,7,8,"11394, 11395, 11396, 11397, 11398, 11399, 11400",9/21/23,12/7/23,7:00:00,19:00:00,60,Thu,ID Missing,No Preceptor Assigned,Fundamentals,527 MN - Foundation of Nursing Practice,Surgical Oncology - 4200,Archived (Completed),Completed,2023,Fall 2023,Emory University,60.77
405560,Emory University - SON Pre-licensure,Emory Decatur Hospital,Nursing,Cohort Rotation,6,8,"11401, 11402, 11403, 11404, 11405, 11406",9/21/23,12/7/23,7:00:00,19:00:00,60,Thu,ID Missing,No Preceptor Assigned,Fundamentals,527 MN - Foundation of Nursing Practice,Stroke Telemetry - 4400,Archived (Completed),Completed,2023,Fall 2023,Emory University,60.77
405562,Emory University - SON Pre-licensure,Emory University Orthopaedics And Spine Hospital,Nursing,Cohort Rotation,6,8,"11407, 11408, 11409, 11410, 11411, 11412",9/21/23,12/7/23,7:00:00,19:00:00,60,Thu,ID Missing,No Preceptor Assigned,Perinatal - OB,527 MN - Foundation of Nursing Practice,2-4 floors: Orthopaedics,Archived (Completed),Completed,2023,Fall 2023,Emory University,60.77
405563,Emory University - SON Pre-licensure,Emory Hillandale Hospital,Nursing,Cohort Rotation,6,8,"11413, 11414, 11415, 11416, 11417, 11418",9/21/23,12/7/23,7:00:00,19:00:00,60,Thu,ID Missing,No Preceptor Assigned,Fundamentals,527 MN - Foundation of Nursing Practice,3rd floor - med surg,Archived (Completed),Completed,2023,Fall 2023,Emory University,60.77
405565,Emory University - SON Pre-licensure,Emory Hillandale Hospital,Nursing,Cohort Rotation,5,8,"11419, 11420, 11421, 11422, 11423",9/21/23,12/7/23,7:00:00,19:00:00,60,Thu,ID Missing,No Preceptor Assigned,Fundamentals,527 MN - Foundation of Nursing Practice,4th floor - telemetry,Archived (Completed),Completed,2023,Fall 2023,Emory University,60.77
405567,Emory University - SON Pre-licensure,Emory University Hospital,Nursing,Cohort Rotation,8,8,"11424, 11425, 11426, 11427, 11428, 11429, 11430, 11431",9/21/23,12/7/23,7:00:00,19:00:00,60,Thu,ID Missing,No Preceptor Assigned,Fundamentals,527 MN - Foundation of Nursing Practice,6T: Transplant,Archived (Completed),Completed,2023,Fall 2023,Emory University,60.77
405569,Emory University - SON Pre-licensure,Emory University Hospital Midtown,Nursing,Cohort Rotation,8,8,"11432, 11433, 11434, 11435, 11436, 11437, 11438, 11439",9/21/23,12/7/23,7:00:00,19:00:00,60,Thu,ID Missing,No Preceptor Assigned,Fundamentals,527 MN - Foundation of Nursing Practice,31: Ortho/Neuro,Archived (Completed),Completed,2023,Fall 2023,Emory University,60.77
405570,Emory University - SON Pre-licensure,Emory Saint Joseph's Hospital,Nursing,Cohort Rotation,6,8,"11440, 11441, 11442, 11443, 11444, 11445",9/21/23,12/7/23,7:00:00,19:00:00,60,Thu,ID Missing,No Preceptor Assigned,Fundamentals,527 MN - Foundation of Nursing Practice,4E neurovascular,Archived (Completed),Completed,2023,Fall 2023,Emory University,60.77
405573,Emory University - SON Pre-licensure,Emory Johns Creek Hospital,Nursing,Cohort Rotation,5,8,"11446, 11447, 11448, 11449, 11450",9/21/23,12/7/23,7:00:00,19:00:00,60,Thu,ID Missing,No Preceptor Assigned,Fundamentals,527 MN - Foundation of Nursing Practice,6W oncology/hospice,Archived (Completed),Completed,2023,Fall 2023,Emory University,60.77
405605,Emory University - SON Pre-licensure,Emory Decatur Hospital,Nursing,Cohort Rotation,8,8,"11451, 11452, 11453, 11454, 11455, 11456, 11457, 11458",9/22/23,12/8/23,7:00:00,19:00:00,60,Fri,ID Missing,No Preceptor Assigned,Fundamentals,527 MN - Foundation of Nursing Practice,Inpatient Rehab - 3600,Archived (Completed),Completed,2023,Fall 2023,Emory University,60.77
405625,Emory University - SON Pre-licensure,Emory Saint Joseph's Hospital,Nursing,Cohort Rotation,8,8,"11459, 11460, 11461, 11462, 11463, 11464, 11465, 11466",9/22/23,12/8/23,7:00:00,19:00:00,60,Fri,ID Missing,No Preceptor Assigned,Fundamentals,527 MN - Foundation of Nursing Practice,4E neurovascular,Archived (Completed),Completed,2023,Fall 2023,Emory University,60.77
405637,Emory University - SON Pre-licensure,Emory University Hospital,Nursing,Cohort Rotation,8,8,"11467, 11468, 11469, 11470, 11471, 11472, 11473, 11474",9/22/23,12/8/23,7:00:00,19:00:00,60,Fri,ID Missing,No Preceptor Assigned,Fundamentals,527 MN - Foundation of Nursing Practice,6G: Medical,Archived (Completed),Completed,2023,Fall 2023,Emory University,60.77
405642,Emory University - SON Pre-licensure,Emory University Hospital,Nursing,Cohort Rotation,8,8,"11475, 11476, 11477, 11478, 11479, 11480, 11481, 11482",9/22/23,12/8/23,7:00:00,19:00:00,60,Fri,ID Missing,No Preceptor Assigned,Fundamentals,527 MN - Foundation of Nursing Practice,9E: Neuroscience,Archived (Completed),Completed,2023,Fall 2023,Emory University,60.77
405643,Emory University - SON Pre-licensure,Emory University Hospital Midtown,Nursing,Cohort Rotation,8,8,"11483, 11484, 11485, 11486, 11487, 11488, 11489, 11490",9/22/23,12/8/23,7:00:00,19:00:00,60,Fri,"ID Missing, ID Missing",No Preceptor Assigned,Fundamentals,527 MN - Foundation of Nursing Practice,31: Ortho/Neuro,Archived (Completed),Completed,2023,Fall 2023,Emory University,60.77
405645,Emory University - SON Pre-licensure,Emory University Hospital Midtown,Nursing,Cohort Rotation,8,8,"11491, 11492, 11493, 11494, 11495, 11496, 11497, 11498",9/22/23,12/8/23,7:00:00,19:00:00,60,Fri,"ID Missing, ID Missing",No Preceptor Assigned,Fundamentals,527 MN - Foundation of Nursing Practice,51: Med-Surg,Archived (Completed),Completed,2023,Fall 2023,Emory University,60.77
405646,Emory University - SON Pre-licensure,Emory Saint Joseph's Hospital,Nursing,Cohort Rotation,8,8,"11499, 11500, 11501, 11502, 11503, 11504, 11505, 11506",9/22/23,12/8/23,7:00:00,19:00:00,60,Fri,ID Missing,No Preceptor Assigned,Fundamentals,527 MN - Foundation of Nursing Practice,6E internal medicine,Archived (Completed),Completed,2023,Fall 2023,Emory University,60.77
405647,Emory University - SON Pre-licensure,Emory Hillandale Hospital,Nursing,Cohort Rotation,8,8,"11507, 11508, 11509, 11510, 11511, 11512, 11513, 11514",9/22/23,12/8/23,7:00:00,19:00:00,60,Fri,ID Missing,No Preceptor Assigned,Fundamentals,527 MN - Foundation of Nursing Practice,5th floor - med surg,Archived (Completed),Completed,2023,Fall 2023,Emory University,60.77
407287,Emory University - SON Pre-licensure,Emory Johns Creek Hospital,Nursing,Cohort Rotation,6,8,"11515, 11516, 11517, 11518, 11519, 11520",4/28/24,5/18/24,7:00:00,19:00:00,96,,"ID Missing, ID Missing, ID Missing",No Preceptor Assigned,MedSurg - Acute Care,NRSG 356D - Acute and Chronic I Care Clinical Practicum Adult and Geriatric Populations,3rd floor: med-surg,Archived (Completed),Completed,2024,Spring 2024,Emory University,60.77
407303,Emory University - SON Pre-licensure,Emory Johns Creek Hospital,Nursing,Cohort Rotation,6,96,"11154, 11521, 11522, 11523, 11524, 11525",4/28/24,5/18/24,7:00:00,19:00:00,96,,"ID Missing, ID Missing",No Preceptor Assigned,MedSurg - Acute Care,NRSG 356D - Acute and Chronic I Care Clinical Practicum Adult and Geriatric Populations,6N: medical cardiology,Archived (Completed),Completed,2024,Spring 2024,Emory University,60.77
407304,Emory University - SON Pre-licensure,Emory University Hospital,Nursing,Cohort Rotation,6,8,"11526, 11527, 11528, 11529, 11530, 11531",4/28/24,5/18/24,0:00:00,23:59:00,96,,ID Missing,No Preceptor Assigned,MedSurg - Acute Care,NRSG 356D - Acute and Chronic I Care Clinical Practicum Adult and Geriatric Populations,7T: Surgical,Archived (Completed),Completed,2024,Spring 2024,Emory University,60.77
407307,Emory University - SON Pre-licensure,Emory University Hospital Midtown,Nursing,Cohort Rotation,5,5,"11532, 11533, 11534, 11535, 11536",4/28/24,5/18/24,7:00:00,19:00:00,96,,"ID Missing, ID Missing, ID Missing, ID Missing",No Preceptor Assigned,MedSurg - Acute Care,NRSG 356D - Acute and Chronic I Care Clinical Practicum Adult and Geriatric Populations,72: Med/Surg,Archived (Completed),Completed,2024,Spring 2024,Emory University,60.77
410869,Georgia Baptist College of Nursing of Mercer University - Undergraduate Nursing - Atlanta,Emory Saint Joseph's Hospital,Nursing,Cohort Rotation,6,8,"11537, 11538, 11539, 11540, 11541, 11542",1/24/24,4/24/24,7:00:00,16:00:00,95,Wed,ID Missing,No Preceptor Assigned,MedSurg - Acute Care,NUR 317 - Adult Health,6W pulmonary thoracic,Archived (Completed),Completed,2024,Spring 2024,Mercer University,65.3
413580,Emory University - SON Pre-licensure,Emory Decatur Hospital,Nursing,Cohort Rotation,8,8,"11551, 11552, 11553, 11554, 11555, 11556, 11557, 11558",9/20/23,12/6/23,7:00:00,19:00:00,60,Wed,"ID Missing, ID Missing",No Preceptor Assigned,Fundamentals,527 MN - Foundation of Nursing Practice,-no preference-,Archived (Completed),Completed,2023,Fall 2023,Emory University,60.77
413596,Emory University - SON Pre-licensure,Emory Decatur Hospital,Nursing,Cohort Rotation,0,8,No Students Assigned,9/22/23,12/8/23,7:00:00,19:00:00,60,Fri,ID Missing,No Preceptor Assigned,Fundamentals,527 MN - Foundation of Nursing Practice,General Surgery - 3400,Archived (Completed),Completed,2023,Fall 2023,Emory University,60.77
413598,Emory University - SON Pre-licensure,Emory Saint Joseph's Hospital,Nursing,Cohort Rotation,7,8,"11559, 11560, 11561, 11562, 11563, 11564, 11565",9/22/23,12/8/23,7:00:00,19:00:00,60,Fri,ID Missing,No Preceptor Assigned,Fundamentals,527 MN - Foundation of Nursing Practice,5W internal medicine,Archived (Completed),Completed,2023,Fall 2023,Emory University,60.77
413599,Emory University - SON Pre-licensure,Emory Decatur Hospital,Nursing,Cohort Rotation,8,8,"11566, 11567, 11568, 11569, 11570, 11498, 11571, 11572",9/23/23,12/9/23,7:00:00,19:00:00,60,Sat,"ID Missing, ID Missing",No Preceptor Assigned,Fundamentals,527 MN - Foundation of Nursing Practice,General Medical - 4500,Archived (Completed),Completed,2023,Fall 2023,Emory University,60.77
413600,Emory University - SON Pre-licensure,Emory Saint Joseph's Hospital,Nursing,Cohort Rotation,7,8,"11573, 11574, 11575, 11576, 11577, 11578, 11579",9/23/23,12/9/23,7:00:00,19:00:00,60,Sat,ID Missing,No Preceptor Assigned,Fundamentals,527 MN - Foundation of Nursing Practice,5E internal medicine,Archived (Completed),Completed,2023,Fall 2023,Emory University,60.77
415118,Georgia State University - Perimeter College,Emory Long Term Acute Care Hospital,Nursing,Cohort Rotation,5,6,"11580, 11581, 11582, 11583, 11584",1/19/24,3/8/24,7:00:00,19:00:00,96,Fri,ID Missing,No Preceptor Assigned,MedSurg - Acute Care,NURS 1930 - Intermediate Concepts of Nursing,LTAC,Archived (Completed),Completed,2024,Spring 2024,Georgia State University,59.16
416474,Chamberlain College of Nursing - Georgia,Emory Saint Joseph's Hospital,Nursing,Cohort Rotation,8,8,"11585, 11586, 11587, 11588, 11589, 11590, 11591, 11592",1/12/24,2/23/24,7:00:00,23:59:00,48,Fri,ID Missing,No Preceptor Assigned,MedSurg - Acute Care,NR 226 - Fundamentals - Patient Care,5E internal medicine,Archived (Completed),Completed,2024,Spring 2024,Chamberlain College of Nursing - Georgia,77.66
416475,Chamberlain College of Nursing - Georgia,Emory Saint Joseph's Hospital,Nursing,Cohort Rotation,8,8,"11593, 11594, 11595, 11596, 11597, 11598, 11599, 11600",1/13/24,2/24/24,7:00:00,15:00:00,48,Sat,ID Missing,No Preceptor Assigned,MedSurg - Acute Care,NR 226 - Fundamentals - Patient Care,4W renal and urology,Archived (Completed),Completed,2024,Spring 2024,Chamberlain College of Nursing - Georgia,77.66
416476,Chamberlain College of Nursing - Atlanta,Emory Saint Joseph's Hospital,Nursing,Cohort Rotation,0,8,No Students Assigned,3/4/24,4/27/24,7:00:00,19:00:00,48,Fri,ID Missing,No Preceptor Assigned,MedSurg - Acute Care,NR 226 - Fundamentals - Patient Care,5E internal medicine,Archived (Completed),Completed,2024,Spring 2024,Chamberlain College of Nursing - Atlanta,72.88
416477,Chamberlain College of Nursing - Atlanta,Emory Saint Joseph's Hospital,Nursing,Cohort Rotation,0,8,No Students Assigned,3/4/24,4/27/24,7:00:00,19:00:00,48,Sat,ID Missing,No Preceptor Assigned,MedSurg - Acute Care,NR 226 - Fundamentals - Patient Care,4W renal and urology,Archived (Completed),Completed,2024,Spring 2024,Chamberlain College of Nursing - Atlanta,72.88
416478,Chamberlain College of Nursing - Atlanta,Emory Saint Joseph's Hospital,Nursing,Cohort Rotation,7,8,"11601, 11602, 11603, 11604, 11605, 11606, 11607",5/10/24,6/28/24,7:00:00,15:00:00,48,Fri,ID Missing,No Preceptor Assigned,MedSurg - Acute Care,NR 226 - Fundamentals - Patient Care,5E internal medicine,Archived (Completed),Completed,2024,Spring 2024,Chamberlain College of Nursing - Atlanta,72.88
416479,Chamberlain College of Nursing - Atlanta,Emory Saint Joseph's Hospital,Nursing,Cohort Rotation,8,8,"11608, 11609, 11610, 11611, 11612, 11613, 11614, 11615",5/11/24,6/29/24,7:00:00,15:00:00,48,Sat,ID Missing,No Preceptor Assigned,MedSurg - Acute Care,NR 226 - Fundamentals - Patient Care,4W renal and urology,Archived (Completed),Completed,2024,Spring 2024,Chamberlain College of Nursing - Atlanta,72.88
416480,Chamberlain College of Nursing - Atlanta,Emory Saint Joseph's Hospital,Nursing,Cohort Rotation,7,8,"11616, 11617, 11618, 11619, 11612, 11620, 11621",9/6/24,10/11/24,7:00:00,15:00:00,48,Fri,ID Missing,No Preceptor Assigned,Fundamentals,NR 226 - Fundamentals - Patient Care,5E internal medicine,Archived (Completed),Completed,2024,Fall 2024,Chamberlain College of Nursing - Atlanta,72.88
416481,Chamberlain College of Nursing - Atlanta,Emory Saint Joseph's Hospital,Nursing,Cohort Rotation,8,8,"11622, 11623, 11624, 11625, 11626, 11627, 11628, 11629",9/7/24,10/12/24,7:00:00,15:00:00,48,Sat,ID Missing,No Preceptor Assigned,Fundamentals,NR 226 - Fundamentals - Patient Care,4W renal and urology,Archived (Completed),Completed,2024,Fall 2024,Chamberlain College of Nursing - Atlanta,72.88
416482,Chamberlain College of Nursing - Georgia,Emory Saint Joseph's Hospital,Nursing,Cohort Rotation,8,8,"10885, 10887, 10888, 10889, 10886, 10890, 10891, 10892",1/9/24,2/27/24,7:00:00,19:00:00,96,Tue,ID Missing,No Preceptor Assigned,MedSurg - Acute Care,NR 325 - Adult Health II,3SW GI medicine/bariatrics,Archived (Completed),Completed,2024,Spring 2024,Chamberlain College of Nursing - Georgia,77.66
416483,Chamberlain College of Nursing - Georgia,Emory Saint Joseph's Hospital,Nursing,Cohort Rotation,7,8,"10905, 10901, 10906, 10902, 10907, 10903, 10904",1/9/24,2/27/24,7:00:00,19:00:00,96,Tue,ID Missing,No Preceptor Assigned,MedSurg - Acute Care,NR 325 - Adult Health II,5W internal medicine,Archived (Completed),Completed,2024,Spring 2024,Chamberlain College of Nursing - Georgia,77.66
416484,Chamberlain College of Nursing - Georgia,Emory Saint Joseph's Hospital,Nursing,Cohort Rotation,8,8,"10893, 10894, 11630, 10895, 10897, 10898, 10899, 10900",1/11/24,2/29/24,7:00:00,19:00:00,96,Thu,ID Missing,No Preceptor Assigned,MedSurg - Acute Care,NR 325 - Adult Health II,5W internal medicine,Archived (Completed),Completed,2024,Spring 2024,Chamberlain College of Nursing - Georgia,77.66
416485,Chamberlain College of Nursing - Georgia,Emory Saint Joseph's Hospital,Nursing,Cohort Rotation,8,8,"10909, 10910, 10911, 10912, 10913, 10914, 11631, 10920",1/13/24,3/2/24,7:00:00,19:00:00,96,Sat,ID Missing,No Preceptor Assigned,MedSurg - Acute Care,NR 325 - Adult Health II,3S GI surgery,Archived (Completed),Completed,2024,Spring 2024,Chamberlain College of Nursing - Georgia,77.66
416486,Chamberlain College of Nursing - Atlanta,Emory Saint Joseph's Hospital,Nursing,Cohort Rotation,7,8,"11632, 11633, 11634, 11635, 11636, 11637, 11638",3/4/24,4/27/24,7:00:00,19:00:00,96,Tue,ID Missing,No Preceptor Assigned,MedSurg - Acute Care,NR 324 - Adult Health I,3SW GI medicine/bariatrics,Archived (Completed),Completed,2024,Spring 2024,Chamberlain College of Nursing - Atlanta,72.88
416487,Chamberlain College of Nursing - Atlanta,Emory Saint Joseph's Hospital,Nursing,Cohort Rotation,0,8,No Students Assigned,3/4/24,4/27/24,7:00:00,19:00:00,96,Tue,ID Missing,No Preceptor Assigned,MedSurg - Acute Care,NR 324 - Adult Health I,5W internal medicine,Archived (Completed),Completed,2024,Spring 2024,Chamberlain College of Nursing - Atlanta,72.88
416488,Chamberlain College of Nursing - Atlanta,Emory Saint Joseph's Hospital,Nursing,Cohort Rotation,8,8,"11639, 11640, 11641, 11642, 11643, 11644, 11645, 11646",3/4/24,4/27/24,7:00:00,19:00:00,96,Thu,"ID Missing, ID Missing",No Preceptor Assigned,MedSurg - Acute Care,NR 324 - Adult Health I,5W internal medicine,Archived (Completed),Completed,2024,Spring 2024,Chamberlain College of Nursing - Atlanta,72.88
416489,Chamberlain College of Nursing - Atlanta,Emory Saint Joseph's Hospital,Nursing,Cohort Rotation,8,8,"11585, 11647, 11648, 11597, 10917, 11649, 11596, 11650",3/4/24,4/27/24,7:00:00,19:00:00,96,Sat,ID Missing,No Preceptor Assigned,MedSurg - Acute Care,NR 324 - Adult Health I,3S GI surgery,Archived (Completed),Completed,2024,Spring 2024,Chamberlain College of Nursing - Atlanta,72.88
416490,Chamberlain College of Nursing - Atlanta,Emory Saint Joseph's Hospital,Nursing,Cohort Rotation,7,8,"11638, 11632, 11634, 10915, 11635, 11636, 11633",5/7/24,6/25/24,7:00:00,19:00:00,96,Tue,ID Missing,No Preceptor Assigned,MedSurg - Acute Care,NR 325 - Adult Health II,3SW GI medicine/bariatrics,Archived (Completed),Completed,2024,Spring 2024,Chamberlain College of Nursing - Atlanta,72.88
416492,Chamberlain College of Nursing - Atlanta,Emory Saint Joseph's Hospital,Nursing,Cohort Rotation,7,8,"11651, 11652, 11653, 11654, 11655, 11656, 11657",5/7/24,6/25/24,7:00:00,19:00:00,96,Tue,ID Missing,No Preceptor Assigned,MedSurg - Acute Care,NR 325 - Adult Health II,5W internal medicine,Archived (Completed),Completed,2024,Spring 2024,Chamberlain College of Nursing - Atlanta,72.88
416493,Chamberlain College of Nursing - Atlanta,Emory Saint Joseph's Hospital,Nursing,Cohort Rotation,7,8,"11639, 11646, 11642, 11643, 11644, 11645, 11658",5/9/24,6/27/24,7:00:00,19:00:00,96,Thu,ID Missing,No Preceptor Assigned,MedSurg - Acute Care,NR 325 - Adult Health II,5W internal medicine,Archived (Completed),Completed,2024,Spring 2024,Chamberlain College of Nursing - Atlanta,72.88
416495,Chamberlain College of Nursing - Atlanta,Emory Saint Joseph's Hospital,Nursing,Cohort Rotation,8,8,"11585, 11650, 11647, 11596, 11649, 11597, 10917, 11659",5/11/24,6/29/24,7:00:00,19:00:00,96,Sat,ID Missing,No Preceptor Assigned,MedSurg - Acute Care,NR 325 - Adult Health II,3S GI surgery,Archived (Completed),Completed,2024,Spring 2024,Chamberlain College of Nursing - Atlanta,72.88
416505,Chamberlain College of Nursing - Georgia,Emory Saint Joseph's Hospital,Nursing,Cohort Rotation,8,8,"10257, 11660, 10093, 10095, 11661, 11662, 10142, 11663",1/10/24,2/28/24,7:00:00,19:00:00,96,Wed,ID Missing,No Preceptor Assigned,MedSurg - Acute Care,NR 446 - Collaborative Health,6E internal medicine,Archived (Completed),Completed,2024,Spring 2024,Chamberlain College of Nursing - Georgia,77.66
416510,Chamberlain College of Nursing - Atlanta,Emory Saint Joseph's Hospital,Nursing,Cohort Rotation,8,8,"11600, 11664, 11665, 11666, 11667, 11668, 11669, 11670",3/8/24,4/26/24,7:00:00,19:00:00,96,Fri,"ID Missing, ID Missing",No Preceptor Assigned,MedSurg - Acute Care,NR 324 - Adult Health I,3SW GI medicine/bariatrics,Archived (Completed),Completed,2024,Spring 2024,Chamberlain College of Nursing - Atlanta,72.88
416513,Chamberlain College of Nursing - Atlanta,Emory Saint Joseph's Hospital,Nursing,Cohort Rotation,8,8,"10147, 11671, 11672, 11673, 11674, 11675, 11676, 11677",7/8/24,8/31/24,7:00:00,19:00:00,48,Wed,ID Missing,No Preceptor Assigned,MedSurg - Acute Care,NR 452 - Capstone Course,6W pulmonary thoracic,Archived (Completed),Completed,2024,Fall 2024,Chamberlain College of Nursing - Atlanta,72.88
416533,Chamberlain College of Nursing - Georgia,Emory Decatur Hospital,Nursing,Cohort Rotation,6,6,"11678, 11679, 11680, 11681, 10177, 11682",1/12/24,2/16/24,7:00:00,19:00:00,48,Fri,ID Missing,No Preceptor Assigned,MedSurg - Acute Care,NR 326 - Mental Health Nursing,Behavioral Health (acute) - 1800,Archived (Completed),Completed,2024,Spring 2024,Chamberlain College of Nursing - Georgia,77.66
416534,Chamberlain College of Nursing - Atlanta,Emory Decatur Hospital,Nursing,Cohort Rotation,6,6,"10163, 10118, 11683, 10157, 10169, 11684",3/8/24,4/12/24,7:00:00,19:00:00,48,Fri,ID Missing,No Preceptor Assigned,Psychiatry; Mental Health; Behavioral Medicine,NR 326 - Mental Health Nursing,Behavioral Health (acute) - 1800,Archived (Completed),Completed,2024,Spring 2024,Chamberlain College of Nursing - Atlanta,72.88
416536,Chamberlain College of Nursing - Atlanta,Emory Decatur Hospital,Nursing,Cohort Rotation,8,8,"11585, 11685, 11686, 11687, 11688, 11689, 11690, 11691",7/26/24,8/30/24,7:00:00,19:00:00,48,Fri,ID Missing,No Preceptor Assigned,MedSurg - Acute Care,NR 326 - Mental Health Nursing,Behavioral Health (acute) - 1800,Archived (Completed),Completed,2024,Fall 2024,Chamberlain College of Nursing - Atlanta,72.88
416537,Chamberlain College of Nursing - Georgia,Emory Decatur Hospital,Nursing,Cohort Rotation,6,6,"10928, 11683, 11692, 10169, 10170, 10173",1/10/24,1/31/24,7:00:00,19:00:00,48,Wed,ID Missing,No Preceptor Assigned,Critical/Intensive Care,NR341 - Complex Adult Health,ICU - 2500,Archived (Completed),Completed,2024,Spring 2024,Chamberlain College of Nursing - Georgia,77.66
416538,Chamberlain College of Nursing - Georgia,Emory Decatur Hospital,Nursing,Cohort Rotation,6,6,"10133, 10930, 10858, 11684, 11693, 10174",2/7/24,2/28/24,7:00:00,19:00:00,48,Wed,ID Missing,No Preceptor Assigned,Critical/Intensive Care,NR341 - Complex Adult Health,ICU - 2500,Archived (Completed),Completed,2024,Spring 2024,Chamberlain College of Nursing - Georgia,77.66
416539,Chamberlain College of Nursing - Atlanta,Emory Decatur Hospital,Nursing,Cohort Rotation,6,6,"11694, 11695, 11696, 10886, 11697, 10892",3/6/24,3/27/24,7:00:00,19:00:00,48,Wed,ID Missing,No Preceptor Assigned,Critical/Intensive Care,NR341 - Complex Adult Health,ICU - 2500,Archived (Completed),Completed,2024,Spring 2024,Chamberlain College of Nursing - Atlanta,72.88
416540,Chamberlain College of Nursing - Atlanta,Emory Decatur Hospital,Nursing,Cohort Rotation,6,6,"11698, 10903, 11699, 11700, 11701, 11702",4/3/24,4/24/24,7:00:00,19:00:00,48,Wed,ID Missing,No Preceptor Assigned,Critical/Intensive Care,NR341 - Complex Adult Health,ICU - 2500,Archived (Completed),Completed,2024,Spring 2024,Chamberlain College of Nursing - Atlanta,72.88
416541,Chamberlain College of Nursing - Atlanta,Emory Decatur Hospital,Nursing,Cohort Rotation,6,6,"10165, 11703, 10160, 11704, 11705, 11706",5/8/24,5/29/24,7:00:00,19:00:00,48,Wed,ID Missing,No Preceptor Assigned,Critical/Intensive Care,NR341 - Complex Adult Health,ICU - 2500,Archived (Completed),Completed,2024,Spring 2024,Chamberlain College of Nursing - Atlanta,72.88
416542,Chamberlain College of Nursing - Atlanta,Emory Decatur Hospital,Nursing,Cohort Rotation,6,6,"10164, 11707, 10167, 10158, 11708, 11709",6/5/24,6/26/24,7:00:00,19:00:00,48,Wed,ID Missing,No Preceptor Assigned,Critical/Intensive Care,NR341 - Complex Adult Health,ICU - 2500,Archived (Completed),Completed,2024,Spring 2024,Chamberlain College of Nursing - Atlanta,72.88
416543,Chamberlain College of Nursing - Atlanta,Emory Decatur Hospital,Nursing,Cohort Rotation,5,6,"11657, 11634, 11710, 11711, 11712",7/10/24,7/31/24,7:00:00,19:00:00,48,Wed,ID Missing,No Preceptor Assigned,Critical/Intensive Care,NR341 - Complex Adult Health,ICU - 2500,Archived (Completed),Completed,2024,Fall 2024,Chamberlain College of Nursing - Atlanta,72.88
416544,Chamberlain College of Nursing - Atlanta,Emory Decatur Hospital,Nursing,Cohort Rotation,6,6,"11713, 11714, 11715, 11716, 11633, 11717",8/7/24,8/28/24,7:00:00,19:00:00,48,Wed,ID Missing,No Preceptor Assigned,Critical/Intensive Care,NR341 - Complex Adult Health,ICU - 2500,Archived (Completed),Completed,2024,Fall 2024,Chamberlain College of Nursing - Atlanta,72.88
416549,Chamberlain College of Nursing - Georgia,Emory University Hospital Midtown,Nursing,Cohort Rotation,8,8,"10936, 10937, 10942, 10938, 10939, 10941, 10940, 10935",1/11/24,2/29/24,7:00:00,19:00:00,96,Thu,ID Missing,No Preceptor Assigned,MedSurg - Acute Care,NR 325 - Adult Health II,22: Med/Surg,Archived (Completed),Completed,2024,Spring 2024,Chamberlain College of Nursing - Georgia,77.66
416550,Chamberlain College of Nursing - Atlanta,Emory University Hospital Midtown,Nursing,Cohort Rotation,8,8,"11718, 11719, 11713, 11587, 11720, 11721, 11685, 11722",3/4/24,4/27/24,7:00:00,19:00:00,96,Thu,ID Missing,No Preceptor Assigned,MedSurg - Acute Care,NR 324 - Adult Health I,22: Med/Surg,Archived (Completed),Completed,2024,Spring 2024,Chamberlain College of Nursing - Atlanta,72.88
416551,Chamberlain College of Nursing - Atlanta,Emory University Hospital Midtown,Nursing,Cohort Rotation,7,8,"11720, 11722, 11719, 11721, 11685, 11713, 11587",5/9/24,6/27/24,7:00:00,19:00:00,96,Thu,ID Missing,No Preceptor Assigned,MedSurg - Acute Care,NR 325 - Adult Health II,22: Med/Surg,Archived (Completed),Completed,2024,Spring 2024,Chamberlain College of Nursing - Atlanta,72.88
416564,Chamberlain College of Nursing - Georgia,Emory Johns Creek Hospital,Nursing,Cohort Rotation,8,8,"11723, 11724, 11725, 11726, 10871, 11727, 11728, 11256",1/13/24,3/2/24,7:00:00,19:00:00,96,Sat,ID Missing,No Preceptor Assigned,MedSurg - Acute Care,NR 446 - Collaborative Health,3rd floor: med-surg,Archived (Completed),Completed,2024,Spring 2024,Chamberlain College of Nursing - Georgia,77.66
416565,Chamberlain College of Nursing - Atlanta,Emory Johns Creek Hospital,Nursing,Cohort Rotation,8,8,"11256, 11728, 11723, 11724, 11660, 11725, 11726, 10871",3/9/24,3/30/24,7:00:00,19:00:00,48,Sat,ID Missing,No Preceptor Assigned,MedSurg - Acute Care,NR 452 - Capstone Course,3rd floor: med-surg,Archived (Completed),Completed,2024,Spring 2024,Chamberlain College of Nursing - Atlanta,72.88
416566,Chamberlain College of Nursing - Atlanta,Emory Johns Creek Hospital,Nursing,Cohort Rotation,7,8,"11729, 11730, 11731, 11732, 11727, 10053, 11733",5/11/24,6/29/24,7:00:00,19:00:00,96,Sat,ID Missing,No Preceptor Assigned,MedSurg - Acute Care,NR 446 - Collaborative Health,3rd floor: med-surg,Archived (Completed),Completed,2024,Spring 2024,Chamberlain College of Nursing - Atlanta,72.88
416567,Chamberlain College of Nursing - Atlanta,Emory Johns Creek Hospital,Nursing,Cohort Rotation,8,8,"11729, 10152, 10923, 11731, 11732, 11727, 10925, 11734",7/8/24,8/31/24,7:00:00,19:00:00,48,Sat,ID Missing,No Preceptor Assigned,MedSurg - Acute Care,NR 452 - Capstone Course,3rd floor: med-surg,Archived (Completed),Completed,2024,Fall 2024,Chamberlain College of Nursing - Atlanta,72.88
417507,University of North Georgia - Nursing,Emory Johns Creek Hospital,Nursing,Cohort Rotation,6,6,"11735, 11736, 11737, 11738, 11739, 11740",1/15/24,2/19/24,6:30:00,18:30:00,72,Mon,ID Missing,No Preceptor Assigned,MedSurg - Acute Care,N3705 - Adult Health I,3rd floor: med-surg,Archived (Completed),Completed,2024,Spring 2024,University Of North Georgia,76.8
417508,University of North Georgia - Nursing,Emory Johns Creek Hospital,Nursing,Cohort Rotation,6,6,"11736, 11735, 11737, 11738, 11739, 11740",3/18/24,4/22/24,6:30:00,18:30:00,72,Mon,ID Missing,No Preceptor Assigned,MedSurg - Acute Care,N4405 - Adult Health II,3rd floor: med-surg,Archived (Completed),Completed,2024,Spring 2024,University Of North Georgia,76.8
418825,Georgia State University - SON - Undergraduate,Emory University Hospital At Wesley Woods,Nursing,Cohort Rotation,8,8,"11743, 11744, 11745, 11746, 11747, 11748, 11749, 11750",1/11/24,1/22/24,6:30:00,16:30:00,70,Thu,ID Missing,No Preceptor Assigned,Psychiatry; Mental Health; Behavioral Medicine,NURS 3810 - Mental Health,-no preference-,Archived (Completed),Completed,2024,Spring 2024,Georgia State University,59.16
419143,Georgia State University - SON - Undergraduate,Emory University Hospital At Wesley Woods,Nursing,Cohort Rotation,7,8,"11751, 11752, 11753, 11754, 11755, 11756, 11757",2/27/24,4/16/24,6:30:00,16:30:00,70,Thu,ID Missing,No Preceptor Assigned,MedSurg - Acute Care,NURS 3810 - Mental Health,-no preference-,Archived (Completed),Completed,2024,Spring 2024,Georgia State University,59.16
420668,Georgia State University - SON - Undergraduate,Emory Decatur Hospital,Nursing,Cohort Rotation,6,6,"11759, 11760, 11761, 11762, 11763, 11764, 11765",1/13/24,2/24/24,7:00:00,19:00:00,84,Sat,ID Missing,No Preceptor Assigned,MedSurg - Acute Care,NURS 3530 - ,General Medical - 4500,Archived (Completed),Completed,2024,Spring 2024,Georgia State University,59.16
420677,Georgia State University - SON - Undergraduate,Emory Decatur Hospital,Nursing,Cohort Rotation,5,6,"11766, 11767, 11768, 11769, 11770",3/16/24,4/27/24,7:00:00,19:00:00,84,Sat,ID Missing,No Preceptor Assigned,MedSurg - Acute Care,NURS 3530 - ,Cardiac Telemetry - 2400,Archived (Completed),Completed,2024,Spring 2024,Georgia State University,59.16
422117,Kennesaw State University - Nursing,Emory Saint Joseph's Hospital,Nursing,Cohort Rotation,8,8,"11771, 11772, 11773, 11774, 11775, 11776, 11777, 11778",2/28/24,4/21/24,6:30:00,13:00:00,45,Fri,ID Missing,No Preceptor Assigned,Fundamentals,3209 - Holistic Nursing,4S ortho,Archived (Completed),Completed,2024,Spring 2024,Kennesaw State University,57.17
422171,Kennesaw State University - Nursing,Emory Saint Joseph's Hospital,Nursing,Cohort Rotation,6,8,"11779, 11780, 11781, 11782, 11783, 11784",1/29/24,4/28/24,6:30:00,15:00:00,96,Thu,ID Missing,No Preceptor Assigned,MedSurg - Acute Care,3313 - Adult Health,4S ortho,Archived (Completed),Completed,2024,Spring 2024,Kennesaw State University,57.17
423310,University of North Georgia - Nursing,Emory Johns Creek Hospital,Nursing,Cohort Rotation,5,5,"11786, 11238, 11787, 11788, 11789",1/19/24,4/12/24,6:30:00,18:30:00,72,Fri,ID Missing,No Preceptor Assigned,Perinatal - OB,N3804 - Nursing Care of the Childbearing Family,"Maternity: M/B, L&D, NICU",Archived (Completed),Completed,2024,Spring 2024,University Of North Georgia,76.8
423311,University of North Georgia - Nursing,Emory Johns Creek Hospital,Nursing,Cohort Rotation,4,5,"11790, 11791, 11792, 11793",1/26/24,4/5/24,6:30:00,18:30:00,72,Fri,ID Missing,No Preceptor Assigned,Perinatal - OB,N3804 - Nursing Care of the Childbearing Family,"Maternity: M/B, L&D, NICU",Archived (Completed),Completed,2024,Spring 2024,University Of North Georgia,76.8
430902,Emory University - SON Pre-licensure,Emory Saint Joseph's Hospital,Nursing,Cohort Rotation,7,8,"11834, 11835, 11836, 11837, 11838, 11839, 11840",3/21/24,5/9/24,7:00:00,17:00:00,60,Thu,ID Missing,No Preceptor Assigned,Fundamentals,527 MN - Foundation of Nursing Practice,4E neurovascular,Archived (Completed),Completed,2024,Spring 2024,Emory University,60.77
430908,Emory University - SON Pre-licensure,Emory University Hospital Midtown,Nursing,Cohort Rotation,6,8,"11841, 11842, 11843, 11844, 11845, 11846",3/21/24,5/9/24,7:00:00,17:00:00,60,Thu,ID Missing,No Preceptor Assigned,Fundamentals,527 MN - Foundation of Nursing Practice,31: Ortho/Neuro,Archived (Completed),Completed,2024,Spring 2024,Emory University,60.77
430920,Emory University - SON Pre-licensure,Emory University Orthopaedics And Spine Hospital,Nursing,Cohort Rotation,6,8,"11847, 11848, 11849, 11117, 11850, 11851",3/21/24,5/9/24,7:00:00,17:00:00,60,Thu,ID Missing,No Preceptor Assigned,Fundamentals,527 MN - Foundation of Nursing Practice,-no preference-,Archived (Completed),Completed,2024,Spring 2024,Emory University,60.77
430921,Emory University - SON Pre-licensure,Emory University Hospital,Nursing,Cohort Rotation,8,8,"11852, 11853, 11854, 11855, 11856, 11857, 11858, 11859",3/21/24,5/9/24,7:00:00,19:00:00,60,Thu,ID Missing,No Preceptor Assigned,Fundamentals,527 MN - Foundation of Nursing Practice,8T North: Oncology,Archived (Completed),Completed,2024,Spring 2024,Emory University,60.77
430922,Emory University - SON Pre-licensure,Emory Decatur Hospital,Nursing,Cohort Rotation,6,8,"11860, 11861, 11862, 11863, 11864, 11865",3/22/24,5/10/24,7:00:00,17:00:00,60,Fri,ID Missing,No Preceptor Assigned,Fundamentals,527 MN - Foundation of Nursing Practice,Cardiac Telemetry - 2400,Archived (Completed),Completed,2024,Spring 2024,Emory University,60.77
430923,Emory University - SON Pre-licensure,Emory Johns Creek Hospital,Nursing,Cohort Rotation,7,8,"11866, 11867, 11868, 11869, 11870, 11871, 11872",3/22/24,5/10/24,7:00:00,19:00:00,60,Fri,ID Missing,No Preceptor Assigned,Fundamentals,527 MN - Foundation of Nursing Practice,6W oncology/hospice,Archived (Completed),Completed,2024,Spring 2024,Emory University,60.77
430926,Emory University - SON Pre-licensure,Emory Saint Joseph's Hospital,Nursing,Cohort Rotation,7,8,"11873, 11874, 11875, 11876, 11877, 11878, 11879",3/22/24,5/10/24,7:00:00,17:00:00,60,Fri,ID Missing,No Preceptor Assigned,Fundamentals,527 MN - Foundation of Nursing Practice,6E internal medicine,Archived (Completed),Completed,2024,Spring 2024,Emory University,60.77
430928,Emory University - SON Pre-licensure,Emory University Hospital,Nursing,Cohort Rotation,7,8,"11880, 11881, 11882, 11883, 11884, 11885, 11886",3/22/24,5/10/24,7:00:00,19:00:00,8,Fri,ID Missing,No Preceptor Assigned,Fundamentals,527 MN - Foundation of Nursing Practice,6G: Medical,Archived (Completed),Completed,2024,Spring 2024,Emory University,60.77
430937,Emory University - SON Pre-licensure,Emory Johns Creek Hospital,Nursing,Cohort Rotation,5,8,"11451, 11407, 11415, 11432, 11575",1/16/24,3/5/24,7:00:00,19:00:00,60,Tue,ID Missing,No Preceptor Assigned,Other (see comments),NRSG 391 - Adult and Geriatric Practicum,4th floor: med-surg,Archived (Completed),Completed,2024,Spring 2024,Emory University,60.77
430939,Emory University - SON Pre-licensure,Emory Saint Joseph's Hospital,Nursing,Cohort Rotation,7,8,"11413, 11482, 11418, 10999, 11507, 11392, 11577",1/16/24,3/5/24,0:00:00,23:59:00,60,Tue,ID Missing,No Preceptor Assigned,Other (see comments),NRSG 391 - Adult and Geriatric Practicum,5E internal medicine,Archived (Completed),Completed,2024,Spring 2024,Emory University,60.77
430940,Emory University - SON Pre-licensure,Emory University Hospital,Nursing,Cohort Rotation,7,8,"11467, 11475, 11398, 11566, 11567, 11425, 11573",1/16/24,3/5/24,7:00:00,19:00:00,60,Tue,ID Missing,No Preceptor Assigned,Other (see comments),NRSG 391 - Adult and Geriatric Practicum,6E: CV Stepdown/Heart Transplant,Archived (Completed),Completed,2024,Spring 2024,Emory University,60.77
430941,Emory University - SON Pre-licensure,Emory University Hospital,Nursing,Cohort Rotation,7,8,"11072, 11416, 11510, 11457, 11576, 11490, 11480",1/16/24,3/5/24,7:00:00,19:00:00,60,Tue,ID Missing,No Preceptor Assigned,Other (see comments),NRSG 391 - Adult and Geriatric Practicum,9E: Neuroscience,Archived (Completed),Completed,2024,Spring 2024,Emory University,60.77
430942,Emory University - SON Pre-licensure,Emory University Hospital Midtown,Nursing,Cohort Rotation,6,8,"11410, 11411, 11454, 11509, 11399, 11391",1/16/24,3/5/24,7:00:00,19:00:00,60,Tue,ID Missing,No Preceptor Assigned,Other (see comments),NRSG 391 - Adult and Geriatric Practicum,72: Med/Surg,Archived (Completed),Completed,2024,Spring 2024,Emory University,60.77
430943,Emory University - SON Pre-licensure,Emory University Hospital,Nursing,Cohort Rotation,7,8,"11477, 11511, 11488, 11421, 11428, 11406, 11439",1/17/24,3/6/24,7:00:00,19:00:00,60,Wed,ID Missing,No Preceptor Assigned,Other (see comments),NRSG 391 - Adult and Geriatric Practicum,10E (DEU): Surgical,Archived (Completed),Completed,2024,Spring 2024,Emory University,60.77
430946,Emory University - SON Pre-licensure,Emory University Hospital,Nursing,Cohort Rotation,6,8,"11419, 11433, 11417, 11491, 11471, 11487",1/17/24,3/6/24,7:00:00,19:00:00,60,Wed,ID Missing,No Preceptor Assigned,Other (see comments),NRSG 391 - Adult and Geriatric Practicum,6T: Transplant,Archived (Completed),Completed,2024,Spring 2024,Emory University,60.77
430947,Emory University - SON Pre-licensure,Emory University Hospital Midtown,Nursing,Cohort Rotation,7,8,"11459, 11463, 11569, 11390, 11512, 11464, 11495",1/17/24,3/6/24,7:00:00,19:00:00,60,Wed,2004,No Preceptor Assigned,Other (see comments),NRSG 391 - Adult and Geriatric Practicum,31: Ortho/Neuro,Archived (Completed),Completed,2024,Spring 2024,Emory University,60.77
430948,Emory University - SON Pre-licensure,Emory University Hospital Midtown,Nursing,Cohort Rotation,6,8,"11571, 11478, 11440, 11436, 11441, 11442",1/17/24,3/6/24,7:00:00,19:00:00,60,Wed,ID Missing,No Preceptor Assigned,Other (see comments),NRSG 391 - Adult and Geriatric Practicum,51: Med-Surg,Archived (Completed),Completed,2024,Spring 2024,Emory University,60.77
430949,Emory University - SON Pre-licensure,Emory University Hospital,Nursing,Cohort Rotation,6,8,"11396, 11470, 11422, 11444, 11434, 11437",1/20/24,3/9/24,7:00:00,19:00:00,60,Sat,ID Missing,No Preceptor Assigned,Other (see comments),NRSG 391 - Adult and Geriatric Practicum,6E: CV Stepdown/Heart Transplant,Archived (Completed),Completed,2024,Spring 2024,Emory University,60.77
430963,Emory University - SON Pre-licensure,Emory Johns Creek Hospital,Nursing,Cohort Rotation,7,8,"11449, 11402, 11499, 11446, 11408, 11500, 11448",3/19/24,5/7/24,7:00:00,19:00:00,60,Tue,ID Missing,No Preceptor Assigned,Other (see comments),NRSG 391 - Adult and Geriatric Practicum,4th floor: med-surg,Archived (Completed),Completed,2024,Spring 2024,Emory University,60.77
430965,Emory University - SON Pre-licensure,Emory Saint Joseph's Hospital,Nursing,Cohort Rotation,6,8,"11403, 11405, 11461, 11492, 11578, 11427",3/19/24,5/7/24,7:00:00,19:00:00,60,Tue,ID Missing,No Preceptor Assigned,Other (see comments),NRSG 391 - Adult and Geriatric Practicum,5E internal medicine,Archived (Completed),Completed,2024,Spring 2024,Emory University,60.77
430968,Emory University - SON Pre-licensure,Emory University Hospital,Nursing,Cohort Rotation,8,8,"11514, 11401, 11452, 11426, 11429, 11496, 11481, 11472",3/19/24,5/7/24,7:00:00,19:00:00,60,Tue,ID Missing,No Preceptor Assigned,Other (see comments),NRSG 391 - Adult and Geriatric Practicum,6E: CV Stepdown/Heart Transplant,Archived (Completed),Completed,2024,Spring 2024,Emory University,60.77
430969,Emory University - SON Pre-licensure,Emory University Hospital,Nursing,Cohort Rotation,8,8,"11468, 11476, 11397, 11502, 11394, 11435, 11438, 11484",3/19/24,5/7/24,7:00:00,19:00:00,60,Tue,ID Missing,No Preceptor Assigned,Other (see comments),NRSG 391 - Adult and Geriatric Practicum,9E: Neuroscience,Archived (Completed),Completed,2024,Spring 2024,Emory University,60.77
430970,Emory University - SON Pre-licensure,Emory University Hospital Midtown,Nursing,Cohort Rotation,6,8,"11395, 11412, 11466, 11462, 11489, 11431",3/19/24,5/7/24,7:00:00,19:00:00,60,Tue,ID Missing,No Preceptor Assigned,Other (see comments),NRSG 391 - Adult and Geriatric Practicum,72: Med/Surg,Archived (Completed),Completed,2024,Spring 2024,Emory University,60.77
430971,Emory University - SON Pre-licensure,Emory University Hospital,Nursing,Cohort Rotation,6,8,"11474, 11493, 11570, 11498, 11443, 11503",3/20/24,5/8/24,7:00:00,19:00:00,60,Wed,ID Missing,No Preceptor Assigned,Other (see comments),NRSG 391 - Adult and Geriatric Practicum,10E (DEU): Surgical,Archived (Completed),Completed,2024,Spring 2024,Emory University,60.77
431008,Emory University - SON Pre-licensure,Emory University Hospital,Nursing,Cohort Rotation,6,8,"11453, 11393, 11460, 11568, 11486, 11409",3/20/24,5/8/24,7:00:00,19:00:00,60,Wed,ID Missing,No Preceptor Assigned,Other (see comments),NRSG 391 - Adult and Geriatric Practicum,6T: Transplant,Archived (Completed),Completed,2024,Spring 2024,Emory University,60.77
431009,Emory University - SON Pre-licensure,Emory University Hospital Midtown,Nursing,Cohort Rotation,6,8,"11504, 11445, 11505, 11420, 11450, 11423",3/20/24,5/8/24,7:00:00,19:00:00,60,Wed,2004,No Preceptor Assigned,Other (see comments),NRSG 391 - Adult and Geriatric Practicum,31: Ortho/Neuro,Archived (Completed),Completed,2024,Spring 2024,Emory University,60.77
431012,Emory University - SON Pre-licensure,Emory University Hospital Midtown,Nursing,Cohort Rotation,7,8,"11579, 11501, 11400, 11456, 11508, 11485, 11506",3/20/24,5/8/24,7:00:00,19:00:00,60,Wed,ID Missing,No Preceptor Assigned,Other (see comments),NRSG 391 - Adult and Geriatric Practicum,51: Med-Surg,Archived (Completed),Completed,2024,Spring 2024,Emory University,60.77
431013,Emory University - SON Pre-licensure,Emory University Hospital,Nursing,Cohort Rotation,5,8,"11458, 11513, 11479, 11430, 11404",3/23/24,5/11/24,7:00:00,19:00:00,60,Sat,ID Missing,No Preceptor Assigned,Other (see comments),NRSG 391 - Adult and Geriatric Practicum,6E: CV Stepdown/Heart Transplant,Archived (Completed),Completed,2024,Spring 2024,Emory University,60.77
431690,Emory University - SON Pre-licensure,Emory University Hospital Midtown,Nursing,Cohort Rotation,7,7,"10407, 10535, 10412, 11000, 11099, 11047, 11062",1/16/24,3/5/24,7:00:00,19:00:00,60,Tue,ID Missing,No Preceptor Assigned,Perinatal - OB,NRSG 392 - Maternity Practicum,42/54: Mother/Baby,Archived (Completed),Completed,2024,Spring 2024,Emory University,60.77
431691,Emory University - SON Pre-licensure,Emory Decatur Hospital,Nursing,Cohort Rotation,6,6,"10106, 11012, 11039, 11026, 11035, 11124",1/23/24,3/5/24,7:00:00,19:00:00,60,Tue,2004,No Preceptor Assigned,Perinatal - OB,NRSG 392 - Maternity Practicum,Mother/Baby,Archived (Completed),Completed,2024,Spring 2024,Emory University,60.77
431692,Emory University - SON Pre-licensure,Emory University Hospital Midtown,Nursing,Cohort Rotation,6,6,"11010, 11037, 11042, 11128, 11116, 11043",1/24/24,3/6/24,7:00:00,19:00:00,60,Wed,ID Missing,No Preceptor Assigned,Perinatal - OB,NRSG 392 - Maternity Practicum,42/54: Mother/Baby,Archived (Completed),Completed,2024,Spring 2024,Emory University,60.77
431697,Emory University - SON Pre-licensure,Emory Decatur Hospital,Nursing,Cohort Rotation,6,6,"11054, 11055, 11075, 11092, 11098, 11059",1/24/24,3/6/24,7:00:00,19:00:00,60,Wed,"ID Missing, ID Missing",No Preceptor Assigned,Perinatal - OB,NRSG 392 - Maternity Practicum,Mother/Baby,Archived (Completed),Completed,2024,Spring 2024,Emory University,60.77
431698,Emory University - SON Pre-licensure,Emory Johns Creek Hospital,Nursing,Cohort Rotation,6,6,"11109, 11103, 11104, 11110, 11130, 11028",1/24/24,3/6/24,7:00:00,19:00:00,60,Wed,ID Missing,No Preceptor Assigned,Perinatal - OB,NRSG 392 - Maternity Practicum,"Maternity: M/B, L&D, NICU",Archived (Completed),Completed,2024,Spring 2024,Emory University,60.77
431701,Emory University - SON Pre-licensure,Emory University Hospital Midtown,Nursing,Cohort Rotation,8,8,"11073, 11056, 11022, 11023, 11118, 11004, 11006, 11041",3/26/24,5/7/24,7:00:00,19:00:00,60,Tue,2004,No Preceptor Assigned,Perinatal - OB,NRSG 392 - Maternity Practicum,42/54: Mother/Baby,Archived (Completed),Completed,2024,Spring 2024,Emory University,60.77
431704,Emory University - SON Pre-licensure,Emory Decatur Hospital,Nursing,Cohort Rotation,6,6,"11112, 11025, 11032, 11274, 10994, 11086",3/26/24,5/7/24,0:00:00,23:59:00,60,Tue,"ID Missing, ID Missing",No Preceptor Assigned,Perinatal - OB,NRSG 392 - Maternity Practicum,Mother/Baby,Archived (Completed),Completed,2024,Spring 2024,Emory University,60.77
431705,Emory University - SON Pre-licensure,Emory University Hospital Midtown,Nursing,Cohort Rotation,7,8,"11094, 11057, 11095, 11107, 11038, 11123, 11129",3/27/24,5/8/24,7:00:00,19:00:00,60,Wed,ID Missing,No Preceptor Assigned,Perinatal - OB,NRSG 392 - Maternity Practicum,42/54: Mother/Baby,Archived (Completed),Completed,2024,Spring 2024,Emory University,60.77
431706,Emory University - SON Pre-licensure,Emory Decatur Hospital,Nursing,Cohort Rotation,6,6,"11102, 10389, 11115, 11064, 10418, 11017",3/27/24,5/8/24,7:00:00,19:00:00,60,Wed,"ID Missing, ID Missing",No Preceptor Assigned,Perinatal - OB,NRSG 392 - Maternity Practicum,Mother/Baby,Archived (Completed),Completed,2024,Spring 2024,Emory University,60.77
431707,Emory University - SON Pre-licensure,Emory Johns Creek Hospital,Nursing,Cohort Rotation,6,6,"11076, 11016, 11051, 10372, 10414, 11070",3/27/24,5/8/24,7:00:00,19:00:00,60,Wed,ID Missing,No Preceptor Assigned,Perinatal - OB,NRSG 392 - Maternity Practicum,"Maternity: M/B, L&D, NICU",Archived (Completed),Completed,2024,Spring 2024,Emory University,60.77
432002,Emory University - SON Pre-licensure,Emory University Hospital At Wesley Woods,Nursing,Cohort Rotation,7,8,"11483, 11474, 11493, 11506, 11469, 11443, 11409",1/16/24,3/5/24,7:00:00,19:00:00,60,Tue,ID Missing,No Preceptor Assigned,Psychiatry; Mental Health; Behavioral Medicine,NRSG 393 - Mental Health Practicum,Inpatient Psych,Archived (Completed),Completed,2024,Spring 2024,Emory University,60.77
432003,Emory University - SON Pre-licensure,Emory Decatur Hospital,Nursing,Cohort Rotation,6,6,"11430, 11496, 11481, 11447, 11497, 11494",1/16/24,3/5/24,7:00:00,19:00:00,60,Tue,ID Missing,No Preceptor Assigned,Psychiatry; Mental Health; Behavioral Medicine,NRSG 393 - Mental Health Practicum,Behavioral Health (acute) - 1800,Archived (Completed),Completed,2024,Spring 2024,Emory University,60.77
432004,Emory University - SON Pre-licensure,Emory Decatur Hospital,Nursing,Cohort Rotation,0,8,No Students Assigned,1/17/24,3/6/24,7:00:00,19:00:00,60,Wed,ID Missing,No Preceptor Assigned,Psychiatry; Mental Health; Behavioral Medicine,NRSG 393 - Mental Health Practicum,Behavioral Health (acute) - 1800,Archived (Completed),Completed,2024,Spring 2024,Emory University,60.77
432006,Emory University - SON Pre-licensure,Emory University Hospital At Wesley Woods,Nursing,Cohort Rotation,6,8,"11388, 11396, 11467, 11475, 11391, 11414",3/26/24,5/7/24,7:00:00,19:00:00,60,Tue,ID Missing,No Preceptor Assigned,Psychiatry; Mental Health; Behavioral Medicine,NRSG 393 - Mental Health Practicum,Inpatient Psych,Archived (Completed),Completed,2024,Spring 2024,Emory University,60.77
432008,Emory University - SON Pre-licensure,Emory Decatur Hospital,Nursing,Cohort Rotation,5,8,"11425, 11491, 11573, 11422, 11444",3/19/24,5/7/24,7:00:00,19:00:00,60,Tue,ID Missing,No Preceptor Assigned,Psychiatry; Mental Health; Behavioral Medicine,NRSG 393 - Mental Health Practicum,Behavioral Health (acute) - 1800,Archived (Completed),Completed,2024,Spring 2024,Emory University,60.77
432009,Emory University - SON Pre-licensure,Emory University Hospital At Wesley Woods,Nursing,Cohort Rotation,4,8,"11410, 11439, 11411, 11454",3/27/24,5/8/24,0:00:00,23:59:00,60,Wed,ID Missing,No Preceptor Assigned,Psychiatry; Mental Health; Behavioral Medicine,NRSG 393 - Mental Health Practicum,Inpatient Psych,Archived (Completed),Completed,2024,Spring 2024,Emory University,60.77
432011,Emory University - SON Pre-licensure,Emory Decatur Hospital,Nursing,Cohort Rotation,0,8,No Students Assigned,3/20/24,5/8/24,7:00:00,19:00:00,60,Wed,ID Missing,No Preceptor Assigned,Psychiatry; Mental Health; Behavioral Medicine,NRSG 393 - Mental Health Practicum,Behavioral Health (acute) - 1800,Archived (Completed),Completed,2024,Spring 2024,Emory University,60.77
432324,Emory University - SON Pre-licensure,Emory University Hospital,Nursing,Cohort Rotation,4,8,"11334, 11561, 11353, 11354",1/16/24,3/5/24,7:00:00,19:00:00,60,Tue,ID Missing,No Preceptor Assigned,Other (see comments),NRSG 391 - Adult and Geriatric Practicum,7G: Medical,Archived (Completed),Completed,2024,Spring 2024,Emory University,60.77
432328,Emory University - SON Pre-licensure,Emory University Hospital,Nursing,Cohort Rotation,7,8,"11553, 11295, 11328, 11283, 11361, 11384, 11333",3/19/24,5/7/24,7:00:00,19:00:00,60,Tue,ID Missing,No Preceptor Assigned,Other (see comments),NRSG 391 - Adult and Geriatric Practicum,7G: Medical,Archived (Completed),Completed,2024,Spring 2024,Emory University,60.77
432334,Emory University - SON Pre-licensure,Emory Saint Joseph's Hospital,Nursing,Cohort Rotation,5,8,"11312, 11378, 11355, 11311, 11385",1/16/24,3/5/24,7:00:00,19:00:00,60,Tue,ID Missing,No Preceptor Assigned,Other (see comments),NRSG 391 - Adult and Geriatric Practicum,6W pulmonary thoracic,Archived (Completed),Completed,2024,Spring 2024,Emory University,60.77
432335,Emory University - SON Pre-licensure,Emory University Hospital,Nursing,Cohort Rotation,6,8,"11555, 11316, 11559, 11379, 11332, 11327",1/16/24,3/5/24,7:00:00,19:00:00,60,Tue,ID Missing,No Preceptor Assigned,Other (see comments),NRSG 391 - Adult and Geriatric Practicum,6G: Medical,Archived (Completed),Completed,2024,Spring 2024,Emory University,60.77
432337,Emory University - SON Pre-licensure,Emory University Hospital Midtown,Nursing,Cohort Rotation,3,8,"11310, 11387, 11385",1/16/24,3/5/24,0:00:00,23:59:00,60,Tue,ID Missing,No Preceptor Assigned,Other (see comments),NRSG 391 - Adult and Geriatric Practicum,51: Med-Surg,Archived (Completed),Completed,2024,Spring 2024,Emory University,60.77
432339,Emory University - SON Pre-licensure,Emory Saint Joseph's Hospital,Nursing,Cohort Rotation,6,8,"11285, 11356, 11554, 11290, 11340, 11337",1/17/24,3/6/24,7:00:00,19:00:00,60,Wed,ID Missing,No Preceptor Assigned,Other (see comments),NRSG 391 - Adult and Geriatric Practicum,3W cardiology,Archived (Completed),Completed,2024,Spring 2024,Emory University,60.77
432342,Emory University - SON Pre-licensure,Emory University Hospital,Nursing,Cohort Rotation,6,8,"11293, 11296, 11282, 11557, 11330, 11362",1/17/24,3/6/24,7:00:00,19:00:00,60,Wed,ID Missing,No Preceptor Assigned,Other (see comments),NRSG 391 - Adult and Geriatric Practicum,7T: Surgical,Archived (Completed),Completed,2024,Spring 2024,Emory University,60.77
432344,Emory University - SON Pre-licensure,Emory University Hospital Midtown,Nursing,Cohort Rotation,6,8,"11304, 11366, 11367, 11563, 11344, 11314",1/17/24,3/6/24,7:00:00,19:00:00,60,Wed,ID Missing,No Preceptor Assigned,Other (see comments),NRSG 391 - Adult and Geriatric Practicum,21: General Surgery,Archived (Completed),Completed,2024,Spring 2024,Emory University,60.77
432346,Emory University - SON Pre-licensure,Emory University Hospital Midtown,Nursing,Cohort Rotation,6,8,"11552, 11303, 11317, 11368, 11319, 11360",1/17/24,3/6/24,7:00:00,19:00:00,60,Wed,ID Missing,No Preceptor Assigned,Other (see comments),NRSG 391 - Adult and Geriatric Practicum,72: Med/Surg,Archived (Completed),Completed,2024,Spring 2024,Emory University,60.77
432350,Emory University - SON Pre-licensure,Emory University Hospital,Nursing,Cohort Rotation,6,8,"11377, 11351, 11386, 11562, 11335, 11359",1/20/24,3/9/24,7:00:00,19:00:00,60,Sat,ID Missing,No Preceptor Assigned,Other (see comments),NRSG 391 - Adult and Geriatric Practicum,7T: Surgical,Archived (Completed),Completed,2024,Spring 2024,Emory University,60.77
432352,Emory University - SON Pre-licensure,Emory Johns Creek Hospital,Nursing,Cohort Rotation,6,8,"11338, 11313, 11376, 11556, 11339, 11347",1/17/24,3/6/24,7:00:00,19:00:00,60,Wed,ID Missing,No Preceptor Assigned,Other (see comments),NRSG 391 - Adult and Geriatric Practicum,4th floor: med-surg,Archived (Completed),Completed,2024,Spring 2024,Emory University,60.77
432354,Emory University - SON Pre-licensure,Emory Saint Joseph's Hospital,Nursing,Cohort Rotation,7,8,"11301, 11320, 11279, 11297, 11302, 11372, 11357",3/19/24,5/7/24,7:00:00,19:00:00,60,Tue,ID Missing,No Preceptor Assigned,Other (see comments),NRSG 391 - Adult and Geriatric Practicum,6W pulmonary thoracic,Archived (Completed),Completed,2024,Spring 2024,Emory University,60.77
432365,Emory University - SON Pre-licensure,Emory University Hospital Midtown,Nursing,Cohort Rotation,6,8,"11286, 11370, 11341, 11374, 11308, 11309",3/19/24,5/7/24,7:00:00,19:00:00,60,Tue,ID Missing,No Preceptor Assigned,Other (see comments),NRSG 391 - Adult and Geriatric Practicum,51: Med-Surg,Archived (Completed),Completed,2024,Spring 2024,Emory University,60.77
432368,Emory University - SON Pre-licensure,Emory Saint Joseph's Hospital,Nursing,Cohort Rotation,7,8,"11322, 11321, 11560, 11345, 11299, 11300, 11324",3/20/24,5/8/24,7:00:00,19:00:00,60,Wed,ID Missing,No Preceptor Assigned,Other (see comments),NRSG 391 - Adult and Geriatric Practicum,3W cardiology,Archived (Completed),Completed,2024,Spring 2024,Emory University,60.77
432375,Emory University - SON Pre-licensure,Emory University Hospital,Nursing,Cohort Rotation,7,8,"11329, 11364, 11331, 11280, 11292, 11294, 11363",3/20/24,5/8/24,7:00:00,19:00:00,60,Tue,ID Missing,No Preceptor Assigned,Other (see comments),NRSG 391 - Adult and Geriatric Practicum,7T: Surgical,Archived (Completed),Completed,2024,Spring 2024,Emory University,60.77
432378,Emory University - SON Pre-licensure,Emory University Hospital Midtown,Nursing,Cohort Rotation,5,8,"11551, 11342, 11365, 11326, 11325",3/20/24,5/8/24,7:00:00,19:00:00,60,Wed,ID Missing,No Preceptor Assigned,Other (see comments),NRSG 391 - Adult and Geriatric Practicum,21: General Surgery,Archived (Completed),Completed,2024,Spring 2024,Emory University,60.77
432383,Emory University - SON Pre-licensure,Emory University Hospital Midtown,Nursing,Cohort Rotation,4,8,"11350, 11306, 11369, 11371",3/20/24,5/8/24,7:00:00,19:00:00,60,Wed,ID Missing,No Preceptor Assigned,Other (see comments),NRSG 391 - Adult and Geriatric Practicum,72: Med/Surg,Archived (Completed),Completed,2024,Spring 2024,Emory University,60.77
432386,Emory University - SON Pre-licensure,Emory University Hospital,Nursing,Cohort Rotation,6,8,"11381, 11315, 11373, 11383, 11289, 11382",3/23/24,5/11/24,7:00:00,19:00:00,60,Sat,ID Missing,No Preceptor Assigned,Other (see comments),NRSG 391 - Adult and Geriatric Practicum,7T: Surgical,Archived (Completed),Completed,2024,Spring 2024,Emory University,60.77
432388,Emory University - SON Pre-licensure,Emory Johns Creek Hospital,Nursing,Cohort Rotation,7,8,"11305, 11291, 11558, 11336, 11352, 11348, 11564",3/20/24,5/8/24,7:00:00,19:00:00,60,Wed,ID Missing,No Preceptor Assigned,Other (see comments),NRSG 391 - Adult and Geriatric Practicum,4th floor: med-surg,Archived (Completed),Completed,2024,Spring 2024,Emory University,60.77
433714,Chamberlain College of Nursing - Georgia,Emory University Hospital At Wesley Woods,Nursing,Cohort Rotation,6,6,"11887, 11888, 11889, 11890, 11891, 11892",1/12/24,2/16/24,7:00:00,19:00:00,48,Fri,ID Missing,No Preceptor Assigned,Psychiatry; Mental Health; Behavioral Medicine,NR 326 - Mental Health Nursing,Inpatient Psych,Archived (Completed),Completed,2024,Spring 2024,Chamberlain College of Nursing - Georgia,77.66
434037,Emory University - SON Pre-licensure,Emory University Hospital At Wesley Woods,Nursing,Cohort Rotation,6,8,"11504, 11445, 11505, 11446, 11450, 11438",1/17/24,3/6/24,7:00:00,19:00:00,60,Wed,ID Missing,No Preceptor Assigned,Psychiatry; Mental Health; Behavioral Medicine,NRSG 393 - Mental Health Practicum,Inpatient Psych,Archived (Completed),Completed,2024,Spring 2024,Emory University,60.77
434045,Emory University - SON Pre-licensure,Emory University Hospital,Nursing,Cohort Rotation,6,8,"11343, 11349, 11284, 11318, 11565, 11287",3/19/24,5/7/24,7:00:00,19:00:00,60,Tue,ID Missing,No Preceptor Assigned,Other (see comments),NRSG 391 - Adult and Geriatric Practicum,6G: Medical,Archived (Completed),Completed,2024,Spring 2024,Emory University,60.77
434909,Emory University - SON Pre-licensure,Emory Johns Creek Hospital,Nursing,Cohort Rotation,4,8,"11894, 11895, 11896, 11897",8/4/24,8/24/24,7:00:00,19:00:00,96,,"ID Missing, ID Missing, ID Missing",No Preceptor Assigned,MedSurg - Acute Care,NRSG 356D - Acute and Chronic I Care Clinical Practicum Adult and Geriatric Populations,3rd floor: med-surg,Archived (Completed),Completed,2024,Fall 2024,Emory University,60.77
434912,Emory University - SON Pre-licensure,Emory Johns Creek Hospital,Nursing,Cohort Rotation,4,8,"11898, 11899, 11900, 11901",8/4/24,8/24/24,7:00:00,19:00:00,96,,"ID Missing, ID Missing, ID Missing",No Preceptor Assigned,MedSurg - Acute Care,NRSG 356D - Acute and Chronic I Care Clinical Practicum Adult and Geriatric Populations,6N: medical cardiology,Archived (Completed),Completed,2024,Fall 2024,Emory University,60.77
434914,Emory University - SON Pre-licensure,Emory University Hospital,Nursing,Cohort Rotation,3,8,"11902, 11903, 11904",8/4/24,8/24/24,7:00:00,19:00:00,96,,"ID Missing, ID Missing",No Preceptor Assigned,MedSurg - Acute Care,NRSG 356D - Acute and Chronic I Care Clinical Practicum Adult and Geriatric Populations,7T: Surgical,Archived (Completed),Completed,2024,Fall 2024,Emory University,60.77
434922,Emory University - SON Pre-licensure,Emory Saint Joseph's Hospital,Nursing,Cohort Rotation,5,8,"11905, 11906, 11907, 11908, 11909",8/4/24,8/24/24,7:00:00,19:00:00,96,,"ID Missing, ID Missing, ID Missing, ID Missing",No Preceptor Assigned,MedSurg - Acute Care,NRSG 356D - Acute and Chronic I Care Clinical Practicum Adult and Geriatric Populations,3E heart failure,Archived (Completed),Completed,2024,Fall 2024,Emory University,60.77
435615,Chamberlain College of Nursing - Georgia,Emory Saint Joseph's Hospital,Nursing,Cohort Rotation,7,8,"11910, 11911, 11912, 11913, 11914, 11915, 11916",1/9/24,2/27/24,0:00:00,23:59:00,96,Tue,ID Missing,No Preceptor Assigned,MedSurg - Acute Care,NR 325 - Adult Health II,4W renal and urology,Archived (Completed),Completed,2024,Spring 2024,Chamberlain College of Nursing - Georgia,77.66
435690,Chamberlain College of Nursing - Georgia,Emory Hillandale Hospital,Nursing,Cohort Rotation,6,8,"11917, 11918, 11919, 11920, 11921, 11922",1/8/24,2/26/24,7:00:00,19:00:00,96,Mon,ID Missing,No Preceptor Assigned,MedSurg - Acute Care,NR 446 - Collaborative Health,4th floor - telemetry,Archived (Completed),Completed,2024,Spring 2024,Chamberlain College of Nursing - Georgia,77.66
436235,Emory University - SON Pre-licensure,Emory University Hospital Midtown,Nursing,Cohort Rotation,8,8,"11082, 11030, 11106, 11031, 11122, 11034, 11120, 11093",1/27/24,3/9/24,7:00:00,19:00:00,60,Sat,ID Missing,No Preceptor Assigned,Perinatal - OB,NRSG 392 - Maternity Practicum,42/54: Mother/Baby,Archived (Completed),Completed,2024,Spring 2024,Emory University,60.77
436240,Emory University - SON Pre-licensure,Emory University Hospital Midtown,Nursing,Cohort Rotation,7,8,"11005, 11053, 11071, 11068, 10996, 11027, 11049",3/30/24,5/11/24,7:00:00,19:00:00,60,Sat,ID Missing,No Preceptor Assigned,Perinatal - OB,NRSG 392 - Maternity Practicum,42/54: Mother/Baby,Archived (Completed),Completed,2024,Spring 2024,Emory University,60.77
436533,Chamberlain College of Nursing - Atlanta,Emory University Hospital At Wesley Woods,Nursing,Cohort Rotation,6,6,"10165, 10166, 10167, 10154, 11924, 10155",3/8/24,4/19/24,7:00:00,19:00:00,48,Fri,ID Missing,No Preceptor Assigned,Psychiatry; Mental Health; Behavioral Medicine,NR 326 - Mental Health Nursing,Inpatient Psych,Archived (Completed),Completed,2024,Spring 2024,Chamberlain College of Nursing - Atlanta,72.88
438360,Chamberlain College of Nursing - Atlanta,Emory Saint Joseph's Hospital,Nursing,Cohort Rotation,0,8,No Students Assigned,3/8/24,3/29/24,7:00:00,19:00:00,48,Fri,ID Missing,No Preceptor Assigned,MedSurg - Acute Care,NR 452 - Capstone Course,3SW GI medicine/bariatrics,Archived (Completed),Completed,2024,Spring 2024,Chamberlain College of Nursing - Atlanta,72.88
442814,Chamberlain College of Nursing - Atlanta,Emory Hillandale Hospital,Nursing,Cohort Rotation,7,8,"11917, 11918, 11919, 11920, 11922, 11921, 11663",3/9/24,3/30/24,7:00:00,19:00:00,36,Sat,ID Missing,No Preceptor Assigned,MedSurg - Acute Care,NR 452 - Capstone Course,3rd floor - med surg,Archived (Completed),Completed,2024,Spring 2024,Chamberlain College of Nursing - Atlanta,72.88
443267,Chamberlain College of Nursing - Atlanta,Emory Saint Joseph's Hospital,Nursing,Cohort Rotation,7,8,"11592, 10915, 11928, 11929, 11930, 11931, 11932",3/5/24,4/23/24,7:00:00,15:00:00,96,Tue,ID Missing,No Preceptor Assigned,MedSurg - Acute Care,NR 324 - Adult Health I,4W renal and urology,Archived (Completed),Completed,2024,Spring 2024,Chamberlain College of Nursing - Atlanta,72.88
443643,Chamberlain College of Nursing - Atlanta,Emory Saint Joseph's Hospital,Nursing,Cohort Rotation,8,8,"10113, 10108, 11933, 10051, 11934, 10933, 11935, 11936",5/8/24,6/26/24,7:00:00,19:00:00,96,Wed,ID Missing,No Preceptor Assigned,MedSurg - Acute Care,NR 446 - Collaborative Health,6E internal medicine,Archived (Completed),Completed,2024,Spring 2024,Chamberlain College of Nursing - Atlanta,72.88
443682,Chamberlain College of Nursing - Atlanta,Emory Decatur Hospital,Nursing,Cohort Rotation,6,6,"10122, 10147, 11673, 11671, 11672, 10130",5/9/24,6/27/24,7:00:00,19:00:00,96,Thu,ID Missing,No Preceptor Assigned,MedSurg - Acute Care,NR 446 - Collaborative Health,General Medical - 4500,Archived (Completed),Completed,2024,Spring 2024,Chamberlain College of Nursing - Atlanta,72.88
443685,Chamberlain College of Nursing - Atlanta,Emory Saint Joseph's Hospital,Nursing,Cohort Rotation,7,8,"11674, 11676, 11937, 10131, 11938, 11677, 11675",5/10/24,6/28/24,7:00:00,19:00:00,96,Fri,ID Missing,No Preceptor Assigned,MedSurg - Acute Care,NR 446 - Collaborative Health,3SW GI medicine/bariatrics,Archived (Completed),Completed,2024,Spring 2024,Chamberlain College of Nursing - Atlanta,72.88
444272,Chamberlain College of Nursing - Atlanta,Emory Saint Joseph's Hospital,Nursing,Cohort Rotation,6,8,"11592, 11928, 11929, 11930, 11931, 11932",5/7/24,6/25/24,7:00:00,19:00:00,96,Tue,ID Missing,No Preceptor Assigned,MedSurg - Acute Care,NR 325 - Adult Health II,4W renal and urology,Archived (Completed),Completed,2024,Spring 2024,Chamberlain College of Nursing - Atlanta,72.88
445783,Chamberlain College of Nursing - Atlanta,Emory Decatur Hospital,Nursing,Cohort Rotation,6,6,"11939, 11940, 10889, 10937, 11941, 10936",9/4/24,9/25/24,7:00:00,19:00:00,48,Wed,ID Missing,No Preceptor Assigned,Critical/Intensive Care,NR341 - Complex Adult Health,ICU - 2500,Archived (Completed),Completed,2024,Fall 2024,Chamberlain College of Nursing - Atlanta,72.88
445784,Chamberlain College of Nursing - Atlanta,Emory Decatur Hospital,Nursing,Cohort Rotation,6,6,"11690, 11942, 11943, 11944, 10940, 11945",10/2/24,10/23/24,7:00:00,19:00:00,48,Wed,ID Missing,No Preceptor Assigned,Critical/Intensive Care,NR341 - Complex Adult Health,ICU - 2500,Archived (Completed),Completed,2024,Fall 2024,Chamberlain College of Nursing - Atlanta,72.88
446834,Chamberlain College of Nursing - Atlanta,Emory Saint Joseph's Hospital,Nursing,Cohort Rotation,8,8,"10113, 10132, 11946, 11933, 10051, 11934, 11935, 10871",7/10/24,7/31/24,7:00:00,19:00:00,48,Wed,ID Missing,No Preceptor Assigned,MedSurg - Acute Care,NR 452 - Capstone Course,6E internal medicine,Archived (Completed),Completed,2024,Fall 2024,Chamberlain College of Nursing - Atlanta,72.88
446835,Chamberlain College of Nursing - Atlanta,Emory Saint Joseph's Hospital,Nursing,Cohort Rotation,8,8,"10122, 10130, 11847, 11947, 11937, 10924, 10131, 11948",7/12/24,8/2/24,7:00:00,19:00:00,48,Fri,ID Missing,No Preceptor Assigned,MedSurg - Acute Care,NR 452 - Capstone Course,3SW GI medicine/bariatrics,Archived (Completed),Completed,2024,Fall 2024,Chamberlain College of Nursing - Atlanta,72.88
446837,Chamberlain College of Nursing - Atlanta,Emory Johns Creek Hospital,Nursing,Cohort Rotation,8,8,"11733, 11730, 10053, 11936, 10108, 10933, 11949, 11950",7/9/24,8/6/24,7:00:00,19:00:00,48,Tue,ID Missing,No Preceptor Assigned,MedSurg - Acute Care,NR 452 - Capstone Course,3rd floor: med-surg,Archived (Completed),Completed,2024,Fall 2024,Chamberlain College of Nursing - Atlanta,72.88
446914,Chamberlain College of Nursing - Atlanta,Emory Decatur Hospital,Nursing,Cohort Rotation,6,6,"10908, 11951, 10897, 10912, 10913, 11913",3/8/24,3/29/24,7:00:00,19:00:00,48,Fri,ID Missing,No Preceptor Assigned,Critical/Intensive Care,NR341 - Complex Adult Health,ICU - 2500,Archived (Completed),Completed,2024,Spring 2024,Chamberlain College of Nursing - Atlanta,72.88
446916,Chamberlain College of Nursing - Atlanta,Emory Decatur Hospital,Nursing,Cohort Rotation,6,6,"10902, 11952, 10907, 11953, 11954, 11955",4/5/24,4/26/24,7:00:00,19:00:00,48,Fri,ID Missing,No Preceptor Assigned,Critical/Intensive Care,NR341 - Complex Adult Health,ICU - 2500,Archived (Completed),Completed,2024,Spring 2024,Chamberlain College of Nursing - Atlanta,72.88
447971,South College - Atlanta Campus - Nursing,Emory Saint Joseph's Hospital,Nursing,Cohort Rotation,5,6,"11956, 11957, 11958, 11959, 11960",7/12/24,8/9/24,7:00:00,19:00:00,60,Fri,ID Missing,No Preceptor Assigned,MedSurg - Acute Care,NSG 4413 - Adult Health II,3E heart failure,Archived (Completed),Completed,2024,Fall 2024,South College Atlanta,60.0
449688,Emory University - SON Pre-licensure,Emory Decatur Hospital,Nursing,Cohort Rotation,3,6,"10393, 11090, 10998",3/30/24,5/11/24,7:00:00,19:00:00,60,Sat,ID Missing,No Preceptor Assigned,Perinatal - OB,NRSG 392 - Maternity Practicum,Mother/Baby,Archived (Completed),Completed,2024,Spring 2024,Emory University,60.77
449767,Chamberlain College of Nursing - Atlanta,Emory Saint Joseph's Hospital,Nursing,Cohort Rotation,6,8,"11961, 11962, 11963, 11964, 11965, 11966",7/9/24,8/27/24,7:00:00,19:00:00,96,Tue,ID Missing,No Preceptor Assigned,MedSurg - Acute Care,NR 324 - Adult Health I,3SW GI medicine/bariatrics,Archived (Completed),Completed,2024,Fall 2024,Chamberlain College of Nursing - Atlanta,72.88
449770,Chamberlain College of Nursing - Atlanta,Emory Saint Joseph's Hospital,Nursing,Cohort Rotation,8,8,"11967, 11968, 11969, 11970, 11971, 11972, 11973, 11974",7/9/24,8/27/24,7:00:00,19:00:00,96,Tue,ID Missing,No Preceptor Assigned,MedSurg - Acute Care,NR 324 - Adult Health I,5W internal medicine,Archived (Completed),Completed,2024,Fall 2024,Chamberlain College of Nursing - Atlanta,72.88
449829,Chamberlain College of Nursing - Atlanta,Emory Saint Joseph's Hospital,Nursing,Cohort Rotation,7,8,"11975, 11976, 11977, 11978, 11607, 11979, 11980",7/11/24,8/29/24,7:00:00,19:00:00,96,Thu,ID Missing,No Preceptor Assigned,MedSurg - Acute Care,NR 324 - Adult Health I,5W internal medicine,Archived (Completed),Completed,2024,Fall 2024,Chamberlain College of Nursing - Atlanta,72.88
449860,Chamberlain College of Nursing - Atlanta,Emory Saint Joseph's Hospital,Nursing,Cohort Rotation,6,8,"11981, 11982, 11983, 11984, 11985, 11986",7/13/24,8/31/24,7:00:00,19:00:00,96,Sat,ID Missing,No Preceptor Assigned,MedSurg - Acute Care,NR 324/ NR 325 - Med/Surg I & II,3S GI surgery,Archived (Completed),Completed,2024,Fall 2024,Chamberlain College of Nursing - Atlanta,72.88
449866,Chamberlain College of Nursing - Atlanta,Emory Saint Joseph's Hospital,Nursing,Cohort Rotation,8,8,"11987, 11988, 11989, 11990, 11991, 11992, 11993, 11994",7/9/24,8/27/24,7:00:00,19:00:00,96,Tue,ID Missing,No Preceptor Assigned,MedSurg - Acute Care,NR 324 - Adult Health I,4W renal and urology,Archived (Completed),Completed,2024,Fall 2024,Chamberlain College of Nursing - Atlanta,72.88
449870,Chamberlain College of Nursing - Atlanta,Emory University Hospital Midtown,Nursing,Cohort Rotation,8,8,"11995, 11996, 11997, 11998, 11999, 12000, 12001, 11608",7/11/24,8/29/24,7:00:00,19:00:00,96,Thu,ID Missing,No Preceptor Assigned,MedSurg - Acute Care,NR 324 - Adult Health I,22: Med/Surg,Archived (Completed),Completed,2024,Fall 2024,Chamberlain College of Nursing - Atlanta,72.88
450463,Georgia Baptist College of Nursing of Mercer University - Undergraduate Nursing - Atlanta,Emory University Hospital Midtown,Nursing,Cohort Rotation,5,8,"12002, 12003, 12004, 12005, 12006",8/30/24,9/20/24,7:00:00,19:00:00,40,Fri,ID Missing,No Preceptor Assigned,Perinatal - OB,NUR 407 - Care of the Childbearing Family,42/54: Mother/Baby,Archived (Completed),Completed,2024,Fall 2024,Mercer University,65.3
450464,Georgia Baptist College of Nursing of Mercer University - Undergraduate Nursing - Atlanta,Emory University Hospital Midtown,Nursing,Cohort Rotation,5,8,"12007, 12008, 12009, 12010, 12011",9/27/24,10/18/24,7:00:00,19:00:00,40,Fri,ID Missing,No Preceptor Assigned,Perinatal - OB,NUR 407 - Care of the Childbearing Family,42/54: Mother/Baby,Archived (Completed),Completed,2024,Fall 2024,Mercer University,65.3
450735,Chamberlain College of Nursing - Atlanta,Emory Saint Joseph's Hospital,Nursing,Cohort Rotation,8,8,"11995, 11998, 12000, 12001, 12012, 11996, 12013, 11997",5/9/24,6/13/24,7:00:00,15:00:00,48,Thu,ID Missing,No Preceptor Assigned,Fundamentals,NR 226 - Fundamentals - Patient Care,4W renal and urology,Archived (Completed),Completed,2024,Spring 2024,Chamberlain College of Nursing - Atlanta,72.88
450739,Chamberlain College of Nursing - Atlanta,Emory Saint Joseph's Hospital,Nursing,Cohort Rotation,7,8,"12014, 12015, 12016, 12017, 12018, 12019, 12020",5/10/24,6/14/24,7:00:00,15:00:00,48,Fri,ID Missing,No Preceptor Assigned,Fundamentals,NR 226 - Fundamentals - Patient Care,4W renal and urology,Archived (Completed),Completed,2024,Spring 2024,Chamberlain College of Nursing - Atlanta,72.88
451076,Chamberlain College of Nursing - Atlanta,Emory Saint Joseph's Hospital,Nursing,Cohort Rotation,8,8,"12021, 12022, 12023, 12024, 12025, 12026, 12027, 12028",9/5/24,10/10/24,7:00:00,15:00:00,48,Thu,ID Missing,No Preceptor Assigned,Fundamentals,NR 226 - Fundamentals - Patient Care,6E internal medicine,Archived (Completed),Completed,2024,Fall 2024,Chamberlain College of Nursing - Atlanta,72.88
451082,Chamberlain College of Nursing - Atlanta,Emory Saint Joseph's Hospital,Nursing,Cohort Rotation,5,8,"12029, 12030, 12031, 12032, 12033",9/5/24,10/10/24,7:00:00,15:00:00,48,Thu,ID Missing,No Preceptor Assigned,Fundamentals,NR 226 - Fundamentals - Patient Care,5E internal medicine,Archived (Completed),Completed,2024,Fall 2024,Chamberlain College of Nursing - Atlanta,72.88
451119,Chamberlain College of Nursing - Atlanta,Emory Saint Joseph's Hospital,Nursing,Cohort Rotation,8,8,"11961, 11962, 11965, 11964, 11963, 11966, 11972, 11967",9/3/24,10/22/24,7:00:00,19:00:00,96,Tue,ID Missing,No Preceptor Assigned,MedSurg - Acute Care,NR 325 - Adult Health II,3SW GI medicine/bariatrics,Archived (Completed),Completed,2024,Fall 2024,Chamberlain College of Nursing - Atlanta,72.88
451124,Chamberlain College of Nursing - Atlanta,Emory University Hospital Midtown,Nursing,Cohort Rotation,8,8,"11992, 11987, 11993, 11988, 11994, 11989, 11990, 11973",9/3/24,10/22/24,7:00:00,19:00:00,96,Tue,ID Missing,No Preceptor Assigned,MedSurg - Acute Care,NR 325 - Adult Health II,22: Med/Surg,Archived (Completed),Completed,2024,Fall 2024,Chamberlain College of Nursing - Atlanta,72.88
451126,Chamberlain College of Nursing - Atlanta,Emory University Hospital Midtown,Nursing,Cohort Rotation,6,8,"11995, 11608, 11999, 12000, 11996, 11969",9/5/24,10/24/24,7:00:00,19:00:00,96,Thu,ID Missing,No Preceptor Assigned,MedSurg - Acute Care,NR 325 - Adult Health II,22: Med/Surg,Archived (Completed),Completed,2024,Fall 2024,Chamberlain College of Nursing - Atlanta,72.88
451697,Kennesaw State University - Nursing,Emory Saint Joseph's Hospital,Nursing,Cohort Rotation,6,8,"12034, 11774, 12035, 12036, 12037, 12038",6/13/24,7/19/24,7:00:00,15:00:00,96,"Thu, Fri",ID Missing,No Preceptor Assigned,MedSurg - Acute Care,3313 - Adult Health,4S ortho,Archived (Completed),Completed,2024,Spring 2024,Kennesaw State University,57.17
452931,Emory University - SON Pre-licensure,Emory Saint Joseph's Hospital,Nursing,Cohort Rotation,5,8,"11860, 11884, 11838, 11882, 11867",5/25/24,8/4/24,7:00:00,19:00:00,120,Sat,ID Missing,No Preceptor Assigned,MedSurg - Acute Care,NRSG 391 - Adult and Geriatric Practicum,3W cardiology,Archived (Completed),Completed,2024,Spring 2024,Emory University,60.77
452934,Emory University - SON Pre-licensure,Emory University Hospital,Nursing,Cohort Rotation,5,8,"11847, 11864, 11853, 11865, 11869",5/25/24,8/3/24,7:00:00,19:00:00,120,Sat,ID Missing,No Preceptor Assigned,MedSurg - Acute Care,NRSG 391 - Adult and Geriatric Practicum,7T: Surgical,Archived (Completed),Completed,2024,Spring 2024,Emory University,60.77
452935,Emory University - SON Pre-licensure,Emory University Hospital Midtown,Nursing,Cohort Rotation,6,8,"11845, 11855, 11848, 11849, 11883, 11840",5/25/24,8/3/24,7:00:00,19:00:00,8,Sat,ID Missing,No Preceptor Assigned,MedSurg - Acute Care,NRSG 391 - Adult and Geriatric Practicum,41: Med Cardiology,Archived (Completed),Completed,2024,Spring 2024,Emory University,60.77
452940,Emory University - SON Pre-licensure,Emory University Hospital Midtown,Nursing,Cohort Rotation,5,6,"11861, 11837, 11846, 11117, 11843",5/25/24,8/3/24,7:00:00,19:00:00,120,Sat,ID Missing,No Preceptor Assigned,MedSurg - Acute Care,NRSG 391 - Adult and Geriatric Practicum,72: Med/Surg,Archived (Completed),Completed,2024,Spring 2024,Emory University,60.77
452943,Emory University - SON Pre-licensure,Emory Saint Joseph's Hospital,Nursing,Cohort Rotation,4,8,"11873, 11871, 11885, 11857",5/18/24,8/3/24,7:00:00,19:00:00,120,Sat,ID Missing,No Preceptor Assigned,MedSurg - Acute Care,NRSG 391 - Adult and Geriatric Practicum,6W pulmonary thoracic,Archived (Completed),Completed,2024,Spring 2024,Emory University,60.77
452948,Emory University - SON Pre-licensure,Emory Decatur Hospital,Nursing,Cohort Rotation,6,6,"11874, 11859, 11844, 11850, 11870, 11863",5/25/24,8/3/24,7:00:00,19:00:00,120,Sat,ID Missing,No Preceptor Assigned,MedSurg - Acute Care,NRSG 391 - Adult and Geriatric Practicum,Stroke Telemetry - 4400,Archived (Completed),Completed,2024,Spring 2024,Emory University,60.77
452954,Emory University - SON Pre-licensure,Emory University Hospital,Nursing,Cohort Rotation,5,8,"11886, 11881, 11839, 11869, 12039",5/25/24,8/3/24,7:00:00,19:00:00,120,Sat,ID Missing,No Preceptor Assigned,MedSurg - Acute Care,NRSG 391 - Adult and Geriatric Practicum,9T: Bone Marrow Transplant,Archived (Completed),Completed,2024,Spring 2024,Emory University,60.77
452957,Emory University - SON Pre-licensure,Emory Decatur Hospital,Nursing,Cohort Rotation,6,8,"11877, 11878, 11879, 11509, 11854, 11851",5/26/24,8/4/24,7:00:00,19:00:00,120,Sun,ID Missing,No Preceptor Assigned,MedSurg - Acute Care,NRSG 391 - Adult and Geriatric Practicum,General Medical - 4500,Archived (Completed),Completed,2024,Spring 2024,Emory University,60.77
452960,Emory University - SON Pre-licensure,Emory University Hospital,Nursing,Cohort Rotation,6,8,"11852, 11834, 11866, 11867, 11389, 11858",5/26/24,8/4/24,7:00:00,19:00:00,120,Sun,"ID Missing, ID Missing",No Preceptor Assigned,MedSurg - Acute Care,NRSG 391 - Adult and Geriatric Practicum,6T: Transplant,Archived (Completed),Completed,2024,Spring 2024,Emory University,60.77
452965,Emory University - SON Pre-licensure,Emory University Hospital,Nursing,Cohort Rotation,6,8,"11876, 11835, 11868, 11836, 11862, 11856",5/26/24,8/4/24,7:00:00,19:00:00,120,Wed,ID Missing,No Preceptor Assigned,MedSurg - Acute Care,NRSG 391 - Adult and Geriatric Practicum,3G: Neurosciences,Archived (Completed),Completed,2024,Spring 2024,Emory University,60.77
452984,Emory University - SON Pre-licensure,Emory University Hospital Midtown,Nursing,Cohort Rotation,8,8,"11405, 11400, 11439, 11443, 11483, 11469, 11574, 11465",5/22/24,6/26/24,7:00:00,19:00:00,60,Wed,ID Missing,No Preceptor Assigned,Perinatal - OB,NRSG 392 - Maternity Practicum,42/54: Mother/Baby,Archived (Completed),Completed,2024,Spring 2024,Emory University,60.77
452990,Emory University - SON Pre-licensure,Emory Decatur Hospital,Nursing,Cohort Rotation,6,8,"11395, 11514, 11407, 11459, 11470, 11491",5/22/24,6/26/24,7:00:00,19:00:00,60,Wed,2004,No Preceptor Assigned,Perinatal - OB,NRSG 392 - Maternity Practicum,Mother/Baby,Archived (Completed),Completed,2024,Spring 2024,Emory University,60.77
452992,Emory University - SON Pre-licensure,Emory Johns Creek Hospital,Nursing,Cohort Rotation,6,8,"11452, 11072, 11463, 11414, 11494, 11447",5/22/24,6/26/24,7:00:00,19:00:00,60,Wed,ID Missing,No Preceptor Assigned,Perinatal - OB,NRSG 392 - Maternity Practicum,"Maternity: M/B, L&D, NICU",Archived (Completed),Completed,2024,Spring 2024,Emory University,60.77
453021,Emory University - SON Pre-licensure,Emory University Hospital Midtown,Nursing,Cohort Rotation,8,8,"11467, 11476, 11512, 11434, 11450, 11444, 11485, 11412",5/24/24,6/28/24,7:00:00,19:00:00,60,Fri,ID Missing,No Preceptor Assigned,Perinatal - OB,NRSG 392 - Maternity Practicum,42/54: Mother/Baby,Archived (Completed),Completed,2024,Spring 2024,Emory University,60.77
453034,Emory University - SON Pre-licensure,Emory Decatur Hospital,Nursing,Cohort Rotation,6,8,"11579, 11499, 11398, 11453, 11411, 11577",5/24/24,6/28/24,7:00:00,19:00:00,60,Fri,ID Missing,No Preceptor Assigned,Perinatal - OB,NRSG 392 - Maternity Practicum,L&D,Archived (Completed),Completed,2024,Spring 2024,Emory University,60.77
453061,Emory University - SON Pre-licensure,Emory University Hospital Midtown,Nursing,Cohort Rotation,6,8,"11456, 11566, 11445, 11505, 11511, 11072",5/25/24,6/29/24,7:00:00,19:00:00,60,Sat,"ID Missing, ID Missing",No Preceptor Assigned,Perinatal - OB,NRSG 392 - Maternity Practicum,42/54: Mother/Baby,Archived (Completed),Completed,2024,Spring 2024,Emory University,60.77
453063,Emory University - SON Pre-licensure,Emory University Hospital Midtown,Nursing,Cohort Rotation,5,8,"11462, 11425, 11573, 11570, 11422",5/26/24,6/30/24,7:00:00,19:00:00,60,Sun,ID Missing,No Preceptor Assigned,Perinatal - OB,NRSG 392 - Maternity Practicum,42/54: Mother/Baby,Archived (Completed),Completed,2024,Spring 2024,Emory University,60.77
453064,Emory University - SON Pre-licensure,Emory Johns Creek Hospital,Nursing,Cohort Rotation,6,8,"11418, 11466, 11576, 11431, 11575, 11567",5/24/24,6/28/24,7:00:00,19:00:00,60,Fri,ID Missing,No Preceptor Assigned,Perinatal - OB,NRSG 392 - Maternity Practicum,"Maternity: M/B, L&D, NICU",Archived (Completed),Completed,2024,Spring 2024,Emory University,60.77
453066,Emory University - SON Pre-licensure,Emory Decatur Hospital,Nursing,Cohort Rotation,6,8,"11578, 11498, 11454, 11569, 11492, 11438",5/25/24,6/29/24,7:00:00,19:00:00,60,Sat,ID Missing,No Preceptor Assigned,Perinatal - OB,NRSG 392 - Maternity Practicum,L&D,Archived (Completed),Completed,2024,Spring 2024,Emory University,60.77
453292,University of North Georgia - Nursing,Emory Johns Creek Hospital,Nursing,Cohort Rotation,5,5,"12040, 12041, 12042, 11738, 12043",8/30/24,11/8/24,6:30:00,18:30:00,72,Fri,ID Missing,No Preceptor Assigned,Perinatal - OB,N3804 - Nursing Care of the Childbearing Family,"Maternity: M/B, L&D, NICU",Archived (Completed),Completed,2024,Fall 2024,University Of North Georgia,76.8
454309,Emory University - SON Pre-licensure,Emory University Hospital,Nursing,Cohort Rotation,8,8,"11380, 11307, 11278, 11281, 11298, 11288, 12044, 12045",5/18/24,6/29/24,7:00:00,19:00:00,60,Sat,ID Missing,No Preceptor Assigned,MedSurg - Acute Care,NRSG 391 - Adult and Geriatric Practicum,6E: CV Stepdown/Heart Transplant,Archived (Completed),Completed,2024,Spring 2024,Emory University,60.77
454313,Emory University - SON Pre-licensure,Emory University Hospital,Nursing,Cohort Rotation,5,5,"11574, 11511, 11497, 11414, 11447",7/10/24,8/7/24,7:00:00,19:00:00,60,Wed,ID Missing,No Preceptor Assigned,MedSurg - Acute Care,NRSG 391 - Adult and Geriatric Practicum,10E (DEU): Surgical,Archived (Completed),Completed,2024,Fall 2024,Emory University,60.77
454319,Emory University - SON Pre-licensure,Emory University Hospital Midtown,Nursing,Cohort Rotation,4,5,"11469, 11494, 11465, 11483",7/10/24,8/7/24,7:00:00,19:00:00,60,Wed,ID Missing,No Preceptor Assigned,MedSurg - Acute Care,NRSG 391 - Adult and Geriatric Practicum,31: Ortho/Neuro,Archived (Completed),Completed,2024,Fall 2024,Emory University,60.77
454331,Emory University - SON Pre-licensure,Emory University Hospital Midtown,Nursing,Cohort Rotation,7,8,"11475, 11420, 11501, 11417, 11513, 11448, 11435",7/3/24,8/7/24,7:00:00,19:00:00,60,Wed,ID Missing,No Preceptor Assigned,Perinatal - OB,NRSG 392 - Maternity Practicum,Maternity,Archived (Completed),Completed,2024,Fall 2024,Emory University,60.77
454335,Emory University - SON Pre-licensure,Emory Decatur Hospital,Nursing,Cohort Rotation,5,6,"11458, 11429, 11436, 11457, 11404",7/3/24,8/7/24,7:00:00,19:00:00,60,Wed,2004,No Preceptor Assigned,Perinatal - OB,NRSG 392 - Maternity Practicum,Mother/Baby,Archived (Completed),Completed,2024,Fall 2024,Emory University,60.77
455101,University of North Georgia - Nursing,Emory Johns Creek Hospital,Nursing,Cohort Rotation,5,10,"11736, 12047, 12048, 12049, 11740",8/23/24,11/1/24,6:30:00,18:30:00,72,Fri,ID Missing,No Preceptor Assigned,Perinatal - OB,N3804 - Nursing Care of the Childbearing Family,"Maternity: M/B, L&D, NICU",Archived (Completed),Completed,2024,Fall 2024,University Of North Georgia,76.8
455950,Emory University - SON Pre-licensure,Emory Johns Creek Hospital,Nursing,Cohort Rotation,6,6,"11510, 11428, 11421, 11508, 11507, 11468",7/3/24,8/7/24,7:00:00,19:00:00,60,Wed,ID Missing,No Preceptor Assigned,Perinatal - OB,NRSG 392 - Maternity Practicum,"Maternity: M/B, L&D, NICU",Archived (Completed),Completed,2024,Fall 2024,Emory University,60.77
455952,Emory University - SON Pre-licensure,Emory University Hospital Midtown,Nursing,Cohort Rotation,7,8,"11402, 11482, 11427, 11437, 11503, 11506, 11441",7/5/24,8/9/24,7:00:00,19:00:00,60,Fri,ID Missing,No Preceptor Assigned,Perinatal - OB,NRSG 392 - Maternity Practicum,Maternity,Archived (Completed),Completed,2024,Fall 2024,Emory University,60.77
455969,Emory University - SON Pre-licensure,Emory Decatur Hospital,Nursing,Cohort Rotation,6,6,"11413, 11502, 11460, 11472, 11496, 11449",7/5/24,8/9/24,7:00:00,19:00:00,60,Fri,ID Missing,No Preceptor Assigned,Perinatal - OB,NRSG 392 - Maternity Practicum,Mother/Baby,Archived (Completed),Completed,2024,Fall 2024,Emory University,60.77
455971,Emory University - SON Pre-licensure,Emory University Hospital Midtown,Nursing,Cohort Rotation,7,8,"11504, 11477, 11423, 11489, 11446, 11479, 11484",7/6/24,8/3/24,7:00:00,19:00:00,60,Sat,ID Missing,No Preceptor Assigned,Perinatal - OB,NRSG 392 - Maternity Practicum,Maternity,Archived (Completed),Completed,2024,Fall 2024,Emory University,60.77
455972,Emory University - SON Pre-licensure,Emory University Hospital Midtown,Nursing,Cohort Rotation,4,6,"11409, 11408, 11390, 11401",7/7/24,8/4/24,7:00:00,19:00:00,60,Sun,ID Missing,No Preceptor Assigned,Perinatal - OB,NRSG 392 - Maternity Practicum,Maternity,Archived (Completed),Completed,2024,Fall 2024,Emory University,60.77
455974,Emory University - SON Pre-licensure,Emory Johns Creek Hospital,Nursing,Cohort Rotation,6,6,"11500, 11403, 11410, 11416, 11486, 11474",7/5/24,8/9/24,7:00:00,19:00:00,60,Fri,ID Missing,No Preceptor Assigned,Perinatal - OB,NRSG 392 - Maternity Practicum,"Maternity: M/B, L&D, NICU",Archived (Completed),Completed,2024,Fall 2024,Emory University,60.77
455976,Emory University - SON Pre-licensure,Emory Decatur Hospital,Nursing,Cohort Rotation,3,6,"11451, 11432, 11493",7/6/24,8/3/24,7:00:00,19:00:00,60,Sat,ID Missing,No Preceptor Assigned,Perinatal - OB,NRSG 392 - Maternity Practicum,Mother/Baby,Archived (Completed),Completed,2024,Fall 2024,Emory University,60.77
457606,Emory University - SON Pre-licensure,Emory Decatur Hospital,Nursing,Cohort Rotation,7,8,"12051, 12052, 12053, 12054, 12055, 12056, 12057",6/20/24,8/8/24,7:00:00,17:00:00,60,Thu,ID Missing,No Preceptor Assigned,Perinatal - OB,527 MN - Foundation of Nursing Practice,Surgical Oncology - 4200,Archived (Completed),Completed,2024,Spring 2024,Emory University,60.77
457622,Emory University - SON Pre-licensure,Emory Hillandale Hospital,Nursing,Cohort Rotation,6,8,"12058, 12059, 12060, 12061, 12062, 12063",6/20/24,8/8/24,0:00:00,23:59:00,60,Thu,"ID Missing, ID Missing",No Preceptor Assigned,Fundamentals,527 MN - Foundation of Nursing Practice,3rd floor - med surg,Archived (Completed),Completed,2024,Spring 2024,Emory University,60.77
457628,Emory University - SON Pre-licensure,Emory Saint Joseph's Hospital,Nursing,Cohort Rotation,7,8,"12064, 12065, 12066, 12067, 12068, 12069, 12070",6/20/24,8/8/24,7:00:00,17:00:00,60,Thu,ID Missing,No Preceptor Assigned,Fundamentals,527 MN - Foundation of Nursing Practice,4E neurovascular,Archived (Completed),Completed,2024,Spring 2024,Emory University,60.77
457629,Emory University - SON Pre-licensure,Emory University Hospital,Nursing,Cohort Rotation,7,8,"12071, 12072, 12073, 12074, 12075, 12076, 12077",6/21/24,8/8/24,7:00:00,17:00:00,60,Thu,ID Missing,No Preceptor Assigned,Perinatal - OB,527 MN - Foundation of Nursing Practice,7G: Medical,Archived (Completed),Completed,2024,Spring 2024,Emory University,60.77
457632,Emory University - SON Pre-licensure,Emory University Hospital,Nursing,Cohort Rotation,8,8,"12078, 12079, 12080, 12081, 12082, 12083, 12084, 12085",6/20/24,8/8/24,7:00:00,17:00:00,60,Thu,ID Missing,No Preceptor Assigned,Fundamentals,527 MN - Foundation of Nursing Practice,8T North: Oncology,Archived (Completed),Completed,2024,Spring 2024,Emory University,60.77
457634,Emory University - SON Pre-licensure,Emory University Hospital,Nursing,Cohort Rotation,8,8,"12086, 12087, 12088, 12089, 12090, 12091, 12092, 12093",6/20/24,8/8/24,7:00:00,19:00:00,60,Thu,ID Missing,No Preceptor Assigned,Fundamentals,527 MN - Foundation of Nursing Practice,6G: Medical,Archived (Completed),Completed,2024,Spring 2024,Emory University,60.77
457655,Emory University - SON Pre-licensure,Emory University Hospital Midtown,Nursing,Cohort Rotation,8,8,"12094, 12095, 12096, 12097, 12098, 12099, 12100, 12101",6/20/24,8/8/24,7:00:00,17:00:00,60,Thu,ID Missing,No Preceptor Assigned,Fundamentals,527 MN - Foundation of Nursing Practice,41: Med Cardiology,Archived (Completed),Completed,2024,Spring 2024,Emory University,60.77
457657,Emory University - SON Pre-licensure,Emory University Hospital Midtown,Nursing,Cohort Rotation,6,8,"12102, 12103, 12104, 12105, 12106, 12107",6/20/24,8/8/24,7:00:00,17:00:00,60,Thu,ID Missing,No Preceptor Assigned,Fundamentals,527 MN - Foundation of Nursing Practice,21: General Surgery,Archived (Completed),Completed,2024,Spring 2024,Emory University,60.77
457659,Emory University - SON Pre-licensure,Emory University Orthopaedics And Spine Hospital,Nursing,Cohort Rotation,6,8,"12108, 12109, 12110, 12111, 12112, 12113",6/20/24,8/8/24,7:00:00,19:00:00,60,Thu,ID Missing,No Preceptor Assigned,Fundamentals,527 MN - Foundation of Nursing Practice,-no preference-,Archived (Completed),Completed,2024,Spring 2024,Emory University,60.77
457687,Emory University - SON Pre-licensure,Emory Decatur Hospital,Nursing,Cohort Rotation,0,8,No Students Assigned,6/21/24,8/9/24,7:00:00,17:00:00,60,Fri,ID Missing,No Preceptor Assigned,Fundamentals,527 MN - Foundation of Nursing Practice,Surgical Oncology - 4200,Archived (Completed),Completed,2024,Spring 2024,Emory University,60.77
457688,Emory University - SON Pre-licensure,Emory Decatur Hospital,Nursing,Cohort Rotation,8,8,"12114, 12115, 12116, 12117, 12118, 12119, 12120, 12121",6/21/24,8/9/24,7:00:00,19:00:00,60,Fri,ID Missing,No Preceptor Assigned,Fundamentals,527 MN - Foundation of Nursing Practice,Cardiac Telemetry - 2400,Archived (Completed),Completed,2024,Spring 2024,Emory University,60.77
457689,Emory University - SON Pre-licensure,Emory Johns Creek Hospital,Nursing,Cohort Rotation,7,8,"12122, 12123, 12124, 12125, 12126, 12127, 12128",6/21/24,8/9/24,0:00:00,23:59:00,60,Fri,ID Missing,No Preceptor Assigned,Fundamentals,527 MN - Foundation of Nursing Practice,6W oncology/hospice,Archived (Completed),Completed,2024,Spring 2024,Emory University,60.77
457691,Emory University - SON Pre-licensure,Emory Saint Joseph's Hospital,Nursing,Cohort Rotation,7,8,"12129, 12130, 12131, 12132, 12133, 12134, 12135",6/21/24,8/9/24,7:00:00,17:00:00,60,Fri,ID Missing,No Preceptor Assigned,Fundamentals,527 MN - Foundation of Nursing Practice,5W internal medicine,Archived (Completed),Completed,2024,Spring 2024,Emory University,60.77
457692,Emory University - SON Pre-licensure,Emory Saint Joseph's Hospital,Nursing,Cohort Rotation,7,8,"12136, 12137, 12138, 12139, 12140, 12141, 12142",6/21/24,8/9/24,7:00:00,17:00:00,60,Fri,ID Missing,No Preceptor Assigned,Fundamentals,527 MN - Foundation of Nursing Practice,6E internal medicine,Archived (Completed),Completed,2024,Spring 2024,Emory University,60.77
457693,Emory University - SON Pre-licensure,Emory University Hospital,Nursing,Cohort Rotation,8,8,"12143, 12144, 12145, 12146, 12147, 12148, 12149, 12150",6/21/24,8/9/24,7:00:00,17:00:00,60,Fri,ID Missing,No Preceptor Assigned,Fundamentals,527 MN - Foundation of Nursing Practice,6G: Medical,Archived (Completed),Completed,2024,Spring 2024,Emory University,60.77
457695,Emory University - SON Pre-licensure,Emory University Hospital,Nursing,Cohort Rotation,7,8,"12151, 12152, 12153, 12154, 12155, 12156, 12157",6/21/24,8/9/24,7:00:00,17:00:00,60,Fri,ID Missing,No Preceptor Assigned,Fundamentals,527 MN - Foundation of Nursing Practice,9E: Neuroscience,Archived (Completed),Completed,2024,Spring 2024,Emory University,60.77
457697,Emory University - SON Pre-licensure,Emory University Hospital Midtown,Nursing,Cohort Rotation,7,8,"12158, 12159, 12160, 12161, 12162, 12163, 12164",6/21/24,8/9/24,7:00:00,19:00:00,60,Fri,"ID Missing, ID Missing",No Preceptor Assigned,Fundamentals,527 MN - Foundation of Nursing Practice,31: Ortho/Neuro,Archived (Completed),Completed,2024,Spring 2024,Emory University,60.77
457702,Emory University - SON Pre-licensure,Emory University Hospital Midtown,Nursing,Cohort Rotation,7,8,"12165, 12166, 12167, 12168, 12169, 12170, 12171",6/21/24,8/9/24,7:00:00,19:00:00,60,Fri,"ID Missing, ID Missing",No Preceptor Assigned,Fundamentals,527 MN - Foundation of Nursing Practice,21: General Surgery,Archived (Completed),Completed,2024,Spring 2024,Emory University,60.77
457706,Emory University - SON Pre-licensure,Emory University Hospital Midtown,Nursing,Cohort Rotation,8,8,"12172, 12173, 12174, 12175, 12176, 12177, 12178, 12179",6/21/24,8/9/24,7:00:00,19:00:00,60,Fri,ID Missing,No Preceptor Assigned,Fundamentals,527 MN - Foundation of Nursing Practice,41: Med Cardiology,Archived (Completed),Completed,2024,Spring 2024,Emory University,60.77
457720,Emory University - SON Pre-licensure,Emory Decatur Hospital,Nursing,Cohort Rotation,6,6,"11874, 11859, 11850, 11863, 11870, 11844",6/3/24,6/10/24,7:00:00,19:00:00,24,Mon,ID Missing,No Preceptor Assigned,Psychiatry; Mental Health; Behavioral Medicine,NRSG 393 - Mental Health Practicum,Behavioral Health (acute) - 1800,Archived (Completed),Completed,2024,Spring 2024,Emory University,60.77
457721,Emory University - SON Pre-licensure,Emory Decatur Hospital,Nursing,Cohort Rotation,5,6,"11860, 11884, 11838, 11882, 11867",6/17/24,6/24/24,7:00:00,19:00:00,24,Mon,ID Missing,No Preceptor Assigned,Psychiatry; Mental Health; Behavioral Medicine,NRSG 393 - Mental Health Practicum,Behavioral Health (acute) - 1800,Archived (Completed),Completed,2024,Spring 2024,Emory University,60.77
457724,Emory University - SON Pre-licensure,Emory Decatur Hospital,Nursing,Cohort Rotation,4,6,"11873, 11871, 11885, 11857",7/1/24,7/8/24,7:00:00,17:00:00,60,Mon,ID Missing,No Preceptor Assigned,Perinatal - OB,NRSG 393 - Mental Health Practicum,Behavioral Health (acute) - 1800,Archived (Completed),Completed,2024,Fall 2024,Emory University,60.77
457728,Emory University - SON Pre-licensure,Emory Decatur Hospital,Nursing,Cohort Rotation,4,6,"11847, 11864, 11853, 11865",7/15/24,7/22/24,7:00:00,19:00:00,24,Mon,ID Missing,No Preceptor Assigned,Psychiatry; Mental Health; Behavioral Medicine,NRSG 393 - Mental Health Practicum,Behavioral Health (acute) - 1800,Archived (Completed),Completed,2024,Fall 2024,Emory University,60.77
457729,Emory University - SON Pre-licensure,Emory Decatur Hospital,Nursing,Cohort Rotation,4,6,"11886, 11881, 11839, 12039",5/21/24,5/28/24,7:00:00,19:00:00,24,Tue,ID Missing,No Preceptor Assigned,Psychiatry; Mental Health; Behavioral Medicine,NRSG 393 - Mental Health Practicum,Behavioral Health (acute) - 1800,Archived (Completed),Completed,2024,Spring 2024,Emory University,60.77
457730,Emory University - SON Pre-licensure,Emory Decatur Hospital,Nursing,Cohort Rotation,6,6,"11845, 11855, 11848, 11849, 11883, 11840",6/4/24,6/11/24,7:00:00,19:00:00,24,Tue,ID Missing,No Preceptor Assigned,Psychiatry; Mental Health; Behavioral Medicine,NRSG 393 Practicum - Mental Health Practicum,Behavioral Health (acute) - 1800,Archived (Completed),Completed,2024,Spring 2024,Emory University,60.77
457731,Emory University - SON Pre-licensure,Emory Decatur Hospital,Nursing,Cohort Rotation,5,6,"11861, 11837, 11846, 11117, 11843",6/18/24,6/25/24,7:00:00,19:00:00,24,Tue,ID Missing,No Preceptor Assigned,Psychiatry; Mental Health; Behavioral Medicine,NRSG 393 - Mental Health Practicum,Behavioral Health (acute) - 1800,Archived (Completed),Completed,2024,Spring 2024,Emory University,60.77
457732,Emory University - SON Pre-licensure,Emory Decatur Hospital,Nursing,Cohort Rotation,6,6,"11877, 11878, 11879, 11509, 11854, 11851",7/2/24,7/9/24,7:00:00,19:00:00,24,Tue,ID Missing,No Preceptor Assigned,Psychiatry; Mental Health; Behavioral Medicine,NRSG 393 - Mental Health Practicum,Behavioral Health (acute) - 1800,Archived (Completed),Completed,2024,Fall 2024,Emory University,60.77
457733,Emory University - SON Pre-licensure,Emory Decatur Hospital,Nursing,Cohort Rotation,6,6,"11876, 11835, 11868, 11836, 11862, 11856",7/16/24,7/23/24,7:00:00,19:00:00,24,Tue,ID Missing,No Preceptor Assigned,Perinatal - OB,NRSG 393 - Mental Health Practicum,Behavioral Health (acute) - 1800,Archived (Completed),Completed,2024,Fall 2024,Emory University,60.77
457734,Emory University - SON Pre-licensure,Emory Decatur Hospital,Nursing,Cohort Rotation,6,6,"11852, 11834, 11866, 11389, 11858, 11869",7/30/24,8/6/24,7:00:00,19:00:00,24,Tue,ID Missing,No Preceptor Assigned,Psychiatry; Mental Health; Behavioral Medicine,NRSG 393 - Mental Health Practicum,Behavioral Health (acute) - 1800,Archived (Completed),Completed,2024,Fall 2024,Emory University,60.77
459844,Georgia State University - SON - Undergraduate,Emory Decatur Hospital,Nursing,Cohort Rotation,5,6,"12189, 12190, 12191, 12192, 12193",8/31/24,10/12/24,7:00:00,19:00:00,60,Sat,ID Missing,No Preceptor Assigned,MedSurg - Acute Care,NURS 3530 - ,Cardiac Telemetry - 2400,Archived (Completed),Completed,2024,Fall 2024,Georgia State University,59.16
460277,Kennesaw State University - Nursing,Emory Saint Joseph's Hospital,Nursing,Cohort Rotation,8,8,"12194, 12195, 12196, 12197, 12198, 12199, 12200, 12201",10/4/24,11/15/24,6:30:00,13:00:00,45,Fri,ID Missing,No Preceptor Assigned,Fundamentals,3209 - Holistic Nursing,4S ortho,Archived (Completed),Completed,2024,Fall 2024,Kennesaw State University,57.17
461671,Georgia State University - Perimeter College,Emory Long Term Acute Care Hospital,Nursing,Cohort Rotation,4,6,"12202, 12203, 12204, 12205",9/6/24,11/8/24,7:00:00,19:00:00,96,Fri,ID Missing,No Preceptor Assigned,MedSurg - Acute Care,NURS 1930 - Intermediate Concepts of Nursing,LTAC,Archived (Completed),Completed,2024,Fall 2024,Georgia State University,59.16
466694,South College - Atlanta Campus - Nursing,Emory Decatur Hospital,Nursing,Cohort Rotation,6,6,"12214, 12215, 12216, 12217, 12218, 12219",7/13/24,8/10/24,7:00:00,19:00:00,60,Sat,ID Missing,No Preceptor Assigned,Psychiatry; Mental Health; Behavioral Medicine,NGS3233 - Mental Health Nursing,Behavioral Health  - 2800,Archived (Completed),Completed,2024,Fall 2024,South College Atlanta,60.0
469068,Chamberlain College of Nursing - Atlanta,Emory Decatur Hospital,Nursing,Cohort Rotation,8,8,"12222, 10903, 11951, 10912, 10938, 10172, 10161, 12223",5/10/24,6/14/24,7:00:00,19:00:00,48,Fri,ID Missing,No Preceptor Assigned,Psychiatry; Mental Health; Behavioral Medicine,NR 326 - Mental Health Nursing,Behavioral Health (acute) - 1800,Archived (Completed),Completed,2024,Spring 2024,Chamberlain College of Nursing - Atlanta,72.88
469910,Chamberlain College of Nursing - Atlanta,Emory Johns Creek Hospital,Nursing,Cohort Rotation,8,8,"11681, 12224, 12225, 10148, 12226, 11891, 11260, 12227",9/7/24,10/26/24,7:00:00,19:00:00,96,Sat,"ID Missing, ID Missing",No Preceptor Assigned,To Be Determined,NR 446 - Collaborative Health,3rd floor: med-surg,Archived (Completed),Completed,2024,Fall 2024,Chamberlain College of Nursing - Atlanta,72.88
469911,Chamberlain College of Nursing - Atlanta,Emory Saint Joseph's Hospital,Nursing,Cohort Rotation,8,8,"12228, 12229, 12230, 11684, 10170, 12231, 10157, 11703",9/4/24,10/23/24,7:00:00,19:00:00,96,Wed,ID Missing,No Preceptor Assigned,To Be Determined,NR 446 - Collaborative Health,6E internal medicine,Archived (Completed),Completed,2024,Fall 2024,Chamberlain College of Nursing - Atlanta,72.88
469913,Chamberlain College of Nursing - Atlanta,Emory Saint Joseph's Hospital,Nursing,Cohort Rotation,7,8,"12207, 12232, 10043, 12233, 10105, 10928, 12234",9/2/24,10/21/24,7:00:00,19:00:00,96,Mon,ID Missing,No Preceptor Assigned,To Be Determined,NR 446 - Collaborative Health,3SW GI medicine/bariatrics,Archived (Completed),Completed,2024,Fall 2024,Chamberlain College of Nursing - Atlanta,72.88
469915,Chamberlain College of Nursing - Atlanta,Emory Hillandale Hospital,Nursing,Cohort Rotation,7,8,"12235, 12236, 11709, 12237, 10855, 10865, 12238",9/2/24,10/21/24,7:00:00,19:00:00,96,Mon,ID Missing,No Preceptor Assigned,To Be Determined,NR 446 - Collaborative Health,4th floor - telemetry,Archived (Completed),Completed,2024,Fall 2024,Chamberlain College of Nursing - Atlanta,72.88
472400,Kennesaw State University - Nursing,"Emory Offsite Locations - The Emory Clinic, Ambulatory Surgery Centers And The Emory Specialty Assocs",Nursing,Cohort Rotation,9,12,"12239, 12240, 12241, 12242, 12243, 11184, 12244, 12245, 12246",10/9/24,10/9/24,8:00:00,17:00:00,8,Wed,ID Missing,No Preceptor Assigned,Observation,4437 - Med/Surg Specialty Elective,Other (see comments),Archived (Completed),Completed,2024,Fall 2024,Kennesaw State University,57.17
472403,Kennesaw State University - Nursing,"Emory Offsite Locations - The Emory Clinic, Ambulatory Surgery Centers And The Emory Specialty Assocs",Nursing,Cohort Rotation,5,12,"12239, 12241, 12242, 12243, 12246",11/6/24,11/6/24,8:00:00,17:00:00,8,Wed,ID Missing,No Preceptor Assigned,Observation,4437 - Med/Surg Specialty Elective,Other (see comments),Archived (Completed),Completed,2024,Fall 2024,Kennesaw State University,57.17
475699,Georgia State University - SON - Undergraduate,Emory Decatur Hospital,Nursing,Cohort Rotation,8,8,"12247, 12248, 12208, 12209, 12210, 12211, 12212, 12249",8/29/24,10/10/24,6:30:00,4:30:00,70,Thu,ID Missing,No Preceptor Assigned,Psychiatry; Mental Health; Behavioral Medicine,NURS 3810 - Mental Health,Behavioral Health  - 2800,Archived (Completed),Completed,2024,Fall 2024,Georgia State University,59.16
480546,Emory University - SON Pre-licensure,Emory Johns Creek Hospital,Nursing,Cohort Rotation,8,8,"12160, 12161, 12164, 12159, 12158, 12167, 12163, 12139",8/28/24,10/9/24,7:00:00,19:00:00,60,Wed,ID Missing,No Preceptor Assigned,Other (see comments),NRSG 391 - Adult and Geriatric Practicum,6W oncology/hospice,Archived (Completed),Completed,2024,Fall 2024,Emory University,60.77
480549,Emory University - SON Pre-licensure,Emory Saint Joseph's Hospital,Nursing,Cohort Rotation,8,8,"11880, 11872, 12111, 12133, 12066, 12117, 12107, 12101",8/28/24,10/9/24,7:00:00,19:00:00,60,Wed,ID Missing,No Preceptor Assigned,Other (see comments),NRSG 391 - Adult and Geriatric Practicum,3W cardiology,Archived (Completed),Completed,2024,Fall 2024,Emory University,60.77
480551,Emory University - SON Pre-licensure,Emory University Hospital,Nursing,Cohort Rotation,7,8,"12254, 12071, 12072, 12094, 12127, 12134, 12131",8/28/24,10/9/24,7:00:00,19:00:00,60,Wed,ID Missing,No Preceptor Assigned,Other (see comments),NRSG 391 - Adult and Geriatric Practicum,7T: Surgical,Archived (Completed),Completed,2024,Fall 2024,Emory University,60.77
480553,Emory University - SON Pre-licensure,Emory University Hospital Midtown,Nursing,Cohort Rotation,8,8,"12058, 12093, 12154, 12089, 12099, 12100, 12088, 12141",8/29/24,10/10/24,7:00:00,19:00:00,60,Thu,ID Missing,No Preceptor Assigned,Other (see comments),NRSG 391 - Adult and Geriatric Practicum,51: Med-Surg,Archived (Completed),Completed,2024,Fall 2024,Emory University,60.77
480554,Emory University - SON Pre-licensure,Emory University Hospital Midtown,Nursing,Cohort Rotation,7,8,"12151, 12147, 12112, 12083, 12085, 12062, 12169",8/28/24,10/9/24,7:00:00,19:00:00,60,Wed,ID Missing,No Preceptor Assigned,Perinatal - OB,NRSG 391 - Adult and Geriatric Practicum,51: Med-Surg,Archived (Completed),Completed,2024,Fall 2024,Emory University,60.77
480555,Emory University - SON Pre-licensure,Emory Saint Joseph's Hospital,Nursing,Cohort Rotation,7,8,"12109, 12053, 12179, 12155, 12098, 12130, 12178",8/29/24,10/10/24,7:00:00,19:00:00,60,Thu,ID Missing,No Preceptor Assigned,Other (see comments),NRSG 391 - Adult and Geriatric Practicum,4W renal and urology,Archived (Completed),Completed,2024,Fall 2024,Emory University,60.77
480557,Emory University - SON Pre-licensure,Emory University Hospital,Nursing,Cohort Rotation,8,8,"12075, 12077, 12087, 12076, 12172, 12118, 12170, 12097",8/29/24,10/10/24,7:00:00,19:00:00,60,Thu,ID Missing,No Preceptor Assigned,Other (see comments),NRSG 391 - Adult and Geriatric Practicum,6E: CV Stepdown/Heart Transplant,Archived (Completed),Completed,2024,Fall 2024,Emory University,60.77
480558,Emory University - SON Pre-licensure,Emory University Hospital,Nursing,Cohort Rotation,8,8,"12065, 12132, 12177, 12128, 12165, 12171, 12148, 11880",8/31/24,10/12/24,7:00:00,19:00:00,60,Sat,ID Missing,No Preceptor Assigned,Other (see comments),NRSG 391 - Adult and Geriatric Practicum,6E: CV Stepdown/Heart Transplant,Archived (Completed),Completed,2024,Fall 2024,Emory University,60.77
480560,Emory University - SON Pre-licensure,Emory University Hospital,Nursing,Cohort Rotation,7,8,"12136, 12143, 12138, 12135, 12105, 12090, 11842",8/31/24,10/12/24,7:00:00,23:59:00,60,Sat,ID Missing,No Preceptor Assigned,Other (see comments),NRSG 391 - Adult and Geriatric Practicum,7T: Surgical,Archived (Completed),Completed,2024,Fall 2024,Emory University,60.77
482851,Emory University - SON Pre-licensure,Emory University Hospital Midtown,Nursing,Cohort Rotation,8,8,"12044, 11282, 11337, 11311, 11319, 11384, 11354, 11551",9/3/24,10/8/24,7:00:00,19:00:00,60,Tue,ID Missing,No Preceptor Assigned,Perinatal - OB,NRSG 392 - Maternity Practicum,42/54: Mother/Baby,Archived (Completed),Completed,2024,Fall 2024,Emory University,60.77
482866,Emory University - SON Pre-licensure,Emory Decatur Hospital,Nursing,Cohort Rotation,6,8,"11284, 11295, 11334, 11283, 11331, 11560",9/3/24,10/8/24,7:00:00,19:00:00,60,Tue,2004,No Preceptor Assigned,Perinatal - OB,NRSG 392 - Maternity Practicum,Mother/Baby,Archived (Completed),Completed,2024,Fall 2024,Emory University,60.77
482872,Emory University - SON Pre-licensure,Emory University Hospital Midtown,Nursing,Cohort Rotation,6,6,"11322, 11378, 11332, 12255, 11349, 11357",8/28/24,10/16/24,7:00:00,19:00:00,60,Wed,ID Missing,No Preceptor Assigned,Perinatal - OB,NRSG 392 - Maternity Practicum,42/54: Mother/Baby,Archived (Completed),Completed,2024,Fall 2024,Emory University,60.77
483594,Emory University - SON Pre-licensure,Emory University Hospital Midtown,Nursing,Cohort Rotation,8,8,"11381, 11315, 11379, 11326, 11564, 11301, 11329, 12256",9/1/24,10/13/24,7:00:00,19:00:00,60,Sun,ID Missing,No Preceptor Assigned,Perinatal - OB,NRSG 392 - Maternity Practicum,Maternity,Archived (Completed),Completed,2024,Fall 2024,Emory University,60.77
483596,Emory University - SON Pre-licensure,Emory Decatur Hospital,Nursing,Cohort Rotation,5,6,"11557, 11363, 11371, 11321, 11553",8/31/24,10/19/24,7:00:00,19:00:00,60,Sat,ID Missing,No Preceptor Assigned,Perinatal - OB,NRSG 392 - Maternity Practicum,Mother/Baby,Archived (Completed),Completed,2024,Fall 2024,Emory University,60.77
483608,Emory University - SON Pre-licensure,Emory Decatur Hospital,Nursing,Cohort Rotation,6,6,"11852, 11834, 11858, 11850, 11845, 11868",8/28/24,10/16/24,7:00:00,19:00:00,60,Wed,ID Missing,No Preceptor Assigned,Perinatal - OB,NRSG 392 - Maternity Practicum,Mother/Baby,Archived (Completed),Completed,2024,Fall 2024,Emory University,60.77
483610,Emory University - SON Pre-licensure,Emory Johns Creek Hospital,Nursing,Cohort Rotation,6,6,"11359, 11328, 11298, 11324, 11293, 11320",8/28/24,10/16/24,7:00:00,19:00:00,60,Wed,ID Missing,No Preceptor Assigned,Perinatal - OB,NRSG 392 - Maternity Practicum,"Maternity: M/B, L&D, NICU",Archived (Completed),Completed,2024,Fall 2024,Emory University,60.77
483614,Emory University - SON Pre-licensure,Emory University Hospital Midtown,Nursing,Cohort Rotation,6,6,"11509, 11389, 11873, 11854, 11883, 11856",8/29/24,10/10/24,7:00:00,19:00:00,60,Thu,ID Missing,No Preceptor Assigned,Perinatal - OB,NRSG 392 - Maternity Practicum,Maternity,Archived (Completed),Completed,2024,Fall 2024,Emory University,60.77
483619,Emory University - SON Pre-licensure,Emory Decatur Hospital,Nursing,Cohort Rotation,6,6,"11882, 11855, 11851, 11837, 11863, 11871",8/29/24,10/10/24,7:00:00,19:00:00,60,Thu,ID Missing,No Preceptor Assigned,Perinatal - OB,NRSG 392 - Maternity Practicum,Mother/Baby,Archived (Completed),Completed,2024,Fall 2024,Emory University,60.77
483623,Emory University - SON Pre-licensure,Emory University Hospital Midtown,Nursing,Cohort Rotation,8,8,"11341, 11372, 11291, 11365, 11377, 11561, 11347, 12257",8/31/24,10/19/24,7:00:00,19:00:00,60,Sat,ID Missing,No Preceptor Assigned,Perinatal - OB,NRSG 392 - Maternity Practicum,Maternity,Archived (Completed),Completed,2024,Fall 2024,Emory University,60.77
483692,Emory University - SON Pre-licensure,Emory Decatur Hospital,Nursing,Cohort Rotation,6,6,"11370, 11558, 11366, 11555, 11351, 11336",9/3/24,10/8/24,7:00:00,19:00:00,60,Tue,ID Missing,No Preceptor Assigned,Psychiatry; Mental Health; Behavioral Medicine,NRSG 393 - Mental Health Practicum,Behavioral Health  - 2800,Archived (Completed),Completed,2024,Fall 2024,Emory University,60.77
483810,Emory University - SON Pre-licensure,Emory Decatur Hospital,Nursing,Cohort Rotation,8,8,"12063, 12096, 12110, 12102, 12095, 12123, 12122, 12144",9/4/24,10/9/24,7:00:00,19:00:00,60,Wed,ID Missing,No Preceptor Assigned,Psychiatry; Mental Health; Behavioral Medicine,NRSG 393 - Mental Health Practicum,Behavioral Health  - 2800,Archived (Completed),Completed,2024,Fall 2024,Emory University,60.77
483840,Emory University - SON Pre-licensure,Emory Decatur Hospital,Nursing,Cohort Rotation,7,7,"12069, 12086, 12124, 12168, 12153, 12082, 12092",9/6/24,10/11/24,7:00:00,19:00:00,60,Fri,ID Missing,No Preceptor Assigned,Psychiatry; Mental Health; Behavioral Medicine,NRSG 393 - Mental Health Practicum,Behavioral Health  - 2800,Archived (Completed),Completed,2024,Fall 2024,Emory University,60.77
484069,Chamberlain College of Nursing - Atlanta,Emory Hillandale Hospital,Nursing,Cohort Rotation,6,8,"12258, 12259, 10174, 12260, 12261, 12262",9/7/24,10/26/24,7:00:00,19:00:00,96,Sat,ID Missing,No Preceptor Assigned,To Be Determined,NR 446 - Collaborative Health,3rd floor - med surg,Archived (Completed),Completed,2024,Fall 2024,Chamberlain College of Nursing - Atlanta,72.88
484070,Chamberlain College of Nursing - Atlanta,Emory Saint Joseph's Hospital,Nursing,Cohort Rotation,7,8,"11975, 11979, 11980, 11977, 11976, 11607, 11978",9/5/24,10/24/24,7:00:00,19:00:00,96,Thu,ID Missing,No Preceptor Assigned,To Be Determined,NR 325 - Adult Health II,5W internal medicine,Archived (Completed),Completed,2024,Fall 2024,Chamberlain College of Nursing - Atlanta,72.88
484071,Chamberlain College of Nursing - Atlanta,Emory Saint Joseph's Hospital,Nursing,Cohort Rotation,7,8,"11981, 11983, 11982, 11984, 11985, 12263, 11970",9/7/24,10/26/24,7:00:00,19:00:00,96,Sat,ID Missing,No Preceptor Assigned,To Be Determined,NR 325 - Adult Health II,3S GI surgery,Archived (Completed),Completed,2024,Fall 2024,Chamberlain College of Nursing - Atlanta,72.88
484072,Chamberlain College of Nursing - Atlanta,Emory Hillandale Hospital,Nursing,Cohort Rotation,4,4,"11688, 11593, 11595, 11594",9/7/24,9/28/24,7:00:00,19:00:00,48,Sat,ID Missing,No Preceptor Assigned,Critical/Intensive Care,NR341 - Complex Adult Health,ICU,Archived (Completed),Completed,2024,Fall 2024,Chamberlain College of Nursing - Atlanta,72.88
489488,Chamberlain College of Nursing - Atlanta,Emory Saint Joseph's Hospital,Nursing,Cohort Rotation,0,6,No Students Assigned,9/3/24,10/26/24,7:00:00,19:00:00,96,Tue,ID Missing,No Preceptor Assigned,MedSurg - Acute Care,NR 324 - Adult Health I,4W renal and urology,Archived (Completed),Completed,2024,Fall 2024,Chamberlain College of Nursing - Atlanta,72.88
491804,Emory University - SON Pre-licensure,Emory Johns Creek Hospital,Nursing,Cohort Rotation,4,8,"11885, 11877, 11843, 11865",9/7/24,10/12/24,7:00:00,19:00:00,60,Sat,ID Missing,No Preceptor Assigned,Perinatal - OB,NRSG 392 - Maternity Practicum,"Maternity: M/B, L&D, NICU",Archived (Completed),Completed,2024,Fall 2024,Emory University,60.77
495741,Chamberlain College of Nursing - Atlanta,Emory University Hospital,Nursing,Cohort Rotation,1,1,10879,9/2/24,10/26/24,7:00:00,19:00:00,120,,ID Missing,No Preceptor Assigned,Surgical / OR,NR 446/452 - Collaborative and Capstone - Senior Practicum,OR,Archived (Completed),Completed,2024,Fall 2024,Chamberlain College of Nursing - Atlanta,72.88
496835,Kennesaw State University - Nursing,"Emory Offsite Locations - The Emory Clinic, Ambulatory Surgery Centers And The Emory Specialty Assocs",Nursing,Cohort Rotation,5,12,"12240, 11184, 12244, 12245, 12246",10/11/24,10/11/24,8:00:00,17:00:00,8,Fri,ID Missing,No Preceptor Assigned,Observation,4437 - Med/Surg Specialty Elective,Other (see comments),Archived (Completed),Completed,2024,Fall 2024,Kennesaw State University,57.17
