organization,cohort date,nurse id,deid_names,employment start date,type of unit,age,gender,nursing degree received,gpa,employment status,previous health care work experience,leave,type of leave,termination,termination date,tenure,termination reason,id,education_clean,gpa_numeric
Emory University Hospital Midtown,8/8/25,480100,13696,8/4/25,Medical/Surgical Inpatient Unit,23,Female,Bsn,3.5 And Above,Full-Time,,No,,No,,,,20576,Albany State University,3.75
Emory University Hospital,10/14/22,457429,13711,11/7/22,Orthopedic Inpatient Unit,27,Male,Bsn,3.0 - 3.49,,,No,,Yes,9/20/23,0.868493151,Obtained Position With A More Desirable Commute,20590,Albany State University,3.25
Emory Decatur Hospital,4/1/25,476508,13716,3/17/25,Emergency Department,24,Female,Adn/Asn,3.0 - 3.49,Full-Time,,No,,No,,,,20595,Albany State University,3.25
Emory University Hospital,10/28/24,448283,13718,10/14/24,Medical/Surgical Intermediate Unit,26,Female,Adn/Asn,3.0 - 3.49,Full-Time,,No,,No,,,,20597,Albany State University,3.25
Emory University Hospital,10/28/24,465066,13719,10/14/24,Transplant Unit,24,Female,Bsn,3.0 - 3.49,Full-Time,,No,,No,,,,20598,Albany State University,3.25
Emory University Hospital,10/28/24,474441,13720,10/21/24,General Medical Inpatient Unit,23,Female,Adn/Asn,3.0 - 3.49,Full-Time,,No,,No,,,,20599,Albany State University,3.25
Emory University Hospital Midtown,10/25/24,448683,13721,10/15/24,Emergency Department,24,Female,Adn/Asn,3.0 - 3.49,Full-Time,,No,,No,,,,20600,Albany State University,3.25
Emory University Hospital Midtown,10/25/24,472184,13722,11/18/24,General Medical Inpatient Unit,38,Female,Adn/Asn,2.5 - 2.99,Full-Time,,No,,No,,,,20601,Albany State University,2.75
Emory University Hospital Midtown,10/25/24,474495,13723,10/14/24,Emergency Department,27,Female,Adn/Asn,2.5 - 2.99,Full-Time,,No,,No,,,,20602,Albany State University,2.75
Emory University Hospital Midtown,10/25/24,2138731,13724,10/14/24,General Medical Inpatient Unit,28,Female,Adn/Asn,3.5 And Above,Full-Time,,No,,No,,,,20603,Albany State University,3.75
Emory Decatur Hospital,8/20/24,459182,13725,8/12/24,Observation Unit,24,Female,Bsn,3.0 - 3.49,Full-Time,,No,,No,,,,20604,Albany State University,3.25
Emory University Hospital,8/5/24,2401326,13726,7/29/24,Telemetry Unit,23,Female,Bsn,3.5 And Above,Full-Time,,No,,Yes,11/9/25,1.282191781,Other/Unknown,20605,Albany State University,3.75
Emory Saint Joseph’S Hospital,7/12/24,471163,13727,7/15/24,Medical/Surgical Inpatient Unit,44,Female,Adn/Asn,3.5 And Above,Full-Time,,No,,No,,,,20606,Albany State University,3.75
Emory University Hospital Midtown,4/5/24,468927,13728,4/1/24,Medical Icu Inpatient Unit,38,Female,Adn/Asn,2.5 - 2.99,Full-Time,,No,,No,,,,20607,Albany State University,2.75
Emory Johns Creek Hospital,2/22/24,469487,13729,3/18/24,Medical/Surgical Inpatient Unit,38,Female,Adn/Asn,3.0 - 3.49,Full-Time,,No,,No,,,,20608,Albany State University,3.25
Emory University Hospital Midtown,10/27/23,430649,13730,10/1/23,Orthopedic Inpatient Unit,38,Female,Diploma,3.0 - 3.49,Full-Time,,No,,No,,,,20609,Albany State University,3.25
Emory University Hospital Midtown,4/1/22,432057,13732,4/15/22,Cardiac/Heart/Vascular Critical Care,40,Female,Adn/Asn,2.5 - 2.99,,,No,,No,,,,20611,Albany State University,2.75
Emory University Hospital Midtown,10/29/21,450712,13733,10/24/21,Emergency Department,24,Female,Adn/Asn,3.0 - 3.49,,,No,,Yes,11/20/22,1.073972603,Other/Unknown,20612,Albany State University,3.25
Emory Johns Creek Hospital,7/12/24,473360,13734,8/19/24,Neonatal Icu Inpatient Unit,22,Male,Adn/Asn,3.0 - 3.49,Full-Time,,No,,Yes,10/31/24,0.2,Other/Unknown,20613,Albany State University,3.25
Emory University Hospital,9/27/21,2129959,13735,10/3/21,Telemetry Unit,30,Female,Adn/Asn,3.0 - 3.49,,,No,,No,,,,20614,Albany State University,3.25
Emory University Hospital Midtown,8/13/21,445562,13736,2/28/21,Orthopedic Inpatient Unit,31,Female,Adn/Asn,3.0 - 3.49,,,No,,Yes,1/18/23,1.887671233,Unsatisfactory Performance,20615,Albany State University,3.25
Emory Long Term Acute Care,10/13/20,1451315,13737,10/5/20,Medical/Surgical Intermediate Unit,30,Male,Accelerated Bsn,3.5 And Above,,,No,,Yes,2/12/23,2.356164384,Other/Unknown,20616,Albany State University,3.75
Emory University Hospital Midtown,4/1/20,419873,13738,2/28/20,Orthopedic Inpatient Unit,48,Female,Adn/Asn,2.5 - 2.99,Full-Time,,No,,No,,,,20617,Albany State University,2.75
Emory University Hospital,8/1/19,2275291,13739,7/22/19,Neurology/Neurosurgical Icu Inpatient Unit,25,Male,Accelerated Bsn,3.5 And Above,,,No,,No,,,,20618,Albany State University,3.75
Emory University Hospital,7/23/18,425444,13740,,Mother/Baby Unit,24,Female,Bsn,3.0 - 3.49,,,No,,No,,,,20619,Albany State University,3.25
Emory University Hospital,2/23/18,417608,13741,,General Medical Inpatient Unit,23,Female,Bsn,3.0 - 3.49,,,No,,No,,,,20620,Albany State University,3.25
Emory University Hospital,3/10/14,639368,13742,,Medical/Surgical Inpatient Unit,25,Female,Bsn,3.0 - 3.49,,,No,,No,,,,20621,Albany State University,3.25
Emory University Hospital Midtown,4/5/24,2072378,13743,3/4/24,Oncology Inpatient Unit,52,Female,Adn/Asn,2.5 - 2.99,Full-Time,,No,,No,,,,20622,Albany State University,2.75
Emory University Hospital Midtown,10/28/22,458638,13791,9/19/22,Oncology Inpatient Unit,46,Female,Adn/Asn,3.0 - 3.49,Full-Time,,No,,Yes,2/26/23,0.438356164,Other/Unknown,20670,Atlanta Technical College,3.25
Emory University Hospital,10/28/24,438358,13792,8/20/24,General Medical Inpatient Unit,39,Female,Adn/Asn,2.0 - 2.49,Full-Time,,No,,No,,,,20671,Atlanta Technical College,2.25
Emory Hillandale Hospital,8/22/24,472968,13793,8/12/24,Medical/Surgical Inpatient Unit,30,Female,Adn/Asn,2.5 - 2.99,Full-Time,,No,,No,,,,20672,Atlanta Technical College,2.75
Emory University Hospital,8/5/24,408670,13794,3/30/15,Medical/Surgical Intermediate Unit,29,Female,Adn/Asn,3.0 - 3.49,Full-Time,,No,,No,,,,20673,Atlanta Technical College,3.25
Emory University Hospital,8/16/23,444278,13795,7/31/23,Surgical Icu Inpatient Unit,28,Female,Adn/Asn,3.0 - 3.49,Full-Time,,No,,No,,,,20674,Atlanta Technical College,3.25
Emory University Hospital Midtown,8/12/22,2131947,13796,8/8/22,Cardiac/Heart/Vascular Critical Care,24,Female,Adn/Asn,2.5 - 2.99,,,No,,No,,,,20675,Atlanta Technical College,2.75
Emory Decatur Hospital,8/20/24,428492,13797,8/20/24,Emergency Department,31,Male,Adn/Asn,2.5 - 2.99,Full-Time,,No,,Yes,8/14/25,0.983561644,Unsatisfactory Performance,20676,Atlanta Technical College,2.75
Emory University Hospital Midtown,8/9/24,475356,13798,8/26/24,Medical/Surgical Inpatient Unit,32,Male,Adn/Asn,3.0 - 3.49,Full-Time,,No,,Yes,5/5/25,0.690410959,Other/Unknown,20677,Atlanta Technical College,3.25
Emory Hillandale Hospital,8/26/21,410978,13799,8/1/21,Ambulatory Setting,24,Male,Adn/Asn,3.5 And Above,,,No,,No,,,,20678,Atlanta Technical College,3.75
Emory University Hospital Midtown,8/1/20,373691,13800,8/10/20,Emergency Department,39,Female,Adn/Asn,3.0 - 3.49,,,No,,No,,,,20679,Atlanta Technical College,3.25
The Emory Clinic,8/18/25,479599,13801,8/18/25,Ambulatory Setting,26,Female,Adn/Asn,2.5 - 2.99,Full-Time,,No,,No,,,,20680,Atlanta Technical College,2.75
Emory University Hospital,11/12/25,2727427,14049,10/20/25,Medical/Surgical Icu Inpatient Unit,25,Male,Accelerated Bsn,3.5 And Above,Full-Time,,No,,No,,,,20928,Baylor University,3.75
Emory University Hospital Midtown,8/12/22,456480,14050,7/25/22,Mother/Baby Unit,24,Female,Accelerated Bsn,3.5 And Above,,,No,,No,,,,20929,Baylor University,3.75
Emory Decatur Hospital,7/23/19,435723,14051,7/15/19,Neonatal Icu Inpatient Unit,24,Female,Accelerated Bsn,3.0 - 3.49,,,No,,No,,,,20930,Baylor University,3.25
Emory University Hospital,10/13/16,5021,14052,,Medical/Surgical Inpatient Unit,22,Female,Bsn,3.0 - 3.49,,,No,,No,,,,20931,Baylor University,3.25
Emory University Hospital,10/8/15,410848,14053,,Medical/Surgical Icu Inpatient Unit,27,Female,Bsn,3.5 And Above,,,No,,No,,,,20932,Baylor University,3.75
Emory Saint Joseph’S Hospital,2/20/17,417796,14122,2/20/17,Neurology/Neurosurgical Icu Inpatient Unit,40,Female,Bsn,3.0 - 3.49,Full-Time,,No,,Yes,10/12/19,2.64109589,Other/Unknown,21001,Brenau University,3.25
Emory Saint Joseph’S Hospital,7/11/16,30777,14123,,Medical/Surgical Inpatient Unit,26,Female,Bsn,3.0 - 3.49,,,No,,No,,,,21002,Brenau University,3.25
Emory Saint Joseph’S Hospital,7/11/16,175658,14124,,Medical/Surgical Inpatient Unit,23,Female,Bsn,3.0 - 3.49,,,No,,Yes,9/6/20,,Obtained Position Representing A Promotion/Career Advancement,21003,Brenau University,3.25
Emory Saint Joseph’S Hospital,7/11/16,5699720,14125,,Medical/Surgical Inpatient Unit,22,Female,Bsn,3.5 And Above,,,No,,Yes,10/13/20,,Obtained Position Representing A Promotion/Career Advancement,21004,Brenau University,3.75
Emory University Hospital,9/10/12,4103,14126,,Medical/Surgical Icu Inpatient Unit,40,Male,Bsn,3.5 And Above,,,No,,No,,,,21005,Brenau University,3.75
Emory Johns Creek Hospital,10/2/25,484389,14127,11/24/25,General Medical Inpatient Unit,25,Female,Masters,3.5 And Above,Full-Time,,No,,No,,,,21006,Brenau University,3.75
Emory Johns Creek Hospital,2/17/25,477050,14129,3/24/25,Mother/Baby Unit,25,Female,Masters,3.0 - 3.49,Full-Time,,No,,No,,,,21008,Brenau University,3.25
Emory University Hospital Midtown,10/25/24,468862,14130,12/9/24,Surgical Icu Inpatient Unit,24,Female,Bsn,3.5 And Above,Full-Time,,No,,No,,,,21009,Brenau University,3.75
Emory University Hospital Midtown,10/25/24,1883146,14131,11/4/24,Medical/Surgical Inpatient Unit,31,Female,Masters,3.5 And Above,Full-Time,,No,,No,,,,21010,Brenau University,3.75
Emory University Hospital,8/22/24,2182185,14132,8/5/24,Oncology Inpatient Unit,27,Female,Masters,3.0 - 3.49,Full-Time,,No,,No,,,,21011,Brenau University,3.25
Emory Decatur Hospital,8/20/24,473359,14134,8/19/24,Psychiatric Inpatient Unit,45,Female,Masters,3.5 And Above,Full-Time,,No,,No,,,,21013,Brenau University,3.75
Emory University Hospital Midtown,8/9/24,472570,14135,8/5/24,Emergency Department,24,Female,Masters,3.5 And Above,Full-Time,,No,,No,,,,21014,Brenau University,3.75
Emory University Hospital,8/5/24,472654,14136,7/29/24,Transplant Unit,28,Female,Bsn,3.0 - 3.49,Full-Time,,No,,No,,,,21015,Brenau University,3.25
Emory Saint Joseph’S Hospital,7/12/24,471651,14137,8/5/24,Emergency Department,49,Female,Masters,3.5 And Above,Full-Time,,No,,No,,,,21016,Brenau University,3.75
Emory Johns Creek Hospital,7/12/24,2013566,14138,6/24/24,Medical/Surgical Icu Inpatient Unit,30,Female,Masters,3.5 And Above,Full-Time,,No,,No,,,,21017,Brenau University,3.75
Emory Saint Joseph’S Hospital,2/15/21,1049601,14139,3/22/21,General Medical Inpatient Unit,38,Female,Bsn,3.5 And Above,Full-Time,,No,,Yes,9/27/21,0.517808219,Unhappy With Job/Facility,21018,Brenau University,3.75
Emory Saint Joseph’S Hospital,2/22/24,452869,14140,2/4/24,Telemetry Unit,31,Female,Bsn,3.5 And Above,Full-Time,,No,,No,,,,21019,Brenau University,3.75
Emory University Hospital Midtown,4/7/23,461844,14141,3/27/23,Neurology/Neurosurgical Icu Inpatient Unit,23,Female,Accelerated Bsn,3.5 And Above,Full-Time,,No,,Yes,3/6/24,0.94520548,Relocating Out Of Area,21020,Brenau University,3.75
Emory Saint Joseph’S Hospital,2/22/24,468377,14142,2/5/24,Medical/Surgical Icu Inpatient Unit,27,Female,Bsn,3.0 - 3.49,Full-Time,,No,,Yes,7/9/25,1.424657534,Unhappy With Job/Facility,21021,Brenau University,3.25
Emory Saint Joseph’S Hospital,2/22/24,468442,14143,2/19/24,Perioperative Or,30,Female,Masters,3.5 And Above,Full-Time,,No,,Yes,7/10/25,1.389041096,Personal Reasons,21022,Brenau University,3.75
Emory University Hospital,11/8/23,2462889,10781,10/9/23,Cardiac/Heart/Vascular Critical Care,24,Female,Bsn,3.5 And Above,Full-Time,,No,,No,,,,21023,Brenau University,3.75
Emory University Hospital,10/23/23,466509,14145,10/16/23,Transplant Unit,23,Female,Bsn,3.0 - 3.49,Full-Time,,No,,No,,,,21024,Brenau University,3.25
Emory Johns Creek Hospital,7/12/24,471326,14146,6/3/24,Medical/Surgical Inpatient Unit,26,Male,Bsn,3.0 - 3.49,Full-Time,,No,,Yes,4/19/25,0.876712329,Unsatisfactory Performance,21025,Brenau University,3.25
Emory University Hospital,8/16/23,443898,10780,7/24/23,Neurology/Neurosurgical Icu Inpatient Unit,31,Female,Masters,3.0 - 3.49,Full-Time,,No,,No,,,,21026,Brenau University,3.25
Emory Decatur Hospital,8/15/23,2441675,14148,7/17/23,Medical/Surgical Intermediate Unit,27,Female,Bsn,3.0 - 3.49,Full-Time,,No,,No,,,,21027,Brenau University,3.25
Emory University Hospital,8/7/23,464297,14149,7/31/23,Oncology Inpatient Unit,26,Female,Masters,3.5 And Above,Full-Time,,No,,No,,,,21028,Brenau University,3.75
Emory University Hospital,8/7/23,464583,14150,7/24/23,Transplant Unit,23,Female,Bsn,3.0 - 3.49,Full-Time,,No,,No,,,,21029,Brenau University,3.25
Emory University Hospital Midtown,4/7/23,2180052,14151,4/12/23,Medical/Surgical Inpatient Unit,25,Female,Accelerated Bsn,3.0 - 3.49,Full-Time,,No,,No,,,,21030,Brenau University,3.25
Emory Hillandale Hospital,3/28/23,461779,14152,3/20/23,Medical/Surgical Icu Inpatient Unit,28,Female,Accelerated Bsn,3.0 - 3.49,Full-Time,,No,,Yes,3/29/24,1.02739726,Other/Unknown,21031,Brenau University,3.25
Emory Decatur Hospital,3/28/23,462065,14153,3/20/23,Mother/Baby Unit,28,Female,Accelerated Bsn,3.0 - 3.49,Full-Time,,No,,No,,,,21032,Brenau University,3.25
Emory Saint Joseph’S Hospital,2/24/23,461474,14154,2/27/23,Emergency Department,25,Female,Bsn,3.5 And Above,Full-Time,,No,,No,,,,21033,Brenau University,3.75
Emory University Hospital,10/14/22,2477823,14155,10/31/22,Medical Icu Inpatient Unit,39,Female,Accelerated Bsn,3.5 And Above,,,No,,No,,,,21034,Brenau University,3.75
Emory Decatur Hospital,10/11/22,459129,14156,10/10/22,Obstetrics/Labor & Delivery Inpatient Unit,35,Female,Accelerated Bsn,3.0 - 3.49,,,No,,No,,,,21035,Brenau University,3.25
Emory University Hospital,8/17/22,455796,14157,7/11/22,Emergency Department,26,Female,Accelerated Bsn,3.5 And Above,,,No,,No,,,,21036,Brenau University,3.75
Emory University Hospital,8/5/24,2565727,14158,7/29/24,General Medical Inpatient Unit,37,Female,Masters,3.5 And Above,Full-Time,,No,,Yes,9/1/24,0.093150685,Other/Unknown,21037,Brenau University,3.75
Emory University Hospital,4/27/22,453688,14159,3/21/22,Neurology/Neurosurgical Icu Inpatient Unit,22,Female,Bsn,3.5 And Above,,,No,,No,,,,21038,Brenau University,3.75
Emory University Hospital Midtown,4/1/22,450459,14160,3/28/22,Medical/Surgical Inpatient Unit,28,Male,Bsn,3.5 And Above,,,No,,No,,,,21039,Brenau University,3.75
Emory Saint Joseph’S Hospital,2/21/22,394430,14161,3/7/22,Medical/Surgical Icu Inpatient Unit,38,Female,Bsn,3.0 - 3.49,,,No,,No,,,,21040,Brenau University,3.25
Emory University Hospital Midtown,10/29/21,449193,14162,11/1/21,Cardiac/Heart/Vascular Critical Care,28,Male,Accelerated Bsn,3.0 - 3.49,,,No,,Yes,11/28/24,3.076712329,Other/Unknown,21041,Brenau University,3.25
Emory University Hospital Midtown,10/29/21,450456,14163,10/24/21,Cardiac/Heart/Vascular Critical Care,44,Female,Accelerated Bsn,3.0 - 3.49,,,No,,No,,,,21042,Brenau University,3.25
Emory Saint Joseph’S Hospital,10/18/21,151683,14164,10/18/21,Cardiac/Heart/Vascular Critical Care,46,Female,Accelerated Bsn,3.5 And Above,,,No,,No,,,,21043,Brenau University,3.75
Emory University Hospital,8/26/21,448220,14165,7/26/21,Perioperative Or,26,Male,Bsn,3.0 - 3.49,Full-Time,,No,,No,,,,21044,Brenau University,3.25
Emory Johns Creek Hospital,7/12/21,445893,14166,7/12/21,General Surgical Inpatient Unit,42,Female,Bsn,3.0 - 3.49,Full-Time,,No,,Yes,5/14/23,1.838356164,Other/Unknown,21045,Brenau University,3.25
Emory Johns Creek Hospital,7/12/21,447923,14167,7/19/21,General Medical Inpatient Unit,40,Female,Bsn,3.0 - 3.49,Full-Time,,No,,No,,,,21046,Brenau University,3.25
Emory University Hospital,4/16/21,442285,14168,3/22/21,Oncology Inpatient Unit,24,Female,Accelerated Bsn,3.0 - 3.49,,,No,,Yes,2/18/23,1.912328767,Other/Unknown,21047,Brenau University,3.25
Emory Johns Creek Hospital,2/15/21,446370,14169,3/22/21,General Surgical Inpatient Unit,43,Female,Bsn,3.0 - 3.49,Full-Time,,No,,Yes,5/3/23,2.115068493,Obtained Position Representing A Different Job Experience,21048,Brenau University,3.25
Emory University Hospital,10/15/18,430921,14170,10/15/18,General Medical Inpatient Unit,31,Female,Bsn,2.5 - 2.99,,,No,,Yes,12/12/18,0.15890411,Other/Unknown,21049,Brenau University,2.75
Emory Decatur Hospital,10/13/20,443008,14171,10/5/20,General Medical Inpatient Unit,35,Female,Bsn,3.5 And Above,,,Yes,Medical,Yes,2/22/22,1.383561644,Did Not Return From Leave Of Absence,21050,Brenau University,3.75
Emory Saint Joseph’S Hospital,10/12/20,1807011,14172,10/12/20,Medical/Surgical Inpatient Unit,28,Female,Accelerated Bsn,3.0 - 3.49,,,No,,Yes,3/2/22,1.38630137,Other/Unknown,21051,Brenau University,3.25
Emory University Hospital,8/6/20,405394,14173,6/14/20,Oncology Inpatient Unit,32,Female,Accelerated Bsn,3.0 - 3.49,,,No,,No,,,,21052,Brenau University,3.25
Emory University Hospital Midtown,8/1/20,442414,14174,5/1/20,Emergency Department,26,Female,Accelerated Bsn,3.5 And Above,Full-Time,,No,,No,,,,21053,Brenau University,3.75
Emory University Hospital,7/30/20,422410,14175,6/3/20,Medical/Surgical Intermediate Unit,24,Female,Bsn,3.0 - 3.49,,,No,,No,,,,21054,Brenau University,3.25
Emory University Hospital,7/30/20,442598,14176,8/3/20,General Medical Inpatient Unit,34,Female,Accelerated Bsn,3.5 And Above,,,No,,Yes,3/11/23,2.602739726,Other/Unknown,21055,Brenau University,3.75
Emory University Hospital,7/30/20,2320135,14177,8/3/20,Transplant Unit,26,Female,Accelerated Bsn,3.5 And Above,,,No,,Yes,11/24/21,1.309589041,Disability/Illness/Injury,21056,Brenau University,3.75
Emory Decatur Hospital,7/21/20,2292317,14180,7/13/20,Medical/Surgical Icu Inpatient Unit,27,Female,Bsn,3.0 - 3.49,,,No,,No,,,,21059,Brenau University,3.25
Emory Saint Joseph’S Hospital,7/13/20,442289,14181,7/13/20,Medical/Surgical Intermediate Unit,31,Female,Bsn,3.5 And Above,Per Diem,,No,,No,,,,21060,Brenau University,3.75
Emory Saint Joseph’S Hospital,7/13/20,442293,14182,7/13/20,Oncology Inpatient Unit,23,Female,Bsn,3.5 And Above,Full-Time,,No,,No,,,,21061,Brenau University,3.75
Emory Saint Joseph’S Hospital,7/13/20,442508,14183,7/13/20,Oncology Inpatient Unit,24,Female,Bsn,3.0 - 3.49,,,No,,Yes,8/29/21,1.128767123,Obtained Position Representing A Different Job Experience,21062,Brenau University,3.25
Emory University Hospital Midtown,4/1/20,420872,14184,3/30/20,Cardiac/Heart/Vascular Critical Care,47,Female,Bsn,3.5 And Above,,,No,,No,,,,21063,Brenau University,3.75
Emory University Hospital Midtown,10/31/19,438014,14185,10/28/19,Cardiac/Heart/Vascular Critical Care,31,Male,Bsn,3.0 - 3.49,,,No,,No,,,,21064,Brenau University,3.25
Emory Johns Creek Hospital,10/14/19,438559,14186,10/28/19,Perioperative Or,25,Male,Bsn,3.0 - 3.49,Full-Time,,No,,Yes,10/3/21,1.934246575,Travel Nurse,21065,Brenau University,3.25
Emory University Hospital Midtown,7/25/19,436220,14187,7/29/19,Emergency Department,22,Female,Bsn,3.0 - 3.49,Full-Time,,No,,Yes,8/3/20,1.016438356,Relocating Out Of Area,21066,Brenau University,3.25
Emory University Hospital Midtown,2/28/19,432830,14188,2/28/19,Emergency Department,28,Female,Bsn,3.0 - 3.49,,,No,,No,,,,21067,Brenau University,3.25
Emory University Hospital,10/28/24,475021,14189,11/11/24,General Surgical Inpatient Unit,28,Female,Masters,3.0 - 3.49,Full-Time,,No,,Yes,4/29/25,0.463013699,Other/Unknown,21068,Brenau University,3.25
Emory Decatur Hospital,11/14/23,461776,14190,11/13/23,Obstetrics/Labor & Delivery Inpatient Unit,52,Female,Masters,3.5 And Above,Full-Time,,No,,Yes,7/27/24,0.704109589,Unsatisfactory Performance,21069,Brenau University,3.75
Emory Saint Joseph’S Hospital,7/16/18,578260,14192,7/16/18,Medical/Surgical Inpatient Unit,41,Female,Bsn,3.0 - 3.49,Full-Time,,No,,Yes,9/11/21,3.15890411,Travel Nurse,21071,Brenau University,3.25
Emory Saint Joseph’S Hospital,7/16/18,749221,14193,7/16/18,Medical/Surgical Intermediate Unit,22,Female,Bsn,3.0 - 3.49,Full-Time,,No,,No,,,,21072,Brenau University,3.25
Emory University Hospital,2/23/18,422833,14195,,Emergency Department,37,Female,Bsn,3.0 - 3.49,,,No,,No,,,,21074,Brenau University,3.25
Emory University Hospital,2/23/18,423463,14196,,Rehabilitation Inpatient Unit,35,Male,Bsn,3.0 - 3.49,,,No,,No,,,,21075,Brenau University,3.25
Emory University Hospital,2/23/18,1291259,14197,,Neonatal Icu Inpatient Unit,29,Female,Bsn,3.0 - 3.49,,,No,,No,,,,21076,Brenau University,3.25
Emory University Hospital,7/18/17,413862,14198,,Cardiac/Heart/Vascular Critical Care,27,Male,Bsn,3.0 - 3.49,,,No,,No,,,,21077,Brenau University,3.25
Emory University Hospital,7/18/17,420049,14199,,Perioperative Or,51,Male,Bsn,3.0 - 3.49,,,No,,No,,,,21078,Brenau University,3.25
Emory University Hospital,7/18/17,420191,14200,,General Surgical Inpatient Unit,44,Female,Bsn,3.0 - 3.49,,,No,,No,,,,21079,Brenau University,3.25
Emory University Hospital,2/24/17,474425,14201,,Orthopedic Inpatient Unit,47,Female,Bsn,3.5 And Above,,,No,,No,,,,21080,Brenau University,3.75
Emory University Hospital,10/11/16,410987,14202,,Rehabilitation Inpatient Unit,34,Female,Bsn,3.5 And Above,,,No,,No,,,,21081,Brenau University,3.75
Emory University Hospital,10/10/16,415906,14203,,Medical/Surgical Icu Inpatient Unit,36,Female,Bsn,3.0 - 3.49,,,No,,No,,,,21082,Brenau University,3.25
Emory University Hospital,4/22/16,359629,14204,,General Surgical Inpatient Unit,45,Female,Bsn,3.0 - 3.49,,,No,,No,,,,21083,Brenau University,3.25
Emory University Hospital,4/22/16,322043,14206,,General Surgical Inpatient Unit,47,Female,Bsn,3.0 - 3.49,,,No,,Yes,4/12/17,,Other/Unknown,21085,Brenau University,3.25
Emory University Hospital,4/15/16,979074,14207,,Emergency Department,37,Female,Bsn,3.0 - 3.49,,,No,,No,,,,21086,Brenau University,3.25
Emory University Hospital,10/8/15,374482,14208,,Other (Please Specify),30,Female,Bsn,3.0 - 3.49,,,No,,No,,,,21087,Brenau University,3.25
Emory University Hospital,10/7/15,791546,14209,,Transplant Unit,36,Female,Bsn,3.0 - 3.49,,,No,,No,,,,21088,Brenau University,3.25
Emory Saint Joseph’S Hospital,10/20/14,40701300,14210,,Telemetry Unit,26,Female,Bsn,3.0 - 3.49,,,No,,No,,,,21089,Brenau University,3.25
Emory Saint Joseph’S Hospital,10/20/14,188264900,14211,,Other (Please Specify),51,Female,Bsn,3.0 - 3.49,,,No,,No,,,,21090,Brenau University,3.25
Emory University Hospital,3/17/14,404465,14212,,General Medical Inpatient Unit,27,Female,Bsn,2.5 - 2.99,,,No,,No,,,,21091,Brenau University,2.75
Emory University Hospital,8/26/13,2709,14213,,General Medical Inpatient Unit,45,Female,Bsn,3.5 And Above,,,No,,No,,,,21092,Brenau University,3.75
Emory Saint Joseph’S Hospital,8/12/13,40247000,14214,,Emergency Department,23,Female,Bsn,3.0 - 3.49,,,No,,No,,,,21093,Brenau University,3.25
Emory University Hospital,8/8/13,659,14215,,Oncology Inpatient Unit,30,Female,Bsn,3.5 And Above,,,No,,No,,,,21094,Brenau University,3.75
Emory University Hospital,3/11/13,412,14216,,General Medical Inpatient Unit,27,Female,Bsn,3.0 - 3.49,,,No,,No,,,,21095,Brenau University,3.25
Emory University Hospital,9/10/12,3802,14218,,Oncology Inpatient Unit,36,Female,Bsn,3.5 And Above,,,No,,No,,,,21097,Brenau University,3.75
Emory University Hospital,7/16/12,4187,14219,,Transplant Unit,43,Female,Bsn,3.0 - 3.49,,,No,,No,,,,21098,Brenau University,3.25
Emory University Hospital,6/14/12,2776,14220,,Perioperative Or,25,Female,Bsn,3.0 - 3.49,,,No,,No,,,,21099,Brenau University,3.25
Emory Decatur Hospital,10/12/21,450138,14222,10/4/21,Obstetrics/Labor & Delivery Inpatient Unit,27,Female,Accelerated Bsn,3.5 And Above,,,No,,Yes,2/27/22,0.4,Obtained Position Representing A Different Job Experience,21101,Brenau University,3.75
Emory University Hospital Midtown,8/11/23,461363,14242,8/20/23,Emergency Department,43,Female,Bsn,3.5 And Above,Full-Time,,No,,No,,,,21121,Capella University,3.75
Emory University Hospital,4/27/22,453441,14243,4/4/22,Emergency Department,43,Female,Bsn,3.5 And Above,,,No,,No,,,,21122,Capella University,3.75
Emory Decatur Hospital,8/19/25,479850,14935,8/11/25,Medical/Surgical Inpatient Unit,43,Female,Bsn,3.0 - 3.49,Full-Time,,No,,No,,,,21814,Columbus State University,3.25
Emory Decatur Hospital,8/19/25,480079,14936,8/11/25,Medical/Surgical Inpatient Unit,22,Female,Bsn,3.0 - 3.49,Full-Time,,No,,No,,,,21815,Columbus State University,3.25
Emory University Hospital Midtown,8/12/22,456567,14937,7/2/22,Telemetry Unit,31,Female,Bsn,3.0 - 3.49,,,No,,Yes,4/2/23,0.750684932,Other/Unknown,21816,Columbus State University,3.25
Emory University Hospital Midtown,8/11/23,464371,14938,7/17/23,Neurology/Neurosurgical Icu Inpatient Unit,24,Female,Bsn,3.0 - 3.49,Full-Time,,No,,No,,,,21817,Columbus State University,3.25
Emory University Hospital Midtown,8/7/23,464376,14939,7/24/23,Oncology Inpatient Unit,23,Female,Bsn,3.0 - 3.49,Full-Time,,No,,No,,,,21818,Columbus State University,3.25
The Emory Clinic,2/24/23,2215531,14940,2/20/23,Ambulatory Setting,34,Male,Adn/Asn,3.5 And Above,Full-Time,,No,,No,,,,21819,Columbus State University,3.75
Emory University Hospital,11/18/22,459040,14941,11/18/22,Perioperative Or,28,Female,Bsn,3.5 And Above,Full-Time,,No,,No,,,,21820,Columbus State University,3.75
Emory University Hospital Midtown,8/12/22,456558,14942,8/8/22,Oncology Inpatient Unit,22,Female,Bsn,3.0 - 3.49,,,No,,No,,,,21821,Columbus State University,3.25
Emory University Hospital Midtown,8/12/22,456607,14943,8/8/22,Neonatal Icu Inpatient Unit,22,Female,Bsn,3.5 And Above,,,No,,Yes,4/10/24,1.673972603,Other/Unknown,21822,Columbus State University,3.75
Emory University Hospital,8/5/24,472181,14944,7/29/24,Medical/Surgical Intermediate Unit,23,Female,Bsn,3.0 - 3.49,Full-Time,,No,,Yes,11/9/24,0.282191781,Other/Unknown,21823,Columbus State University,3.25
Emory University Hospital,4/27/22,453437,14945,4/4/22,Emergency Department,23,Female,Bsn,3.0 - 3.49,,,No,,No,,,,21824,Columbus State University,3.25
Emory University Hospital,9/27/21,450342,14946,9/20/21,Rehabilitation Inpatient Unit,31,Female,Bsn,2.5 - 2.99,,,No,,No,,,,21825,Columbus State University,2.75
Emory University Hospital,11/6/20,443451,14947,9/28/20,Emergency Department,23,Female,Bsn,3.0 - 3.49,Full-Time,,No,,No,,,,21826,Columbus State University,3.25
Emory University Hospital Midtown,10/31/19,436113,14949,10/28/19,General Medical Inpatient Unit,22,Female,Bsn,3.0 - 3.49,,,No,,No,,,,21828,Columbus State University,3.25
Emory Decatur Hospital,10/22/19,429515,14950,12/15/19,Neonatal Icu Inpatient Unit,22,Female,Bsn,3.0 - 3.49,,,No,,No,,,,21829,Columbus State University,3.25
Emory University Hospital Midtown,7/25/19,436212,14951,7/29/19,General Medical Inpatient Unit,22,Female,Bsn,3.0 - 3.49,,,No,,No,,,,21830,Columbus State University,3.25
Emory University Hospital Midtown,7/25/19,436585,14952,7/29/19,General Medical Inpatient Unit,26,Male,Bsn,3.0 - 3.49,,,No,,Yes,10/4/21,2.18630137,Obtained Position Representing A Different Job Experience,21831,Columbus State University,3.25
Emory Saint Joseph’S Hospital,7/15/19,436277,14953,7/15/19,Medical/Surgical Inpatient Unit,22,Female,Bsn,3.0 - 3.49,Full-Time,,No,,Yes,9/30/21,2.21369863,Compensation/Pay,21832,Columbus State University,3.25
Emory University Hospital,7/30/18,425529,14954,,General Medical Inpatient Unit,23,Female,Bsn,3.0 - 3.49,,,No,,No,,,,21833,Columbus State University,3.25
Emory University Hospital,7/23/18,425441,14955,7/23/18,Oncology Inpatient Unit,25,Female,Bsn,3.0 - 3.49,Full-Time,,No,,Yes,10/30/20,2.273972603,Relocating Out Of Area,21834,Columbus State University,3.25
Emory University Hospital,7/16/18,420560,14956,,General Medical Inpatient Unit,22,Female,Bsn,3.0 - 3.49,,,No,,No,,,,21835,Columbus State University,3.25
Emory University Hospital,10/13/16,4243,14958,,General Surgical Inpatient Unit,26,Female,Bsn,3.0 - 3.49,,,No,,No,,,,21837,Columbus State University,3.25
Emory Saint Joseph’S Hospital,10/20/14,40701000,14959,,Medical/Surgical Inpatient Unit,31,Female,Bsn,3.0 - 3.49,,,No,,Yes,3/1/15,,Disability/Illness/Injury,21838,Columbus State University,3.25
Emory University Hospital,9/8/14,406586,14960,,Telemetry Unit,25,Male,Bsn,3.0 - 3.49,,,No,,No,,,,21839,Columbus State University,3.25
Emory University Hospital,8/25/14,406444,14961,,Oncology Inpatient Unit,28,Female,Bsn,3.0 - 3.49,,,No,,No,,,,21840,Columbus State University,3.25
Emory University Hospital,8/19/13,5944,14962,,Oncology Inpatient Unit,27,Female,Bsn,3.5 And Above,,,No,,No,,,,21841,Columbus State University,3.75
Emory University Hospital,10/20/11,6222,14963,,Emergency Department,24,Female,Bsn,3.0 - 3.49,,,No,,No,,,,21842,Columbus State University,3.25
Emory Decatur Hospital,3/22/22,452955,14964,3/14/22,Mother/Baby Unit,28,Female,Bsn,3.5 And Above,,,No,,No,,,,21843,Columbus State University,3.75
Emory Decatur Hospital,10/12/21,450364,14965,10/4/21,Medical Icu Inpatient Unit,23,Female,Bsn,3.0 - 3.49,,,No,,Yes,8/8/23,1.843835616,Travel Nurse,21844,Columbus State University,3.25
Emory University Hospital,7/30/20,442139,14966,6/8/20,Neurology/Neurosurgical Icu Inpatient Unit,23,Female,Bsn,3.0 - 3.49,,,No,,No,,,,21845,Columbus State University,3.25
Emory University Hospital,8/17/22,2477627,15006,7/11/22,Emergency Department,24,Female,Bsn,3.5 And Above,,,No,,Yes,7/18/24,2.021917808,Other/Unknown,21885,Duke University,3.75
Emory University Hospital Midtown,4/1/22,2236963,15007,4/4/22,Neonatal Icu Inpatient Unit,23,Female,Accelerated Bsn,3.5 And Above,,,No,,No,,,,21886,Duke University,3.75
Emory University Hospital Midtown,4/1/22,2428533,15008,3/28/22,Obstetrics/Labor & Delivery Inpatient Unit,27,Female,Accelerated Bsn,3.5 And Above,,,No,,Yes,6/10/23,1.202739726,Other/Unknown,21887,Duke University,3.75
Emory Decatur Hospital,7/26/21,448093,15009,7/26/21,Obstetrics/Labor & Delivery Inpatient Unit,27,Female,Accelerated Bsn,3.5 And Above,,,No,,Yes,8/6/23,2.030136986,Other/Unknown,21888,Duke University,3.75
Emory University Hospital,2/26/19,433100,15010,3/4/19,General Surgical Inpatient Unit,28,Female,Accelerated Bsn,3.5 And Above,Full-Time,,No,,No,,,,21889,Duke University,3.75
Emory University Hospital,7/30/18,425380,15011,,Emergency Department,26,Female,Accelerated Bsn,3.0 - 3.49,,,No,,No,,,,21890,Duke University,3.25
Emory University Hospital,7/30/18,950923,15012,7/30/18,Oncology Inpatient Unit,24,Female,Accelerated Bsn,3.5 And Above,,,No,,No,,,,21891,Duke University,3.75
Emory University Hospital,2/23/18,1995636,15013,,Cardiac/Heart/Vascular Critical Care,23,Female,Accelerated Bsn,3.5 And Above,,,No,,No,,,,21892,Duke University,3.75
Emory University Hospital,9/8/14,406569,15015,,General Medical Inpatient Unit,30,Male,Bsn,3.5 And Above,,,No,,No,,,,21894,Duke University,3.75
Emory Decatur Hospital,8/2/22,456233,15016,7/25/22,Emergency Department,42,Male,Accelerated Bsn,3.5 And Above,,,No,,Yes,10/9/22,0.208219178,Family Obligations (Family/Friend Caregiving Responsibility),21895,Duke University,3.75
Emory University Hospital,10/28/24,2150185,15041,11/18/24,Medical/Surgical Inpatient Unit,29,Female,Masters,3.5 And Above,Full-Time,,No,,Yes,10/19/25,0.917808219,Other/Unknown,21920,Emory University,3.75
Emory Saint Joseph’S Hospital,7/11/16,537865,15042,,Medical/Surgical Inpatient Unit,23,Female,Bsn,3.0 - 3.49,,,No,,No,,,,21921,Emory University,3.25
Emory Saint Joseph’S Hospital,7/11/16,577434,15043,,Medical/Surgical Inpatient Unit,22,Female,Bsn,3.0 - 3.49,,,No,,No,,,,21922,Emory University,3.25
Emory Saint Joseph’S Hospital,7/11/16,847395,15044,,Medical/Surgical Inpatient Unit,22,Female,Bsn,3.0 - 3.49,,,No,,No,,,,21923,Emory University,3.25
Emory Saint Joseph’S Hospital,7/11/16,946081,15045,,Medical/Surgical Inpatient Unit,23,Female,Bsn,3.0 - 3.49,,,No,,Yes,12/22/20,,Compensation/Pay,21924,Emory University,3.25
Emory Saint Joseph’S Hospital,3/7/16,101498,15046,,Medical/Surgical Inpatient Unit,37,Female,Accelerated Bsn,3.5 And Above,,,No,,No,,,,21925,Emory University,3.75
Emory University Hospital,9/1/14,6101967,15048,,Emergency Department,47,Male,Bsn,3.5 And Above,,,No,,No,,,,21927,Emory University,3.75
Emory University Hospital,9/10/12,4425,15050,,General Medical Inpatient Unit,22,Female,Bsn,3.5 And Above,,,No,,No,,,,21929,Emory University,3.75
Emory University Hospital,8/13/12,4790,15051,,Obstetrics/Labor & Delivery Inpatient Unit,22,Female,Bsn,3.5 And Above,,,No,,No,,,,21930,Emory University,3.75
Emory Saint Joseph’S Hospital,10/20/14,172553300,15052,,Medical/Surgical Inpatient Unit,23,Female,Bsn,3.0 - 3.49,,,No,,No,,,,21931,Emory University,3.25
Emory Saint Joseph’S Hospital,7/13/15,1544402,15053,,Medical/Surgical Icu Inpatient Unit,33,Female,Bsn,3.0 - 3.49,,,No,,No,,,,21932,Emory University,3.25
Emory University Hospital,11/12/25,2603443,15056,10/26/25,Cardiac/Heart/Vascular Critical Care,24,Female,Msn (Cnl),3.5 And Above,Full-Time,,No,,No,,,,21935,Emory University,3.75
Emory University Hospital,8/20/25,2168165,15065,7/28/25,Medical Icu Inpatient Unit,26,Female,Bsn,3.5 And Above,Full-Time,,No,,No,,,,21944,Emory University,3.75
Emory University Hospital,8/20/25,2508817,15070,7/28/25,Neurology/Neurosurgical Icu Inpatient Unit,22,Male,Bsn,3.5 And Above,Full-Time,,No,,No,,,,21949,Emory University,3.75
Emory University Hospital,8/20/25,2543642,15071,8/18/25,Emergency Department,25,Female,Masters,3.5 And Above,Full-Time,,No,,No,,,,21950,Emory University,3.75
Emory University Hospital Midtown,8/20/25,2602478,15072,7/21/25,Perioperative Or,22,Female,Bsn,3.5 And Above,Full-Time,,No,,No,,,,21951,Emory University,3.75
Emory University Hospital,8/20/25,2619074,15074,7/28/25,Cardiac/Heart/Vascular Critical Care,23,Female,Bsn,3.5 And Above,Full-Time,,No,,No,,,,21953,Emory University,3.75
Emory University Hospital,8/20/25,2645686,15075,7/28/25,Neurology/Neurosurgical Icu Inpatient Unit,25,Female,Masters,3.5 And Above,Full-Time,,No,,No,,,,21954,Emory University,3.75
Emory University Hospital,8/20/25,2661855,15077,8/18/25,Emergency Department,31,Male,Masters,3.5 And Above,Full-Time,,No,,No,,,,21956,Emory University,3.75
Emory Hillandale Hospital,8/19/25,2663788,15080,8/11/25,General Medical Inpatient Unit,24,Female,Masters,3.5 And Above,Full-Time,,No,,No,,,,21959,Emory University,3.75
Emory University Hospital,8/18/25,2624368,15081,9/14/25,Oncology Inpatient Unit,25,Female,Masters,3.5 And Above,Full-Time,,No,,No,,,,21960,Emory University,3.75
The Emory Clinic,8/18/25,2657921,15082,8/18/25,Ambulatory Setting,23,Female,Bsn,3.0 - 3.49,Full-Time,,No,,No,,,,21961,Emory University,3.25
Emory University Hospital Midtown,8/8/25,2643222,15088,8/4/25,Medical/Surgical Inpatient Unit,22,Female,Bsn,3.5 And Above,Full-Time,,No,,No,,,,21967,Emory University,3.75
Emory University Hospital Midtown,8/8/25,2657904,15089,8/18/25,Cardiac/Heart/Vascular Critical Care,21,Female,Bsn,3.5 And Above,Full-Time,,No,,No,,,,21968,Emory University,3.75
Emory University Hospital,2/15/21,2276191,15092,2/15/21,Perioperative Or,29,Female,Masters,3.5 And Above,,,No,,Yes,2/6/22,0.975342466,Obtained Position Representing A Different Job Experience,21971,Emory University,3.75
Emory Saint Joseph’S Hospital,2/21/22,2284568,15093,2/21/22,Emergency Department,23,Female,Bsn,3.5 And Above,,,No,,Yes,11/12/22,0.723287671,Obtained Position Representing A Different Job Experience,21972,Emory University,3.75
Emory Saint Joseph’S Hospital,2/21/22,2425842,15094,2/21/22,Cardiac/Heart/Vascular Critical Care,25,Female,Masters,3.5 And Above,,,No,,Yes,9/9/22,0.547945206,Relocating Out Of Area,21973,Emory University,3.75
Emory Hillandale Hospital,11/12/24,2603108,15095,11/4/24,Emergency Department,26,Female,Masters,3.5 And Above,Full-Time,,No,,No,,,,21974,Emory University,3.75
Emory Hillandale Hospital,11/12/24,2603544,15096,10/27/24,Emergency Department,24,Female,Masters,3.0 - 3.49,Full-Time,,No,,No,,,,21975,Emory University,3.25
The Emory Clinic,10/28/24,439908,15097,10/27/24,Perioperative Or,54,Female,Masters,3.5 And Above,Full-Time,,No,,No,,,,21976,Emory University,3.75
The Emory Clinic,10/28/24,2560432,15098,10/21/24,Ambulatory Setting,25,Female,Masters,3.0 - 3.49,Full-Time,,No,,No,,,,21977,Emory University,3.25
Emory Saint Joseph’S Hospital,10/28/24,2601921,15099,11/4/24,Perioperative Or,24,Female,Masters,3.5 And Above,Full-Time,,No,,No,,,,21978,Emory University,3.75
Emory University Hospital Midtown,2/28/19,1875268,15100,2/25/19,Cardiac/Heart/Vascular Critical Care,26,Female,Accelerated Bsn,3.5 And Above,Full-Time,,No,,Yes,7/22/19,0.402739726,Obtained Position Representing A Different Job Experience,21979,Emory University,3.75
Emory University Hospital,4/23/25,2624360,15101,3/3/25,Emergency Department,23,Male,Masters,3.5 And Above,Full-Time,,No,,Yes,10/24/25,0.643835616,Relocating Out Of Area,21980,Emory University,3.75
Emory University Hospital,4/26/23,2045614,15103,3/6/23,Cardiac/Heart/Vascular Critical Care,28,Female,Masters,3.5 And Above,Full-Time,,No,,Yes,1/7/24,0.84109589,Other/Unknown,21982,Emory University,3.75
Emory University Hospital,4/16/21,2386034,15104,3/8/21,Neurology/Neurosurgical Icu Inpatient Unit,29,Male,Accelerated Bsn,3.5 And Above,,,No,,Yes,11/20/21,0.704109589,Other/Unknown,21983,Emory University,3.75
Emory University Hospital Midtown,4/5/24,2543683,15105,3/11/24,Mother/Baby Unit,23,Female,Masters,3.0 - 3.49,Full-Time,,No,,Yes,9/15/24,0.515068493,Returning To School Full-Time,21984,Emory University,3.25
Emory University Hospital,4/24/24,446767,15106,3/4/24,Cardiac/Heart/Vascular Critical Care,27,Female,Masters,3.5 And Above,Full-Time,,No,,No,,,,21985,Emory University,3.75
Emory University Hospital,4/24/24,1940412,15107,3/4/24,Surgical Icu Inpatient Unit,30,Male,Masters,3.5 And Above,Full-Time,,No,,No,,,,21986,Emory University,3.75
Emory University Hospital,4/24/24,2171842,15108,3/5/24,Cardiac/Heart/Vascular Critical Care,27,Female,Masters,3.5 And Above,Full-Time,,No,,No,,,,21987,Emory University,3.75
Emory University Hospital,4/24/24,2208742,15109,3/11/24,Emergency Department,26,Female,Masters,3.5 And Above,Full-Time,,No,,No,,,,21988,Emory University,3.75
Emory University Hospital,4/24/24,2255528,15110,3/4/24,Cardiac/Heart/Vascular Critical Care,25,Female,Masters,3.5 And Above,Full-Time,,No,,No,,,,21989,Emory University,3.75
Emory University Hospital,4/24/24,2541964,15111,3/4/24,Surgical Icu Inpatient Unit,25,Female,Masters,3.5 And Above,Full-Time,,No,,No,,,,21990,Emory University,3.75
Emory University Hospital,4/24/24,2542188,15112,3/4/24,Surgical Icu Inpatient Unit,31,Female,Masters,3.5 And Above,Full-Time,,No,,No,,,,21991,Emory University,3.75
Emory University Hospital,4/24/24,2542525,15113,1/8/24,Cardiac/Heart/Vascular Critical Care,23,Female,Masters,3.5 And Above,Full-Time,,No,,Yes,10/28/25,1.805479452,Relocating Out Of Area,21992,Emory University,3.75
Emory University Hospital,4/24/24,2542692,15114,3/4/24,Emergency Department,27,Male,Masters,3.5 And Above,Full-Time,,No,,No,,,,21993,Emory University,3.75
Emory University Hospital,4/24/24,2542919,15115,1/8/24,Surgical Icu Inpatient Unit,23,Female,Masters,3.5 And Above,Full-Time,,No,,No,,,,21994,Emory University,3.75
Emory University Hospital,4/24/24,2542994,15116,3/4/24,Neurology/Neurosurgical Icu Inpatient Unit,26,Female,Masters,3.5 And Above,Full-Time,,No,,No,,,,21995,Emory University,3.75
Emory University Hospital,4/24/24,2543495,15117,3/4/24,Neurology/Neurosurgical Icu Inpatient Unit,24,Female,Masters,3.0 - 3.49,Full-Time,,No,,No,,,,21996,Emory University,3.25
Emory University Hospital,4/24/24,2552860,15118,4/24/24,Surgical Icu Inpatient Unit,35,Female,Masters,3.5 And Above,Full-Time,,No,,Yes,11/9/25,1.545205479,Other/Unknown,21997,Emory University,3.75
Emory University Hospital,4/24/24,2552864,15119,3/4/24,Surgical Icu Inpatient Unit,24,Female,Masters,3.5 And Above,Full-Time,,No,,No,,,,21998,Emory University,3.75
Emory University Hospital,4/24/24,2559816,15120,3/4/24,Neurology/Neurosurgical Icu Inpatient Unit,24,Female,Masters,3.5 And Above,Full-Time,,No,,No,,,,21999,Emory University,3.75
Emory University Hospital Midtown,4/5/24,423256,15121,4/1/24,General Surgical Inpatient Unit,30,Female,Masters,3.5 And Above,Full-Time,,No,,No,,,,22000,Emory University,3.75
Emory University Hospital Midtown,4/5/24,2536770,15122,1/30/24,Surgical Icu Inpatient Unit,28,Female,Masters,3.0 - 3.49,Full-Time,,No,,No,,,,22001,Emory University,3.25
Emory University Hospital Midtown,4/5/24,2602214,15123,4/1/24,Cardiac/Heart/Vascular Critical Care,25,Male,Bsn,3.5 And Above,Full-Time,,No,,No,,,,22002,Emory University,3.75
Emory Decatur Hospital,3/26/24,435676,15124,3/18/24,Obstetrics/Labor & Delivery Inpatient Unit,30,Female,Masters,3.5 And Above,Full-Time,,No,,No,,,,22003,Emory University,3.75
Emory Decatur Hospital,3/26/24,2540514,15125,3/18/24,Mother/Baby Unit,26,Female,Masters,3.5 And Above,Full-Time,,No,,No,,,,22004,Emory University,3.75
Emory Decatur Hospital,3/26/24,2543217,15126,3/18/24,Emergency Department,27,Female,Masters,3.5 And Above,Full-Time,,No,,No,,,,22005,Emory University,3.75
Emory Decatur Hospital,3/26/24,2543665,15127,3/31/24,Emergency Department,23,Female,Masters,3.0 - 3.49,Full-Time,,No,,No,,,,22006,Emory University,3.25
Emory Decatur Hospital,3/26/24,2545062,15128,3/18/24,Mother/Baby Unit,31,Female,Masters,3.5 And Above,Full-Time,,No,,No,,,,22007,Emory University,3.75
Emory Decatur Hospital,3/26/24,2546505,15129,3/18/24,Psychiatric Inpatient Unit,34,Male,Masters,3.5 And Above,Full-Time,,No,,No,,,,22008,Emory University,3.75
Emory Decatur Hospital,3/26/24,2553001,15130,3/18/24,Neonatal Icu Inpatient Unit,25,Female,Masters,3.5 And Above,Full-Time,,No,,No,,,,22009,Emory University,3.75
Emory Decatur Hospital,3/26/24,2553005,15131,3/18/24,Neonatal Icu Inpatient Unit,23,Female,Masters,3.0 - 3.49,Full-Time,,No,,No,,,,22010,Emory University,3.25
Emory Decatur Hospital,3/26/24,2559810,15132,3/18/24,Obstetrics/Labor & Delivery Inpatient Unit,25,Female,Masters,3.5 And Above,Full-Time,,No,,No,,,,22011,Emory University,3.75
Emory Decatur Hospital,3/26/24,2559824,15133,3/18/24,Obstetrics/Labor & Delivery Inpatient Unit,23,Female,Masters,3.5 And Above,Full-Time,,No,,No,,,,22012,Emory University,3.75
Emory University Hospital,3/11/24,2541673,15134,3/11/24,Oncology Inpatient Unit,26,Female,Masters,3.0 - 3.49,Full-Time,,No,,No,,,,22013,Emory University,3.25
Emory University Hospital,3/11/24,2542738,15135,4/1/24,Medical/Surgical Intermediate Unit,24,Female,Masters,3.0 - 3.49,Full-Time,,No,,No,,,,22014,Emory University,3.25
Emory Saint Joseph’S Hospital,2/22/24,2288522,15136,1/22/24,Medical/Surgical Inpatient Unit,24,Female,Masters,3.5 And Above,Full-Time,,No,,Yes,3/18/25,1.153424658,Unhappy With Job/Facility,22015,Emory University,3.75
Emory Johns Creek Hospital,2/22/24,2542695,15137,2/5/24,Emergency Department,24,Female,Masters,3.5 And Above,Full-Time,,No,,Yes,3/4/25,1.076712329,Relocating Out Of Area,22016,Emory University,3.75
Emory Saint Joseph’S Hospital,2/22/24,2542852,15138,3/4/24,Telemetry Unit,29,Female,Masters,3.5 And Above,Full-Time,,No,,No,,,,22017,Emory University,3.75
Emory Saint Joseph’S Hospital,2/22/24,2546506,15139,2/19/24,Perioperative Or,37,Female,Masters,3.0 - 3.49,Full-Time,,No,,No,,,,22018,Emory University,3.25
Emory Johns Creek Hospital,2/22/24,2560444,15140,2/5/24,Obstetrics/Labor & Delivery Inpatient Unit,23,Female,Masters,3.5 And Above,Full-Time,,No,,No,,,,22019,Emory University,3.75
Emory Hillandale Hospital,11/14/23,460388,15141,10/30/23,Telemetry Unit,37,Female,Accelerated Bsn,3.0 - 3.49,Full-Time,,No,,No,,,,22020,Emory University,3.25
Emory Decatur Hospital,11/14/23,2021623,15142,8/8/22,Mother/Baby Unit,48,Female,Masters,3.0 - 3.49,Full-Time,,No,,No,,,,22021,Emory University,3.25
Emory Decatur Hospital,11/14/23,2297507,15143,10/30/23,Medical/Surgical Intermediate Unit,24,Female,Masters,3.5 And Above,Full-Time,,No,,No,,,,22022,Emory University,3.75
Emory Decatur Hospital,11/14/23,2425884,15144,10/30/23,Obstetrics/Labor & Delivery Inpatient Unit,30,Female,Masters,3.0 - 3.49,Full-Time,,No,,No,,,,22023,Emory University,3.25
Emory Hillandale Hospital,11/14/23,2463715,15145,11/27/23,Emergency Department,45,Female,Masters,3.5 And Above,Full-Time,,No,,No,,,,22024,Emory University,3.75
Emory Decatur Hospital,11/14/23,2542053,15146,10/30/23,Obstetrics/Labor & Delivery Inpatient Unit,25,Female,Accelerated Bsn,3.5 And Above,Full-Time,,No,,No,,,,22025,Emory University,3.75
Emory Decatur Hospital,11/14/23,2543613,15147,9/11/23,Emergency Department,25,Female,Masters,3.5 And Above,Full-Time,,No,,No,,,,22026,Emory University,3.75
Emory Decatur Hospital,11/14/23,2545010,15148,10/30/23,Mother/Baby Unit,25,Female,Masters,3.5 And Above,Full-Time,,No,,No,,,,22027,Emory University,3.75
Emory University Hospital,11/8/23,2376112,15149,10/17/23,Cardiac/Heart/Vascular Critical Care,22,Female,Bsn,3.5 And Above,Full-Time,,No,,No,,,,22028,Emory University,3.75
Emory University Hospital,11/8/23,2543093,15150,10/9/23,Neurology/Neurosurgical Icu Inpatient Unit,25,Male,Masters,3.5 And Above,Full-Time,,No,,No,,,,22029,Emory University,3.75
Emory University Hospital,11/8/23,2543094,15151,10/9/23,Cardiac/Heart/Vascular Critical Care,25,Female,Masters,3.5 And Above,Full-Time,,No,,No,,,,22030,Emory University,3.75
Emory University Hospital Midtown,10/27/23,2479551,15152,10/18/23,General Surgical Inpatient Unit,26,Female,Masters,3.0 - 3.49,Full-Time,,No,,No,,,,22031,Emory University,3.25
Emory University Hospital Midtown,10/27/23,2542072,15153,10/30/23,Surgical Icu Inpatient Unit,23,Female,Masters,3.5 And Above,Full-Time,,No,,Yes,11/8/24,1.02739726,Other/Unknown,22032,Emory University,3.75
Emory University Hospital Midtown,10/27/23,2544251,15154,10/23/23,Obstetrics/Labor & Delivery Inpatient Unit,23,Female,Masters,3.5 And Above,Full-Time,,No,,No,,,,22033,Emory University,3.75
Emory University Hospital,10/23/23,2334438,15155,10/9/23,Oncology Inpatient Unit,28,Female,Masters,3.5 And Above,Full-Time,,No,,No,,,,22034,Emory University,3.75
Emory University Hospital,10/23/23,2538907,15156,10/15/23,Emergency Department,36,Male,Msn (Cnl),3.5 And Above,Full-Time,,No,,No,,,,22035,Emory University,3.75
Emory University Hospital,10/23/23,2558886,15157,10/16/23,Oncology Inpatient Unit,23,Female,Masters,3.5 And Above,Full-Time,,No,,No,,,,22036,Emory University,3.75
Emory Saint Joseph’S Hospital,10/20/23,431846,15158,10/29/23,Emergency Department,29,Female,Masters,3.5 And Above,Full-Time,,No,,No,,,,22037,Emory University,3.75
Emory University Hospital Midtown,7/4/20,2367535,15159,5/1/20,Oncology Inpatient Unit,33,Male,Accelerated Bsn,3.0 - 3.49,,,No,,Yes,4/3/21,0.923287671,Obtained Position Representing A Different Job Experience,22038,Emory University,3.25
Emory Saint Joseph’S Hospital,10/20/23,1193722,15160,10/16/23,Cardiac/Heart/Vascular Critical Care,49,Female,Masters,3.5 And Above,Full-Time,,No,,No,,,,22039,Emory University,3.75
Emory Johns Creek Hospital,10/20/23,2304325,15161,10/16/23,Medical Icu Inpatient Unit,24,Female,Accelerated Bsn,3.5 And Above,Full-Time,,No,,No,,,,22040,Emory University,3.75
Emory Saint Joseph’S Hospital,10/20/23,2542482,15162,9/25/23,Emergency Department,25,Female,Masters,3.5 And Above,Full-Time,,No,,No,,,,22041,Emory University,3.75
Emory University Hospital,8/16/23,1433667,15163,7/25/23,Surgical Icu Inpatient Unit,35,Male,Masters,3.5 And Above,Full-Time,,No,,No,,,,22042,Emory University,3.75
Emory University Hospital,8/16/23,2323322,15164,8/28/23,Emergency Department,26,Female,Bsn,3.0 - 3.49,Full-Time,,No,,No,,,,22043,Emory University,3.25
Emory University Hospital,8/16/23,2375769,15165,7/24/23,Cardiac/Heart/Vascular Critical Care,22,Female,Bsn,3.5 And Above,Full-Time,,No,,No,,,,22044,Emory University,3.75
Emory University Hospital,8/16/23,2377839,15166,7/24/23,Cardiac/Heart/Vascular Critical Care,23,Female,Bsn,3.5 And Above,Full-Time,,No,,No,,,,22045,Emory University,3.75
Emory University Hospital,8/16/23,2399871,15167,8/7/23,Emergency Department,22,Female,Bsn,3.5 And Above,Full-Time,,No,,Yes,11/15/25,2.276712329,Relocating Out Of Area,22046,Emory University,3.75
Emory University Hospital,8/16/23,2524126,15168,7/31/23,Cardiac/Heart/Vascular Critical Care,28,Female,Masters,3.5 And Above,Full-Time,,No,,Yes,11/17/24,1.301369863,Other/Unknown,22047,Emory University,3.75
Emory University Hospital,8/16/23,2540998,15169,7/23/23,Cardiac/Heart/Vascular Critical Care,29,Female,Masters,3.5 And Above,Full-Time,,No,,Yes,11/8/25,2.298630137,Relocating Out Of Area,22048,Emory University,3.75
Emory University Hospital,8/16/23,2541048,15170,7/24/23,Neurology/Neurosurgical Icu Inpatient Unit,22,Female,Masters,3.5 And Above,Full-Time,,No,,No,,,,22049,Emory University,3.75
Emory University Hospital,8/16/23,2541154,15171,7/24/23,Cardiac/Heart/Vascular Critical Care,35,Male,Masters,3.5 And Above,Full-Time,,No,,No,,,,22050,Emory University,3.75
Emory University Hospital,8/16/23,2543150,15172,7/24/23,Cardiac/Heart/Vascular Critical Care,25,Female,Masters,3.5 And Above,Full-Time,,No,,No,,,,22051,Emory University,3.75
Emory Decatur Hospital,8/15/23,2377971,15173,8/7/23,Medical/Surgical Icu Inpatient Unit,22,Male,Bsn,3.5 And Above,Full-Time,,No,,No,,,,22052,Emory University,3.75
Emory Decatur Hospital,8/15/23,2382476,15174,8/7/23,Medical/Surgical Icu Inpatient Unit,22,Female,Bsn,3.5 And Above,Full-Time,,No,,Yes,9/9/24,1.093150685,Obtained Position Representing A Different Job Experience,22053,Emory University,3.75
Emory Decatur Hospital,8/15/23,2398009,15175,8/7/23,Neonatal Icu Inpatient Unit,22,Female,Bsn,3.5 And Above,Full-Time,,No,,No,,,,22054,Emory University,3.75
Emory Hillandale Hospital,8/15/23,2491999,15176,6/12/23,Emergency Department,25,Female,Accelerated Bsn,3.5 And Above,Full-Time,,No,,Yes,11/1/24,1.391780822,Other/Unknown,22055,Emory University,3.75
Emory Decatur Hospital,8/15/23,2540963,15177,12/12/22,Emergency Department,31,Female,Masters,3.5 And Above,Full-Time,,No,,No,,,,22056,Emory University,3.75
Emory University Hospital Midtown,8/11/23,2234235,15178,8/8/22,Cardiac/Heart/Vascular Critical Care,24,Female,Masters,3.5 And Above,Full-Time,,No,,No,,,,22057,Emory University,3.75
Emory University Hospital Midtown,8/11/23,2479435,15179,7/31/23,Mother/Baby Unit,26,Female,Masters,3.5 And Above,Full-Time,,No,,No,,,,22058,Emory University,3.75
Emory University Hospital Midtown,8/11/23,2496072,15180,7/31/23,Neonatal Icu Inpatient Unit,26,Male,Masters,3.0 - 3.49,Full-Time,,No,,No,,,,22059,Emory University,3.25
Emory University Hospital Midtown,8/11/23,2537286,15181,8/7/23,Neonatal Icu Inpatient Unit,23,Female,Masters,3.0 - 3.49,Full-Time,,No,,No,,,,22060,Emory University,3.25
Emory University Hospital Midtown,8/11/23,2539523,15182,7/31/23,Emergency Department,25,Female,Masters,3.5 And Above,Full-Time,,No,,Yes,12/9/24,1.361643836,Other/Unknown,22061,Emory University,3.75
Emory University Hospital Midtown,8/11/23,2543234,15183,7/31/23,Neonatal Icu Inpatient Unit,27,Male,Masters,3.5 And Above,Full-Time,,No,,Yes,10/26/24,1.24109589,Other/Unknown,22062,Emory University,3.75
Emory University Hospital Midtown,8/11/23,2544215,15184,7/31/23,Cardiac/Heart/Vascular Critical Care,25,Female,Masters,3.5 And Above,Full-Time,,No,,No,,,,22063,Emory University,3.75
Emory Saint Joseph’S Hospital,7/12/21,2423691,15185,7/4/21,Orthopedic Inpatient Unit,23,Female,Bsn,3.5 And Above,,,No,,Yes,12/17/21,0.454794521,Other/Unknown,22064,Emory University,3.75
Emory University Hospital At Wesley Woods,7/4/21,1910574,15186,7/11/21,Psychiatric Inpatient Unit,36,Female,Accelerated Bsn,3.5 And Above,,,No,,Yes,9/1/21,0.142465753,Failed Nclex,22065,Emory University,3.75
Emory University Orthopaedics & Spine Hospital,8/7/23,1265333,15187,7/17/23,Orthopedic Inpatient Unit,33,Female,Masters,3.5 And Above,Full-Time,,No,,No,,,,22066,Emory University,3.75
Emory University Hospital,8/7/23,2376495,15188,7/24/23,Oncology Inpatient Unit,22,Female,Bsn,3.5 And Above,Full-Time,,No,,No,,,,22067,Emory University,3.75
Emory University Hospital,8/7/23,2379713,15189,7/25/23,Transplant Unit,22,Male,Bsn,3.0 - 3.49,Full-Time,,No,,No,,,,22068,Emory University,3.25
Emory University Orthopaedics & Spine Hospital,8/7/23,2531690,15190,7/10/23,Orthopedic Inpatient Unit,37,Male,Masters,3.5 And Above,Full-Time,,No,,No,,,,22069,Emory University,3.75
Emory University Hospital Midtown,8/7/23,2537617,15191,7/25/23,Ambulatory Setting,25,Female,Masters,3.5 And Above,Full-Time,,No,,No,,,,22070,Emory University,3.75
Emory University Hospital,7/21/23,2111691,15192,7/17/23,Perioperative Or,32,Female,Masters,3.5 And Above,Full-Time,,No,,No,,,,22071,Emory University,3.75
Emory Johns Creek Hospital,7/21/23,2331870,15193,7/23/23,Emergency Department,22,Female,Masters,3.5 And Above,Full-Time,,No,,No,,,,22072,Emory University,3.75
Emory Johns Creek Hospital,7/21/23,2378332,15194,7/9/23,Mother/Baby Unit,22,Female,Bsn,3.5 And Above,Full-Time,,No,,No,,,,22073,Emory University,3.75
Emory Johns Creek Hospital,7/21/23,2482786,15195,7/17/23,Mother/Baby Unit,23,Female,Masters,3.5 And Above,Full-Time,,No,,Yes,8/10/24,1.068493151,Other/Unknown,22074,Emory University,3.75
Emory Saint Joseph’S Hospital,7/21/23,2538955,15196,7/23/23,Perioperative Or,25,Female,Masters,3.0 - 3.49,Full-Time,,No,,No,,,,22075,Emory University,3.25
Emory Johns Creek Hospital,7/21/23,2540966,15197,7/17/23,Emergency Department,28,Female,Masters,3.5 And Above,Full-Time,,No,,No,,,,22076,Emory University,3.75
Emory Johns Creek Hospital,7/21/23,2541018,15198,7/23/23,Emergency Department,61,Female,Masters,3.5 And Above,Full-Time,,No,,Yes,8/6/25,2.04109589,Family Obligations (Family/Friend Caregiving Responsibility),22077,Emory University,3.75
Emory Johns Creek Hospital,7/21/23,2542539,15199,7/9/23,Medical/Surgical Inpatient Unit,27,Female,Masters,3.0 - 3.49,Full-Time,,No,,No,,,,22078,Emory University,3.25
Emory Saint Joseph’S Hospital,7/21/23,2543025,15200,7/17/23,Cardiac/Heart/Vascular Critical Care,22,Female,Masters,3.5 And Above,Full-Time,,No,,No,,,,22079,Emory University,3.75
Emory Saint Joseph’S Hospital,7/21/23,2543312,15201,7/17/23,Telemetry Unit,30,Female,Masters,3.5 And Above,Full-Time,,No,,No,,,,22080,Emory University,3.75
Emory University Hospital,4/26/23,429995,15202,4/18/23,Cardiac/Heart/Vascular Critical Care,32,Female,Masters,3.5 And Above,Full-Time,,No,,Yes,12/8/24,1.643835616,Other/Unknown,22081,Emory University,3.75
Emory University Hospital,4/26/23,2479384,15203,4/3/23,Cardiac/Heart/Vascular Critical Care,23,Female,Masters,3.5 And Above,Full-Time,,No,,No,,,,22082,Emory University,3.75
Emory University Hospital,4/26/23,2522331,15204,3/13/23,Surgical Icu Inpatient Unit,28,Female,Masters,3.5 And Above,Full-Time,,No,,No,,,,22083,Emory University,3.75
Emory Saint Joseph’S Hospital,7/4/20,439704,15205,7/13/20,Medical/Surgical Inpatient Unit,25,Female,Bsn,3.5 And Above,,,No,,Yes,11/20/20,0.356164384,Staffing Or Workload,22084,Emory University,3.75
Emory University Hospital Midtown,4/7/23,2479939,15206,3/27/23,Obstetrics/Labor & Delivery Inpatient Unit,25,Female,Masters,3.5 And Above,Full-Time,,No,,No,,,,22085,Emory University,3.75
Emory Decatur Hospital,3/28/23,1834337,15207,3/20/23,Neonatal Icu Inpatient Unit,35,Female,Masters,3.5 And Above,Full-Time,,No,,No,,,,22086,Emory University,3.75
Emory Decatur Hospital,3/28/23,2502369,15208,3/20/23,Neonatal Icu Inpatient Unit,23,Female,Masters,3.5 And Above,Full-Time,,No,,No,,,,22087,Emory University,3.75
Emory Decatur Hospital,7/23/19,1653729,15209,7/15/19,Obstetrics/Labor & Delivery Inpatient Unit,27,Female,Accelerated Bsn,3.5 And Above,,,No,,Yes,4/4/20,0.723287671,Obtained Position With A More Desirable Work Schedule,22088,Emory University,3.75
Emory University Hospital,4/26/23,2489782,15210,3/6/23,Neurology/Neurosurgical Icu Inpatient Unit,26,Female,Masters,3.5 And Above,Full-Time,,No,,Yes,8/1/23,0.405479452,Other/Unknown,22089,Emory University,3.75
Emory University Hospital,8/7/23,2378695,15211,7/24/23,General Medical Inpatient Unit,22,Female,Bsn,3.5 And Above,Full-Time,,No,,Yes,11/17/23,0.317808219,Unhappy With Job/Facility,22090,Emory University,3.75
Emory University Hospital,3/13/23,2478707,15212,3/20/23,Medical/Surgical Intermediate Unit,25,Female,Masters,3.5 And Above,Full-Time,,No,,No,,,,22091,Emory University,3.75
Emory University Hospital,3/13/23,2479033,15213,3/6/23,General Surgical Inpatient Unit,24,Female,Masters,3.5 And Above,Full-Time,,No,,Yes,2/22/25,1.969863014,Other/Unknown,22092,Emory University,3.75
Emory University Hospital,3/13/23,2479626,15214,3/6/23,Telemetry Unit,24,Female,Masters,3.5 And Above,Full-Time,,No,,No,,,,22093,Emory University,3.75
Emory Johns Creek Hospital,7/18/22,2054559,15215,8/29/22,Emergency Department,48,Female,Masters,3.0 - 3.49,,,No,,Yes,2/7/23,0.443835616,Unsatisfactory Performance,22094,Emory University,3.25
Emory Johns Creek Hospital,7/18/22,2479873,15216,7/18/22,Medical Icu Inpatient Unit,26,Female,Masters,3.5 And Above,,,No,,Yes,11/11/22,0.317808219,Relocating Out Of Area,22095,Emory University,3.75
Emory Johns Creek Hospital,2/24/23,2441654,15217,8/8/22,Medical Icu Inpatient Unit,25,Female,Masters,3.5 And Above,Full-Time,,No,,Yes,10/28/23,1.221917808,Family Obligations (Family/Friend Caregiving Responsibility),22096,Emory University,3.75
Emory University Hospital,7/4/21,2371276,15218,7/19/21,Transplant Unit,32,Female,Accelerated Bsn,3.5 And Above,,,No,,Yes,3/27/22,0.687671233,Family Obligations (Family/Friend Caregiving Responsibility),22097,Emory University,3.75
Emory Johns Creek Hospital,2/24/23,2480041,15219,2/20/23,Emergency Department,27,Female,Masters,3.0 - 3.49,Full-Time,,No,,No,,,,22098,Emory University,3.25
Emory Johns Creek Hospital,2/24/23,2541001,15220,12/20/22,Medical/Surgical Inpatient Unit,25,Male,Accelerated Bsn,3.5 And Above,Full-Time,,No,,No,,,,22099,Emory University,3.75
Emory Johns Creek Hospital,2/24/23,2543060,15221,2/20/23,Emergency Department,31,Male,Accelerated Bsn,3.5 And Above,Full-Time,,No,,No,,,,22100,Emory University,3.75
Emory Saint Joseph’S Hospital,11/18/22,1824897,15222,11/18/22,Perioperative Or,32,Female,Masters,2.5 - 2.99,Full-Time,,No,,No,,,,22101,Emory University,2.75
Emory University Hospital,10/28/22,2038299,15223,10/2/22,Ambulatory Setting,26,Female,Masters,3.5 And Above,,,No,,No,,,,22102,Emory University,3.75
Emory University Hospital Midtown,10/28/22,2237487,15224,11/15/22,Perioperative Pacu,24,Female,Masters,3.5 And Above,,,No,,No,,,,22103,Emory University,3.75
Emory University Hospital Midtown,10/28/22,2331965,15225,9/12/22,Obstetrics/Labor & Delivery Inpatient Unit,22,Female,Bsn,3.5 And Above,,,No,,Yes,6/14/23,0.753424658,Other/Unknown,22104,Emory University,3.75
Emory University Hospital Midtown,10/28/22,2477899,15226,11/8/22,Neonatal Icu Inpatient Unit,35,Female,Masters,3.5 And Above,,,No,,No,,,,22105,Emory University,3.75
Emory University Hospital Midtown,10/28/22,2478204,15227,10/24/22,Neonatal Icu Inpatient Unit,32,Female,Masters,3.5 And Above,,,No,,No,,,,22106,Emory University,3.75
Emory University Hospital Midtown,10/28/22,2479100,15228,10/31/22,Cardiac/Heart/Vascular Critical Care,29,Female,Masters,3.5 And Above,,,No,,Yes,5/1/24,1.501369863,Did Not Return From Leave Of Absence,22107,Emory University,3.75
Emory University Hospital Midtown,10/28/22,2479639,15229,10/24/22,Cardiac/Heart/Vascular Critical Care,26,Female,Masters,3.5 And Above,,,No,,No,,,,22108,Emory University,3.75
The Emory Clinic,10/20/23,2499768,15230,7/24/23,Cardiac/Heart/Vascular Critical Care,25,Female,Masters,3.5 And Above,Full-Time,,No,,Yes,4/23/24,0.750684932,Personal Reasons,22109,Emory University,3.75
Emory Saint Joseph’S Hospital,10/17/22,1654633,15231,10/17/22,Telemetry Unit,30,Female,Accelerated Bsn,3.5 And Above,,,No,,No,,,,22110,Emory University,3.75
Emory Decatur Hospital,10/11/22,2098688,15232,10/3/22,Emergency Department,26,Female,Bsn,3.0 - 3.49,,,No,,Yes,8/5/23,0.838356164,Unhappy With Job/Facility,22111,Emory University,3.25
Emory University Hospital At Wesley Woods,10/14/22,2022590,15233,10/31/22,Psychiatric Inpatient Unit,27,Female,Masters,3.5 And Above,,,No,,No,,,,22112,Emory University,3.75
Emory University Hospital,10/14/22,2259483,15234,9/26/22,General Surgical Inpatient Unit,26,Female,Accelerated Bsn,3.5 And Above,,,No,,No,,,,22113,Emory University,3.75
Emory University Hospital,10/14/22,2505149,15235,10/31/22,Surgical Icu Inpatient Unit,23,Male,Masters,3.5 And Above,,,No,,Yes,2/2/25,2.260273973,Other/Unknown,22114,Emory University,3.75
Emory University Hospital Midtown,8/25/22,423293,15236,8/25/22,Medical/Surgical Inpatient Unit,27,Female,Masters,3.5 And Above,Full-Time,,No,,No,,,,22115,Emory University,3.75
Emory University Hospital Midtown,8/25/22,1768120,15237,9/1/22,Neurology/Neurosurgical Icu Inpatient Unit,28,Female,Accelerated Bsn,3.5 And Above,Full-Time,,No,,No,,,,22116,Emory University,3.75
Emory University Hospital Midtown,8/25/22,2051524,15238,7/25/22,Cardiac/Heart/Vascular Critical Care,26,Female,Masters,3.5 And Above,Full-Time,,No,,Yes,12/13/24,2.389041096,Other/Unknown,22117,Emory University,3.75
Emory University Hospital Midtown,8/25/22,2426117,15239,8/29/22,Medical/Surgical Icu Inpatient Unit,39,Female,Masters,3.5 And Above,Full-Time,,No,,No,,,,22118,Emory University,3.75
Emory University Hospital Midtown,8/25/22,2480211,15240,7/18/22,Other (Please Specify),26,Male,Masters,3.5 And Above,Full-Time,,No,,No,,,,22119,Emory University,3.75
Emory University Hospital,8/25/22,2979782,15241,7/18/22,Perioperative Or,25,Female,Masters,3.5 And Above,Full-Time,,No,,No,,,,22120,Emory University,3.75
Emory University Hospital,8/17/22,1143186,15243,7/11/22,Cardiac/Heart/Vascular Critical Care,34,Female,Masters,3.5 And Above,,,No,,No,,,,22122,Emory University,3.75
Emory University Hospital,8/17/22,1431629,15244,7/11/22,Emergency Department,33,Female,Masters,3.5 And Above,,,No,,No,,,,22123,Emory University,3.75
Emory University Hospital,8/17/22,2303733,15245,7/18/22,Cardiac/Heart/Vascular Critical Care,22,Female,Bsn,3.0 - 3.49,,,No,,Yes,1/14/24,1.493150685,Obtained Position Representing A Different Job Experience,22124,Emory University,3.25
Emory University Hospital,8/17/22,2318998,15246,7/18/22,Emergency Department,32,Female,Masters,3.5 And Above,,,No,,Yes,4/24/24,1.769863014,Other/Unknown,22125,Emory University,3.75
Emory University Hospital,8/17/22,2323113,15247,8/1/22,Surgical Icu Inpatient Unit,22,Female,Bsn,3.5 And Above,,,No,,No,,,,22126,Emory University,3.75
Emory University Hospital,8/17/22,2324335,15248,7/25/22,Medical Icu Inpatient Unit,23,Female,Bsn,3.5 And Above,,,No,,No,,,,22127,Emory University,3.75
Emory University Hospital,8/17/22,2339942,15249,6/27/22,Cardiac/Heart/Vascular Critical Care,23,Female,Bsn,3.5 And Above,,,No,,No,,,,22128,Emory University,3.75
Emory University Hospital,8/17/22,2358188,15250,7/11/22,Surgical Icu Inpatient Unit,22,Female,Bsn,3.5 And Above,,,No,,No,,,,22129,Emory University,3.75
Emory University Hospital,8/17/22,2428529,15251,8/1/22,Emergency Department,22,Female,Bsn,3.0 - 3.49,,,No,,Yes,6/10/24,1.860273973,Relocating Out Of Area,22130,Emory University,3.25
Emory Decatur Hospital,7/4/21,2282744,15252,7/26/21,Medical/Surgical Inpatient Unit,63,Female,Accelerated Bsn,3.5 And Above,,,No,,Yes,6/30/22,0.928767123,Unsatisfactory Performance,22131,Emory University,3.75
Emory University Hospital Midtown,8/12/22,1708594,15253,7/10/22,Obstetrics/Labor & Delivery Inpatient Unit,30,Female,Msn (Cnl),3.5 And Above,,,No,,No,,,,22132,Emory University,3.75
Emory University Hospital Midtown,8/12/22,1945871,15254,5/9/22,Cardiac/Heart/Vascular Critical Care,28,Female,Bsn,3.5 And Above,,,No,,No,,,,22133,Emory University,3.75
Emory University Hospital Midtown,8/12/22,2216975,15255,8/29/22,Obstetrics/Labor & Delivery Inpatient Unit,29,Female,Masters,3.5 And Above,,,No,,No,,,,22134,Emory University,3.75
Emory University Hospital Midtown,8/12/22,2322946,15256,8/22/22,Mother/Baby Unit,22,Female,Bsn,3.0 - 3.49,,,No,,No,,,,22135,Emory University,3.25
Emory University Hospital Midtown,8/12/22,2324721,15257,8/8/22,Neonatal Icu Inpatient Unit,22,Female,Bsn,3.5 And Above,,,No,,No,,,,22136,Emory University,3.75
Emory University Hospital Midtown,8/12/22,2348815,15258,8/8/22,Neonatal Icu Inpatient Unit,21,Female,Bsn,3.5 And Above,,,No,,No,,,,22137,Emory University,3.75
Emory University Hospital Midtown,8/12/22,2369551,15259,8/8/22,Obstetrics/Labor & Delivery Inpatient Unit,25,Female,Bsn,3.5 And Above,,,No,,No,,,,22138,Emory University,3.75
Emory University Hospital Midtown,7/25/19,2202662,15260,7/29/19,Emergency Department,22,Female,Bsn,3.5 And Above,,,No,,Yes,4/20/20,0.728767123,Left Due To Pandemic/Crisis,22139,Emory University,3.75
Emory Decatur Hospital,8/2/22,2324404,15261,7/25/22,Neonatal Icu Inpatient Unit,22,Female,Bsn,3.5 And Above,,,No,,No,,,,22140,Emory University,3.75
Emory Johns Creek Hospital,7/18/22,102136,15262,7/25/22,Emergency Department,43,Female,Masters,3.5 And Above,Full-Time,,No,,No,,,,22141,Emory University,3.75
Emory Saint Joseph’S Hospital,7/18/22,422470,15263,7/18/22,Telemetry Unit,27,Female,Masters,3.5 And Above,Full-Time,,No,,No,,,,22142,Emory University,3.75
The Emory Clinic,7/18/22,2038299,15264,8/22/22,Ambulatory Setting,26,Female,Msn (Cnl),3.0 - 3.49,,,No,,No,,,,22143,Emory University,3.25
Emory Saint Joseph’S Hospital,7/18/22,2325371,15265,7/18/22,Oncology Inpatient Unit,22,Female,Bsn,3.5 And Above,Full-Time,,No,,No,,,,22144,Emory University,3.75
Emory Saint Joseph’S Hospital,7/18/22,2330552,15266,7/24/22,Cardiac/Heart/Vascular Critical Care,21,Female,Bsn,3.5 And Above,Full-Time,,No,,No,,,,22145,Emory University,3.75
Emory Johns Creek Hospital,7/18/22,2425375,15267,7/18/22,Emergency Department,25,Female,Masters,3.5 And Above,,,No,,No,,,,22146,Emory University,3.75
Emory University Hospital,7/4/20,2321004,15268,7/30/20,Telemetry Unit,29,Female,Accelerated Bsn,3.5 And Above,,,No,,Yes,10/9/20,0.194520548,Disability/Illness/Injury,22147,Emory University,3.75
Emory University Hospital,7/18/22,2479167,15269,7/11/22,Telemetry Unit,24,Female,Masters,3.5 And Above,,,No,,No,,,,22148,Emory University,3.75
Emory University Hospital,7/18/22,2479861,15270,8/21/22,General Medical Inpatient Unit,25,Female,Masters,3.0 - 3.49,Full-Time,,No,,No,,,,22149,Emory University,3.25
Emory University Hospital,4/27/22,2052978,15271,3/21/22,Neurology/Neurosurgical Icu Inpatient Unit,26,Female,Masters,3.5 And Above,,,No,,No,,,,22150,Emory University,3.75
Emory University Hospital,4/27/22,2184325,15272,4/4/22,Medical Icu Inpatient Unit,34,Female,Accelerated Bsn,3.5 And Above,,,No,,No,,,,22151,Emory University,3.75
Emory University Hospital,4/27/22,2426060,15273,3/21/22,Cardiac/Heart/Vascular Critical Care,23,Female,Masters,3.5 And Above,,,No,,No,,,,22152,Emory University,3.75
Emory University Hospital,4/27/22,2426579,15274,2/21/22,Cardiac/Heart/Vascular Critical Care,35,Female,Masters,3.5 And Above,,,No,,No,,,,22153,Emory University,3.75
Emory University Hospital,4/27/22,2427115,15275,3/7/22,Surgical Icu Inpatient Unit,22,Female,Masters,3.5 And Above,,,No,,No,,,,22154,Emory University,3.75
Emory University Hospital,4/27/22,2428543,15276,3/7/22,Surgical Icu Inpatient Unit,25,Female,Masters,3.5 And Above,,,No,,No,,,,22155,Emory University,3.75
Emory University Hospital,4/27/22,2441841,15277,3/7/22,Surgical Icu Inpatient Unit,34,Female,Masters,3.5 And Above,,,No,,No,,,,22156,Emory University,3.75
Emory University Hospital,4/27/22,2463482,15278,3/21/22,Neurology/Neurosurgical Icu Inpatient Unit,27,Female,Masters,3.5 And Above,,,No,,No,,,,22157,Emory University,3.75
Emory University Hospital,4/27/22,2463706,15279,3/7/22,Surgical Icu Inpatient Unit,27,Female,Masters,3.5 And Above,,,No,,No,,,,22158,Emory University,3.75
Emory University Hospital Midtown,4/1/22,1769120,15280,3/28/22,Medical Icu Inpatient Unit,29,Female,Accelerated Bsn,3.5 And Above,,,No,,No,,,,22159,Emory University,3.75
Emory University Hospital Midtown,4/1/22,1898761,15281,4/17/22,Neonatal Icu Inpatient Unit,27,Female,Masters,3.5 And Above,,,No,,No,,,,22160,Emory University,3.75
Emory University Hospital Midtown,4/1/22,2046387,15282,3/28/22,Obstetrics/Labor & Delivery Inpatient Unit,25,Female,Masters,3.5 And Above,,,No,,Yes,6/22/24,2.238356164,Other/Unknown,22161,Emory University,3.75
Emory University Hospital Midtown,4/1/22,2364532,15283,3/6/22,Cardiac/Heart/Vascular Critical Care,30,Male,Masters,3.5 And Above,,,No,,Yes,10/9/23,1.594520548,Obtained Position With A More Desirable Work Schedule,22162,Emory University,3.75
Emory University Hospital Midtown,4/1/22,2371135,15284,3/28/22,Mother/Baby Unit,24,Female,Bsn,3.0 - 3.49,,,No,,No,,,,22163,Emory University,3.25
Emory University Hospital Midtown,4/1/22,2372341,15285,3/28/22,Neonatal Icu Inpatient Unit,24,Female,Masters,3.0 - 3.49,,,No,,No,,,,22164,Emory University,3.25
Emory University Hospital Midtown,4/1/22,2425094,15286,3/28/22,Neonatal Icu Inpatient Unit,25,Female,Accelerated Bsn,3.5 And Above,,,No,,Yes,1/31/25,2.849315068,Relocating Out Of Area,22165,Emory University,3.75
Emory University Hospital Midtown,4/1/22,2425733,15287,4/4/22,Ambulatory Setting,25,Female,Bsn,3.5 And Above,,,No,,No,,,,22166,Emory University,3.75
Emory Decatur Hospital,3/22/22,2244300,15288,3/14/22,Neonatal Icu Inpatient Unit,24,Female,Bsn,3.5 And Above,,,No,,No,,,,22167,Emory University,3.75
Emory University Hospital,3/18/22,2427949,15289,4/4/22,Transplant Unit,23,Female,Masters,3.5 And Above,Full-Time,,No,,No,,,,22168,Emory University,3.75
Emory University Hospital,3/18/22,2441662,15290,5/1/22,General Surgical Inpatient Unit,23,Female,Masters,3.5 And Above,,,No,,No,,,,22169,Emory University,3.75
Emory Saint Joseph’S Hospital,2/21/22,2371542,15291,2/21/22,Cardiac/Heart/Vascular Critical Care,26,Female,Masters,3.5 And Above,Full-Time,,No,,Yes,2/26/23,1.01369863,Relocating Out Of Area,22170,Emory University,3.75
Emory University Hospital Midtown,8/12/22,2478069,15292,8/8/22,Neonatal Icu Inpatient Unit,24,Female,Msn (Cnl),3.5 And Above,,,No,,Yes,11/10/22,0.257534247,Other/Unknown,22171,Emory University,3.75
Emory Johns Creek Hospital,2/21/22,2441660,15293,2/21/22,Emergency Department,24,Female,Masters,3.5 And Above,,,No,,Yes,5/5/24,2.202739726,Obtained Position Representing A Different Job Experience,22172,Emory University,3.75
Emory University Hospital,11/3/21,2167798,15294,8/9/21,Cardiac/Heart/Vascular Critical Care,25,Male,Bsn,3.0 - 3.49,,,No,,Yes,11/3/24,3.238356164,Other/Unknown,22173,Emory University,3.25
Emory University Hospital Midtown,8/13/21,2311034,15295,8/9/21,Cardiac/Heart/Vascular Critical Care,22,Female,Bsn,3.5 And Above,,,No,,Yes,6/7/22,0.82739726,Relocating Out Of Area,22174,Emory University,3.75
Emory University Hospital,11/3/21,2425680,15296,9/20/21,Surgical Icu Inpatient Unit,23,Female,Bsn,3.5 And Above,,,No,,No,,,,22175,Emory University,3.75
Emory University Hospital,11/3/21,2426068,15297,11/2/21,Medical Icu Inpatient Unit,23,Female,Accelerated Bsn,3.5 And Above,,,No,,Yes,4/11/23,1.438356164,Returning To School Full-Time,22176,Emory University,3.75
Emory University Hospital,11/3/21,2426333,15298,9/20/21,Cardiac/Heart/Vascular Critical Care,23,Female,Bsn,3.5 And Above,,,No,,No,,,,22177,Emory University,3.75
Emory University Hospital,11/3/21,2426435,15299,9/20/21,Cardiac/Heart/Vascular Critical Care,24,Female,Accelerated Bsn,3.5 And Above,,,No,,No,,,,22178,Emory University,3.75
Emory University Hospital,11/3/21,2426830,15300,9/20/21,Cardiac/Heart/Vascular Critical Care,26,Male,Accelerated Bsn,3.5 And Above,,,No,,No,,,,22179,Emory University,3.75
Emory University Hospital,11/3/21,2434154,15301,9/20/21,Cardiac/Heart/Vascular Critical Care,23,Female,Accelerated Bsn,3.5 And Above,,,No,,No,,,,22180,Emory University,3.75
Emory University Hospital,11/3/21,2477704,15302,8/20/21,Surgical Icu Inpatient Unit,23,Female,Bsn,3.5 And Above,,,No,,No,,,,22181,Emory University,3.75
Emory University Hospital Midtown,10/29/21,2280259,15304,10/11/21,Neurology/Neurosurgical Icu Inpatient Unit,22,Female,Bsn,3.5 And Above,,,No,,No,,,,22183,Emory University,3.75
Emory University Hospital Midtown,10/29/21,2281415,15305,10/4/21,Obstetrics/Labor & Delivery Inpatient Unit,22,Female,Bsn,3.5 And Above,,,No,,Yes,12/5/23,2.169863014,Other/Unknown,22184,Emory University,3.75
Emory University Hospital Midtown,10/29/21,2475846,15306,10/17/21,Obstetrics/Labor & Delivery Inpatient Unit,23,Female,Accelerated Bsn,3.5 And Above,,,No,,Yes,4/16/23,1.495890411,Other/Unknown,22185,Emory University,3.75
Emory Saint Joseph’S Hospital,10/18/21,174258,15307,10/18/21,General Medical Inpatient Unit,52,Female,Bsn,3.0 - 3.49,,,No,,No,,,,22186,Emory University,3.25
Emory Saint Joseph’S Hospital,10/18/21,2425560,15308,10/25/21,Emergency Department,23,Female,Accelerated Bsn,3.5 And Above,Per Diem,,No,,No,,,,22187,Emory University,3.75
Emory Hillandale Hospital,10/12/21,2268636,15309,10/3/21,Emergency Department,26,Female,Accelerated Bsn,3.5 And Above,,,No,,No,,,,22188,Emory University,3.75
Emory University Hospital,9/27/21,2281403,15310,11/29/21,Emergency Department,23,Female,Bsn,3.5 And Above,,,No,,No,,,,22189,Emory University,3.75
Emory University Hospital,8/26/21,2238813,15311,7/19/21,Emergency Department,23,Female,Bsn,3.5 And Above,,,No,,No,,,,22190,Emory University,3.75
Emory University Hospital Midtown,8/26/21,2306512,15312,8/9/21,Cardiac/Heart/Vascular Critical Care,22,Female,Bsn,3.5 And Above,,,No,,Yes,11/5/22,1.24109589,Family Obligations (Family/Friend Caregiving Responsibility),22191,Emory University,3.75
Emory University Hospital,8/26/21,2372312,15313,7/26/21,Perioperative Or,23,Female,Bsn,3.5 And Above,,,No,,Yes,8/16/23,2.057534247,Other/Unknown,22192,Emory University,3.75
Emory University Hospital,8/26/21,2387062,15314,7/19/21,Emergency Department,22,Female,Bsn,3.5 And Above,,,No,,No,,,,22193,Emory University,3.75
Emory Johns Creek Hospital,7/18/22,2489166,15315,8/29/22,Emergency Department,25,Male,Bsn,3.0 - 3.49,,,No,,Yes,10/10/22,0.115068493,Unsatisfactory Performance,22194,Emory University,3.25
Emory University Hospital,8/18/21,2279193,15316,7/19/21,Neurology/Neurosurgical Icu Inpatient Unit,22,Female,Bsn,3.5 And Above,,,No,,No,,,,22195,Emory University,3.75
Emory University Hospital,8/18/21,2280353,15317,7/19/21,Medical Icu Inpatient Unit,22,Female,Bsn,3.5 And Above,,,No,,Yes,2/18/23,1.58630137,Other/Unknown,22196,Emory University,3.75
Emory University Hospital,8/18/21,2280559,15318,7/19/21,Neurology/Neurosurgical Icu Inpatient Unit,22,Female,Bsn,3.5 And Above,,,No,,No,,,,22197,Emory University,3.75
Emory University Hospital,8/18/21,2281101,15319,7/19/21,Surgical Icu Inpatient Unit,22,Female,Bsn,3.5 And Above,,,No,,No,,,,22198,Emory University,3.75
Emory University Hospital,8/18/21,2281873,15320,7/19/21,Surgical Icu Inpatient Unit,23,Female,Bsn,3.5 And Above,,,No,,Yes,1/14/24,2.490410959,Other/Unknown,22199,Emory University,3.75
Emory University Hospital,8/18/21,2298641,15321,7/19/21,Neurology/Neurosurgical Icu Inpatient Unit,22,Female,Bsn,3.5 And Above,,,No,,Yes,6/11/23,1.895890411,Other/Unknown,22200,Emory University,3.75
Emory University Hospital,8/18/21,2301049,15322,7/19/21,Neurology/Neurosurgical Icu Inpatient Unit,22,Female,Bsn,3.5 And Above,,,No,,No,,,,22201,Emory University,3.75
Emory University Hospital,8/18/21,2302816,15323,7/19/21,Neurology/Neurosurgical Icu Inpatient Unit,21,Female,Bsn,3.5 And Above,,,No,,Yes,9/3/22,1.126027397,Relocating Out Of Area,22202,Emory University,3.75
Emory University Hospital,8/18/21,2419211,15324,7/19/21,Surgical Icu Inpatient Unit,45,Female,Bsn,3.5 And Above,,,No,,Yes,3/5/23,1.62739726,Other/Unknown,22203,Emory University,3.75
Emory University Hospital,8/18/21,2425681,15325,8/2/21,Cardiac/Heart/Vascular Critical Care,29,Female,Accelerated Bsn,3.5 And Above,,,No,,No,,,,22204,Emory University,3.75
Emory University Hospital Midtown,8/13/21,2235061,15326,8/13/21,Oncology Inpatient Unit,22,Female,Bsn,2.5 - 2.99,,,No,,No,,,,22205,Emory University,2.75
Emory University Hospital Midtown,8/13/21,2288447,15327,8/9/21,Emergency Department,22,Female,Bsn,3.5 And Above,,,No,,Yes,6/25/23,1.876712329,Relocating Out Of Area,22206,Emory University,3.75
Emory University Hospital Midtown,8/13/21,2418671,15328,8/9/21,Neonatal Icu Inpatient Unit,22,Female,Bsn,3.5 And Above,,,No,,No,,,,22207,Emory University,3.75
Emory Decatur Hospital,7/26/21,2278966,15329,7/26/21,Oncology Inpatient Unit,22,Female,Bsn,3.5 And Above,,,No,,No,,,,22208,Emory University,3.75
Emory Decatur Hospital,7/26/21,2281411,15330,7/26/21,Emergency Department,22,Female,Bsn,3.5 And Above,,,No,,Yes,7/15/23,1.969863014,Relocating Out Of Area,22209,Emory University,3.75
Emory Decatur Hospital,7/26/21,2282336,15331,7/26/21,Neonatal Intermediate Unit,22,Female,Bsn,3.5 And Above,,,No,,No,,,,22210,Emory University,3.75
Emory Decatur Hospital,7/26/21,2282443,15332,8/9/21,General Medical Inpatient Unit,22,Female,Bsn,3.5 And Above,,,No,,Yes,6/23/24,2.873972603,Relocating Out Of Area,22211,Emory University,3.75
Emory Decatur Hospital,7/26/21,2282608,15333,7/26/21,Neonatal Icu Inpatient Unit,22,Female,Bsn,3.5 And Above,,,No,,Yes,5/7/23,1.780821918,Other/Unknown,22212,Emory University,3.75
Emory Decatur Hospital,7/26/21,2368302,15334,7/26/21,Obstetrics/Labor & Delivery Inpatient Unit,22,Female,Bsn,3.5 And Above,,,No,,No,,,,22213,Emory University,3.75
Emory University Hospital,7/22/21,2281901,15335,7/19/21,General Medical Inpatient Unit,21,Female,Bsn,3.0 - 3.49,,,No,,No,,,,22214,Emory University,3.25
Emory University Hospital At Wesley Woods,7/22/21,2301162,15336,7/12/21,Psychiatric Inpatient Unit,22,Female,Bsn,3.5 And Above,,,No,,No,,,,22215,Emory University,3.75
Emory Saint Joseph’S Hospital,7/12/21,447831,15337,7/4/21,Medical/Surgical Inpatient Unit,28,Female,Bsn,3.5 And Above,Full-Time,,No,,No,,,,22216,Emory University,3.75
Emory Saint Joseph’S Hospital,7/12/21,2064672,15338,7/4/21,Orthopedic Inpatient Unit,26,Female,Accelerated Bsn,3.5 And Above,Full-Time,,No,,Yes,1/6/24,2.509589041,Returning To School Full-Time,22217,Emory University,3.75
Emory Saint Joseph’S Hospital,7/12/21,2232510,15339,7/4/21,Cardiac/Heart/Vascular Critical Care,25,Female,Accelerated Bsn,3.5 And Above,Full-Time,,No,,Yes,3/2/25,3.663013699,Other/Unknown,22218,Emory University,3.75
Emory Saint Joseph’S Hospital,7/12/21,2423406,15340,7/4/21,Telemetry Unit,30,Female,Accelerated Bsn,3.5 And Above,Full-Time,,No,,No,,,,22219,Emory University,3.75
Emory Saint Joseph’S Hospital,7/12/21,2423480,15341,7/4/21,Telemetry Unit,25,Female,Accelerated Bsn,3.5 And Above,Full-Time,,No,,Yes,3/15/23,1.695890411,Obtained Position With A More Desirable Work Schedule,22220,Emory University,3.75
Emory Saint Joseph’S Hospital,7/12/21,2423555,15342,7/4/21,Medical/Surgical Icu Inpatient Unit,22,Female,Bsn,3.5 And Above,Full-Time,,No,,Yes,2/25/24,2.646575342,Relocating Out Of Area,22221,Emory University,3.75
Emory Saint Joseph’S Hospital,7/12/21,2427727,15343,7/4/21,Telemetry Unit,25,Female,Bsn,3.5 And Above,Full-Time,,No,,No,,,,22222,Emory University,3.75
Emory University Hospital Midtown,7/4/21,398161,15344,8/9/21,Cardiac/Heart/Vascular Critical Care,33,Female,Accelerated Bsn,3.5 And Above,,,No,,No,,,,22223,Emory University,3.75
Emory University Hospital Midtown,7/4/21,1745601,15345,9/19/21,Oncology Inpatient Unit,29,Female,Accelerated Bsn,3.5 And Above,,,No,,No,,,,22224,Emory University,3.75
Emory University Hospital,7/4/21,2068266,15347,7/11/21,Medical/Surgical Intermediate Unit,25,Female,Accelerated Bsn,3.5 And Above,,,No,,No,,,,22226,Emory University,3.75
Emory Decatur Hospital,7/4/21,2364413,15348,7/26/21,Medical/Surgical Intermediate Unit,27,Female,Accelerated Bsn,3.5 And Above,,,No,,No,,,,22227,Emory University,3.75
Emory Decatur Hospital,7/4/21,2381351,15349,7/11/21,Medical/Surgical Intermediate Unit,22,Female,Masters,3.5 And Above,,,No,,No,,,,22228,Emory University,3.75
Emory University Hospital,7/4/21,2409667,15350,10/25/21,Oncology Inpatient Unit,26,Female,Accelerated Bsn,3.5 And Above,,,No,,No,,,,22229,Emory University,3.75
Emory University Hospital,7/4/21,2423850,15351,7/19/21,Telemetry Unit,26,Female,Accelerated Bsn,3.5 And Above,,,No,,No,,,,22230,Emory University,3.75
Emory University Hospital Midtown,7/4/21,2428528,15352,7/11/21,Cardiac/Heart/Vascular Critical Care,26,Female,Accelerated Bsn,3.5 And Above,,,No,,No,,,,22231,Emory University,3.75
Emory University Hospital Midtown,7/4/21,2431067,15353,8/9/21,Medical/Surgical Inpatient Unit,26,Female,Accelerated Bsn,3.5 And Above,,,No,,Yes,10/2/23,2.147945205,Other/Unknown,22232,Emory University,3.75
Emory University Hospital,4/16/21,2018724,15354,1/24/21,Cardiac/Heart/Vascular Critical Care,23,Female,Accelerated Bsn,3.5 And Above,,,No,,No,,,,22233,Emory University,3.75
Emory Rehabilitation Hospital,4/16/21,2114971,15355,3/22/21,Rehabilitation Inpatient Unit,24,Female,Accelerated Bsn,3.5 And Above,,,No,,Yes,11/11/23,2.64109589,Other/Unknown,22234,Emory University,3.75
Emory University Hospital,4/16/21,2120710,15356,3/1/21,Medical/Surgical Intermediate Unit,25,Female,Accelerated Bsn,3.5 And Above,Full-Time,,No,,Yes,10/28/22,1.660273973,Relocating Out Of Area,22235,Emory University,3.75
Emory University Hospital,4/16/21,2319987,15357,3/1/21,Medical/Surgical Intermediate Unit,24,Female,Accelerated Bsn,3.5 And Above,,,No,,No,,,,22236,Emory University,3.75
Emory University Hospital,4/16/21,2370581,15358,3/22/21,Surgical Icu Inpatient Unit,30,Male,Accelerated Bsn,3.5 And Above,,,No,,No,,,,22237,Emory University,3.75
Emory University Hospital,4/16/21,2371327,15359,5/3/21,Cardiac/Heart/Vascular Critical Care,33,Male,Accelerated Bsn,3.5 And Above,,,No,,Yes,8/3/22,1.252054795,Travel Nurse,22238,Emory University,3.75
Emory University Hospital,4/16/21,2371573,15360,3/22/21,Oncology Inpatient Unit,26,Female,Accelerated Bsn,3.0 - 3.49,,,No,,Yes,9/20/23,2.498630137,Other/Unknown,22239,Emory University,3.25
Emory University Hospital,4/16/21,2372561,15361,2/22/21,Cardiac/Heart/Vascular Critical Care,24,Female,Accelerated Bsn,3.5 And Above,,,No,,Yes,9/10/22,1.547945205,Relocating Out Of Area,22240,Emory University,3.75
Emory University Hospital,4/16/21,2388125,15362,3/22/21,Surgical Icu Inpatient Unit,29,Male,Accelerated Bsn,3.5 And Above,,,No,,No,,,,22241,Emory University,3.75
Emory University Hospital,4/16/21,2418607,15363,3/22/21,Neurology/Neurosurgical Icu Inpatient Unit,26,Female,Bsn,3.5 And Above,,,No,,No,,,,22242,Emory University,3.75
Emory University Hospital,4/16/21,2418609,15364,4/5/21,Oncology Inpatient Unit,24,Female,Accelerated Bsn,3.5 And Above,,,No,,No,,,,22243,Emory University,3.75
Emory University Hospital Midtown,4/1/21,2048641,15365,4/19/21,Neonatal Icu Inpatient Unit,26,Female,Bsn,3.0 - 3.49,,,No,,Yes,3/15/24,2.906849315,Other/Unknown,22244,Emory University,3.25
Emory University Hospital Midtown,4/1/21,2319107,15366,2/7/21,Medical/Surgical Inpatient Unit,40,Female,Accelerated Bsn,3.5 And Above,,,No,,Yes,1/12/24,2.928767123,Compensation/Pay,22245,Emory University,3.75
Emory University Hospital Midtown,4/1/21,2371027,15367,1/4/21,Obstetrics/Labor & Delivery Inpatient Unit,26,Female,Accelerated Bsn,3.5 And Above,,,No,,Yes,12/5/22,1.917808219,Other/Unknown,22246,Emory University,3.75
Emory University Hospital Midtown,4/1/21,2386658,15368,1/11/21,Obstetrics/Labor & Delivery Inpatient Unit,27,Female,Accelerated Bsn,3.5 And Above,,,No,,No,,,,22247,Emory University,3.75
Emory Decatur Hospital,3/15/21,1277000,15369,3/15/21,Neonatal Icu Inpatient Unit,32,Female,Bsn,3.5 And Above,,,No,,No,,,,22248,Emory University,3.75
Emory Decatur Hospital,3/15/21,2370702,15370,3/7/21,Emergency Department,24,Male,Accelerated Bsn,3.5 And Above,,,No,,No,,,,22249,Emory University,3.75
Emory University Hospital,9/27/21,2198354,15371,10/4/21,Transplant Unit,30,Female,Accelerated Bsn,3.5 And Above,,,No,,Yes,9/13/22,0.942465753,Did Not Return From Leave Of Absence,22250,Emory University,3.75
Emory Decatur Hospital,10/13/20,2372331,15372,10/5/20,Emergency Department,26,Female,Accelerated Bsn,3.5 And Above,,,No,,Yes,8/19/21,0.871232877,Returning To School Full-Time,22251,Emory University,3.75
Emory University Hospital,2/15/21,2381355,15373,2/15/21,Perioperative Or,24,Female,Accelerated Bsn,3.5 And Above,Full-Time,,No,,No,,,,22252,Emory University,3.75
Emory Saint Joseph’S Hospital,2/15/21,2386678,15374,2/15/21,Medical/Surgical Intermediate Unit,23,Female,Accelerated Bsn,3.5 And Above,,,No,,Yes,6/16/22,1.331506849,Obtained Position Representing A Different Job Experience,22253,Emory University,3.75
Emory University Hospital,11/8/23,2522590,15375,10/9/23,Cardiac/Heart/Vascular Critical Care,24,Female,Masters,3.5 And Above,Full-Time,,No,,Yes,6/8/24,0.665753425,Unhappy With Job/Facility,22254,Emory University,3.75
Emory University Hospital,11/8/23,2543614,15376,10/9/23,Cardiac/Heart/Vascular Critical Care,33,Female,Masters,3.5 And Above,Full-Time,,No,,Yes,6/1/24,0.646575343,Obtained Position Representing A Different Job Experience,22255,Emory University,3.75
Emory University Hospital,11/6/20,2252367,15377,11/15/20,Oncology Inpatient Unit,23,Female,Bsn,3.0 - 3.49,,,No,,Yes,12/5/21,1.054794521,Obtained Position Representing A Different Job Experience,22256,Emory University,3.25
Emory University Hospital,10/15/18,1784935,15378,10/15/18,Medical/Surgical Icu Inpatient Unit,25,Female,Accelerated Bsn,3.0 - 3.49,,,No,,Yes,3/1/19,0.375342466,Unsatisfactory Performance,22257,Emory University,3.25
Emory University Hospital Midtown,10/30/20,2257096,15379,10/11/20,Oncology Inpatient Unit,22,Female,Bsn,3.0 - 3.49,,,No,,No,,,,22258,Emory University,3.25
Emory University Hospital Midtown,10/30/20,2319500,15380,10/9/20,Medical/Surgical Inpatient Unit,24,Female,Bsn,3.5 And Above,,,No,,No,,,,22259,Emory University,3.75
Emory University Hospital Midtown,10/30/20,2374234,15381,10/18/20,Orthopedic Inpatient Unit,30,Male,Accelerated Bsn,3.5 And Above,Full-Time,,No,,Yes,4/26/22,1.520547945,Obtained Position With A More Desirable Work Schedule,22260,Emory University,3.75
Emory Decatur Hospital,10/13/20,2256013,15382,9/14/20,Emergency Department,21,Female,Bsn,3.5 And Above,,,No,,Yes,10/3/21,1.052054795,Obtained Position Representing A Different Job Experience,22261,Emory University,3.75
Emory University Orthopaedics & Spine Hospital,10/13/20,2361801,15383,10/19/20,Perioperative Pacu,25,Female,Bsn,3.5 And Above,,,No,,Yes,5/25/22,1.597260274,Relocating Out Of Area,22262,Emory University,3.75
Emory Saint Joseph’S Hospital,10/12/20,1738152,15384,10/12/20,Medical/Surgical Inpatient Unit,29,Female,Accelerated Bsn,3.5 And Above,Per Diem,,No,,No,,,,22263,Emory University,3.75
Emory Saint Joseph’S Hospital,10/18/21,2425380,15385,10/18/21,Cardiac/Heart/Vascular Critical Care,23,Female,Accelerated Bsn,3.5 And Above,,,No,,Yes,6/30/22,0.698630137,Obtained Position With A More Desirable Work Schedule,22264,Emory University,3.75
Emory University Hospital,9/27/21,2290332,15386,10/18/21,Orthopedic Inpatient Unit,22,Female,Bsn,3.5 And Above,,,No,,Yes,4/1/22,0.452054795,Returning To School Full-Time,22265,Emory University,3.75
Emory University Hospital,8/6/20,2164580,15387,8/3/20,Oncology Inpatient Unit,23,Female,Accelerated Bsn,3.5 And Above,,,No,,Yes,10/31/22,2.243835616,Family Obligations (Family/Friend Caregiving Responsibility),22266,Emory University,3.75
Emory University Hospital,8/6/20,2236049,15388,6/16/20,Medical Icu Inpatient Unit,21,Female,Bsn,3.5 And Above,Full-Time,,No,,No,,,,22267,Emory University,3.75
Emory University Hospital,8/6/20,2247859,15389,7/26/20,Perioperative Or,22,Female,Bsn,3.5 And Above,,,No,,No,,,,22268,Emory University,3.75
Emory University Hospital,8/6/20,2250706,15390,8/3/20,Perioperative Or,22,Female,Bsn,3.5 And Above,,,No,,No,,,,22269,Emory University,3.75
Emory University Hospital,8/6/20,2252326,15391,7/27/20,Neurology/Neurosurgical Icu Inpatient Unit,22,Male,Bsn,3.5 And Above,,,No,,No,,,,22270,Emory University,3.75
Emory University Hospital,8/6/20,2258198,15392,7/27/20,Perioperative Or,22,Female,Bsn,3.5 And Above,,,No,,No,,,,22271,Emory University,3.75
Emory University Hospital Midtown,8/1/20,1422523,15393,8/10/20,Cardiac/Heart/Vascular Critical Care,44,Female,Bsn,3.5 And Above,,,No,,Yes,8/10/21,1,Obtained Position With A More Desirable Work Schedule,22272,Emory University,3.75
Emory University Hospital Midtown,8/1/20,2258198,15394,7/27/20,Perioperative Or,22,Female,Bsn,3.5 And Above,,,No,,No,,,,22273,Emory University,3.75
Emory University Hospital Midtown,8/1/20,2288320,15395,8/6/20,Oncology Inpatient Unit,24,Female,Bsn,3.5 And Above,,,No,,No,,,,22274,Emory University,3.75
Emory University Hospital,7/30/20,2195441,15396,7/26/20,Medical/Surgical Intermediate Unit,23,Female,Bsn,3.5 And Above,,,No,,No,,,,22275,Emory University,3.75
Emory University Hospital,7/30/20,2236808,15397,8/3/20,Medical/Surgical Intermediate Unit,22,Female,Bsn,3.0 - 3.49,,,No,,Yes,4/20/23,2.712328767,Other/Unknown,22276,Emory University,3.25
Emory University Hospital Midtown,10/28/22,2134755,15399,10/22/22,Neonatal Icu Inpatient Unit,24,Female,Accelerated Bsn,3.5 And Above,,,No,,Yes,10/28/22,0.016438356,Left Before Cohort Started,22278,Emory University,3.75
Emory Decatur Hospital,7/21/20,2233521,15400,6/14/20,Neonatal Icu Inpatient Unit,22,Female,Bsn,3.5 And Above,,,No,,Yes,3/4/23,2.720547945,Relocating Out Of Area,22279,Emory University,3.75
Emory Decatur Hospital,7/21/20,2319262,15401,7/13/20,Neonatal Icu Inpatient Unit,31,Female,Bsn,3.5 And Above,,,No,,No,,,,22280,Emory University,3.75
Emory Johns Creek Hospital,7/13/20,2234389,15402,7/20/20,General Medical Inpatient Unit,22,Female,Bsn,3.5 And Above,,,No,,Yes,7/25/22,2.01369863,Unhappy With Job/Facility,22281,Emory University,3.75
Emory Saint Joseph’S Hospital,7/13/20,2234597,15403,7/13/20,Cardiac/Heart/Vascular Critical Care,22,Female,Bsn,3.5 And Above,Full-Time,,No,,No,,,,22282,Emory University,3.75
Emory Saint Joseph’S Hospital,7/13/20,2361802,15404,7/13/20,General Medical Inpatient Unit,22,Female,Bsn,3.5 And Above,Full-Time,,No,,No,,,,22283,Emory University,3.75
Emory Johns Creek Hospital,7/4/20,1290812,15405,7/20/20,Medical/Surgical Icu Inpatient Unit,32,Female,Accelerated Bsn,3.5 And Above,Full-Time,,No,,No,,,,22284,Emory University,3.75
Emory University Hospital Midtown,7/4/20,1687825,15406,6/8/20,Cardiac/Heart/Vascular Critical Care,29,Male,Bsn,3.5 And Above,,,No,,Yes,6/18/21,1.02739726,Relocating Out Of Area,22285,Emory University,3.75
Emory University Hospital,7/4/20,1790903,15407,7/4/20,Medical/Surgical Inpatient Unit,27,Female,Bsn,3.5 And Above,,,No,,Yes,2/5/22,1.591780822,Obtained Position Representing A Different Job Experience,22286,Emory University,3.75
Emory University Hospital,7/4/20,1827824,15408,7/4/20,Oncology Inpatient Unit,53,Female,Accelerated Bsn,3.5 And Above,,,No,,No,,,,22287,Emory University,3.75
Emory Saint Joseph’S Hospital,7/4/20,2289172,15410,7/13/20,Medical/Surgical Intermediate Unit,24,Male,Accelerated Bsn,3.5 And Above,,,No,,Yes,12/30/22,2.465753425,Other/Unknown,22289,Emory University,3.75
Emory University Hospital,7/4/20,2314954,15411,8/3/20,Oncology Inpatient Unit,26,Female,Accelerated Bsn,3.0 - 3.49,,,No,,Yes,9/4/21,1.087671233,Relocating Out Of Area,22290,Emory University,3.25
Emory University Hospital,7/4/20,2320970,15412,7/4/20,Transplant Unit,25,Female,Accelerated Bsn,3.0 - 3.49,,,No,,No,,,,22291,Emory University,3.25
Emory Saint Joseph’S Hospital,7/4/20,2332855,15413,6/14/20,Orthopedic Inpatient Unit,22,Female,Accelerated Bsn,3.0 - 3.49,,,No,,Yes,9/22/21,1.273972603,Returning To School Full-Time,22292,Emory University,3.25
Emory University Hospital,7/4/20,2366481,15414,7/30/20,Medical/Surgical Inpatient Unit,33,Female,Accelerated Bsn,3.5 And Above,,,No,,No,,,,22293,Emory University,3.75
Emory University Hospital Midtown,10/29/21,2446928,15415,10/24/21,Mother/Baby Unit,24,Female,Accelerated Bsn,3.5 And Above,,,No,,Yes,9/24/22,0.917808219,Relocating Out Of Area,22294,Emory University,3.75
Emory Decatur Hospital,7/4/20,2370349,15416,7/4/20,Oncology Inpatient Unit,26,Female,Accelerated Bsn,3.5 And Above,,,No,,No,,,,22295,Emory University,3.75
Emory Saint Joseph’S Hospital,7/4/20,2371164,15417,7/13/20,General Medical Inpatient Unit,25,Female,Accelerated Bsn,3.0 - 3.49,,,No,,Yes,12/8/21,1.405479452,Did Not Return From Leave Of Absence,22296,Emory University,3.25
Emory Johns Creek Hospital,7/4/20,2371287,15418,6/15/20,Ambulatory Setting,46,Female,Accelerated Bsn,3.5 And Above,Full-Time,,No,,Yes,7/1/23,3.043835616,Other/Unknown,22297,Emory University,3.75
Emory University Hospital Midtown,7/4/20,2371889,15419,6/15/20,Medical/Surgical Inpatient Unit,27,Female,Bsn,3.5 And Above,,,No,,No,,,,22298,Emory University,3.75
Emory University Hospital,7/4/20,2372265,15420,7/30/20,Oncology Inpatient Unit,25,Female,Accelerated Bsn,3.5 And Above,,,No,,No,,,,22299,Emory University,3.75
Emory University Hospital,7/4/20,2372329,15421,7/30/20,Oncology Inpatient Unit,24,Female,Accelerated Bsn,3.5 And Above,Full-Time,,No,,No,,,,22300,Emory University,3.75
Emory University Hospital,7/4/20,2374239,15422,7/30/20,General Surgical Inpatient Unit,23,Female,Accelerated Bsn,3.5 And Above,,,No,,Yes,8/14/21,1.04109589,Relocating Out Of Area,22301,Emory University,3.75
Emory University Hospital,5/1/20,2162820,15423,3/9/20,Surgical Icu Inpatient Unit,23,Male,Accelerated Bsn,3.5 And Above,,,No,,No,,,,22302,Emory University,3.75
Emory University Hospital Midtown,4/1/20,1536161,15424,3/30/20,Cardiac/Heart/Vascular Critical Care,29,Female,Accelerated Bsn,3.5 And Above,,,No,,Yes,12/31/22,2.756164384,Travel Nurse,22303,Emory University,3.75
Emory University Hospital Midtown,4/1/20,1825565,15425,2/24/20,General Medical Inpatient Unit,26,Male,Bsn,3.5 And Above,,,No,,No,,,,22304,Emory University,3.75
Emory University Hospital Midtown,4/1/20,2073929,15426,3/31/20,General Surgical Inpatient Unit,24,Female,Accelerated Bsn,3.0 - 3.49,,,No,,No,,,,22305,Emory University,3.25
Emory University Hospital Midtown,4/1/20,2121180,15427,2/24/20,Neurology/Neurosurgical Icu Inpatient Unit,24,Female,Accelerated Bsn,3.5 And Above,,,No,,Yes,12/4/22,2.778082192,Other/Unknown,22306,Emory University,3.75
Emory University Hospital Midtown,4/1/20,2140875,15428,3/30/20,Oncology Inpatient Unit,23,Female,Accelerated Bsn,3.5 And Above,,,No,,No,,,,22307,Emory University,3.75
Emory University Hospital Midtown,4/1/20,2319524,15429,2/24/20,Medical/Surgical Intermediate Unit,37,Female,Bsn,3.5 And Above,,,No,,No,,,,22308,Emory University,3.75
Emory University Hospital Midtown,4/1/20,2319682,15430,2/24/20,Medical Icu Inpatient Unit,27,Male,Accelerated Bsn,3.5 And Above,,,No,,No,,,,22309,Emory University,3.75
Emory University Hospital Midtown,4/1/20,2320104,15431,1/27/20,General Surgical Inpatient Unit,25,Female,Accelerated Bsn,3.5 And Above,,,No,,No,,,,22310,Emory University,3.75
Emory University Hospital Midtown,4/1/20,2321775,15432,3/30/20,Medical/Surgical Intermediate Unit,29,Female,Bsn,3.5 And Above,,,No,,No,,,,22311,Emory University,3.75
Emory University Hospital Midtown,4/1/20,2326601,15433,3/23/20,Cardiac/Heart/Vascular Critical Care,24,Female,Accelerated Bsn,3.5 And Above,Full-Time,,No,,Yes,3/12/22,1.969863014,Returning To School Full-Time,22312,Emory University,3.75
Emory University Hospital Midtown,4/1/20,2364733,15434,3/30/20,Oncology Inpatient Unit,25,Female,Bsn,3.5 And Above,,,No,,Yes,5/19/21,1.136986301,Did Not Return From Leave Of Absence,22313,Emory University,3.75
Emory University Hospital,3/30/20,2023842,15435,3/2/20,Medical/Surgical Intermediate Unit,24,Female,Accelerated Bsn,3.5 And Above,Full-Time,,No,,No,,,,22314,Emory University,3.75
Emory University Hospital,3/30/20,2299278,15436,3/2/20,Oncology Inpatient Unit,24,Female,Accelerated Bsn,3.5 And Above,,,No,,Yes,5/24/21,1.22739726,Other/Unknown,22315,Emory University,3.75
Emory University Hospital,3/30/20,2321517,15437,3/2/20,Neurology/Neurosurgical Icu Inpatient Unit,24,Female,Bsn,3.5 And Above,Full-Time,,No,,No,,,,22316,Emory University,3.75
Emory Decatur Hospital,3/24/20,2313712,15438,3/16/20,Neonatal Icu Inpatient Unit,26,Female,Accelerated Bsn,3.5 And Above,,,No,,Yes,10/14/22,2.580821918,Travel Nurse,22317,Emory University,3.75
Emory Decatur Hospital,3/24/20,2333937,15439,3/16/20,Neonatal Icu Inpatient Unit,25,Female,Accelerated Bsn,3.5 And Above,,,No,,Yes,4/1/22,2.043835616,Relocating Out Of Area,22318,Emory University,3.75
Emory Decatur Hospital,11/14/23,2541931,15440,10/30/23,Psychiatric Inpatient Unit,31,Female,Masters,3.5 And Above,Full-Time,,No,,Yes,6/15/24,0.62739726,Other/Unknown,22319,Emory University,3.75
Emory Saint Joseph’S Hospital,2/24/20,407165,15441,2/24/20,Emergency Department,29,Female,Accelerated Bsn,3.5 And Above,Full-Time,,No,,Yes,12/9/22,2.791780822,Disability/Illness/Injury,22320,Emory University,3.75
Emory University Hospital Midtown,10/27/23,2544219,15442,10/30/23,Neonatal Icu Inpatient Unit,23,Female,Masters,3.5 And Above,Full-Time,,No,,Yes,3/25/24,0.402739726,Unsatisfactory Performance,22321,Emory University,3.75
Emory Saint Joseph’S Hospital,2/24/20,2082407,15443,2/24/20,Ambulatory Setting,24,Female,Accelerated Bsn,3.5 And Above,Full-Time,,No,,No,,,,22322,Emory University,3.75
Emory Saint Joseph’S Hospital,2/24/20,2273697,15444,2/24/20,Ambulatory Setting,44,Female,Accelerated Bsn,3.5 And Above,Full-Time,,No,,Yes,7/23/23,3.410958904,Other/Unknown,22323,Emory University,3.75
Emory Saint Joseph’S Hospital,2/24/20,2319874,15445,2/24/20,Medical/Surgical Intermediate Unit,23,Female,Accelerated Bsn,3.5 And Above,Full-Time,,No,,Yes,4/27/21,1.17260274,Unsatisfactory Performance,22324,Emory University,3.75
Emory Saint Joseph’S Hospital,2/24/20,2320990,15446,2/24/20,Emergency Department,24,Female,Accelerated Bsn,3.5 And Above,Per Diem,,No,,No,,,,22325,Emory University,3.75
Emory Saint Joseph’S Hospital,2/24/20,2335596,15447,2/24/20,Medical/Surgical Intermediate Unit,24,Female,Accelerated Bsn,3.5 And Above,Per Diem,,No,,Yes,5/12/23,3.21369863,Other/Unknown,22326,Emory University,3.75
Emory Johns Creek Hospital,2/24/20,2336829,15448,2/24/20,Neonatal Intermediate Unit,24,Female,Accelerated Bsn,3.5 And Above,Full-Time,,No,,Yes,1/13/22,1.887671233,Other/Unknown,22327,Emory University,3.75
Emory University Hospital Midtown,10/31/19,2317744,15449,10/28/19,Neonatal Icu Inpatient Unit,25,Female,Bsn,3.5 And Above,,,No,,No,,,,22328,Emory University,3.75
Emory University Hospital,10/24/19,438635,15450,10/21/19,Neurology/Neurosurgical Icu Inpatient Unit,22,Female,Bsn,3.5 And Above,,,No,,No,,,,22329,Emory University,3.75
Emory University Hospital,10/24/19,2192087,15451,10/21/19,Oncology Inpatient Unit,24,Female,Bsn,3.0 - 3.49,,,No,,No,,,,22330,Emory University,3.25
Emory University Hospital,10/24/19,2196989,15452,10/21/19,Cardiac/Heart/Vascular Critical Care,22,Female,Bsn,3.0 - 3.49,,,No,,Yes,5/2/21,1.531506849,Obtained Position Representing A Different Job Experience,22331,Emory University,3.25
Emory University Hospital,10/24/19,2319991,15453,10/28/19,Oncology Inpatient Unit,23,Female,Bsn,3.5 And Above,,,No,,Yes,6/26/21,1.663013699,Obtained Position Representing A Promotion/Career Advancement,22332,Emory University,3.75
Emory Decatur Hospital,10/22/19,710397,15454,10/14/19,Obstetrics/Labor & Delivery Inpatient Unit,35,Female,Accelerated Bsn,3.5 And Above,,,No,,Yes,6/25/22,2.698630137,Other/Unknown,22333,Emory University,3.75
Emory Hillandale Hospital,10/22/19,2072654,15455,10/14/19,Emergency Department,24,Female,Accelerated Bsn,3.5 And Above,,,No,,Yes,2/20/21,1.356164384,Relocating Out Of Area,22334,Emory University,3.75
Emory Decatur Hospital,10/22/19,2320110,15456,10/28/19,Neonatal Icu Inpatient Unit,22,Female,Accelerated Bsn,3.5 And Above,,,No,,Yes,5/6/22,2.523287671,Other/Unknown,22335,Emory University,3.75
Emory University Hospital At Wesley Woods,8/1/19,2030136,15457,7/22/19,Psychiatric Inpatient Unit,22,Female,Bsn,3.5 And Above,,,No,,No,,,,22336,Emory University,3.75
Emory University Hospital,8/1/19,2116626,15458,7/22/19,Surgical Icu Inpatient Unit,22,Female,Bsn,3.5 And Above,Full-Time,,No,,No,,,,22337,Emory University,3.75
Emory University Hospital,8/1/19,2190030,15459,7/22/19,Surgical Icu Inpatient Unit,22,Female,Bsn,3.5 And Above,Full-Time,,No,,No,,,,22338,Emory University,3.75
Emory University Hospital,8/1/19,2195043,15460,7/22/19,Telemetry Unit,22,Female,Bsn,3.5 And Above,,,No,,No,,,,22339,Emory University,3.75
The Emory Clinic,8/1/19,2195339,15461,7/29/19,Ambulatory Setting,22,Female,Bsn,3.5 And Above,,,No,,Yes,2/11/21,1.542465753,Unhappy With Job/Facility,22340,Emory University,3.75
Emory University Hospital,8/1/19,2202908,15462,7/22/19,Medical/Surgical Intermediate Unit,22,Female,Bsn,3.5 And Above,,,No,,Yes,8/14/21,2.065753425,Relocating Out Of Area,22341,Emory University,3.75
Emory University Hospital,8/1/19,2202912,15463,7/22/19,Cardiac/Heart/Vascular Critical Care,22,Female,Bsn,3.5 And Above,Full-Time,,No,,No,,,,22342,Emory University,3.75
Emory University Hospital,8/1/19,2206621,15464,7/29/19,Perioperative Or,22,Female,Bsn,3.0 - 3.49,,,No,,No,,,,22343,Emory University,3.25
Emory University Hospital,8/1/19,2316919,15465,7/22/19,Medical Icu Inpatient Unit,22,Female,Bsn,3.5 And Above,Full-Time,,No,,Yes,5/15/22,2.816438356,Compensation/Pay,22344,Emory University,3.75
Emory Decatur Hospital,3/26/24,2279934,15466,11/6/23,Medical/Surgical Inpatient Unit,24,Male,Bsn,3.0 - 3.49,Full-Time,,No,,Yes,9/6/24,0.835616438,Unsatisfactory Performance,22345,Emory University,3.25
Emory University Hospital Midtown,7/25/19,2187499,15467,7/29/19,General Surgical Inpatient Unit,23,Female,Bsn,3.0 - 3.49,,,No,,No,,,,22346,Emory University,3.25
Emory University Hospital Midtown,7/25/19,2188580,15468,7/29/19,Neonatal Icu Inpatient Unit,22,Female,Bsn,3.5 And Above,,,No,,No,,,,22347,Emory University,3.75
Emory University Hospital Midtown,7/25/19,2211654,15469,8/5/19,Emergency Department,21,Female,Bsn,3.0 - 3.49,,,No,,No,,,,22348,Emory University,3.25
Emory University Hospital Midtown,7/25/19,2211952,15470,9/9/19,Obstetrics/Labor & Delivery Inpatient Unit,22,Female,Bsn,3.5 And Above,,,No,,No,,,,22349,Emory University,3.75
Emory University Orthopaedics & Spine Hospital,7/23/19,674723,15471,7/15/19,Orthopedic Inpatient Unit,35,Female,Bsn,3.0 - 3.49,,,No,,Yes,7/23/21,2.024657534,Other/Unknown,22350,Emory University,3.25
Emory Decatur Hospital,7/23/19,2190600,15472,7/29/19,Obstetrics/Labor & Delivery Inpatient Unit,21,Female,Bsn,3.5 And Above,,,No,,Yes,9/29/20,1.17260274,Unhappy With Job/Facility,22351,Emory University,3.75
Emory Decatur Hospital,7/23/19,2318992,15473,7/15/19,Medical/Surgical Icu Inpatient Unit,22,Female,Bsn,3.0 - 3.49,,,No,,Yes,3/28/21,1.704109589,Other/Unknown,22352,Emory University,3.25
Emory University Hospital Midtown,2/28/19,1532284,15474,2/25/19,Emergency Department,27,Female,Accelerated Bsn,3.0 - 3.49,Full-Time,,No,,No,,,,22353,Emory University,3.25
Emory University Hospital Midtown,2/28/19,2071266,15475,2/25/19,Neonatal Icu Inpatient Unit,24,Female,Accelerated Bsn,3.0 - 3.49,Full-Time,,No,,Yes,6/14/20,1.301369863,Relocating Out Of Area,22354,Emory University,3.25
Emory University Hospital Midtown,2/28/19,2071722,15476,2/25/19,Medical Icu Inpatient Unit,23,Male,Bsn,3.0 - 3.49,Full-Time,,No,,No,,,,22355,Emory University,3.25
Emory University Hospital Midtown,2/28/19,2232882,15477,2/25/19,Neurology/Neurosurgical Icu Inpatient Unit,27,Female,Accelerated Bsn,3.5 And Above,Full-Time,,No,,No,,,,22356,Emory University,3.75
Emory University Hospital Midtown,2/28/19,2245552,15478,2/25/19,Emergency Department,28,Female,Bsn,3.5 And Above,Full-Time,,No,,No,,,,22357,Emory University,3.75
Emory University Hospital Midtown,2/28/19,2272368,15479,2/25/19,Mother/Baby Unit,25,Female,Accelerated Bsn,3.5 And Above,Full-Time,,No,,No,,,,22358,Emory University,3.75
Emory University Hospital Midtown,2/28/19,2290563,15480,2/25/19,Neurology/Neurosurgical Icu Inpatient Unit,26,Female,Accelerated Bsn,3.5 And Above,Full-Time,,No,,No,,,,22359,Emory University,3.75
Emory University Hospital Midtown,2/28/19,2297075,15481,2/25/19,Neonatal Icu Inpatient Unit,23,Female,Accelerated Bsn,3.5 And Above,Full-Time,,No,,Yes,8/9/20,1.454794521,Family Obligations (Family/Friend Caregiving Responsibility),22360,Emory University,3.75
Emory Decatur Hospital,2/27/19,2021372,15482,2/25/19,Neonatal Icu Inpatient Unit,24,Female,Accelerated Bsn,3.5 And Above,,,No,,No,,,,22361,Emory University,3.75
Emory Decatur Hospital,2/27/19,2276777,15483,2/25/19,Obstetrics/Labor & Delivery Inpatient Unit,23,Female,Accelerated Bsn,3.5 And Above,,,No,,Yes,6/13/21,2.298630137,Other/Unknown,22362,Emory University,3.75
Emory University Hospital,2/26/19,433961,15484,2/28/19,Neurology/Neurosurgical Icu Inpatient Unit,26,Female,Accelerated Bsn,3.0 - 3.49,,,No,,No,,,,22363,Emory University,3.25
The Emory Clinic,2/26/19,975086,15485,2/18/19,Ambulatory Setting,32,Female,Accelerated Bsn,3.5 And Above,Full-Time,,No,,Yes,10/31/20,1.701369863,Obtained Position With A More Desirable Work Schedule,22364,Emory University,3.75
Emory University Hospital,2/26/19,1411486,15486,3/4/19,Surgical Icu Inpatient Unit,27,Female,Accelerated Bsn,3.5 And Above,Full-Time,,No,,No,,,,22365,Emory University,3.75
Emory University Hospital,2/26/19,1471370,15487,3/4/19,Cardiac/Heart/Vascular Critical Care,28,Female,Bsn,3.5 And Above,,,No,,Yes,5/2/20,1.164383562,Unsatisfactory Performance,22366,Emory University,3.75
Emory University Hospital,2/26/19,1692468,15488,3/4/19,Medical Icu Inpatient Unit,26,Female,Bsn,3.5 And Above,Full-Time,,No,,No,,,,22367,Emory University,3.75
Emory University Hospital,2/26/19,2022220,15489,3/4/19,Perioperative Or,24,Female,Accelerated Bsn,3.5 And Above,Full-Time,,No,,No,,,,22368,Emory University,3.75
Emory University Hospital,2/26/19,2064715,15490,2/28/19,General Surgical Inpatient Unit,23,Female,Bsn,3.0 - 3.49,,,No,,No,,,,22369,Emory University,3.25
Emory University Hospital,2/26/19,2067385,15491,2/25/19,Emergency Department,24,Female,Accelerated Bsn,3.0 - 3.49,Full-Time,,No,,No,,,,22370,Emory University,3.25
Emory University Hospital,2/26/19,2069389,15492,3/4/19,Oncology Inpatient Unit,24,Female,Accelerated Bsn,3.5 And Above,Full-Time,,No,,No,,,,22371,Emory University,3.75
Emory Rehabilitation Hospital,2/26/19,2230557,15493,2/18/19,Rehabilitation Inpatient Unit,27,Female,Bsn,3.0 - 3.49,Full-Time,,No,,No,,,,22372,Emory University,3.25
Emory University Hospital At Wesley Woods,2/26/19,2274351,15494,3/4/19,Psychiatric Inpatient Unit,27,Male,Accelerated Bsn,3.5 And Above,,,No,,No,,,,22373,Emory University,3.75
Emory University Hospital,2/26/19,2276189,15495,3/4/19,Transplant Unit,26,Female,Accelerated Bsn,3.5 And Above,,,No,,Yes,10/2/21,2.583561644,Travel Nurse,22374,Emory University,3.75
Emory University Hospital,2/26/19,2276302,15496,3/4/19,Cardiac/Heart/Vascular Critical Care,25,Male,Accelerated Bsn,3.5 And Above,Full-Time,,No,,Yes,10/25/20,1.646575342,Obtained Position Representing A Different Job Experience,22375,Emory University,3.75
Emory University Hospital,2/26/19,2276366,15497,3/4/19,Oncology Inpatient Unit,27,Female,Accelerated Bsn,3.5 And Above,Full-Time,,No,,Yes,6/21/20,1.301369863,Relocating Out Of Area,22376,Emory University,3.75
Emory University Hospital,2/26/19,2276396,15498,3/4/19,Oncology Inpatient Unit,24,Female,Accelerated Bsn,3.5 And Above,Full-Time,,No,,No,,,,22377,Emory University,3.75
Emory University Hospital,2/26/19,2276552,15499,3/4/19,Medical Icu Inpatient Unit,23,Female,Accelerated Bsn,3.5 And Above,,,No,,Yes,9/25/21,2.564383562,Other/Unknown,22378,Emory University,3.75
Emory University Hospital,2/26/19,2276591,15500,2/25/19,Emergency Department,25,Female,Bsn,3.5 And Above,Full-Time,,No,,No,,,,22379,Emory University,3.75
Emory University Hospital,2/26/19,2277109,15501,3/4/19,Orthopedic Inpatient Unit,25,Male,Accelerated Bsn,3.0 - 3.49,Full-Time,,No,,No,,,,22380,Emory University,3.25
Emory University Hospital,2/26/19,2287870,15502,3/4/19,General Surgical Inpatient Unit,24,Female,Accelerated Bsn,3.0 - 3.49,Full-Time,,No,,No,,,,22381,Emory University,3.25
Emory University Hospital,2/26/19,2290547,15503,3/4/19,Neurology/Neurosurgical Icu Inpatient Unit,31,Female,Accelerated Bsn,3.5 And Above,Full-Time,,No,,Yes,10/5/20,1.591780822,Relocating Out Of Area,22382,Emory University,3.75
Emory University Hospital,2/26/19,2313299,15504,2/25/19,Emergency Department,27,Female,Accelerated Bsn,3.5 And Above,Full-Time,,No,,No,,,,22383,Emory University,3.75
Emory Saint Joseph’S Hospital,2/18/19,1216126,15505,2/18/19,Emergency Department,38,Female,Accelerated Bsn,3.5 And Above,Full-Time,,No,,No,,,,22384,Emory University,3.75
Emory Saint Joseph’S Hospital,2/18/19,2029853,15506,2/18/19,Orthopedic Inpatient Unit,23,Female,Accelerated Bsn,3.5 And Above,Full-Time,,No,,Yes,2/1/21,1.956164384,Obtained Position Representing A Promotion/Career Advancement,22385,Emory University,3.75
Emory Saint Joseph’S Hospital,2/18/19,2081941,15507,2/18/19,General Medical Inpatient Unit,25,Female,Bsn,2.5 - 2.99,Full-Time,,No,,Yes,4/19/21,2.167123288,Obtained Position Representing A Promotion/Career Advancement,22386,Emory University,2.75
Emory Saint Joseph’S Hospital,2/18/19,2275995,15508,2/18/19,Medical/Surgical Intermediate Unit,23,Female,Bsn,3.5 And Above,Full-Time,,No,,No,,,,22387,Emory University,3.75
Emory Saint Joseph’S Hospital,2/18/19,2282765,15509,2/18/19,Medical/Surgical Intermediate Unit,24,Female,Accelerated Bsn,3.0 - 3.49,Full-Time,,No,,No,,,,22388,Emory University,3.25
Emory Saint Joseph’S Hospital,2/18/19,2287599,15510,2/18/19,Orthopedic Inpatient Unit,23,Female,Accelerated Bsn,3.5 And Above,Full-Time,,No,,No,,,,22389,Emory University,3.75
Emory University Hospital,10/16/18,2019278,15511,10/15/18,Oncology Inpatient Unit,29,Female,Accelerated Bsn,3.5 And Above,,,No,,No,,,,22390,Emory University,3.75
Emory University Hospital,10/16/18,2272256,15512,10/22/18,General Surgical Inpatient Unit,48,Male,Accelerated Bsn,3.0 - 3.49,,,No,,No,,,,22391,Emory University,3.25
Emory University Hospital,10/16/18,2276469,15513,10/15/18,Medical Icu Inpatient Unit,23,Male,Accelerated Bsn,3.5 And Above,,,No,,No,,,,22392,Emory University,3.75
Emory University Hospital,10/16/18,2299277,15514,10/15/18,Neurology/Neurosurgical Icu Inpatient Unit,30,Female,Accelerated Bsn,3.5 And Above,,,No,,Yes,10/31/20,2.046575342,Returning To School Full-Time,22393,Emory University,3.75
Emory University Hospital,10/15/18,1931042,15515,10/15/18,Neonatal Icu Inpatient Unit,24,Female,Accelerated Bsn,3.5 And Above,,,No,,No,,,,22394,Emory University,3.75
Emory University Hospital,10/15/18,2024034,15516,10/15/18,Medical/Surgical Inpatient Unit,22,Female,Bsn,3.0 - 3.49,Full-Time,,No,,No,,,,22395,Emory University,3.25
Emory University Hospital,10/15/18,2087437,15517,10/15/18,Mother/Baby Unit,23,Female,Bsn,3.0 - 3.49,,,No,,No,,,,22396,Emory University,3.25
Emory Saint Joseph’S Hospital,10/8/18,17368,15518,10/22/18,Perioperative Or,27,Male,Bsn,3.0 - 3.49,,,No,,No,,,,22397,Emory University,3.25
Emory Saint Joseph’S Hospital,10/8/18,110346,15519,10/22/18,Perioperative Or,33,Female,Accelerated Bsn,3.5 And Above,,,No,,Yes,3/18/21,2.405479452,Compensation/Pay,22398,Emory University,3.75
Emory Saint Joseph’S Hospital,10/8/18,2015468,15520,10/8/18,General Medical Inpatient Unit,32,Male,Accelerated Bsn,3.0 - 3.49,Full-Time,,No,,No,,,,22399,Emory University,3.25
Emory Saint Joseph’S Hospital,10/8/18,514177,15522,,Emergency Department,24,Female,Accelerated Bsn,3.5 And Above,,,No,,No,,,,22401,Emory University,3.75
Emory Saint Joseph’S Hospital,10/8/18,600548,15523,,Cardiac/Heart/Vascular Critical Care,34,Female,Accelerated Bsn,3.5 And Above,,,No,,Yes,2/22/20,,Relocating Out Of Area,22402,Emory University,3.75
Emory Saint Joseph’S Hospital,10/8/18,703648,15524,,Medical/Surgical Intermediate Unit,36,Female,Accelerated Bsn,3.0 - 3.49,,,No,,No,,,,22403,Emory University,3.25
Emory University Hospital,7/30/18,404404,15525,7/30/18,Oncology Inpatient Unit,39,Female,Bsn,3.0 - 3.49,,,No,,No,,,,22404,Emory University,3.25
Emory University Hospital,7/30/18,408894,15526,7/30/18,Oncology Inpatient Unit,42,Male,Bsn,3.0 - 3.49,,,No,,No,,,,22405,Emory University,3.25
Emory University Hospital,7/30/18,425990,15527,7/30/18,Oncology Inpatient Unit,22,Female,Bsn,3.5 And Above,,,No,,Yes,8/29/20,2.084931507,Relocating Out Of Area,22406,Emory University,3.75
Emory University Hospital,7/30/18,1538126,15528,7/30/18,Oncology Inpatient Unit,39,Female,Bsn,3.0 - 3.49,,,No,,No,,,,22407,Emory University,3.25
Emory University Hospital,7/30/18,2023012,15529,,Neurology/Neurosurgical Icu Inpatient Unit,22,Female,Bsn,3.0 - 3.49,,,No,,Yes,5/4/20,,Relocating Out Of Area,22408,Emory University,3.25
Emory University Hospital,7/30/18,2059747,15530,7/30/18,Transplant Unit,22,Female,Bsn,3.0 - 3.49,,,No,,No,,,,22409,Emory University,3.25
Emory University Hospital,7/30/18,2132633,15531,,Cardiac/Heart/Vascular Critical Care,22,Female,Bsn,3.0 - 3.49,,,No,,Yes,7/27/20,,Relocating Out Of Area,22410,Emory University,3.25
Emory University Hospital,7/30/18,2139696,15532,7/30/18,Neurology/Neurosurgical Icu Inpatient Unit,22,Male,Bsn,3.5 And Above,,,No,,Yes,7/20/20,1.975342466,Returning To School Full-Time,22411,Emory University,3.75
Emory University Hospital,7/30/18,2142757,15533,7/30/18,Oncology Inpatient Unit,22,Female,Bsn,3.0 - 3.49,,,No,,No,,,,22412,Emory University,3.25
Emory University Hospital,7/30/18,2171000,15535,7/30/18,Medical/Surgical Intermediate Unit,22,Female,Bsn,3.0 - 3.49,,,No,,Yes,9/11/20,2.120547945,Returning To School Full-Time,22414,Emory University,3.25
Emory University Hospital,7/30/18,2230263,15536,7/30/18,Rehabilitation Inpatient Unit,26,Female,Bsn,3.0 - 3.49,,,No,,No,,,,22415,Emory University,3.25
Emory University Hospital,7/30/18,2232214,15537,,Neonatal Icu Inpatient Unit,22,Female,Bsn,3.0 - 3.49,,,No,,No,,,,22416,Emory University,3.25
Emory University Hospital,7/30/18,2232297,15538,7/30/18,Medical/Surgical Intermediate Unit,29,Female,Bsn,3.5 And Above,,,No,,Yes,5/1/21,2.756164384,Relocating Out Of Area,22417,Emory University,3.75
Emory University Hospital,7/30/18,2247420,15539,,Cardiac/Heart/Vascular Critical Care,22,Female,Bsn,3.5 And Above,,,No,,No,,,,22418,Emory University,3.75
Emory University Hospital,7/23/18,2148922,15540,,Obstetrics/Labor & Delivery Inpatient Unit,21,Female,Bsn,3.0 - 3.49,,,No,,Yes,3/1/19,,Unhappy With Job/Facility,22419,Emory University,3.25
Emory University Hospital,7/23/18,2171298,15541,,Neonatal Icu Inpatient Unit,21,Female,Bsn,3.5 And Above,,,No,,No,,,,22420,Emory University,3.75
Emory Saint Joseph’S Hospital,7/23/18,280657,15542,,Neonatal Icu Inpatient Unit,23,Female,Bsn,3.5 And Above,,,No,,No,,,,22421,Emory University,3.75
Emory Saint Joseph’S Hospital,7/23/18,283690,15543,,Obstetrics/Labor & Delivery Inpatient Unit,21,Female,Bsn,3.5 And Above,,,No,,No,,,,22422,Emory University,3.75
Emory Saint Joseph’S Hospital,3/5/18,311467,15544,,Emergency Department,30,Male,Accelerated Bsn,3.5 And Above,,,No,,Yes,5/9/19,,Relocating Out Of Area,22423,Emory University,3.75
Emory Saint Joseph’S Hospital,3/5/18,718945,15545,,Medical/Surgical Inpatient Unit,28,Female,Accelerated Bsn,3.5 And Above,,,No,,No,,,,22424,Emory University,3.75
Emory University Hospital,2/28/18,1529682,15546,2/28/18,Ambulatory Setting,26,Female,Accelerated Bsn,3.0 - 3.49,Full-Time,,No,,No,,,,22425,Emory University,3.25
Emory University Hospital,2/28/18,1915276,15547,2/28/18,Ambulatory Setting,23,Female,Accelerated Bsn,3.5 And Above,Full-Time,,No,,Yes,8/7/20,2.44109589,Returning To School Full-Time,22426,Emory University,3.75
Emory University Hospital,2/28/18,2231795,15548,,Ambulatory Setting,30,Female,Accelerated Bsn,3.5 And Above,,,Yes,Maternity,Yes,7/7/20,,Left Due To Pandemic/Crisis,22427,Emory University,3.75
Emory Saint Joseph’S Hospital,2/26/18,184350,15550,2/26/18,Other (Please Specify),23,Male,Accelerated Bsn,3.5 And Above,Full-Time,,No,,No,,,,22429,Emory University,3.75
Emory Saint Joseph’S Hospital,2/26/18,279918,15551,2/26/18,Emergency Department,30,Female,Accelerated Bsn,3.0 - 3.49,,,No,,Yes,3/14/20,2.046575342,Relocating Out Of Area,22430,Emory University,3.25
Emory University Hospital,2/23/18,1486754,15552,,Surgical Icu Inpatient Unit,28,Female,Accelerated Bsn,3.0 - 3.49,,,No,,No,,,,22431,Emory University,3.25
Emory University Hospital,2/23/18,1501576,15553,,Neonatal Icu Inpatient Unit,27,Female,Accelerated Bsn,3.5 And Above,,,No,,No,,,,22432,Emory University,3.75
Emory University Hospital,2/23/18,1555772,15554,,Obstetrics/Labor & Delivery Inpatient Unit,27,Male,(Other) Absn/Amsn,3.0 - 3.49,,,No,,No,,,,22433,Emory University,3.25
Emory University Hospital,2/23/18,1633197,15555,,Medical Icu Inpatient Unit,25,Female,Accelerated Bsn,3.5 And Above,,,No,,Yes,3/14/20,,Relocating Out Of Area,22434,Emory University,3.75
Emory University Hospital,2/23/18,1798435,15556,,Oncology Inpatient Unit,24,Female,Bsn,3.0 - 3.49,,,No,,Yes,9/22/18,,Returning To School Full-Time,22435,Emory University,3.25
Emory University Hospital,2/23/18,1824061,15557,,Emergency Department,25,Female,Accelerated Bsn,3.5 And Above,,,No,,No,,,,22436,Emory University,3.75
Emory University Hospital,2/23/18,1867567,15558,,General Medical Inpatient Unit,24,Female,Accelerated Bsn,3.0 - 3.49,,,No,,Yes,2/29/20,,Obtained Position Representing A Different Job Experience,22437,Emory University,3.25
Emory University Hospital,2/23/18,1961469,15559,,Cardiac/Heart/Vascular Critical Care,24,Female,Accelerated Bsn,3.5 And Above,,,No,,No,,,,22438,Emory University,3.75
Emory University Hospital,2/23/18,1976565,15560,,General Medical Inpatient Unit,23,Female,Accelerated Bsn,3.5 And Above,,,No,,Yes,10/22/20,,Obtained Position Representing A Different Job Experience,22439,Emory University,3.75
Emory University Hospital,2/23/18,1977945,15561,,Medical/Surgical Icu Inpatient Unit,24,Female,Accelerated Bsn,3.5 And Above,,,No,,No,,,,22440,Emory University,3.75
Emory University Hospital,2/23/18,1991736,15562,,Cardiac/Heart/Vascular Critical Care,23,Female,Accelerated Bsn,3.5 And Above,,,No,,Yes,7/28/19,,Relocating Out Of Area,22441,Emory University,3.75
Emory University Hospital,2/23/18,2006309,15563,,Medical/Surgical Icu Inpatient Unit,23,Female,Accelerated Bsn,3.0 - 3.49,,,No,,No,,,,22442,Emory University,3.25
Emory University Hospital,2/23/18,2016582,15564,,Medical/Surgical Inpatient Unit,23,Female,Accelerated Bsn,3.0 - 3.49,,,No,,No,,,,22443,Emory University,3.25
Emory University Hospital,2/23/18,2141867,15565,,Perioperative Or,34,Female,Accelerated Bsn,3.0 - 3.49,,,No,,No,,,,22444,Emory University,3.25
Emory University Hospital,2/23/18,2158015,15566,,Medical Icu Inpatient Unit,27,Male,Accelerated Bsn,3.5 And Above,,,No,,Yes,8/23/21,,Travel Nurse,22445,Emory University,3.75
Emory University Hospital,2/23/18,2182885,15567,,Surgical Icu Inpatient Unit,25,Female,Accelerated Bsn,3.5 And Above,,,No,,Yes,5/5/19,,Obtained Position Representing A Promotion/Career Advancement,22446,Emory University,3.75
Emory University Hospital,2/23/18,2232321,15568,,Emergency Department,25,Female,Accelerated Bsn,3.0 - 3.49,,,No,,No,,,,22447,Emory University,3.25
Emory University Hospital,2/23/18,2232508,15569,2/23/18,Transplant Unit,45,Female,Accelerated Bsn,3.5 And Above,Full-Time,,No,,Yes,11/10/19,1.712328767,Obtained Position Representing A Different Job Experience,22448,Emory University,3.75
Emory University Hospital,2/23/18,2236342,15570,,Obstetrics/Labor & Delivery Inpatient Unit,35,Female,Accelerated Bsn,3.0 - 3.49,,,No,,No,,,,22449,Emory University,3.25
Emory University Hospital,2/23/18,2244395,15571,,Medical/Surgical Icu Inpatient Unit,27,Female,Accelerated Bsn,3.5 And Above,,,No,,No,,,,22450,Emory University,3.75
Emory Saint Joseph’S Hospital,10/16/17,235,15572,10/16/17,General Medical Inpatient Unit,23,Male,Bsn,3.5 And Above,,,No,,Yes,10/18/19,2.005479452,Obtained Position Representing A Promotion/Career Advancement,22451,Emory University,3.75
Emory University Hospital,7/18/17,1798695,15573,,Surgical Icu Inpatient Unit,23,Female,Bsn,3.0 - 3.49,,,No,,No,,,,22452,Emory University,3.25
Emory University Hospital,7/18/17,1823668,15574,,Oncology Inpatient Unit,26,Female,Bsn,3.5 And Above,,,No,,No,,,,22453,Emory University,3.75
Emory University Hospital,7/18/17,1877750,15575,,Transplant Unit,26,Female,Bsn,2.5 - 2.99,,,No,,No,,,,22454,Emory University,2.75
Emory University Hospital,7/18/17,1991831,15576,,Oncology Inpatient Unit,23,Female,Bsn,3.0 - 3.49,,,No,,No,,,,22455,Emory University,3.25
Emory University Hospital,7/18/17,1995327,15577,,Oncology Inpatient Unit,23,Female,Bsn,3.0 - 3.49,,,No,,No,,,,22456,Emory University,3.25
Emory University Hospital,7/18/17,2007821,15578,,Transplant Unit,23,Female,Bsn,3.5 And Above,,,No,,No,,,,22457,Emory University,3.75
Emory University Hospital,7/18/17,2041631,15580,,Oncology Inpatient Unit,21,Female,Bsn,3.0 - 3.49,,,No,,No,,,,22459,Emory University,3.25
Emory University Hospital,7/18/17,2045523,15581,,Medical/Surgical Inpatient Unit,22,Female,Bsn,3.0 - 3.49,,,No,,No,,,,22460,Emory University,3.25
Emory University Hospital,7/18/17,2067159,15582,,Oncology Inpatient Unit,36,Female,Bsn,3.0 - 3.49,,,No,,Yes,10/10/18,,Obtained Position Representing A Different Job Experience,22461,Emory University,3.25
Emory University Hospital,7/18/17,2078027,15583,,Oncology Inpatient Unit,22,Female,Bsn,3.5 And Above,,,No,,No,,,,22462,Emory University,3.75
Emory University Hospital,7/18/17,2091540,15584,,Surgical Icu Inpatient Unit,22,Female,Bsn,3.5 And Above,,,No,,Yes,9/22/18,,Relocating Out Of Area,22463,Emory University,3.75
Emory University Hospital,7/18/17,2187077,15585,,Cardiac/Heart/Vascular Critical Care,23,Female,Bsn,3.0 - 3.49,,,No,,No,,,,22464,Emory University,3.25
Emory University Hospital,7/18/17,2188151,15586,,Rehabilitation Inpatient Unit,44,Female,Bsn,3.0 - 3.49,,,No,,No,,,,22465,Emory University,3.25
Emory University Hospital,7/18/17,2215372,15587,,Neurology/Neurosurgical Icu Inpatient Unit,23,Female,Bsn,3.5 And Above,,,No,,No,,,,22466,Emory University,3.75
Emory Saint Joseph’S Hospital,7/17/17,91630,15588,,Medical/Surgical Inpatient Unit,22,Female,Bsn,3.0 - 3.49,,,No,,No,,,,22467,Emory University,3.25
Emory Saint Joseph’S Hospital,7/17/17,180925,15589,,Medical/Surgical Intermediate Unit,23,Female,Bsn,3.5 And Above,,,No,,No,,,,22468,Emory University,3.75
Emory University Hospital,7/17/17,1875059,15590,,Emergency Department,22,Female,Bsn,3.0 - 3.49,,,No,,No,,,,22469,Emory University,3.25
Emory University Hospital,7/17/17,1903842,15591,,Obstetrics/Labor & Delivery Inpatient Unit,23,Female,Bsn,3.0 - 3.49,,,No,,No,,,,22470,Emory University,3.25
Emory University Hospital,7/17/17,1957266,15592,,Newborn Nursery,22,Female,Bsn,3.5 And Above,,,No,,No,,,,22471,Emory University,3.75
Emory University Hospital,7/17/17,1992345,15593,,Mother/Baby Unit,23,Female,Bsn,3.0 - 3.49,,,No,,Yes,4/10/20,,Other/Unknown,22472,Emory University,3.25
Emory University Hospital,7/17/17,2004532,15594,,Emergency Department,27,Male,Accelerated Bsn,3.5 And Above,,,No,,Yes,7/23/19,,Unsatisfactory Performance,22473,Emory University,3.75
Emory University Hospital,7/17/17,2085054,15595,,Neonatal Icu Inpatient Unit,22,Female,Bsn,3.5 And Above,,,No,,No,,,,22474,Emory University,3.75
Emory University Hospital,7/17/17,2085081,15596,,Neurology/Neurosurgical Icu Inpatient Unit,22,Female,Bsn,3.0 - 3.49,,,No,,No,,,,22475,Emory University,3.25
Emory University Hospital,7/17/17,2107110,15597,,Neonatal Icu Inpatient Unit,22,Female,Bsn,3.5 And Above,,,No,,No,,,,22476,Emory University,3.75
Emory University Hospital,7/17/17,2140587,15598,,Medical Icu Inpatient Unit,34,Female,Bsn,3.5 And Above,,,No,,No,,,,22477,Emory University,3.75
Emory University Hospital,7/17/17,2193968,15599,,Cardiac/Heart/Vascular Critical Care,23,Female,Bsn,3.0 - 3.49,,,No,,No,,,,22478,Emory University,3.25
Emory Saint Joseph’S Hospital,7/17/17,238753,15600,,Emergency Department,21,Female,Bsn,3.0 - 3.49,,,No,,No,,,,22479,Emory University,3.25
Emory Saint Joseph’S Hospital,7/17/17,638281,15602,,Medical/Surgical Intermediate Unit,32,Female,Bsn,3.5 And Above,,,No,,No,,,,22481,Emory University,3.75
Emory Saint Joseph’S Hospital,7/17/17,660411,15603,,Medical/Surgical Inpatient Unit,23,Male,Bsn,3.0 - 3.49,,,No,,No,,,,22482,Emory University,3.25
Emory Saint Joseph’S Hospital,7/17/17,670398,15604,7/17/17,Medical/Surgical Inpatient Unit,23,Female,Bsn,3.0 - 3.49,,,No,,Yes,11/27/21,4.367123288,Travel Nurse,22483,Emory University,3.25
Emory University Hospital,7/17/17,7369997,15605,,Surgical Icu Inpatient Unit,24,Female,Bsn,3.0 - 3.49,,,No,,No,,,,22484,Emory University,3.25
Emory University Hospital,2/26/17,59366,15607,,Ambulatory Setting,23,Female,Bsn,3.0 - 3.49,,,No,,Yes,8/3/19,,Relocating Out Of Area,22486,Emory University,3.25
Emory University Hospital,2/26/17,269208,15608,,Ambulatory Setting,22,Female,Bsn,3.0 - 3.49,,,No,,Yes,8/30/19,,Other/Unknown,22487,Emory University,3.25
Emory University Hospital,2/26/17,399297,15609,,Ambulatory Setting,32,Female,Accelerated Bsn,3.0 - 3.49,,,No,,No,,,,22488,Emory University,3.25
Emory University Hospital,2/26/17,701391,15610,,Ambulatory Setting,24,Female,Accelerated Bsn,3.5 And Above,,,No,,No,,,,22489,Emory University,3.75
Emory University Hospital,2/26/17,938203,15611,,Ambulatory Setting,39,Female,Bsn,3.5 And Above,,,No,,No,,,,22490,Emory University,3.75
Emory University Hospital,2/25/17,208367,15612,,Medical Icu Inpatient Unit,28,Female,Accelerated Bsn,3.5 And Above,,,No,,No,,,,22491,Emory University,3.75
Emory University Hospital,2/25/17,294575,15613,,Medical/Surgical Inpatient Unit,25,Female,Bsn,3.0 - 3.49,,,No,,No,,,,22492,Emory University,3.25
Emory University Hospital,2/25/17,301667,15614,,Cardiac/Heart/Vascular Critical Care,26,Female,Accelerated Bsn,3.0 - 3.49,,,No,,No,,,,22493,Emory University,3.25
Emory University Hospital,2/25/17,3455,15615,,Medical/Surgical Inpatient Unit,22,Female,Bsn,2.5 - 2.99,,,No,,No,,,,22494,Emory University,2.75
Emory University Hospital,2/25/17,455598,15617,,Oncology Inpatient Unit,27,Female,Accelerated Bsn,3.5 And Above,,,No,,No,,,,22496,Emory University,3.75
Emory University Hospital,2/25/17,462718,15618,,Surgical Icu Inpatient Unit,28,Female,Accelerated Bsn,3.5 And Above,,,No,,No,,,,22497,Emory University,3.75
Emory University Hospital,2/25/17,472756,15619,,Oncology Inpatient Unit,30,Female,Accelerated Bsn,3.5 And Above,,,No,,No,,,,22498,Emory University,3.75
Emory University Hospital,2/25/17,486555,15620,,Oncology Inpatient Unit,28,Female,Masters,3.5 And Above,,,No,,Yes,6/15/19,,Other/Unknown,22499,Emory University,3.75
Emory University Hospital,2/25/17,749150,15622,,Neurology/Neurosurgical Icu Inpatient Unit,24,Female,Bsn,3.5 And Above,,,No,,No,,,,22501,Emory University,3.75
Emory University Hospital,2/24/17,85953,15623,,General Medical Inpatient Unit,26,Female,Bsn,3.5 And Above,,,No,,No,,,,22502,Emory University,3.75
Emory University Hospital,2/24/17,679917,15624,,Oncology Inpatient Unit,24,Female,Bsn,3.0 - 3.49,,,No,,No,,,,22503,Emory University,3.25
Emory University Hospital,2/24/17,993178,15625,,Neurology/Neurosurgical Icu Inpatient Unit,44,Female,Bsn,3.5 And Above,,,No,,No,,,,22504,Emory University,3.75
Emory University Hospital,10/13/16,40915800,15626,,Cardiac/Heart/Vascular Critical Care,23,Male,Bsn,3.0 - 3.49,,,No,,No,,,,22505,Emory University,3.25
Emory University Hospital,10/13/16,1874007,15627,,General Surgical Inpatient Unit,22,Female,Bsn,2.5 - 2.99,,,No,,No,,,,22506,Emory University,2.75
Emory University Hospital,10/13/16,1936879,15628,,General Surgical Inpatient Unit,22,Female,Bsn,3.0 - 3.49,,,No,,No,,,,22507,Emory University,3.25
Emory University Hospital,10/13/16,1949774,15629,,Transplant Unit,22,Female,Bsn,3.5 And Above,,,No,,No,,,,22508,Emory University,3.75
Emory University Hospital,10/13/16,4986,15630,,General Surgical Inpatient Unit,22,Female,Bsn,3.0 - 3.49,,,No,,No,,,,22509,Emory University,3.25
Emory University Hospital,10/13/16,5196,15631,,Neurology/Neurosurgical Icu Inpatient Unit,37,Female,Bsn,3.0 - 3.49,,,No,,No,,,,22510,Emory University,3.25
Emory University Hospital,10/12/16,1991953,15632,,Other (Please Specify),23,Female,Bsn,3.0 - 3.49,,,No,,No,,,,22511,Emory University,3.25
Emory University Hospital,10/10/16,387591,15633,,Obstetrics/Labor & Delivery Inpatient Unit,34,Female,Bsn,3.0 - 3.49,,,No,,No,,,,22512,Emory University,3.25
Emory University Hospital,10/10/16,1843260,15634,,Cardiac/Heart/Vascular Critical Care,22,Female,Bsn,3.5 And Above,,,No,,No,,,,22513,Emory University,3.75
Emory University Hospital,10/10/16,2756,15636,,Neonatal Icu Inpatient Unit,22,Female,Bsn,3.0 - 3.49,,,No,,No,,,,22515,Emory University,3.25
Emory University Hospital,10/10/16,369575,15637,,Cardiac/Heart/Vascular Critical Care,22,Female,Bsn,3.0 - 3.49,,,No,,No,,,,22516,Emory University,3.25
Emory University Hospital,10/10/16,465373,15638,,Other (Please Specify),22,Female,Bsn,3.5 And Above,,,No,,No,,,,22517,Emory University,3.75
Emory University Hospital,10/10/16,728821,15639,,Other (Please Specify),23,Female,Bsn,3.5 And Above,,,No,,No,,,,22518,Emory University,3.75
Emory University Hospital,4/22/16,13501,15641,,Medical/Surgical Icu Inpatient Unit,23,Female,Bsn,3.0 - 3.49,,,No,,No,,,,22520,Emory University,3.25
Emory University Hospital,4/22/16,193680,15642,,General Medical Inpatient Unit,33,Female,Accelerated Bsn,3.5 And Above,,,No,,No,,,,22521,Emory University,3.75
Emory University Hospital,4/15/16,1908127,15643,,Emergency Department,28,Female,Accelerated Bsn,3.0 - 3.49,,,No,,No,,,,22522,Emory University,3.25
Emory University Hospital,4/12/16,694964,15644,,Medical/Surgical Icu Inpatient Unit,44,Female,Accelerated Bsn,3.5 And Above,,,No,,No,,,,22523,Emory University,3.75
Emory University Hospital,4/12/16,786343,15645,,Neonatal Icu Inpatient Unit,28,Female,Accelerated Bsn,3.0 - 3.49,,,No,,No,,,,22524,Emory University,3.25
Emory Saint Joseph’S Hospital,3/7/16,536066,15646,,Perioperative Or,35,Male,Bsn,3.5 And Above,,,No,,No,,,,22525,Emory University,3.75
Emory Saint Joseph’S Hospital,3/7/16,587738,15647,,Medical/Surgical Icu Inpatient Unit,38,Male,Bsn,3.5 And Above,,,No,,Yes,6/3/16,,Unsatisfactory Performance,22526,Emory University,3.75
Emory University Hospital,10/8/15,1503673,15648,,Medical/Surgical Icu Inpatient Unit,24,Female,Bsn,3.0 - 3.49,,,No,,No,,,,22527,Emory University,3.25
Emory University Hospital,10/8/15,2104849,15650,,Medical/Surgical Icu Inpatient Unit,22,Female,Bsn,3.0 - 3.49,,,No,,No,,,,22529,Emory University,3.25
Emory University Hospital,10/8/15,2104853,15651,,Medical/Surgical Icu Inpatient Unit,28,Female,Bsn,3.5 And Above,,,No,,No,,,,22530,Emory University,3.75
Emory University Hospital,10/8/15,2108827,15652,,Medical/Surgical Icu Inpatient Unit,26,Female,Bsn,3.5 And Above,,,No,,No,,,,22531,Emory University,3.75
Emory University Hospital,10/7/15,1691791,15654,,Oncology Inpatient Unit,23,Female,Bsn,3.5 And Above,,,No,,No,,,,22533,Emory University,3.75
Emory University Hospital,10/7/15,1791493,15655,,General Surgical Inpatient Unit,22,Female,Bsn,3.0 - 3.49,,,No,,No,,,,22534,Emory University,3.25
Emory University Hospital,10/7/15,1975637,15656,,Oncology Inpatient Unit,25,Female,Bsn,3.0 - 3.49,,,No,,No,,,,22535,Emory University,3.25
Emory University Hospital,10/7/15,250068,15657,,Transplant Unit,23,Female,Bsn,3.0 - 3.49,,,No,,No,,,,22536,Emory University,3.25
Emory University Hospital,10/7/15,250790,15658,,Oncology Inpatient Unit,23,Female,Bsn,3.5 And Above,,,No,,No,,,,22537,Emory University,3.75
Emory University Hospital,10/5/15,1270109,15659,,Medical/Surgical Icu Inpatient Unit,25,Female,Bsn,3.5 And Above,,,No,,No,,,,22538,Emory University,3.75
Emory University Hospital,10/5/15,1426956,15660,,Medical/Surgical Icu Inpatient Unit,25,Female,Bsn,3.5 And Above,,,No,,No,,,,22539,Emory University,3.75
Emory University Hospital,10/5/15,1826745,15661,,General Medical Inpatient Unit,22,Female,Bsn,3.0 - 3.49,,,No,,No,,,,22540,Emory University,3.25
Emory University Hospital,10/5/15,1835700,15662,,Neonatal Icu Inpatient Unit,22,Female,Bsn,3.5 And Above,,,No,,No,,,,22541,Emory University,3.75
Emory Saint Joseph’S Hospital,7/13/15,390409,15663,,Emergency Department,44,Female,Bsn,3.5 And Above,,,No,,No,,,,22542,Emory University,3.75
Emory University Hospital,3/2/15,122555,15664,,Medical/Surgical Icu Inpatient Unit,22,Female,Bsn,3.5 And Above,,,No,,No,,,,22543,Emory University,3.75
Emory Saint Joseph’S Hospital,3/2/15,178834601,15665,,Medical/Surgical Icu Inpatient Unit,23,Female,Bsn,3.0 - 3.49,,,No,,No,,,,22544,Emory University,3.25
Emory University Hospital,3/2/15,347889,15666,,Medical/Surgical Icu Inpatient Unit,23,Female,Bsn,3.0 - 3.49,,,No,,No,,,,22545,Emory University,3.25
Emory University Hospital,3/2/15,716054,15667,,Oncology Inpatient Unit,42,Female,Bsn,3.5 And Above,,,No,,No,,,,22546,Emory University,3.75
Emory University Hospital,2/16/15,2018337,15668,,Neonatal Icu Inpatient Unit,27,Female,Bsn,3.0 - 3.49,,,No,,No,,,,22547,Emory University,3.25
Emory University Hospital,9/12/14,401700,15670,,General Medical Inpatient Unit,36,Female,Bsn,3.0 - 3.49,,,No,,No,,,,22549,Emory University,3.25
Emory University Hospital,9/8/14,401505,15671,,General Medical Inpatient Unit,22,Female,Bsn,3.0 - 3.49,,,No,,No,,,,22550,Emory University,3.25
Emory University Hospital,9/8/14,406609,15672,,Oncology Inpatient Unit,26,Female,Bsn,3.5 And Above,,,No,,No,,,,22551,Emory University,3.75
Emory University Hospital,9/8/14,994028,15673,,Medical/Surgical Icu Inpatient Unit,26,Female,Bsn,3.0 - 3.49,,,No,,No,,,,22552,Emory University,3.25
Emory University Hospital,9/8/14,1435783,15674,,Medical/Surgical Icu Inpatient Unit,24,Female,Bsn,3.5 And Above,,,No,,No,,,,22553,Emory University,3.75
Emory University Hospital,9/8/14,1794449,15675,,Obstetrics/Labor & Delivery Inpatient Unit,22,Female,Bsn,3.5 And Above,,,No,,No,,,,22554,Emory University,3.75
Emory University Hospital,9/8/14,1803259,15676,,Oncology Inpatient Unit,22,Female,Bsn,3.5 And Above,,,No,,No,,,,22555,Emory University,3.75
Emory University Hospital,9/8/14,1936860,15678,,Perioperative Or,23,Female,Bsn,3.5 And Above,,,No,,No,,,,22557,Emory University,3.75
Emory University Hospital,9/8/14,2017742,15679,,Emergency Department,22,Female,Bsn,3.0 - 3.49,,,No,,No,,,,22558,Emory University,3.25
Emory University Hospital,9/8/14,4046609,15680,,Oncology Inpatient Unit,26,Female,Bsn,3.5 And Above,,,No,,No,,,,22559,Emory University,3.75
Emory University Hospital,8/25/14,1763715,15682,,Telemetry Unit,22,Female,Bsn,3.5 And Above,,,No,,No,,,,22561,Emory University,3.75
Emory University Hospital,8/25/14,1972199,15683,,Medical/Surgical Icu Inpatient Unit,33,Female,Bsn,3.5 And Above,,,No,,No,,,,22562,Emory University,3.75
Emory University Hospital,8/25/14,2011744,15684,,Medical/Surgical Icu Inpatient Unit,34,Female,Bsn,3.0 - 3.49,,,No,,No,,,,22563,Emory University,3.25
Emory University Hospital,8/25/14,2019824,15685,,Oncology Inpatient Unit,24,Female,Bsn,3.0 - 3.49,,,No,,No,,,,22564,Emory University,3.25
Emory University Hospital,8/11/14,1978146,15686,,General Surgical Inpatient Unit,44,Female,Bsn,3.5 And Above,,,No,,No,,,,22565,Emory University,3.75
Emory Saint Joseph’S Hospital,7/14/14,179338800,15687,,Emergency Department,22,Female,Bsn,3.5 And Above,,,No,,No,,,,22566,Emory University,3.75
Emory Saint Joseph’S Hospital,7/14/14,180001900,15688,,Medical/Surgical Inpatient Unit,21,Female,Bsn,3.5 And Above,,,No,,No,,,,22567,Emory University,3.75
Emory University Hospital,3/31/14,4115,15689,,Medical/Surgical Icu Inpatient Unit,35,Female,Bsn,3.5 And Above,,,No,,No,,,,22568,Emory University,3.75
Emory Saint Joseph’S Hospital,10/7/13,193782700,15690,,Medical/Surgical Inpatient Unit,29,Male,Bsn,3.0 - 3.49,,,No,,No,,,,22569,Emory University,3.25
Emory University Hospital,9/23/13,121601,15691,,General Medical Inpatient Unit,33,Female,Bsn,3.0 - 3.49,,,No,,No,,,,22570,Emory University,3.25
Emory University Hospital,9/16/13,1681887,15692,,General Surgical Inpatient Unit,23,Female,Bsn,3.5 And Above,,,No,,Yes,4/26/15,,Other/Unknown,22571,Emory University,3.75
Emory University Hospital,9/16/13,29038,15693,,Oncology Inpatient Unit,34,Female,Bsn,3.5 And Above,,,No,,No,,,,22572,Emory University,3.75
Emory University Hospital,9/9/13,9262,15694,,Obstetrics/Labor & Delivery Inpatient Unit,26,Female,Bsn,3.5 And Above,,,No,,No,,,,22573,Emory University,3.75
Emory University Hospital,9/5/13,3412,15695,,Telemetry Unit,22,Female,Bsn,3.0 - 3.49,,,No,,No,,,,22574,Emory University,3.25
Emory University Hospital,8/29/13,9742,15696,,General Surgical Inpatient Unit,22,Female,Bsn,3.0 - 3.49,,,No,,No,,,,22575,Emory University,3.25
Emory University Hospital,8/26/13,402519,15697,,Medical/Surgical Icu Inpatient Unit,22,Female,Bsn,3.5 And Above,,,No,,No,,,,22576,Emory University,3.75
Emory University Hospital,8/26/13,520,15698,,Medical/Surgical Icu Inpatient Unit,32,Female,Bsn,3.5 And Above,,,No,,No,,,,22577,Emory University,3.75
Emory University Hospital,8/26/13,2319,15699,,General Medical Inpatient Unit,22,Female,Bsn,3.5 And Above,,,No,,No,,,,22578,Emory University,3.75
Emory University Hospital,8/26/13,5085,15700,,Telemetry Unit,29,Female,Bsn,3.5 And Above,,,No,,No,,,,22579,Emory University,3.75
Emory University Hospital,8/26/13,5124,15701,,Emergency Department,23,Female,Bsn,3.0 - 3.49,,,No,,No,,,,22580,Emory University,3.25
Emory University Hospital,8/26/13,5154,15702,,Obstetrics/Labor & Delivery Inpatient Unit,22,Female,Bsn,3.5 And Above,,,No,,No,,,,22581,Emory University,3.75
Emory University Hospital,8/26/13,7676,15703,,Medical/Surgical Icu Inpatient Unit,23,Female,Bsn,3.0 - 3.49,,,No,,No,,,,22582,Emory University,3.25
Emory University Hospital,8/26/13,8299,15704,,Medical/Surgical Icu Inpatient Unit,24,Male,Bsn,3.5 And Above,,,No,,No,,,,22583,Emory University,3.75
Emory University Hospital,8/26/13,8876,15705,,Medical/Surgical Icu Inpatient Unit,22,Female,Bsn,3.5 And Above,,,No,,No,,,,22584,Emory University,3.75
Emory University Hospital,8/26/13,9024,15706,,Medical/Surgical Icu Inpatient Unit,22,Male,Bsn,3.0 - 3.49,,,No,,No,,,,22585,Emory University,3.25
Emory University Hospital,8/19/13,1909849,15707,,General Surgical Inpatient Unit,35,Female,Bsn,3.0 - 3.49,,,No,,No,,,,22586,Emory University,3.25
Emory University Hospital,8/19/13,3187,15708,,General Surgical Inpatient Unit,22,Female,Bsn,3.0 - 3.49,,,No,,No,,,,22587,Emory University,3.25
Emory University Hospital,8/19/13,7128,15709,,General Surgical Inpatient Unit,28,Female,Bsn,3.5 And Above,,,No,,No,,,,22588,Emory University,3.75
Emory University Hospital,8/19/13,9462,15710,,Neonatal Icu Inpatient Unit,35,Female,Bsn,3.5 And Above,,,No,,No,,,,22589,Emory University,3.75
Emory University Hospital,8/16/13,4886,15711,,Obstetrics/Labor & Delivery Inpatient Unit,23,Female,Bsn,3.0 - 3.49,,,No,,No,,,,22590,Emory University,3.25
Emory Saint Joseph’S Hospital,8/12/13,149487800,15712,,Medical/Surgical Icu Inpatient Unit,26,Male,Bsn,3.5 And Above,,,No,,Yes,7/1/15,,Unsatisfactory Performance,22591,Emory University,3.75
Emory Saint Joseph’S Hospital,8/12/13,182536900,15713,,Medical/Surgical Inpatient Unit,23,Female,Bsn,3.5 And Above,,,No,,No,,,,22592,Emory University,3.75
Emory Saint Joseph’S Hospital,8/12/13,183614100,15714,,Medical/Surgical Inpatient Unit,23,Female,Bsn,3.0 - 3.49,,,No,,Yes,9/30/15,,Relocating Out Of Area,22593,Emory University,3.25
Emory Saint Joseph’S Hospital,8/12/13,189974700,15715,,Emergency Department,23,Female,Bsn,3.5 And Above,,,No,,No,,,,22594,Emory University,3.75
Emory Saint Joseph’S Hospital,8/12/13,191301500,15716,,Medical/Surgical Inpatient Unit,24,Female,Bsn,3.5 And Above,,,No,,No,,,,22595,Emory University,3.75
Emory University Hospital,3/11/13,849,15717,,Medical/Surgical Icu Inpatient Unit,27,Female,Accelerated Bsn,3.5 And Above,,,No,,No,,,,22596,Emory University,3.75
Emory University Hospital,3/11/13,3700,15718,,General Medical Inpatient Unit,24,Female,Bsn,3.0 - 3.49,,,No,,No,,,,22597,Emory University,3.25
Emory University Hospital,3/11/13,4518,15719,,Medical/Surgical Icu Inpatient Unit,26,Female,Accelerated Bsn,3.0 - 3.49,,,No,,No,,,,22598,Emory University,3.25
Emory University Hospital,9/10/12,531,15720,,General Surgical Inpatient Unit,24,Female,Bsn,3.5 And Above,,,No,,No,,,,22599,Emory University,3.75
Emory University Hospital,9/10/12,574,15721,,General Surgical Inpatient Unit,49,Female,Bsn,3.5 And Above,,,No,,No,,,,22600,Emory University,3.75
Emory University Hospital,9/10/12,2171,15722,,Neonatal Icu Inpatient Unit,41,Female,Bsn,3.5 And Above,,,No,,No,,,,22601,Emory University,3.75
Emory University Hospital,9/10/12,3454,15723,,General Medical Inpatient Unit,32,Male,Bsn,3.5 And Above,,,No,,No,,,,22602,Emory University,3.75
Emory University Hospital,9/10/12,4412,15724,,General Medical Inpatient Unit,22,Female,Bsn,3.5 And Above,,,No,,No,,,,22603,Emory University,3.75
Emory University Hospital,9/10/12,7535,15725,,Oncology Inpatient Unit,29,Female,Bsn,3.5 And Above,,,No,,No,,,,22604,Emory University,3.75
Emory University Hospital,9/10/12,8186,15726,,Oncology Inpatient Unit,22,Female,Bsn,3.5 And Above,,,No,,No,,,,22605,Emory University,3.75
Emory University Hospital,9/10/12,8315,15727,,Emergency Department,47,Male,Bsn,3.5 And Above,,,No,,No,,,,22606,Emory University,3.75
Emory University Hospital,9/10/12,8806,15728,,Medical/Surgical Icu Inpatient Unit,24,Female,Bsn,3.0 - 3.49,,,No,,No,,,,22607,Emory University,3.25
Emory University Hospital,9/6/12,4053,15729,,General Surgical Inpatient Unit,22,Female,Bsn,3.5 And Above,,,No,,No,,,,22608,Emory University,3.75
Emory University Hospital,8/20/12,8761,15730,,Medical/Surgical Icu Inpatient Unit,21,Female,Bsn,3.5 And Above,,,No,,No,,,,22609,Emory University,3.75
Emory University Hospital,8/16/12,9596,15731,,Medical/Surgical Icu Inpatient Unit,33,Male,Bsn,3.5 And Above,,,No,,No,,,,22610,Emory University,3.75
Emory Saint Joseph’S Hospital,7/23/12,38501900,15732,,Medical/Surgical Inpatient Unit,24,Female,Bsn,3.0 - 3.49,,,No,,No,,,,22611,Emory University,3.25
Emory University Hospital,7/23/12,1089,15734,,General Surgical Inpatient Unit,24,Female,Bsn,3.0 - 3.49,,,No,,No,,,,22613,Emory University,3.25
Emory Saint Joseph’S Hospital,7/23/12,155989600,15735,,Medical/Surgical Inpatient Unit,22,Female,Bsn,3.0 - 3.49,,,No,,No,,,,22614,Emory University,3.25
Emory Saint Joseph’S Hospital,7/23/12,170580700,15736,,Medical/Surgical Icu Inpatient Unit,29,Female,Bsn,3.5 And Above,,,No,,Yes,7/1/14,,Relocating Out Of Area,22615,Emory University,3.75
Emory Saint Joseph’S Hospital,7/23/12,176999100,15737,,Medical/Surgical Inpatient Unit,28,Female,Bsn,3.5 And Above,,,No,,Yes,7/1/14,,Unhappy With Job/Facility,22616,Emory University,3.75
Emory Saint Joseph’S Hospital,7/23/12,180573000,15738,,Medical/Surgical Inpatient Unit,24,Female,Bsn,3.5 And Above,,,No,,Yes,7/1/15,,Unhappy With Job/Facility,22617,Emory University,3.75
Emory University Hospital,7/22/12,5633,15739,,Medical/Surgical Icu Inpatient Unit,24,Female,Bsn,3.5 And Above,,,No,,No,,,,22618,Emory University,3.75
Emory University Hospital,7/22/12,6680,15740,,Medical/Surgical Icu Inpatient Unit,25,Female,Bsn,3.0 - 3.49,,,No,,No,,,,22619,Emory University,3.25
Emory University Hospital,6/4/12,2746,15741,,Neonatal Icu Inpatient Unit,41,Female,Bsn,3.5 And Above,,,No,,No,,,,22620,Emory University,3.75
Emory University Hospital,10/20/11,172,15742,,Emergency Department,27,Male,Bsn,3.5 And Above,,,No,,No,,,,22621,Emory University,3.75
Emory University Hospital,10/20/11,732,15743,,Medical/Surgical Inpatient Unit,23,Female,Accelerated Bsn,3.5 And Above,,,No,,No,,,,22622,Emory University,3.75
Emory University Hospital,10/20/11,1063,15744,,Oncology Inpatient Unit,28,Female,Bsn,3.0 - 3.49,,,No,,Yes,9/1/12,,Did Not Return From Leave Of Absence,22623,Emory University,3.25
Emory University Hospital,10/20/11,1293,15745,,General Medical Inpatient Unit,27,Female,Bsn,3.5 And Above,,,No,,No,,,,22624,Emory University,3.75
Emory University Hospital,10/20/11,1520,15746,,Mother/Baby Unit,29,Female,Bsn,3.5 And Above,,,No,,No,,,,22625,Emory University,3.75
Emory University Hospital,10/20/11,2435,15747,,Medical/Surgical Inpatient Unit,36,Female,Bsn,3.0 - 3.49,,,No,,No,,,,22626,Emory University,3.25
Emory University Hospital,10/20/11,3555,15748,,Other (Please Specify),23,Female,Bsn,3.5 And Above,,,No,,No,,,,22627,Emory University,3.75
Emory University Hospital,10/20/11,4921,15750,,General Medical Inpatient Unit,30,Female,Bsn,3.5 And Above,,,No,,No,,,,22629,Emory University,3.75
Emory University Hospital,10/20/11,5188,15751,,Oncology Inpatient Unit,34,Female,Bsn,3.5 And Above,,,No,,No,,,,22630,Emory University,3.75
Emory University Hospital,10/20/11,5910,15752,,Medical/Surgical Inpatient Unit,34,Male,Bsn,3.5 And Above,,,No,,No,,,,22631,Emory University,3.75
Emory University Hospital,10/20/11,6040,15753,,Medical/Surgical Icu Inpatient Unit,31,Female,Bsn,3.5 And Above,,,No,,No,,,,22632,Emory University,3.75
Emory University Hospital,10/20/11,6338,15754,,Emergency Department,24,Male,Bsn,3.5 And Above,,,No,,No,,,,22633,Emory University,3.75
Emory University Hospital,10/20/11,6534,15755,,Medical/Surgical Icu Inpatient Unit,24,Female,Bsn,3.5 And Above,,,No,,No,,,,22634,Emory University,3.75
Emory University Hospital,10/20/11,7526,15756,,Medical/Surgical Icu Inpatient Unit,23,Female,Bsn,3.5 And Above,,,No,,Yes,1/1/13,,Relocating Out Of Area,22635,Emory University,3.75
Emory University Hospital,10/20/11,7798,15757,,Medical/Surgical Inpatient Unit,34,Female,Bsn,3.5 And Above,,,No,,Yes,3/1/12,,Unsatisfactory Performance,22636,Emory University,3.75
Emory University Hospital,10/20/11,8169,15758,,Medical/Surgical Icu Inpatient Unit,31,Female,Bsn,3.0 - 3.49,,,No,,No,,,,22637,Emory University,3.25
Emory University Hospital,10/20/11,8680,15759,,Oncology Inpatient Unit,22,Female,Bsn,3.5 And Above,,,No,,Yes,1/1/13,,Returning To School Full-Time,22638,Emory University,3.75
Emory University Hospital,10/20/11,9311,15760,,General Medical Inpatient Unit,22,Female,Bsn,3.5 And Above,,,No,,No,,,,22639,Emory University,3.75
Emory University Hospital,11/30/04,2487,15761,,,22,Female,Bsn,3.0 - 3.49,,,No,,No,,,,22640,Emory University,3.25
Emory University Hospital,11/30/04,519,15762,,,34,Female,Bsn,3.5 And Above,,,No,,No,,,,22641,Emory University,3.75
Emory University Hospital,11/30/04,5207,15763,,,24,Female,Bsn,3.0 - 3.49,,,No,,No,,,,22642,Emory University,3.25
Emory University Hospital,10/31/04,4340,15764,,,28,Female,Bsn,3.5 And Above,,,No,,No,,,,22643,Emory University,3.75
Emory University Hospital,10/31/04,8431,15765,,,21,Female,Bsn,3.5 And Above,,,No,,No,,,,22644,Emory University,3.75
Emory University Hospital,6/24/04,2559,15766,,,26,Female,Bsn,3.5 And Above,,,No,,No,,,,22645,Emory University,3.75
Emory University Hospital,6/24/04,5934,15767,,,27,Female,Bsn,3.5 And Above,,,No,,No,,,,22646,Emory University,3.75
Emory University Hospital,11/12/25,2663284,15769,11/17/25,Surgical Icu Inpatient Unit,32,Female,Masters,3.5 And Above,Full-Time,,No,,No,,,,22648,Emory University,3.75
Emory University Hospital,8/18/25,2481839,15774,9/22/25,Neurology Inpatient Unit,22,Female,Bsn,3.5 And Above,Full-Time,,No,,No,,,,22653,Emory University,3.75
Emory University Hospital,3/10/25,2603427,15776,3/3/25,Neurology Inpatient Unit,23,Female,Masters,3.5 And Above,Full-Time,,No,,No,,,,22655,Emory University,3.75
Emory Hillandale Hospital,3/22/22,2426632,15777,3/14/22,Emergency Department,23,Female,Masters,3.0 - 3.49,,,No,,Yes,10/13/22,0.583561644,Failed Nclex,22656,Emory University,3.25
Emory Saint Joseph’S Hospital,2/22/24,420029,15778,2/18/24,Medical/Surgical Icu Inpatient Unit,30,Female,Accelerated Bsn,3.5 And Above,Full-Time,,No,,No,,,,22657,Emory University,3.75
Emory Decatur Hospital,3/28/23,2306611,15779,4/24/23,Mother/Baby Unit,24,Female,Bsn,3.0 - 3.49,Full-Time,,No,,No,,,,22658,Emory University,3.25
Emory University Hospital,10/14/22,2501522,15780,10/17/22,Cardiac/Heart/Vascular Critical Care,25,Female,Masters,3.5 And Above,Full-Time,,No,,Yes,11/24/23,1.104109589,Family Obligations (Family/Friend Caregiving Responsibility),22659,Emory University,3.75
Emory Decatur Hospital,8/2/22,2323538,15781,8/1/22,Psychiatric Inpatient Unit,22,Female,Bsn,3.5 And Above,,,No,,Yes,6/20/23,0.884931507,Relocating Out Of Area,22660,Emory University,3.75
Emory Hillandale Hospital,10/11/22,2480198,15782,9/18/22,Emergency Department,30,Female,Masters,3.5 And Above,,,No,,No,,,,22661,Emory University,3.75
Emory Decatur Hospital,8/2/22,2325417,15783,7/25/22,Emergency Department,21,Female,Bsn,3.0 - 3.49,,,No,,Yes,2/14/24,1.55890411,Relocating Out Of Area,22662,Emory University,3.25
Emory Decatur Hospital,8/2/22,2331931,15784,7/25/22,Neonatal Icu Inpatient Unit,22,Female,Bsn,3.5 And Above,,,No,,No,,,,22663,Emory University,3.75
Emory University Hospital,7/4/20,2373684,15785,7/30/20,Orthopedic Inpatient Unit,36,Female,Accelerated Bsn,3.5 And Above,,,No,,Yes,6/12/21,0.868493151,Relocating Out Of Area,22664,Emory University,3.75
Emory University Hospital,7/4/20,2374754,15786,7/30/20,Medical/Surgical Intermediate Unit,24,Male,Bsn,3.5 And Above,,,No,,Yes,6/26/21,0.906849315,Family Obligations (Family/Friend Caregiving Responsibility),22665,Emory University,3.75
Emory Decatur Hospital,10/12/21,2284935,15787,10/4/21,Mother/Baby Unit,23,Female,Bsn,3.5 And Above,,,No,,No,,,,22666,Emory University,3.75
Emory Decatur Hospital,10/12/21,2425338,15788,10/4/21,Oncology Inpatient Unit,24,Male,Accelerated Bsn,3.5 And Above,,,No,,Yes,1/6/24,2.257534247,Relocating Out Of Area,22667,Emory University,3.75
Emory University Hospital Midtown,8/26/21,2303100,15789,8/9/21,Neurology/Neurosurgical Icu Inpatient Unit,22,Female,Bsn,3.5 And Above,,,No,,No,,,,22668,Emory University,3.75
Emory Decatur Hospital,7/4/21,2423467,15790,9/20/21,Telemetry Unit,25,Female,Bsn,3.5 And Above,,,No,,Yes,3/11/24,2.473972603,Family Obligations (Family/Friend Caregiving Responsibility),22669,Emory University,3.75
Emory Decatur Hospital,10/12/21,2276463,15791,10/4/21,Mother/Baby Unit,37,Female,Accelerated Bsn,3.5 And Above,,,No,,Yes,11/11/21,0.104109589,Family Obligations (Family/Friend Caregiving Responsibility),22670,Emory University,3.75
Emory University Hospital,9/18/20,2370945,15792,9/7/20,Emergency Department,24,Female,Accelerated Bsn,3.5 And Above,,,No,,No,,,,22671,Emory University,3.75
Emory University Hospital,7/30/20,2197462,15793,6/2/20,Emergency Department,22,Female,Bsn,3.5 And Above,,,No,,No,,,,22672,Emory University,3.75
Emory University Hospital,7/30/20,2251580,15794,7/27/20,Cardiac/Heart/Vascular Critical Care,22,Male,Bsn,3.5 And Above,,,No,,No,,,,22673,Emory University,3.75
Emory University Hospital,7/4/20,1713554,15795,7/30/20,Oncology Inpatient Unit,29,Female,Bsn,3.5 And Above,,,No,,Yes,4/27/23,2.742465753,Family Obligations (Family/Friend Caregiving Responsibility),22674,Emory University,3.75
Emory University Hospital,7/4/20,2381875,15796,7/30/20,Orthopedic Inpatient Unit,24,Female,Accelerated Bsn,3.5 And Above,,,No,,Yes,1/23/22,1.484931507,Travel Nurse,22675,Emory University,3.75
Emory University Hospital,5/1/20,2141113,15797,3/2/20,General Medical Inpatient Unit,24,Female,Accelerated Bsn,3.5 And Above,,,No,,No,,,,22676,Emory University,3.75
Emory University Hospital,5/1/20,2269084,15798,3/2/20,General Medical Inpatient Unit,29,Male,Bsn,3.5 And Above,,,No,,No,,,,22677,Emory University,3.75
Emory University Hospital,3/30/20,2140875,15799,3/30/20,Oncology Inpatient Unit,23,Female,Accelerated Bsn,3.5 And Above,,,No,,No,,,,22678,Emory University,3.75
Emory University Hospital,3/30/20,2297082,15800,3/2/20,Orthopedic Inpatient Unit,25,Female,Accelerated Bsn,3.5 And Above,,,No,,No,,,,22679,Emory University,3.75
Emory University Hospital,3/30/20,2314675,15801,3/2/20,General Medical Inpatient Unit,27,Female,Accelerated Bsn,3.5 And Above,,,No,,Yes,4/9/22,2.104109589,Relocating Out Of Area,22680,Emory University,3.75
Emory University Hospital,3/30/20,2319670,15802,3/2/20,Oncology Inpatient Unit,24,Female,Accelerated Bsn,3.5 And Above,,,No,,Yes,5/15/22,2.202739726,Relocating Out Of Area,22681,Emory University,3.75
Emory University Hospital,3/30/20,2326604,15803,3/2/20,Medical/Surgical Intermediate Unit,28,Female,Accelerated Bsn,3.5 And Above,Full-Time,,No,,No,,,,22682,Emory University,3.75
Emory University Hospital,3/30/20,2338690,15804,3/9/20,Neurology/Neurosurgical Icu Inpatient Unit,25,Male,Bsn,3.5 And Above,,,No,,No,,,,22683,Emory University,3.75
Emory University Hospital,3/30/20,2362103,15805,2/24/20,Emergency Department,24,Female,Accelerated Bsn,3.5 And Above,,,No,,Yes,3/11/22,2.043835616,Travel Nurse,22684,Emory University,3.75
Emory University Hospital,3/30/20,2369498,15806,2/10/20,General Surgical Inpatient Unit,48,Female,Bsn,3.5 And Above,,,No,,No,,,,22685,Emory University,3.75
Emory University Hospital Midtown,10/24/25,460109,15807,10/13/25,Orthopedic Inpatient Unit,25,Female,Masters,3.5 And Above,Full-Time,,No,,No,,,,22686,Emory University,3.75
Emory Johns Creek Hospital,10/2/25,2485518,15817,11/24/25,General Medical Inpatient Unit,22,Female,Bsn,3.5 And Above,Full-Time,,No,,No,,,,22696,Emory University,3.75
Emory Saint Joseph’S Hospital,10/2/25,2666368,15821,11/3/25,Telemetry Unit,21,Female,Masters,3.5 And Above,Full-Time,,No,,No,,,,22700,Emory University,3.75
Emory Johns Creek Hospital,10/2/25,2689969,15822,11/17/25,Emergency Department,25,Female,Masters,3.5 And Above,Full-Time,,No,,No,,,,22701,Emory University,3.75
Emory Saint Joseph’S Hospital,7/10/25,2485609,15827,7/7/25,Cardiac/Heart/Vascular Critical Care,21,Female,Bsn,3.5 And Above,Full-Time,,No,,No,,,,22706,Emory University,3.75
Emory Saint Joseph’S Hospital,7/10/25,2487217,15828,7/21/25,Neurology Inpatient Unit,22,Female,Bsn,3.5 And Above,Full-Time,,No,,No,,,,22707,Emory University,3.75
Emory Saint Joseph’S Hospital,7/10/25,2487401,15829,7/14/25,Medical/Surgical Inpatient Unit,22,Female,Bsn,3.5 And Above,Full-Time,,No,,No,,,,22708,Emory University,3.75
Emory Saint Joseph’S Hospital,10/2/24,2124235,15833,10/21/24,Medical/Surgical Inpatient Unit,28,Female,Masters,3.5 And Above,Full-Time,,No,,No,,,,22712,Emory University,3.75
Emory Saint Joseph’S Hospital,10/2/24,2602819,15834,9/30/24,Telemetry Unit,28,Female,Masters,3.5 And Above,Full-Time,,No,,No,,,,22713,Emory University,3.75
Emory Saint Joseph’S Hospital,10/2/24,2603485,15835,10/7/24,Medical/Surgical Intermediate Unit,25,Female,Masters,3.5 And Above,Full-Time,,No,,No,,,,22714,Emory University,3.75
Emory Saint Joseph’S Hospital,7/12/24,450827,15836,7/21/24,Medical/Surgical Icu Inpatient Unit,25,Female,Masters,3.5 And Above,Full-Time,,No,,No,,,,22715,Emory University,3.75
Emory Johns Creek Hospital,7/12/24,2395451,15837,8/4/24,Medical/Surgical Inpatient Unit,29,Male,Masters,3.5 And Above,Full-Time,,No,,Yes,8/6/25,1.005479452,Other/Unknown,22716,Emory University,3.75
Emory Saint Joseph’S Hospital,7/12/24,2602456,15838,8/5/24,Medical/Surgical Inpatient Unit,25,Female,Masters,3.5 And Above,Full-Time,,No,,No,,,,22717,Emory University,3.75
Emory Johns Creek Hospital,7/12/24,74691,15839,6/24/24,Obstetrics/Labor & Delivery Inpatient Unit,40,Female,Masters,3.5 And Above,Full-Time,,No,,Yes,10/11/24,0.298630137,Personal Reasons,22718,Emory University,3.75
Emory Saint Joseph’S Hospital,10/2/24,2618815,15840,9/29/24,Emergency Department,25,Female,Masters,3.5 And Above,Full-Time,,No,,Yes,12/4/24,0.180821918,Relocating Out Of Area,22719,Emory University,3.75
Emory Hillandale Hospital,8/22/24,2187790,15841,8/26/24,Medical/Surgical Inpatient Unit,34,Female,Masters,3.5 And Above,Full-Time,,No,,No,,,,22720,Emory University,3.75
Emory Decatur Hospital,8/28/25,2492323,15844,8/11/25,Oncology Inpatient Unit,22,Female,Bsn,3.5 And Above,Full-Time,,No,,No,,,,22723,Emory University,3.75
Emory University Hospital,8/18/25,2486683,15846,7/28/25,Medical/Surgical Intermediate Unit,22,Female,Bsn,3.0 - 3.49,Full-Time,,No,,No,,,,22725,Emory University,3.25
Emory University Hospital,4/23/25,455803,15848,4/7/25,Cardiac/Heart/Vascular Critical Care,23,Female,Masters,3.0 - 3.49,Full-Time,,No,,No,,,,22727,Emory University,3.25
Emory University Hospital,4/23/25,2643217,15853,3/3/25,Surgical Icu Inpatient Unit,23,Female,Masters,3.5 And Above,Full-Time,,No,,No,,,,22732,Emory University,3.75
Emory University Hospital,4/23/25,2643218,15854,3/3/25,Surgical Icu Inpatient Unit,23,Female,Masters,3.5 And Above,Full-Time,,No,,No,,,,22733,Emory University,3.75
Emory University Hospital,4/23/25,2657326,15856,3/31/25,Cardiac/Heart/Vascular Critical Care,30,Male,Masters,3.5 And Above,Full-Time,,No,,No,,,,22735,Emory University,3.75
Emory University Hospital Midtown,4/4/25,2480056,15857,4/21/25,Obstetrics/Labor & Delivery Inpatient Unit,31,Female,Accelerated Bsn,3.5 And Above,Full-Time,,No,,No,,,,22736,Emory University,3.75
Emory University Hospital Midtown,4/4/25,2619076,15864,3/3/25,Emergency Department,23,Female,Masters,3.0 - 3.49,Full-Time,,No,,No,,,,22743,Emory University,3.25
Emory Decatur Hospital,4/1/25,2602441,15871,3/24/25,Obstetrics/Labor & Delivery Inpatient Unit,30,Female,Masters,3.0 - 3.49,Full-Time,,No,,No,,,,22750,Emory University,3.25
Emory Decatur Hospital,4/1/25,2603237,15872,3/17/25,Neonatal Icu Inpatient Unit,31,Female,Masters,3.5 And Above,Full-Time,,No,,No,,,,22751,Emory University,3.75
Emory University Hospital,2/17/25,2645025,15876,2/17/25,Perioperative Or,24,Female,Masters,3.5 And Above,Full-Time,,No,,Yes,9/23/25,0.597260274,Unhappy With Job/Facility,22755,Emory University,3.75
Emory University Hospital,11/13/24,2475832,15878,10/28/24,Neurology/Neurosurgical Icu Inpatient Unit,26,Female,Masters,3.5 And Above,Full-Time,,No,,No,,,,22757,Emory University,3.75
Emory University Hospital,11/13/24,2480917,15879,10/21/24,Cardiac/Heart/Vascular Critical Care,24,Female,Masters,3.5 And Above,Full-Time,,No,,No,,,,22758,Emory University,3.75
Emory University Hospital,11/13/24,2543152,15880,10/15/24,Cardiac/Heart/Vascular Critical Care,26,Female,Masters,3.5 And Above,Full-Time,,No,,No,,,,22759,Emory University,3.75
Emory University Hospital,11/13/24,2559078,15881,10/21/24,Surgical Icu Inpatient Unit,22,Male,Bsn,3.5 And Above,Full-Time,,No,,No,,,,22760,Emory University,3.75
Emory University Hospital,11/13/24,2601762,15882,10/21/24,Cardiac/Heart/Vascular Critical Care,25,Female,Masters,3.5 And Above,Full-Time,,No,,No,,,,22761,Emory University,3.75
Emory Decatur Hospital,11/12/24,2427070,15883,11/4/24,Obstetrics/Labor & Delivery Inpatient Unit,26,Female,Masters,3.0 - 3.49,Full-Time,,No,,No,,,,22762,Emory University,3.25
Emory Decatur Hospital,11/12/24,2602663,15884,11/4/24,Medical/Surgical Icu Inpatient Unit,31,Female,Masters,3.5 And Above,Full-Time,,No,,No,,,,22763,Emory University,3.75
Emory Decatur Hospital,11/12/24,2603323,15885,11/4/24,Obstetrics/Labor & Delivery Inpatient Unit,24,Female,Masters,3.0 - 3.49,Full-Time,,No,,No,,,,22764,Emory University,3.25
Emory Decatur Hospital,11/12/24,2622549,15886,11/4/24,Medical/Surgical Icu Inpatient Unit,25,Female,Masters,3.5 And Above,Full-Time,,No,,No,,,,22765,Emory University,3.75
Emory University Hospital,10/28/24,416035,15887,10/15/24,Oncology Inpatient Unit,43,Female,Masters,3.0 - 3.49,Full-Time,,No,,No,,,,22766,Emory University,3.25
Emory University Hospital,10/28/24,2601474,15888,10/21/24,Emergency Department,31,Female,Masters,3.0 - 3.49,Full-Time,,No,,No,,,,22767,Emory University,3.25
Emory University Hospital Midtown,10/28/24,2603172,15889,10/21/24,Oncology Inpatient Unit,25,Female,Masters,3.5 And Above,Full-Time,,No,,No,,,,22768,Emory University,3.75
Emory University Hospital Midtown,10/25/24,1824762,15890,12/9/24,Medical/Surgical Inpatient Unit,55,Female,Masters,3.5 And Above,Full-Time,,No,,No,,,,22769,Emory University,3.75
Emory University Hospital Midtown,10/25/24,2378742,15891,10/28/24,Cardiac/Heart/Vascular Critical Care,23,Female,Bsn,3.5 And Above,Full-Time,,No,,No,,,,22770,Emory University,3.75
Emory University Hospital Midtown,10/25/24,2601187,15892,9/16/24,Mother/Baby Unit,24,Female,Masters,3.5 And Above,Full-Time,,No,,No,,,,22771,Emory University,3.75
Emory University Hospital Midtown,10/25/24,2603286,15893,10/14/24,Emergency Department,22,Female,Masters,3.5 And Above,Full-Time,,No,,No,,,,22772,Emory University,3.75
Emory University Hospital Midtown,10/25/24,2624382,15894,10/14/24,Emergency Department,24,Female,Masters,3.5 And Above,Full-Time,,No,,No,,,,22773,Emory University,3.75
Emory University Hospital,8/22/24,2404811,15895,8/5/24,Oncology Inpatient Unit,25,Female,Bsn,3.5 And Above,Full-Time,,No,,No,,,,22774,Emory University,3.75
Emory University Hospital Midtown,8/22/24,2456293,15896,8/5/24,Oncology Inpatient Unit,21,Female,Bsn,3.5 And Above,Full-Time,,No,,No,,,,22775,Emory University,3.75
Emory University Hospital,8/22/24,2601366,15897,8/5/24,Oncology Inpatient Unit,25,Female,Masters,3.5 And Above,Full-Time,,No,,No,,,,22776,Emory University,3.75
Emory University Hospital,8/22/24,2602442,15898,8/12/24,Oncology Inpatient Unit,27,Female,Accelerated Bsn,3.5 And Above,Full-Time,,No,,No,,,,22777,Emory University,3.75
Emory Decatur Hospital,8/22/24,2602814,15899,8/5/24,Oncology Inpatient Unit,28,Female,Masters,3.5 And Above,Full-Time,,No,,No,,,,22778,Emory University,3.75
Emory University Hospital,8/21/24,2063788,15900,7/21/24,Neurology/Neurosurgical Icu Inpatient Unit,28,Male,Masters,3.5 And Above,Full-Time,,No,,No,,,,22779,Emory University,3.75
Emory University Hospital,8/21/24,2250508,15901,7/29/24,Neurology/Neurosurgical Icu Inpatient Unit,25,Female,Masters,3.5 And Above,Full-Time,,No,,No,,,,22780,Emory University,3.75
Emory University Hospital,8/21/24,2308361,15902,7/29/24,Cardiac/Heart/Vascular Critical Care,25,Female,Masters,3.0 - 3.49,Full-Time,,No,,No,,,,22781,Emory University,3.25
Emory University Hospital,8/21/24,2433630,15903,7/29/24,Cardiac/Heart/Vascular Critical Care,22,Female,Bsn,3.5 And Above,Full-Time,,No,,No,,,,22782,Emory University,3.75
Emory University Hospital,8/21/24,2543660,15904,7/22/24,Medical Icu Inpatient Unit,22,Female,Bsn,3.5 And Above,Full-Time,,No,,No,,,,22783,Emory University,3.75
Emory University Hospital,8/21/24,2590182,15905,7/22/24,Neurology/Neurosurgical Icu Inpatient Unit,24,Female,Masters,3.5 And Above,Full-Time,,No,,No,,,,22784,Emory University,3.75
Emory University Hospital,8/21/24,2590581,15906,7/29/24,Neurology/Neurosurgical Icu Inpatient Unit,23,Female,Masters,3.5 And Above,Full-Time,,No,,No,,,,22785,Emory University,3.75
Emory University Hospital,8/21/24,2601006,15907,8/5/24,Cardiac/Heart/Vascular Critical Care,24,Non-binary or gender fluid,Masters,3.5 And Above,Full-Time,,No,,No,,,,22786,Emory University,3.75
Emory University Hospital,8/21/24,2601220,15908,8/5/24,Neurology/Neurosurgical Icu Inpatient Unit,38,Female,Masters,3.5 And Above,Full-Time,,No,,No,,,,22787,Emory University,3.75
Emory University Hospital,8/21/24,2601916,15909,7/29/24,Emergency Department,24,Female,Masters,3.5 And Above,Full-Time,,No,,No,,,,22788,Emory University,3.75
Emory University Hospital,8/21/24,2602790,15910,7/22/24,Cardiac/Heart/Vascular Critical Care,25,Male,Masters,3.5 And Above,Full-Time,,No,,No,,,,22789,Emory University,3.75
Emory Decatur Hospital,8/20/24,2386137,15911,8/20/24,Medical/Surgical Icu Inpatient Unit,23,Female,Bsn,3.5 And Above,Full-Time,,No,,No,,,,22790,Emory University,3.75
Emory Decatur Hospital,8/20/24,2435357,15912,8/19/24,Medical/Surgical Icu Inpatient Unit,22,Female,Bsn,3.5 And Above,Full-Time,,No,,No,,,,22791,Emory University,3.75
Emory Decatur Hospital,8/20/24,2600915,15913,8/12/24,Medical/Surgical Icu Inpatient Unit,27,Female,Masters,3.5 And Above,Full-Time,,No,,No,,,,22792,Emory University,3.75
Emory Decatur Hospital,8/20/24,2601312,15914,8/12/24,Neonatal Icu Inpatient Unit,25,Female,Masters,3.5 And Above,Full-Time,,No,,No,,,,22793,Emory University,3.75
Emory Decatur Hospital,8/20/24,2602560,15915,8/12/24,Observation Unit,32,Female,Masters,3.5 And Above,Full-Time,,No,,No,,,,22794,Emory University,3.75
Emory Decatur Hospital,8/20/24,2602672,15916,8/12/24,Mother/Baby Unit,26,Female,Masters,3.5 And Above,Full-Time,,No,,No,,,,22795,Emory University,3.75
Emory University Hospital Midtown,8/9/24,2428390,15917,8/5/24,Cardiac/Heart/Vascular Critical Care,20,Female,Bsn,3.5 And Above,Full-Time,,No,,No,,,,22796,Emory University,3.75
Emory University Hospital Midtown,8/9/24,2484952,15918,8/5/24,Medical/Surgical Inpatient Unit,35,Female,Masters,3.5 And Above,Full-Time,,No,,No,,,,22797,Emory University,3.75
Emory University Hospital Midtown,8/9/24,2485466,15919,7/22/24,Perioperative Or,20,Female,Bsn,3.5 And Above,Full-Time,,No,,No,,,,22798,Emory University,3.75
Emory University Hospital Midtown,8/9/24,2524544,15920,8/19/24,Neonatal Icu Inpatient Unit,29,Female,Masters,3.0 - 3.49,Full-Time,,No,,No,,,,22799,Emory University,3.25
Emory University Hospital Midtown,8/9/24,2543125,15921,8/5/24,General Medical Inpatient Unit,27,Female,Masters,3.5 And Above,Full-Time,,No,,No,,,,22800,Emory University,3.75
Emory University Hospital Midtown,8/9/24,2543321,15922,8/12/24,Neurology/Neurosurgical Icu Inpatient Unit,24,Female,Masters,3.5 And Above,Full-Time,,No,,No,,,,22801,Emory University,3.75
Emory University Hospital Midtown,8/9/24,2598136,15923,7/15/24,Cardiac/Heart/Vascular Critical Care,28,Female,Masters,3.5 And Above,Full-Time,,No,,No,,,,22802,Emory University,3.75
Emory University Hospital Midtown,8/9/24,2600749,15924,8/5/24,General Medical Inpatient Unit,23,Female,Masters,3.5 And Above,Full-Time,,No,,No,,,,22803,Emory University,3.75
Emory University Hospital Midtown,8/9/24,2603048,15925,7/22/24,Perioperative Or,28,Female,Masters,3.5 And Above,Full-Time,,No,,No,,,,22804,Emory University,3.75
Emory University Hospital,8/5/24,2429274,15926,7/29/24,Emergency Department,22,Female,Bsn,3.5 And Above,Full-Time,,No,,No,,,,22805,Emory University,3.75
Emory University Hospital,8/5/24,2480036,15927,7/29/24,General Medical Inpatient Unit,41,Female,Masters,3.5 And Above,Full-Time,,No,,No,,,,22806,Emory University,3.75
Emory University Hospital,8/5/24,2595660,15928,7/29/24,Telemetry Unit,51,Female,Masters,3.5 And Above,Full-Time,,No,,No,,,,22807,Emory University,3.75
Emory Saint Joseph’S Hospital,7/12/24,440238,15929,7/7/24,Cardiac/Heart/Vascular Critical Care,24,Female,Accelerated Bsn,3.5 And Above,Full-Time,,No,,No,,,,22808,Emory University,3.75
Emory Saint Joseph’S Hospital,7/12/24,441567,15930,7/7/24,Cardiac/Heart/Vascular Critical Care,24,Female,Accelerated Bsn,3.0 - 3.49,Full-Time,,No,,No,,,,22809,Emory University,3.25
Emory Johns Creek Hospital,7/12/24,2601491,15931,6/23/24,Medical/Surgical Icu Inpatient Unit,23,Female,Masters,3.5 And Above,Full-Time,,No,,No,,,,22810,Emory University,3.75
Emory University Hospital,8/21/24,2598937,15934,7/29/24,Neurology/Neurosurgical Icu Inpatient Unit,25,Female,Bsn,3.5 And Above,Full-Time,,No,,Yes,9/7/24,0.109589041,Other/Unknown,22813,Emory University,3.75
Emory University Hospital,8/21/24,2099782,15935,8/10/24,Cardiac/Heart/Vascular Critical Care,28,Male,Masters,3.0 - 3.49,Full-Time,,No,,Yes,8/1/25,0.975342466,Relocating Out Of Area,22814,Emory University,3.25
Emory University Hospital Midtown,8/9/24,2595541,15936,8/12/24,Emergency Department,23,Female,Masters,3.5 And Above,Full-Time,,No,,Yes,3/25/25,0.616438356,Unsatisfactory Performance,22815,Emory University,3.75
Emory University Hospital,8/5/24,2430433,15937,8/19/24,Medical/Surgical Intermediate Unit,22,Female,Bsn,3.5 And Above,Full-Time,,No,,Yes,7/3/25,0.871232877,Obtained Position Representing A Different Job Experience,22816,Emory University,3.75
Emory University Hospital,11/13/24,2622581,15938,10/28/24,Emergency Department,22,Female,Masters,3.5 And Above,Full-Time,,No,,Yes,10/8/25,0.94520548,Unsatisfactory Performance,22817,Emory University,3.75
Emory Decatur Hospital,11/12/24,401443,15939,11/4/24,Emergency Department,34,Female,Masters,3.0 - 3.49,Full-Time,,No,,Yes,6/13/25,0.605479452,Unsatisfactory Performance,22818,Emory University,3.25
Emory University Hospital,7/17/17,2167847,15940,,Mother/Baby Unit,40,Female,Bsn,3.0 - 3.49,,,No,,No,,,,22819,Emory University,3.25
Emory University Hospital,8/20/25,452360,16227,7/21/25,Surgical Icu Inpatient Unit,24,Female,Bsn,3.5 And Above,Full-Time,,No,,No,,,,23106,Georgia College And State University,3.75
Emory University Hospital,2/25/17,315622,16238,,Neurology/Neurosurgical Icu Inpatient Unit,23,Female,Bsn,3.0 - 3.49,,,No,,No,,,,23117,Georgia College And State University,3.25
Emory University Hospital,2/24/17,126442,16239,,General Medical Inpatient Unit,22,Female,Bsn,3.0 - 3.49,,,No,,No,,,,23118,Georgia College And State University,3.25
Emory University Hospital,10/13/16,415471,16240,,Neurology/Neurosurgical Icu Inpatient Unit,23,Female,Bsn,3.0 - 3.49,,,No,,No,,,,23119,Georgia College And State University,3.25
Emory University Hospital,10/13/16,415481,16241,,General Surgical Inpatient Unit,22,Female,Bsn,3.0 - 3.49,,,No,,No,,,,23120,Georgia College And State University,3.25
Emory University Hospital,10/10/16,415911,16242,,Newborn Nursery,23,Female,Bsn,3.0 - 3.49,,,No,,No,,,,23121,Georgia College And State University,3.25
Emory University Hospital,9/8/14,406590,16243,,General Medical Inpatient Unit,24,Male,Bsn,3.0 - 3.49,,,No,,No,,,,23122,Georgia College And State University,3.25
Emory University Hospital,3/17/14,10444600,16244,,General Surgical Inpatient Unit,24,Female,Bsn,3.0 - 3.49,,,No,,No,,,,23123,Georgia College And State University,3.25
Emory University Hospital,8/19/13,1048,16245,,Oncology Inpatient Unit,25,Female,Bsn,3.5 And Above,,,No,,No,,,,23124,Georgia College And State University,3.75
Emory Saint Joseph’S Hospital,3/29/10,1337,16246,,Other (Please Specify),23,Female,Bsn,3.0 - 3.49,,,No,,No,,,,23125,Georgia College And State University,3.25
Emory Saint Joseph’S Hospital,3/29/10,4185,16247,,Other (Please Specify),22,Female,Bsn,3.0 - 3.49,,,No,,No,,,,23126,Georgia College And State University,3.25
Emory Saint Joseph’S Hospital,8/16/09,7154,16248,,Other (Please Specify),22,Female,Bsn,3.0 - 3.49,,,No,,No,,,,23127,Georgia College And State University,3.25
Emory Saint Joseph’S Hospital,2/20/17,898254,16253,2/20/17,Cardiac/Heart/Vascular Critical Care,38,Female,Bsn,3.5 And Above,Full-Time,,No,,No,,,,23132,Georgia Gwinnett College,3.75
Emory Saint Joseph’S Hospital,2/17/25,476883,16258,3/3/25,Oncology Inpatient Unit,29,Female,Bsn,3.0 - 3.49,Full-Time,,No,,No,,,,23137,Georgia Gwinnett College,3.25
Emory Saint Joseph’S Hospital,10/28/24,2480274,16259,11/4/24,Perioperative Or,29,Male,Bsn,3.5 And Above,Full-Time,,No,,No,,,,23138,Georgia Gwinnett College,3.75
The Emory Clinic,8/22/24,410832,16260,7/8/24,Ambulatory Setting,32,Female,Bsn,3.5 And Above,Full-Time,,No,,No,,,,23139,Georgia Gwinnett College,3.75
Emory Johns Creek Hospital,7/12/24,468339,16261,6/23/24,Emergency Department,25,Female,Bsn,3.5 And Above,Full-Time,,No,,No,,,,23140,Georgia Gwinnett College,3.75
Emory Decatur Hospital,3/26/24,468719,16262,3/18/24,Medical/Surgical Icu Inpatient Unit,29,Male,Bsn,3.0 - 3.49,Full-Time,,No,,Yes,3/28/25,1.02739726,Other/Unknown,23141,Georgia Gwinnett College,3.25
Emory University Hospital,3/11/24,468867,16263,3/4/24,General Medical Inpatient Unit,26,Male,Bsn,3.5 And Above,Full-Time,,No,,No,,,,10082,Georgia Gwinnett College,3.75
Emory Johns Creek Hospital,7/12/21,447725,16264,7/12/21,General Surgical Inpatient Unit,25,Female,Bsn,3.0 - 3.49,Full-Time,,No,,Yes,5/31/22,0.884931507,Returning To School Full-Time,23142,Georgia Gwinnett College,3.25
Emory Decatur Hospital,8/2/22,456230,16265,7/25/22,Rehabilitation Inpatient Unit,23,Female,Bsn,3.5 And Above,,,No,,No,,,,23143,Georgia Gwinnett College,3.75
Emory Johns Creek Hospital,7/18/22,452944,16266,2/21/22,Oncology Inpatient Unit,34,Female,Bsn,2.5 - 2.99,,,No,,No,,,,23144,Georgia Gwinnett College,2.75
Emory University Hospital At Wesley Woods,3/18/22,453108,16267,3/21/22,Psychiatric Inpatient Unit,28,Male,Bsn,3.5 And Above,,,No,,No,,,,23145,Georgia Gwinnett College,3.75
Emory Johns Creek Hospital,10/18/21,450906,16268,10/18/21,General Medical Inpatient Unit,22,Female,Bsn,3.0 - 3.49,Full-Time,,No,,Yes,10/18/22,1,Unsatisfactory Performance,23146,Georgia Gwinnett College,3.25
Emory Decatur Hospital,10/12/21,436454,16269,10/3/21,Obstetrics/Labor & Delivery Inpatient Unit,22,Female,Bsn,3.5 And Above,,,No,,No,,,,23147,Georgia Gwinnett College,3.75
Emory Johns Creek Hospital,7/12/21,447727,16270,7/12/21,General Surgical Inpatient Unit,21,Female,Bsn,3.5 And Above,Full-Time,,No,,Yes,7/14/24,3.008219178,Relocating Out Of Area,23148,Georgia Gwinnett College,3.75
Emory University Hospital,4/16/21,445534,16271,3/22/21,Orthopedic Inpatient Unit,22,Female,Bsn,3.5 And Above,,,No,,No,,,,23149,Georgia Gwinnett College,3.75
Emory University Hospital,4/16/21,445542,16272,3/21/21,Oncology Inpatient Unit,23,Male,Ba In Nursing,3.5 And Above,,,No,,No,,,,23150,Georgia Gwinnett College,3.75
Emory University Hospital,4/16/21,445597,16273,3/1/21,Other (Please Specify),24,Female,Bsn,3.5 And Above,,,No,,No,,,,23151,Georgia Gwinnett College,3.75
Emory University Hospital,8/6/20,442611,16275,7/27/20,Medical Icu Inpatient Unit,26,Female,Bsn,3.0 - 3.49,,,No,,Yes,10/9/22,2.202739726,Obtained Position Representing A Different Job Experience,23153,Georgia Gwinnett College,3.25
Emory University Hospital Midtown,8/1/20,442390,16276,8/10/20,Medical/Surgical Inpatient Unit,22,Male,Bsn,3.5 And Above,Full-Time,,No,,Yes,9/1/21,1.060273973,Travel Nurse,23154,Georgia Gwinnett College,3.75
Emory Decatur Hospital,7/21/20,442394,16277,7/13/20,General Medical Inpatient Unit,23,Female,Bsn,3.0 - 3.49,,,No,,No,,,,23155,Georgia Gwinnett College,3.25
Emory Decatur Hospital,7/21/20,2319575,16278,7/13/20,Medical/Surgical Icu Inpatient Unit,34,Male,Bsn,3.5 And Above,,,No,,No,,,,23156,Georgia Gwinnett College,3.75
Emory Saint Joseph’S Hospital,7/13/20,442295,16279,7/13/20,General Medical Inpatient Unit,25,Female,Bsn,3.0 - 3.49,Per Diem,,No,,No,,,,23157,Georgia Gwinnett College,3.25
Emory Johns Creek Hospital,7/22/19,2216603,16280,7/22/19,Emergency Department,29,Female,Bsn,3.0 - 3.49,Full-Time,,No,,No,,,,23158,Georgia Gwinnett College,3.25
Emory University Hospital Midtown,2/28/19,422665,16281,2/25/19,Neurology/Neurosurgical Icu Inpatient Unit,24,Female,Bsn,3.5 And Above,,,No,,No,,,,23159,Georgia Gwinnett College,3.75
Emory University Hospital,10/15/18,430568,16282,10/15/18,Psychiatric Inpatient Unit,23,Male,Bsn,3.0 - 3.49,,,No,,No,,,,23160,Georgia Gwinnett College,3.25
Emory Saint Joseph’S Hospital,10/8/18,680289,16283,,Emergency Department,25,Male,Bsn,3.0 - 3.49,,,No,,Yes,10/9/20,,Other/Unknown,23161,Georgia Gwinnett College,3.25
Emory Saint Joseph’S Hospital,7/23/18,970965,16284,7/23/18,Medical/Surgical Inpatient Unit,30,Male,Bsn,3.0 - 3.49,Full-Time,,No,,Yes,1/16/21,2.487671233,Compensation/Pay,23162,Georgia Gwinnett College,3.25
Emory University Hospital,7/16/18,405243,16285,7/16/18,Medical Icu Inpatient Unit,44,Female,Bsn,3.5 And Above,Full-Time,,No,,No,,,,23163,Georgia Gwinnett College,3.75
Emory University Hospital,2/23/18,415733,16286,,Emergency Department,34,Male,Bsn,3.5 And Above,,,No,,No,,,,23164,Georgia Gwinnett College,3.75
Emory University Hospital,2/23/18,422830,16287,,Neurology/Neurosurgical Icu Inpatient Unit,27,Female,Bsn,3.5 And Above,,,No,,Yes,5/30/20,,Other/Unknown,23165,Georgia Gwinnett College,3.75
Emory University Hospital,2/23/18,422831,16288,,Neurology/Neurosurgical Icu Inpatient Unit,25,Male,Bsn,3.0 - 3.49,,,No,,No,,,,23166,Georgia Gwinnett College,3.25
Emory University Hospital,2/23/18,423391,16289,,Mother/Baby Unit,24,Female,Bsn,3.0 - 3.49,,,No,,No,,,,23167,Georgia Gwinnett College,3.25
Emory University Hospital,2/23/18,423392,16290,,Mother/Baby Unit,28,Female,Bsn,3.5 And Above,,,No,,No,,,,23168,Georgia Gwinnett College,3.75
Emory University Hospital,2/23/18,423512,16291,2/23/18,Medical Icu Inpatient Unit,24,Male,Bsn,3.0 - 3.49,Full-Time,,No,,No,,,,23169,Georgia Gwinnett College,3.25
Emory University Hospital,2/23/18,2320084,16292,,Transplant Unit,40,Female,Bsn,3.5 And Above,,,No,,Yes,3/15/20,,Obtained Position Representing A Different Job Experience,23170,Georgia Gwinnett College,3.75
Emory University Hospital,10/13/16,107892,16293,,Medical/Surgical Inpatient Unit,22,Male,Bsn,3.0 - 3.49,,,No,,No,,,,23171,Georgia Gwinnett College,3.25
Emory University Hospital,10/10/16,39957600,16294,,Other (Please Specify),32,Female,Bsn,3.0 - 3.49,,,No,,No,,,,23172,Georgia Gwinnett College,3.25
Emory University Hospital Midtown,10/25/24,474355,16309,10/14/24,Obstetrics/Labor & Delivery Inpatient Unit,25,Female,Adn/Asn,3.0 - 3.49,Full-Time,,No,,No,,,,23187,Georgia Highlands College,3.25
Emory University Hospital,3/21/11,1956,16310,,General Medical Inpatient Unit,56,Male,Adn/Asn,3.0 - 3.49,,,No,,No,,,,23188,Georgia Highlands College,3.25
Emory Saint Joseph’S Hospital,3/7/16,98593,16512,,Medical/Surgical Inpatient Unit,31,Male,Accelerated Bsn,3.0 - 3.49,,,No,,Yes,10/30/17,,Other/Unknown,23390,Georgia State University,3.25
Emory Saint Joseph’S Hospital,3/7/16,475531,16513,,Other (Please Specify),26,Female,Accelerated Bsn,3.5 And Above,,,No,,No,,,,23391,Georgia State University,3.75
Emory Saint Joseph’S Hospital,3/7/16,825884,16514,,General Medical Inpatient Unit,22,Female,Bsn,3.5 And Above,,,No,,No,,,,23392,Georgia State University,3.75
Emory Saint Joseph’S Hospital,11/2/15,445231,16515,,Emergency Department,22,Female,Masters,3.5 And Above,,,No,,No,,,,23393,Georgia State University,3.75
Emory University Hospital,9/10/12,1207,16516,,General Medical Inpatient Unit,34,Female,Accelerated Bsn,3.5 And Above,,,No,,No,,,,23394,Georgia State University,3.75
Emory University Hospital,11/12/25,481233,16521,10/20/25,Cardiac/Heart/Vascular Critical Care,22,Male,Bsn,3.5 And Above,Full-Time,,No,,No,,,,23399,Georgia State University,3.75
Emory Decatur Hospital,8/19/25,479945,16528,8/11/25,Medical/Surgical Inpatient Unit,23,Female,Bsn,3.5 And Above,Full-Time,,No,,No,,,,23406,Georgia State University,3.75
Emory Decatur Hospital,3/24/20,439664,16529,1/27/20,Oncology Inpatient Unit,22,Female,Bsn,3.5 And Above,,,No,,Yes,4/16/20,0.219178082,Visa Expired,23407,Georgia State University,3.75
Emory University Hospital,3/30/20,424262,16536,2/13/20,Orthopedic Inpatient Unit,24,Female,Adn/Asn,2.5 - 2.99,Full-Time,,No,,Yes,1/16/21,0.926027397,Obtained Position Representing A Different Job Experience,23414,Georgia State University,2.75
Emory Decatur Hospital,4/1/25,476507,16537,3/17/25,Medical/Surgical Icu Inpatient Unit,23,Female,Bsn,3.5 And Above,Full-Time,,No,,No,,,,23415,Georgia State University,3.75
Emory Long Term Acute Care,4/1/25,476563,16538,3/17/25,Other (Please Specify),43,Female,Adn/Asn,2.5 - 2.99,Full-Time,,No,,No,,,,23416,Georgia State University,2.75
Emory Long Term Acute Care,4/1/25,476587,16539,3/17/25,Other (Please Specify),22,Female,Bsn,3.5 And Above,Full-Time,,No,,No,,,,23417,Georgia State University,3.75
Emory Saint Joseph’S Hospital,2/17/25,RN0029,16545,3/24/25,Medical/Surgical Inpatient Unit,22,Female,Bsn,3.5 And Above,Full-Time,,No,,No,,,,23423,Georgia State University,3.75
Emory University Hospital,11/13/24,474498,16546,10/21/24,Medical Icu Inpatient Unit,22,Female,Bsn,3.0 - 3.49,Full-Time,,No,,No,,,,23424,Georgia State University,3.25
Emory Decatur Hospital,11/12/24,474843,16547,11/11/24,Medical/Surgical Intermediate Unit,24,Female,Bsn,3.0 - 3.49,Full-Time,,No,,No,,,,23425,Georgia State University,3.25
Emory University Hospital Midtown,10/25/24,416817,16549,10/14/24,Emergency Department,32,Female,Adn/Asn,3.0 - 3.49,Full-Time,,No,,No,,,,23427,Georgia State University,3.25
The Emory Clinic,10/2/24,413108,16550,9/1/24,Ambulatory Setting,35,Female,Bsn,3.0 - 3.49,Full-Time,,No,,No,,,,23428,Georgia State University,3.25
Emory University Hospital Midtown,2/17/25,2626365,16551,2/24/25,Perioperative Or,26,Female,Masters,3.5 And Above,Full-Time,,No,,Yes,8/16/25,0.473972603,Unhappy With Job/Facility,23429,Georgia State University,3.75
Emory University Hospital Midtown,2/28/19,427835,16552,2/25/19,Perioperative Or,26,Female,Adn/Asn,2.5 - 2.99,Full-Time,,No,,Yes,1/3/20,0.854794521,Did Not Return From Leave Of Absence,23430,Georgia State University,2.75
Emory Decatur Hospital,8/20/24,472583,16553,8/12/24,General Medical Inpatient Unit,21,Female,Bsn,3.5 And Above,Full-Time,,No,,No,,,,23431,Georgia State University,3.75
Emory University Hospital,2/26/19,433229,16554,3/4/19,Oncology Inpatient Unit,25,Female,Accelerated Bsn,3.5 And Above,,,No,,Yes,7/12/19,0.356164384,Obtained Position Representing A Different Job Experience,23432,Georgia State University,3.75
Emory Long Term Acute Care,8/20/24,473364,16555,8/26/24,Other (Please Specify),35,Female,Adn/Asn,3.0 - 3.49,Full-Time,,No,,No,,,,23433,Georgia State University,3.25
Emory University Hospital Midtown,8/9/24,408669,16556,8/5/24,General Medical Inpatient Unit,38,Male,Adn/Asn,3.0 - 3.49,Full-Time,,No,,No,,,,23434,Georgia State University,3.25
Emory University Hospital Midtown,8/9/24,430311,16557,9/10/24,Orthopedic Inpatient Unit,35,Female,Bsn,3.0 - 3.49,Full-Time,,No,,No,,,,23435,Georgia State University,3.25
Emory University Hospital Midtown,8/9/24,463685,16558,8/6/24,Emergency Department,36,Male,Adn/Asn,3.5 And Above,Full-Time,,No,,No,,,,23436,Georgia State University,3.75
Emory University Hospital Midtown,8/9/24,472120,16559,7/22/24,Perioperative Or,23,Female,Adn/Asn,3.5 And Above,Full-Time,,No,,No,,,,23437,Georgia State University,3.75
Emory University Hospital Midtown,8/9/24,473603,16560,9/16/24,Medical/Surgical Inpatient Unit,22,Male,Bsn,3.5 And Above,Full-Time,,No,,No,,,,23438,Georgia State University,3.75
Emory University Hospital,8/5/24,469739,16561,4/1/24,General Medical Inpatient Unit,23,Male,Adn/Asn,2.5 - 2.99,Full-Time,,No,,No,,,,23439,Georgia State University,2.75
Emory University Hospital,8/5/24,472723,16562,7/29/24,Neurology Inpatient Unit,42,Female,Bsn,3.5 And Above,Full-Time,,No,,No,,,,23440,Georgia State University,3.75
Emory University Hospital,8/5/24,473349,16563,8/19/24,Medical/Surgical Intermediate Unit,24,Female,Ba In Nursing,3.5 And Above,Full-Time,,No,,No,,,,23441,Georgia State University,3.75
Emory University Hospital,4/24/24,468749,16564,3/4/24,Neurology/Neurosurgical Icu Inpatient Unit,22,Male,Bsn,3.5 And Above,Full-Time,,No,,No,,,,23442,Georgia State University,3.75
Emory University Hospital Midtown,4/5/24,463219,16565,2/26/24,Emergency Department,29,Female,Adn/Asn,2.5 - 2.99,Full-Time,,No,,No,,,,23443,Georgia State University,2.75
Emory Decatur Hospital,3/24/20,424859,16566,3/16/20,Obstetrics/Labor & Delivery Inpatient Unit,44,Female,Adn/Asn,3.5 And Above,,,No,,Yes,11/5/20,0.64109589,Obtained Position Representing A Different Job Experience,23444,Georgia State University,3.75
Emory Decatur Hospital,3/26/24,468744,16567,3/18/24,Medical/Surgical Icu Inpatient Unit,23,Female,Bsn,3.5 And Above,Full-Time,,No,,Yes,3/28/25,1.02739726,Relocating Out Of Area,23445,Georgia State University,3.75
Emory University Hospital,3/11/24,468859,16568,3/4/24,Oncology Inpatient Unit,24,Female,Bsn,3.5 And Above,Full-Time,,No,,No,,,,23446,Georgia State University,3.75
Emory University Hospital Midtown,2/22/24,461864,16569,6/5/23,Perioperative Or,23,Female,Bsn,3.5 And Above,Full-Time,,No,,No,,,,23447,Georgia State University,3.75
Emory Johns Creek Hospital,2/22/24,1973414,16570,2/4/24,Medical/Surgical Icu Inpatient Unit,29,Female,Adn/Asn,3.0 - 3.49,Full-Time,,No,,No,,,,23448,Georgia State University,3.25
Emory Decatur Hospital,3/28/23,462100,16571,3/27/23,Medical/Surgical Intermediate Unit,34,Female,Bsn,3.5 And Above,Full-Time,,No,,Yes,3/22/24,0.989041096,Staffing Or Workload,23449,Georgia State University,3.75
Emory University Hospital,10/23/23,467151,16572,11/13/23,Oncology Inpatient Unit,23,Female,Bsn,3.5 And Above,Full-Time,,No,,No,,,,23450,Georgia State University,3.75
Emory University Hospital,8/16/23,464313,16573,7/24/23,Emergency Department,22,Female,Bsn,3.5 And Above,Full-Time,,No,,No,,,,23451,Georgia State University,3.75
Emory Long Term Acute Care,8/15/23,464094,16574,6/26/23,Other (Please Specify),39,Female,Adn/Asn,3.0 - 3.49,Full-Time,,No,,No,,,,23452,Georgia State University,3.25
Emory Decatur Hospital,8/15/23,465015,16575,8/7/23,Medical/Surgical Intermediate Unit,28,Female,Bsn,3.5 And Above,Full-Time,,No,,No,,,,23453,Georgia State University,3.75
Emory Decatur Hospital,8/15/23,2474967,16576,7/18/22,Telemetry Unit,29,Female,Adn/Asn,3.5 And Above,Full-Time,,No,,Yes,10/18/24,2.254794521,Obtained Position Representing A Different Job Experience,23454,Georgia State University,3.75
Emory University Hospital,8/7/23,464304,16577,7/24/23,General Surgical Inpatient Unit,22,Female,Bsn,3.5 And Above,Full-Time,,No,,No,,,,23455,Georgia State University,3.75
Emory University Hospital,8/7/23,464607,16578,7/24/23,Telemetry Unit,40,Female,Adn/Asn,3.0 - 3.49,Full-Time,,No,,No,,,,23456,Georgia State University,3.25
Emory Saint Joseph’S Hospital,7/21/23,464230,16579,7/17/23,Medical/Surgical Intermediate Unit,27,Female,Adn/Asn,3.0 - 3.49,Full-Time,,No,,No,,,,23457,Georgia State University,3.25
Emory Johns Creek Hospital,7/21/23,464239,16580,7/17/23,Medical/Surgical Inpatient Unit,45,Female,Adn/Asn,3.0 - 3.49,Full-Time,,No,,No,,,,23458,Georgia State University,3.25
Emory Johns Creek Hospital,7/21/23,464444,16581,8/14/23,Mother/Baby Unit,21,Female,Adn/Asn,3.0 - 3.49,Full-Time,,No,,No,,,,23459,Georgia State University,3.25
Emory Johns Creek Hospital,7/21/23,1078664,16582,7/9/23,Medical/Surgical Inpatient Unit,52,Female,Bsn,3.0 - 3.49,Full-Time,,No,,No,,,,23460,Georgia State University,3.25
Emory University Hospital,4/26/23,447323,16583,3/6/23,Emergency Department,34,Female,Adn/Asn,3.5 And Above,Full-Time,,No,,No,,,,23461,Georgia State University,3.75
Emory University Hospital,4/26/23,456428,16584,6/27/22,Medical Icu Inpatient Unit,24,Female,Adn/Asn,3.5 And Above,Full-Time,,No,,No,,,,23462,Georgia State University,3.75
Emory University Hospital,4/26/23,461568,16585,3/13/23,Emergency Department,21,Female,Bsn,3.5 And Above,Full-Time,,No,,No,,,,23463,Georgia State University,3.75
Emory University Hospital,4/26/23,786507,16586,3/6/23,Emergency Department,39,Female,Adn/Asn,3.0 - 3.49,Full-Time,,No,,No,,,,23464,Georgia State University,3.25
Emory University Hospital,4/26/23,1539920,16587,3/6/23,Emergency Department,33,Male,Adn/Asn,3.0 - 3.49,Full-Time,,No,,No,,,,23465,Georgia State University,3.25
Emory University Hospital Midtown,4/7/23,461863,16588,3/27/23,Medical Icu Inpatient Unit,24,Male,Bsn,3.5 And Above,Full-Time,,No,,No,,,,23466,Georgia State University,3.75
Emory Hillandale Hospital,3/28/23,461768,16589,3/20/23,Emergency Department,35,Female,Adn/Asn,3.0 - 3.49,Full-Time,,No,,No,,,,23467,Georgia State University,3.25
Emory Decatur Hospital,3/28/23,461778,16590,3/20/23,Emergency Department,28,Female,Accelerated Bsn,3.5 And Above,Full-Time,,No,,Yes,5/31/25,2.2,Travel Nurse,23468,Georgia State University,3.75
The Emory Clinic,3/13/23,415245,16591,2/6/23,Oncology Inpatient Unit,33,Female,Bsn,3.0 - 3.49,Full-Time,,No,,No,,,,23469,Georgia State University,3.25
Emory Decatur Hospital,3/13/23,461365,16592,2/20/23,Oncology Inpatient Unit,46,Female,Bsn,3.5 And Above,Full-Time,,No,,No,,,,23470,Georgia State University,3.75
Emory Saint Joseph’S Hospital,2/24/23,396848,16593,2/20/23,Medical/Surgical Inpatient Unit,40,Female,Bsn,3.5 And Above,Full-Time,,No,,No,,,,23471,Georgia State University,3.75
Emory Saint Joseph’S Hospital,2/24/23,2375155,16594,10/17/22,Medical/Surgical Intermediate Unit,23,Female,Adn/Asn,3.0 - 3.49,Full-Time,,No,,No,,,,23472,Georgia State University,3.25
Emory University Hospital,10/14/22,447489,16595,9/14/22,General Medical Inpatient Unit,24,Female,Bsn,3.0 - 3.49,,,No,,No,,,,23473,Georgia State University,3.25
Emory University Hospital,10/14/22,457875,16596,9/19/22,Emergency Department,24,Female,Bsn,3.0 - 3.49,,,No,,No,,,,23474,Georgia State University,3.25
Emory University Hospital,10/14/22,458257,16597,10/24/22,Cardiac/Heart/Vascular Critical Care,30,Male,Bsn,3.5 And Above,,,No,,No,,,,23475,Georgia State University,3.75
Emory University Hospital,10/14/22,458673,16598,9/19/22,Cardiac/Heart/Vascular Critical Care,23,Female,Bsn,3.5 And Above,,,No,,No,,,,23476,Georgia State University,3.75
Emory Decatur Hospital,10/11/22,451963,16599,10/16/22,Obstetrics/Labor & Delivery Inpatient Unit,23,Female,Bsn,3.5 And Above,,,No,,No,,,,23477,Georgia State University,3.75
Emory Decatur Hospital,10/11/22,459387,16600,10/31/22,Orthopedic Inpatient Unit,44,Female,Bsn,3.5 And Above,,,No,,No,,,,23478,Georgia State University,3.75
Emory Decatur Hospital,10/11/22,1356661,16601,10/24/22,Obstetrics/Labor & Delivery Inpatient Unit,32,Female,Accelerated Bsn,3.5 And Above,,,No,,No,,,,23479,Georgia State University,3.75
Emory University Hospital Midtown,8/12/22,446852,16602,8/8/22,Cardiac/Heart/Vascular Critical Care,28,Female,Adn/Asn,3.5 And Above,,,No,,No,,,,23480,Georgia State University,3.75
Emory University Hospital Midtown,8/12/22,2364832,16603,8/8/22,Neonatal Icu Inpatient Unit,24,Female,Bsn,3.5 And Above,,,No,,No,,,,23481,Georgia State University,3.75
Emory Long Term Acute Care,8/2/22,456416,16604,7/25/22,Other (Please Specify),30,Female,Adn/Asn,3.0 - 3.49,Full-Time,,No,,No,,,,23482,Georgia State University,3.25
Emory University Hospital,8/5/24,435905,16605,7/29/24,Emergency Department,44,Female,Adn/Asn,3.5 And Above,Full-Time,,No,,Yes,10/6/24,0.189041096,Family Obligations (Family/Friend Caregiving Responsibility),23483,Georgia State University,3.75
Emory University Hospital,8/5/24,472203,16606,7/29/24,Medical/Surgical Intermediate Unit,20,Female,Bsn,3.5 And Above,Full-Time,,No,,Yes,6/6/25,0.854794521,Other/Unknown,23484,Georgia State University,3.75
Emory University Hospital,4/27/22,453110,16607,3/21/22,Neurology/Neurosurgical Icu Inpatient Unit,22,Female,Bsn,3.5 And Above,,,No,,No,,,,23485,Georgia State University,3.75
Emory University Hospital,4/27/22,2027911,16608,4/4/22,Cardiac/Heart/Vascular Critical Care,33,Female,Adn/Asn,3.0 - 3.49,Full-Time,,No,,No,,,,23486,Georgia State University,3.25
Emory University Hospital Midtown,3/13/23,461602,16609,3/6/23,Oncology Inpatient Unit,29,Male,Bsn,3.5 And Above,Full-Time,,No,,Yes,7/20/23,0.37260274,Unsatisfactory Performance,23487,Georgia State University,3.75
Emory Decatur Hospital,8/15/23,2601937,16610,8/7/23,Emergency Department,23,Female,Bsn,3.5 And Above,Full-Time,,No,,Yes,12/23/23,0.378082192,Family Obligations (Family/Friend Caregiving Responsibility),23488,Georgia State University,3.75
Emory Decatur Hospital,3/22/22,452959,16611,3/14/22,Medical/Surgical Intermediate Unit,28,Female,Bsn,3.5 And Above,,,No,,No,,,,23489,Georgia State University,3.75
Emory University Hospital,8/21/24,1881690,16612,8/5/24,Cardiac/Heart/Vascular Critical Care,31,Male,Adn/Asn,3.0 - 3.49,Full-Time,,No,,Yes,5/6/25,0.750684932,Unsatisfactory Performance,23490,Georgia State University,3.25
Emory Decatur Hospital,8/15/23,465014,16613,8/21/23,Medical/Surgical Icu Inpatient Unit,25,Female,Bsn,3.0 - 3.49,Full-Time,,No,,Yes,10/10/23,0.136986301,Family Obligations (Family/Friend Caregiving Responsibility),23491,Georgia State University,3.25
Emory University Hospital,3/18/22,955749,16614,2/6/22,Oncology Inpatient Unit,39,Female,Adn/Asn,3.5 And Above,Full-Time,,No,,No,,,,23492,Georgia State University,3.75
The Emory Clinic,2/21/22,440111,16615,1/9/22,Ambulatory Setting,36,Female,Bsn,3.0 - 3.49,,,No,,No,,,,23493,Georgia State University,3.25
Emory University Hospital Midtown,8/12/22,367106,16616,8/8/22,Obstetrics/Labor & Delivery Inpatient Unit,45,Female,Adn/Asn,3.0 - 3.49,,,No,,Yes,11/9/22,0.254794521,Obtained Position Representing A Different Job Experience,23494,Georgia State University,3.25
Emory University Hospital,2/21/22,2367555,16617,2/21/22,Perioperative Or,24,Female,Bsn,3.5 And Above,,,No,,No,,,,23495,Georgia State University,3.75
Emory University Hospital,11/3/21,450822,16618,11/1/21,Neurology/Neurosurgical Icu Inpatient Unit,23,Female,Bsn,3.5 And Above,,,No,,Yes,6/7/23,1.597260274,Other/Unknown,23496,Georgia State University,3.75
Emory University Hospital Midtown,10/29/21,1531476,16619,10/24/21,Neonatal Icu Inpatient Unit,30,Female,Bsn,3.5 And Above,,,No,,Yes,4/2/25,3.44109589,Other/Unknown,23497,Georgia State University,3.75
Emory University Hospital,9/27/21,449898,16620,9/20/21,Medical/Surgical Intermediate Unit,23,Female,Bsn,3.5 And Above,,,No,,No,,,,23498,Georgia State University,3.75
Emory University Hospital,9/27/21,449938,16621,9/20/21,Oncology Inpatient Unit,22,Female,Bsn,3.5 And Above,,,No,,No,,,,23499,Georgia State University,3.75
Emory University Hospital,9/27/21,450367,16622,9/20/21,Telemetry Unit,29,Female,Bsn,3.5 And Above,,,No,,No,,,,23500,Georgia State University,3.75
Emory Decatur Hospital,8/15/23,2524548,16623,8/28/23,Medical/Surgical Inpatient Unit,20,Female,Adn/Asn,3.5 And Above,Full-Time,,No,,Yes,1/27/24,0.416438356,Staffing Or Workload,23501,Georgia State University,3.75
Emory University Orthopaedics & Spine Hospital,8/26/21,448223,16624,8/26/21,Perioperative Or,22,Female,Bsn,3.5 And Above,Full-Time,,No,,Yes,8/25/23,1.997260274,Other/Unknown,23502,Georgia State University,3.75
Emory University Hospital,8/18/21,2359826,16625,7/19/21,Cardiac/Heart/Vascular Critical Care,21,Female,Bsn,3.5 And Above,,,No,,Yes,7/7/24,2.969863014,Other/Unknown,23503,Georgia State University,3.75
Emory University Hospital Midtown,8/13/21,448225,16626,8/9/21,Medical/Surgical Inpatient Unit,28,Female,Bsn,3.5 And Above,,,No,,No,,,,23504,Georgia State University,3.75
Emory Decatur Hospital,7/26/21,448099,16627,7/26/21,General Medical Inpatient Unit,38,Female,Accelerated Bsn,3.5 And Above,,,No,,No,,,,23505,Georgia State University,3.75
Emory University Hospital,7/22/21,399008,16628,7/11/21,General Medical Inpatient Unit,35,Female,Adn/Asn,2.5 - 2.99,Full-Time,,No,,Yes,11/30/22,1.389041096,Other/Unknown,23506,Georgia State University,2.75
Emory University Hospital,7/22/21,401226,16629,7/11/21,Orthopedic Inpatient Unit,33,Female,Adn/Asn,3.0 - 3.49,Full-Time,,No,,No,,,,23507,Georgia State University,3.25
Emory University Hospital,7/22/21,418517,16630,7/19/21,General Medical Inpatient Unit,28,Female,Accelerated Bsn,3.5 And Above,,,No,,Yes,3/25/23,1.682191781,Unhappy With Job/Facility,23508,Georgia State University,3.75
Emory University Hospital,7/22/21,430409,16631,6/13/21,Medical/Surgical Intermediate Unit,27,Female,Bsn,3.5 And Above,,,No,,No,,,,23509,Georgia State University,3.75
Emory University Hospital,7/22/21,448862,16632,7/19/21,Transplant Unit,26,Female,Bsn,3.5 And Above,,,No,,No,,,,23510,Georgia State University,3.75
Emory Johns Creek Hospital,7/12/21,447689,16633,7/12/21,General Medical Inpatient Unit,22,Female,Bsn,3.5 And Above,Full-Time,,No,,No,,,,23511,Georgia State University,3.75
Emory University Hospital,4/16/21,396909,16634,3/7/21,Medical Icu Inpatient Unit,32,Female,Bsn,3.5 And Above,,,No,,No,,,,23512,Georgia State University,3.75
Emory University Hospital,4/16/21,445576,16635,3/22/21,General Medical Inpatient Unit,23,Female,Bsn,3.5 And Above,,,No,,Yes,8/6/22,1.375342466,Staffing Or Workload,23513,Georgia State University,3.75
Emory University Hospital,4/16/21,2359602,16636,3/22/21,Orthopedic Inpatient Unit,20,Female,Accelerated Bsn,3.5 And Above,,,No,,No,,,,23514,Georgia State University,3.75
Emory Hillandale Hospital,10/12/21,2227996,16637,10/4/21,Medical Icu Inpatient Unit,30,Female,Adn/Asn,3.0 - 3.49,Full-Time,,No,,Yes,2/11/22,0.356164384,Unsatisfactory Performance,23515,Georgia State University,3.25
Emory University Hospital Midtown,4/1/21,444614,16638,3/21/21,Cardiac/Heart/Vascular Critical Care,35,Male,Bsn,3.5 And Above,,,No,,Yes,6/1/23,2.197260274,Unsatisfactory Performance,23516,Georgia State University,3.75
Emory University Hospital Midtown,4/1/21,445621,16639,3/29/21,Medical Icu Inpatient Unit,32,Female,Accelerated Bsn,3.5 And Above,,,No,,No,,,,23517,Georgia State University,3.75
Emory University Hospital Midtown,4/1/21,445761,16640,3/29/21,Telemetry Unit,21,Female,Bsn,3.5 And Above,,,No,,Yes,3/26/23,1.991780822,Relocating Out Of Area,23518,Georgia State University,3.75
Emory Decatur Hospital,3/15/21,445417,16641,3/15/21,Mother/Baby Unit,22,Female,Bsn,3.5 And Above,,,No,,No,,,,23519,Georgia State University,3.75
Emory Hillandale Hospital,3/15/21,446231,16642,3/29/21,Medical/Surgical Inpatient Unit,24,Female,Bsn,3.0 - 3.49,,,No,,No,,,,23520,Georgia State University,3.25
Emory Saint Joseph’S Hospital,2/15/21,445141,16643,2/15/21,Medical/Surgical Intermediate Unit,21,Female,Accelerated Bsn,3.5 And Above,Full-Time,,No,,Yes,12/23/24,3.854794521,Obtained Position Representing A Different Job Experience,23521,Georgia State University,3.75
Emory University Hospital,11/6/20,443486,16644,9/28/20,Emergency Department,27,Other,Accelerated Bsn,3.5 And Above,Full-Time,,No,,No,,,,23522,Georgia State University,3.75
Emory University Hospital Midtown,10/30/20,442759,16645,10/18/20,Mother/Baby Unit,24,Female,Bsn,3.5 And Above,,,No,,No,,,,23523,Georgia State University,3.75
Emory University Hospital,10/15/18,425614,16646,10/15/18,Rehabilitation Inpatient Unit,24,Male,Bsn,3.5 And Above,,,No,,Yes,8/20/19,0.846575343,Other/Unknown,23524,Georgia State University,3.75
Emory Decatur Hospital,10/13/20,443151,16647,10/5/20,Orthopedic Inpatient Unit,23,Female,Bsn,3.5 And Above,,,No,,No,,,,23525,Georgia State University,3.75
Emory Decatur Hospital,10/13/20,2045764,16648,10/5/20,Medical/Surgical Inpatient Unit,23,Female,Bsn,3.5 And Above,,,No,,Yes,1/31/23,2.323287671,Family Obligations (Family/Friend Caregiving Responsibility),23526,Georgia State University,3.75
Emory Saint Joseph’S Hospital,10/12/20,443098,16650,10/12/20,Ambulatory Setting,30,Male,Bsn,3.5 And Above,Full-Time,,No,,No,,,,23528,Georgia State University,3.75
Emory University Hospital,8/6/20,2185028,16651,8/3/20,General Medical Inpatient Unit,34,Female,Ba In Nursing,3.5 And Above,,,No,,Yes,8/8/21,1.01369863,Compensation/Pay,23529,Georgia State University,3.75
Emory University Hospital Midtown,8/1/20,442199,16652,8/2/20,Mother/Baby Unit,22,Female,Bsn,3.5 And Above,,,No,,No,,,,23530,Georgia State University,3.75
Emory University Hospital Midtown,8/1/20,442442,16653,8/10/20,General Surgical Inpatient Unit,23,Other,Ba In Nursing,3.0 - 3.49,,,No,,Yes,10/30/21,1.221917808,Travel Nurse,23531,Georgia State University,3.25
Emory Decatur Hospital,7/21/20,442330,16654,8/3/20,Telemetry Unit,22,Female,Accelerated Bsn,3.5 And Above,,,No,,No,,,,23532,Georgia State University,3.75
Emory Johns Creek Hospital,7/13/20,442202,16655,7/20/20,Medical/Surgical Icu Inpatient Unit,23,Female,Bsn,3.0 - 3.49,Full-Time,,No,,Yes,7/19/23,2.997260274,Other/Unknown,23533,Georgia State University,3.25
Emory Johns Creek Hospital,7/13/20,442203,16656,6/22/20,Oncology Inpatient Unit,20,Female,Accelerated Bsn,3.5 And Above,Full-Time,,No,,Yes,3/17/23,2.734246575,Obtained Position Representing A Different Job Experience,23534,Georgia State University,3.75
Emory Saint Joseph’S Hospital,7/13/20,442762,16657,8/10/20,Cardiac/Heart/Vascular Critical Care,23,Female,Bsn,3.5 And Above,Full-Time,,No,,No,,,,23535,Georgia State University,3.75
Emory Johns Creek Hospital,7/13/20,2278620,16658,6/15/20,General Surgical Inpatient Unit,20,Female,Bsn,3.5 And Above,,,No,,Yes,12/3/21,1.468493151,Relocating Out Of Area,23536,Georgia State University,3.75
Emory University Hospital Midtown,10/30/20,443323,16659,10/26/20,General Medical Inpatient Unit,23,Male,Bsn,3.0 - 3.49,,,No,,Yes,7/17/21,0.723287671,Staffing Or Workload,23537,Georgia State University,3.25
Emory University Hospital,5/1/20,441414,16660,4/13/20,Oncology Inpatient Unit,22,Female,Bsn,3.5 And Above,,,No,,Yes,11/12/21,1.583561644,Unhappy With Job/Facility,23538,Georgia State University,3.75
Emory University Hospital Midtown,4/1/20,438066,16661,3/30/20,Cardiac/Heart/Vascular Critical Care,31,Female,Bsn,3.5 And Above,,,No,,No,,,,23539,Georgia State University,3.75
Emory University Hospital Midtown,4/1/20,440632,16662,3/30/20,Orthopedic Inpatient Unit,21,Female,Bsn,3.5 And Above,,,No,,Yes,8/24/21,1.402739726,Relocating Out Of Area,23540,Georgia State University,3.75
Emory University Hospital,3/30/20,415292,16663,2/23/20,General Medical Inpatient Unit,27,Male,Adn/Asn,3.0 - 3.49,Full-Time,,No,,Yes,1/25/22,1.923287671,Obtained Position Representing A Different Job Experience,23541,Georgia State University,3.25
Emory Decatur Hospital,3/24/20,426800,16664,3/16/20,Mother/Baby Unit,37,Female,Adn/Asn,3.0 - 3.49,Full-Time,,No,,No,,,,23542,Georgia State University,3.25
Emory Hillandale Hospital,3/24/20,2117976,16665,2/10/20,Medical/Surgical Icu Inpatient Unit,21,Female,Bsn,3.5 And Above,,,No,,Yes,10/10/21,1.665753425,Other/Unknown,23543,Georgia State University,3.75
Emory Saint Joseph’S Hospital,2/24/20,440331,16666,2/24/20,Orthopedic Inpatient Unit,21,Female,Bsn,3.5 And Above,Full-Time,,No,,No,,,,23544,Georgia State University,3.75
Emory University Hospital Midtown,10/31/19,438065,16667,10/28/19,Medical Icu Inpatient Unit,28,Female,Bsn,3.5 And Above,,,No,,No,,,,23545,Georgia State University,3.75
Emory University Hospital Midtown,10/31/19,438071,16668,10/28/19,Medical/Surgical Inpatient Unit,24,Female,Bsn,3.5 And Above,,,No,,Yes,9/12/22,2.876712329,Did Not Return From Leave Of Absence,23546,Georgia State University,3.75
Emory Decatur Hospital,10/22/19,429521,16669,10/14/19,Medical/Surgical Inpatient Unit,27,Female,Bsn,3.5 And Above,,,No,,Yes,1/31/21,1.301369863,Unhappy With Job/Facility,23547,Georgia State University,3.75
Emory Saint Joseph’S Hospital,10/14/19,434063,16670,10/14/19,Medical/Surgical Intermediate Unit,45,Female,Bsn,3.5 And Above,Full-Time,,No,,No,,,,23548,Georgia State University,3.75
Emory Saint Joseph’S Hospital,10/14/19,437796,16671,10/14/19,Medical/Surgical Intermediate Unit,22,Female,Bsn,3.5 And Above,Full-Time,,No,,Yes,5/1/22,2.547945205,Obtained Position Representing A Different Job Experience,23549,Georgia State University,3.75
Emory University Hospital,8/1/19,421555,16672,7/22/19,Cardiac/Heart/Vascular Critical Care,28,Female,Adn/Asn,3.5 And Above,,,No,,Yes,12/8/21,2.383561644,Relocating Out Of Area,23550,Georgia State University,3.75
Emory University Hospital,8/1/19,435982,16673,7/22/19,General Medical Inpatient Unit,21,Female,Bsn,3.5 And Above,,,No,,No,,,,23551,Georgia State University,3.75
Emory University Hospital,8/1/19,436781,16674,7/22/19,Neurology/Neurosurgical Icu Inpatient Unit,23,Female,Bsn,3.5 And Above,,,No,,Yes,10/30/21,2.276712329,Travel Nurse,23552,Georgia State University,3.75
Emory University Hospital Midtown,7/25/19,425150,16675,7/29/19,Neurology/Neurosurgical Icu Inpatient Unit,23,Female,Bsn,3.5 And Above,,,No,,No,,,,23553,Georgia State University,3.75
Emory University Hospital Midtown,7/25/19,436216,16676,7/29/19,Neonatal Icu Inpatient Unit,20,Female,Accelerated Bsn,3.0 - 3.49,Full-Time,,No,,No,,,,23554,Georgia State University,3.25
Emory University Hospital Midtown,7/25/19,436236,16677,7/29/19,Emergency Department,23,Female,Bsn,3.5 And Above,,,No,,No,,,,23555,Georgia State University,3.75
Emory University Hospital Midtown,7/25/19,2034128,16678,7/29/19,Medical/Surgical Inpatient Unit,33,Female,Bsn,3.5 And Above,,,No,,No,,,,23556,Georgia State University,3.75
Emory University Hospital Midtown,7/25/19,2276566,16679,8/28/19,Neurology/Neurosurgical Icu Inpatient Unit,31,Female,Adn/Asn,3.0 - 3.49,Full-Time,,No,,Yes,10/21/21,2.150684932,Family Obligations (Family/Friend Caregiving Responsibility),23557,Georgia State University,3.25
Emory University Hospital Midtown,7/25/19,2318579,16680,7/29/19,Neonatal Icu Inpatient Unit,24,Female,Bsn,3.5 And Above,,,No,,Yes,12/1/21,2.345205479,Travel Nurse,23558,Georgia State University,3.75
Emory Hillandale Hospital,7/23/19,413077,16681,7/15/19,Emergency Department,26,Female,Adn/Asn,2.5 - 2.99,Full-Time,,No,,Yes,10/24/20,1.279452055,Compensation/Pay,23559,Georgia State University,2.75
Emory Decatur Hospital,7/23/19,429525,16682,7/15/19,Emergency Department,22,Female,Bsn,3.0 - 3.49,,,No,,Yes,11/8/21,2.320547945,Other/Unknown,23560,Georgia State University,3.25
Emory Decatur Hospital,7/23/19,435737,16683,7/15/19,Medical/Surgical Icu Inpatient Unit,29,Male,Accelerated Bsn,3.5 And Above,,,No,,Yes,9/19/21,2.183561644,Other/Unknown,23561,Georgia State University,3.75
Emory Hillandale Hospital,7/23/19,435785,16684,7/15/19,Medical/Surgical Icu Inpatient Unit,29,Female,Bsn,3.5 And Above,,,No,,Yes,2/6/22,2.567123288,Other/Unknown,23562,Georgia State University,3.75
Emory Decatur Hospital,7/23/19,1565277,16685,7/15/19,Medical/Surgical Intermediate Unit,29,Male,Accelerated Bsn,3.0 - 3.49,,,No,,No,,,,23563,Georgia State University,3.25
Emory Saint Joseph’S Hospital,7/15/19,425972,16686,7/15/19,Oncology Inpatient Unit,32,Female,Adn/Asn,2.5 - 2.99,Full-Time,,No,,No,,,,23564,Georgia State University,2.75
Emory University Hospital Midtown,2/28/19,420156,16687,2/24/19,General Surgical Inpatient Unit,21,Female,Adn/Asn,3.0 - 3.49,Full-Time,,No,,Yes,6/21/20,1.323287671,Relocating Out Of Area,23565,Georgia State University,3.25
Emory University Hospital Midtown,2/28/19,432903,16688,2/25/19,Surgical Icu Inpatient Unit,25,Female,Bsn,3.5 And Above,Full-Time,,No,,No,,,,23566,Georgia State University,3.75
Emory University Hospital Midtown,2/28/19,432983,16689,2/25/19,Surgical Icu Inpatient Unit,24,Female,Bsn,3.5 And Above,Full-Time,,No,,Yes,9/18/21,2.564383562,Travel Nurse,23567,Georgia State University,3.75
Emory University Hospital Midtown,2/28/19,886010,16690,2/25/19,Medical Icu Inpatient Unit,38,Female,Accelerated Bsn,3.5 And Above,Full-Time,,No,,No,,,,23568,Georgia State University,3.75
Emory Decatur Hospital,2/27/19,2237648,16691,2/25/19,Medical/Surgical Inpatient Unit,41,Female,Adn/Asn,3.0 - 3.49,Full-Time,,No,,Yes,11/20/21,2.736986301,Travel Nurse,23569,Georgia State University,3.25
Emory University Hospital,2/26/19,417227,16692,2/24/19,Emergency Department,34,Female,Adn/Asn,3.0 - 3.49,Full-Time,,No,,Yes,9/22/21,2.578082192,Travel Nurse,23570,Georgia State University,3.25
Emory University Hospital,2/26/19,433068,16693,3/4/19,General Medical Inpatient Unit,39,Female,Bsn,3.5 And Above,,,No,,No,,,,23571,Georgia State University,3.75
Emory Rehabilitation Hospital,2/26/19,433262,16694,3/4/19,Rehabilitation Inpatient Unit,24,Female,Bsn,3.0 - 3.49,,,No,,No,,,,23572,Georgia State University,3.25
Emory University Hospital,2/26/19,1397394,16695,2/25/19,Orthopedic Inpatient Unit,28,Female,Bsn,3.5 And Above,Full-Time,,No,,No,,,,23573,Georgia State University,3.75
The Emory Clinic,2/26/19,167589,16696,2/24/13,Ambulatory Setting,51,Female,Adn/Asn,3.0 - 3.49,Full-Time,,No,,No,,,,23574,Georgia State University,3.25
Emory University Hospital,2/26/19,2183116,16697,3/4/19,General Surgical Inpatient Unit,22,Female,Accelerated Bsn,3.5 And Above,,,No,,No,,,,23575,Georgia State University,3.75
Emory University Hospital,2/26/19,2315006,16698,2/25/19,Surgical Icu Inpatient Unit,24,Female,Accelerated Bsn,3.5 And Above,Full-Time,,No,,Yes,10/3/21,2.605479452,Relocating Out Of Area,23576,Georgia State University,3.75
Emory Saint Joseph’S Hospital,2/18/19,2208059,16699,2/18/19,Emergency Department,21,Female,Bsn,3.5 And Above,Full-Time,,No,,Yes,11/14/21,2.739726027,Other/Unknown,23577,Georgia State University,3.75
Emory University Hospital,10/16/18,420815,16700,10/15/18,Orthopedic Inpatient Unit,23,Male,Bsn,3.5 And Above,,,No,,No,,,,23578,Georgia State University,3.75
Emory University Hospital,10/15/18,396747,16701,10/15/18,Medical Icu Inpatient Unit,39,Female,Bsn,3.0 - 3.49,,,No,,Yes,8/23/20,1.857534247,Family Obligations (Family/Friend Caregiving Responsibility),23579,Georgia State University,3.25
Emory University Hospital,10/15/18,430762,16702,10/15/18,Surgical Icu Inpatient Unit,32,Female,Accelerated Bsn,3.5 And Above,,,No,,No,,,,23580,Georgia State University,3.75
Emory University Hospital,10/15/18,1427478,16703,10/15/18,Surgical Icu Inpatient Unit,29,Female,Bsn,3.5 And Above,,,No,,No,,,,23581,Georgia State University,3.75
Emory University Hospital,11/3/21,451227,16704,11/14/21,Neurology/Neurosurgical Icu Inpatient Unit,22,Male,Bsn,3.5 And Above,,,No,,Yes,9/10/22,0.821917808,Relocating Out Of Area,23582,Georgia State University,3.75
Emory University Hospital,10/15/18,2191869,16705,10/15/18,Cardiac/Heart/Vascular Critical Care,21,Female,Bsn,3.5 And Above,,,No,,Yes,4/5/20,1.473972603,Obtained Position Representing A Different Job Experience,23583,Georgia State University,3.75
Emory University Hospital,7/30/18,425304,16706,,General Medical Inpatient Unit,35,Female,Bsn,2.0 - 2.49,,,No,,No,,,,23584,Georgia State University,2.25
Emory University Hospital,7/30/18,425426,16707,7/30/18,Perioperative Or,40,Female,Bsn,2.5 - 2.99,Full-Time,,No,,Yes,5/20/21,2.808219178,Relocating Out Of Area,23585,Georgia State University,2.75
Emory University Hospital,7/30/18,425433,16708,7/30/18,Neurology/Neurosurgical Icu Inpatient Unit,34,Female,Accelerated Bsn,3.5 And Above,Full-Time,,No,,Yes,4/7/20,1.690410959,Other/Unknown,23586,Georgia State University,3.75
Emory University Hospital,7/30/18,1917542,16709,,Neurology/Neurosurgical Icu Inpatient Unit,30,Male,Accelerated Bsn,3.5 And Above,,,No,,Yes,2/6/21,,Obtained Position Representing A Different Job Experience,23587,Georgia State University,3.75
Emory University Hospital,7/30/18,2198066,16710,,General Surgical Inpatient Unit,21,Female,Accelerated Bsn,3.5 And Above,,,No,,Yes,11/8/20,,Relocating Out Of Area,23588,Georgia State University,3.75
Emory University Hospital,7/30/18,683724,16711,,Perioperative Or,24,Female,Bsn,3.5 And Above,,,No,,No,,,,23589,Georgia State University,3.75
Emory University Hospital,7/16/18,412992,16712,7/16/18,Ambulatory Setting,53,Female,Adn/Asn,3.0 - 3.49,Full-Time,,No,,No,,,,23590,Georgia State University,3.25
Emory University Hospital,7/16/18,425669,16713,,Rehabilitation Inpatient Unit,21,Female,Bsn,3.5 And Above,,,No,,Yes,12/27/19,,Other/Unknown,23591,Georgia State University,3.75
Emory University Hospital,7/16/18,662373,16714,7/16/18,Ambulatory Setting,48,Female,Adn/Asn,3.0 - 3.49,Full-Time,,No,,No,,,,23592,Georgia State University,3.25
Emory Saint Joseph’S Hospital,2/26/18,269958,16715,,Medical/Surgical Inpatient Unit,25,Female,Bsn,3.5 And Above,,,No,,Yes,7/26/20,,Relocating Out Of Area,23593,Georgia State University,3.75
Emory University Hospital,2/23/18,422861,16716,,Perioperative Or,24,Male,Bsn,3.5 And Above,,,No,,No,,,,23594,Georgia State University,3.75
Emory University Hospital,2/23/18,423510,16717,,Cardiac/Heart/Vascular Critical Care,21,Female,Bsn,3.5 And Above,,,No,,No,,,,23595,Georgia State University,3.75
Emory University Hospital,2/23/18,423517,16718,,Neurology/Neurosurgical Icu Inpatient Unit,41,Female,Bsn,3.5 And Above,,,No,,No,,,,23596,Georgia State University,3.75
Emory University Hospital,7/18/17,409915,16720,,Neurology/Neurosurgical Icu Inpatient Unit,27,Male,Bsn,3.5 And Above,,,No,,No,,,,23598,Georgia State University,3.75
Emory University Hospital,7/18/17,414671,16721,,Surgical Icu Inpatient Unit,28,Male,Bsn,3.5 And Above,,,No,,No,,,,23599,Georgia State University,3.75
Emory University Hospital,7/18/17,419910,16722,,Cardiac/Heart/Vascular Critical Care,35,Female,Accelerated Bsn,3.0 - 3.49,,,No,,No,,,,23600,Georgia State University,3.25
Emory University Hospital,7/18/17,419979,16723,,Transplant Unit,29,Male,Ba In Nursing,3.0 - 3.49,,,No,,Yes,11/19/19,,Relocating Out Of Area,23601,Georgia State University,3.25
Emory University Hospital,7/18/17,2232562,16724,,Oncology Inpatient Unit,25,Female,Accelerated Bsn,3.0 - 3.49,,,No,,No,,,,23602,Georgia State University,3.25
Emory Saint Joseph’S Hospital,7/17/17,178400,16725,7/17/17,Medical/Surgical Inpatient Unit,41,Female,Bsn,3.5 And Above,,,No,,Yes,10/6/21,4.224657534,Relocating Out Of Area,23603,Georgia State University,3.75
Emory University Hospital,2/25/17,197892,16726,,Cardiac/Heart/Vascular Critical Care,22,Male,Accelerated Bsn,3.5 And Above,,,No,,No,,,,23604,Georgia State University,3.75
Emory University Hospital,2/25/17,286730,16727,,General Surgical Inpatient Unit,37,Female,Accelerated Bsn,3.5 And Above,,,No,,No,,,,23605,Georgia State University,3.75
Emory University Hospital,2/25/17,357851,16728,,Oncology Inpatient Unit,25,Female,Accelerated Bsn,3.5 And Above,,,No,,No,,,,23606,Georgia State University,3.75
Emory University Hospital,2/25/17,364115,16729,,Neurology/Neurosurgical Icu Inpatient Unit,22,Male,Accelerated Bsn,3.5 And Above,,,No,,No,,,,23607,Georgia State University,3.75
Emory University Hospital,2/25/17,473625,16730,,Neurology/Neurosurgical Icu Inpatient Unit,21,Female,Bsn,3.5 And Above,,,No,,No,,,,23608,Georgia State University,3.75
Emory University Hospital,2/25/17,517825,16731,,General Surgical Inpatient Unit,22,Female,Accelerated Bsn,3.5 And Above,,,No,,No,,,,23609,Georgia State University,3.75
Emory University Hospital,2/25/17,978295,16732,,Telemetry Unit,24,Female,Msn (Cnl),3.5 And Above,,,No,,No,,,,23610,Georgia State University,3.75
Emory University Hospital,2/25/17,992369,16733,,Surgical Icu Inpatient Unit,21,Male,Bsn,3.5 And Above,,,No,,No,,,,23611,Georgia State University,3.75
Emory University Hospital,2/24/17,534216,16734,,Emergency Department,26,Male,Accelerated Bsn,3.5 And Above,,,No,,No,,,,23612,Georgia State University,3.75
Emory University Hospital,10/13/16,415513,16735,,Medical/Surgical Inpatient Unit,40,Female,Accelerated Bsn,3.5 And Above,,,No,,No,,,,23613,Georgia State University,3.75
Emory University Hospital,10/12/16,415476,16736,,Oncology Inpatient Unit,24,Female,Bsn,3.5 And Above,,,No,,No,,,,23614,Georgia State University,3.75
Emory University Hospital,10/11/16,410644,16737,,Rehabilitation Inpatient Unit,22,Female,Adn/Asn,3.0 - 3.49,,,No,,No,,,,23615,Georgia State University,3.25
Emory University Hospital,4/22/16,246867,16738,,Medical/Surgical Icu Inpatient Unit,34,Female,Accelerated Bsn,3.5 And Above,,,No,,No,,,,23616,Georgia State University,3.75
Emory University Hospital,4/22/16,408000,16739,,Perioperative Or,23,Female,Bsn,3.5 And Above,,,No,,No,,,,23617,Georgia State University,3.75
Emory University Hospital,4/22/16,410296,16740,,Medical/Surgical Icu Inpatient Unit,37,Female,Accelerated Bsn,3.5 And Above,,,No,,No,,,,23618,Georgia State University,3.75
Emory University Hospital,4/22/16,681324,16741,,Medical/Surgical Icu Inpatient Unit,33,Female,Accelerated Bsn,3.5 And Above,,,No,,No,,,,23619,Georgia State University,3.75
Emory University Hospital,4/22/16,1523928,16742,,General Surgical Inpatient Unit,24,Female,Accelerated Bsn,3.5 And Above,,,No,,No,,,,23620,Georgia State University,3.75
Emory University Hospital,4/12/16,866750,16743,,Oncology Inpatient Unit,21,Female,Accelerated Bsn,3.0 - 3.49,,,No,,No,,,,23621,Georgia State University,3.25
Emory University Hospital,10/7/15,410845,16744,,Oncology Inpatient Unit,26,Female,Bsn,3.5 And Above,,,No,,No,,,,23622,Georgia State University,3.75
Emory University Hospital,10/7/15,410847,16745,,General Medical Inpatient Unit,24,Female,Bsn,3.0 - 3.49,,,No,,No,,,,23623,Georgia State University,3.25
Emory University Hospital,10/7/15,410892,16746,,General Medical Inpatient Unit,22,Female,Bsn,3.5 And Above,,,No,,Yes,6/3/17,,Other/Unknown,23624,Georgia State University,3.75
Emory University Hospital,10/5/15,1667839,16747,,General Surgical Inpatient Unit,22,Female,Bsn,3.5 And Above,,,No,,No,,,,23625,Georgia State University,3.75
Emory Saint Joseph’S Hospital,3/2/15,40819000,16748,3/2/15,Medical/Surgical Inpatient Unit,23,Female,Bsn,3.0 - 3.49,,,No,,Yes,7/4/20,5.345205479,Obtained Position Representing A Promotion/Career Advancement,23626,Georgia State University,3.25
Emory University Hospital,3/2/15,1269280,16749,,Medical/Surgical Icu Inpatient Unit,24,Female,Bsn,3.5 And Above,,,No,,No,,,,23627,Georgia State University,3.75
Emory University Hospital,3/2/15,408258,16750,,General Surgical Inpatient Unit,22,Female,Bsn,3.5 And Above,,,No,,No,,,,23628,Georgia State University,3.75
Emory University Hospital,2/16/15,408071,16751,,Medical/Surgical Inpatient Unit,25,Female,Bsn,3.0 - 3.49,,,No,,No,,,,23629,Georgia State University,3.25
Emory University Hospital,2/16/15,408092,16752,,Medical/Surgical Icu Inpatient Unit,28,Female,Accelerated Bsn,3.0 - 3.49,,,No,,No,,,,23630,Georgia State University,3.25
Emory University Hospital,2/16/15,1870289,16753,,Medical/Surgical Icu Inpatient Unit,44,Male,Bsn,3.5 And Above,,,No,,No,,,,23631,Georgia State University,3.75
Emory Saint Joseph’S Hospital,10/20/14,173678400,16755,,Medical/Surgical Inpatient Unit,22,Female,Bsn,3.5 And Above,,,No,,No,,,,23633,Georgia State University,3.75
Emory Saint Joseph’S Hospital,10/20/14,188120500,16756,,Medical/Surgical Inpatient Unit,27,Female,Bsn,3.5 And Above,,,No,,Yes,5/31/15,,Did Not Return From Leave Of Absence,23634,Georgia State University,3.75
Emory University Hospital,9/24/14,403369,16757,,Medical/Surgical Icu Inpatient Unit,25,Female,Bsn,3.5 And Above,,,No,,No,,,,23635,Georgia State University,3.75
Emory University Hospital,9/8/14,397711,16758,,Medical/Surgical Icu Inpatient Unit,27,Male,Bsn,3.0 - 3.49,,,No,,No,,,,23636,Georgia State University,3.25
Emory University Hospital,9/8/14,406565,16759,,Oncology Inpatient Unit,23,Female,Bsn,3.5 And Above,,,No,,No,,,,23637,Georgia State University,3.75
Emory University Hospital,9/8/14,1835018,16760,,Oncology Inpatient Unit,27,Female,Accelerated Bsn,3.5 And Above,,,No,,No,,,,23638,Georgia State University,3.75
Emory Saint Joseph’S Hospital,7/14/14,40596800,16761,,Medical/Surgical Inpatient Unit,34,Female,Bsn,3.5 And Above,,,No,,No,,,,23639,Georgia State University,3.75
Emory University Hospital,4/10/14,404966,16762,,Other (Please Specify),29,Female,Bsn,2.5 - 2.99,,,No,,No,,,,23640,Georgia State University,2.75
Emory University Hospital,3/31/14,40476600,16763,,General Surgical Inpatient Unit,27,Female,Bsn,3.5 And Above,,,No,,No,,,,23641,Georgia State University,3.75
Emory University Hospital,3/17/14,40434100,16765,,Other (Please Specify),29,Male,Bsn,3.0 - 3.49,,,No,,No,,,,23643,Georgia State University,3.25
Emory University Hospital,3/17/14,4230,16766,,General Medical Inpatient Unit,21,Female,Bsn,3.5 And Above,,,No,,No,,,,23644,Georgia State University,3.75
Emory University Hospital,3/17/14,8686,16767,,Other (Please Specify),45,Male,Bsn,3.5 And Above,,,No,,No,,,,23645,Georgia State University,3.75
Emory University Hospital,3/10/14,40436300,16768,,Other (Please Specify),42,Male,Bsn,3.0 - 3.49,,,No,,No,,,,23646,Georgia State University,3.25
Emory Saint Joseph’S Hospital,3/10/14,40438700,16769,,Telemetry Unit,36,Female,Bsn,3.5 And Above,,,No,,No,,,,23647,Georgia State University,3.75
Emory Saint Joseph’S Hospital,3/10/14,40450300,16770,,Medical/Surgical Inpatient Unit,33,Female,Bsn,3.0 - 3.49,,,No,,Yes,11/28/14,,Disability/Illness/Injury,23648,Georgia State University,3.25
Emory University Hospital,3/10/14,2019846,16771,,Telemetry Unit,35,Female,Accelerated Bsn,3.5 And Above,,,No,,No,,,,23649,Georgia State University,3.75
Emory Saint Joseph’S Hospital,10/7/13,39723000,16772,,Telemetry Unit,22,Female,Bsn,3.5 And Above,,,No,,No,,,,23650,Georgia State University,3.75
Emory Saint Joseph’S Hospital,10/7/13,40306600,16773,,Medical/Surgical Inpatient Unit,22,Female,Bsn,3.5 And Above,,,No,,No,,,,23651,Georgia State University,3.75
Emory Saint Joseph’S Hospital,10/7/13,40307700,16774,,Medical/Surgical Inpatient Unit,23,Male,Accelerated Bsn,3.5 And Above,,,No,,No,,,,23652,Georgia State University,3.75
Emory University Hospital,9/23/13,50951,16775,,Medical/Surgical Icu Inpatient Unit,31,Female,Bsn,3.0 - 3.49,,,No,,No,,,,23653,Georgia State University,3.25
Emory University Hospital,9/16/13,40288500,16777,,Perioperative Or,36,Female,Bsn,3.5 And Above,,,No,,No,,,,23655,Georgia State University,3.75
Emory University Hospital,9/16/13,2243,16778,,Medical/Surgical Icu Inpatient Unit,24,Female,Bsn,3.5 And Above,,,No,,No,,,,23656,Georgia State University,3.75
Emory University Hospital,8/26/13,402569,16779,,Medical/Surgical Icu Inpatient Unit,23,Female,Accelerated Bsn,3.5 And Above,,,No,,No,,,,23657,Georgia State University,3.75
Emory University Hospital,8/19/13,978,16780,,General Medical Inpatient Unit,30,Female,Accelerated Bsn,3.5 And Above,,,No,,No,,,,23658,Georgia State University,3.75
Emory University Hospital,8/19/13,9824,16781,,Mother/Baby Unit,23,Female,Bsn,3.0 - 3.49,,,No,,No,,,,23659,Georgia State University,3.25
Emory Saint Joseph’S Hospital,8/12/13,39725400,16782,,Medical/Surgical Icu Inpatient Unit,22,Female,Bsn,3.0 - 3.49,,,No,,Yes,3/3/14,,Unsatisfactory Performance,23660,Georgia State University,3.25
Emory University Hospital,3/11/13,1387,16785,,Medical/Surgical Icu Inpatient Unit,24,Female,Bsn,3.5 And Above,,,No,,No,,,,23663,Georgia State University,3.75
Emory University Hospital,3/11/13,3811,16786,,General Medical Inpatient Unit,26,Female,Accelerated Bsn,3.5 And Above,,,No,,No,,,,23664,Georgia State University,3.75
Emory University Hospital,3/11/13,7285,16787,,Medical/Surgical Icu Inpatient Unit,27,Male,Accelerated Bsn,3.5 And Above,,,No,,No,,,,23665,Georgia State University,3.75
Emory University Hospital,3/11/13,9038,16788,,General Medical Inpatient Unit,29,Male,Bsn,3.5 And Above,,,No,,No,,,,23666,Georgia State University,3.75
Emory University Hospital,3/11/13,9075,16789,,Medical/Surgical Icu Inpatient Unit,29,Female,Accelerated Bsn,3.5 And Above,,,No,,No,,,,23667,Georgia State University,3.75
Emory Saint Joseph’S Hospital,10/22/12,39918900,16790,,Medical/Surgical Inpatient Unit,29,Female,Accelerated Bsn,3.5 And Above,,,No,,No,,,,23668,Georgia State University,3.75
Emory University Hospital,9/10/12,1812,16792,,Other (Please Specify),22,Female,Bsn,3.5 And Above,,,No,,No,,,,23670,Georgia State University,3.75
Emory University Hospital,9/6/12,5739,16793,,Oncology Inpatient Unit,23,Female,Bsn,3.5 And Above,,,No,,No,,,,23671,Georgia State University,3.75
Emory University Hospital,7/30/12,5828,16794,,Medical/Surgical Icu Inpatient Unit,32,Female,Bsn,3.0 - 3.49,,,No,,No,,,,23672,Georgia State University,3.25
Emory Saint Joseph’S Hospital,7/23/12,21632800,16795,,Medical/Surgical Icu Inpatient Unit,36,Female,Accelerated Bsn,3.5 And Above,,,No,,No,,,,23673,Georgia State University,3.75
Emory Saint Joseph’S Hospital,7/23/12,39817300,16796,,Medical/Surgical Icu Inpatient Unit,33,Female,Accelerated Bsn,3.5 And Above,,,No,,No,,,,23674,Georgia State University,3.75
Emory Saint Joseph’S Hospital,7/23/12,39819200,16797,,Medical/Surgical Inpatient Unit,30,Female,Accelerated Bsn,3.5 And Above,,,No,,Yes,7/31/14,,Relocating Out Of Area,23675,Georgia State University,3.75
Emory University Hospital,6/14/12,143,16799,,Medical/Surgical Icu Inpatient Unit,36,Female,Accelerated Bsn,3.5 And Above,,,No,,No,,,,23677,Georgia State University,3.75
Emory University Hospital,6/14/12,1258,16800,,Telemetry Unit,22,Female,Bsn,3.5 And Above,,,No,,No,,,,23678,Georgia State University,3.75
Emory University Hospital,6/14/12,1665,16801,,General Medical Inpatient Unit,21,Female,Accelerated Bsn,3.0 - 3.49,,,No,,No,,,,23679,Georgia State University,3.25
Emory University Hospital,6/14/12,7512,16802,,General Medical Inpatient Unit,39,Male,Bsn,3.0 - 3.49,,,No,,No,,,,23680,Georgia State University,3.25
Emory Saint Joseph’S Hospital,3/26/12,39664600,16803,,Oncology Inpatient Unit,29,Female,Bsn,3.5 And Above,,,No,,Yes,1/1/15,,Unhappy With Job/Facility,23681,Georgia State University,3.75
Emory University Hospital,10/20/11,67,16804,,Perioperative Pacu,26,Male,Bsn,3.0 - 3.49,,,No,,No,,,,23682,Georgia State University,3.25
Emory University Hospital,10/20/11,2095,16805,,Mother/Baby Unit,25,Female,Bsn,3.0 - 3.49,,,No,,No,,,,23683,Georgia State University,3.25
Emory University Hospital,10/20/11,2186,16806,,Medical/Surgical Icu Inpatient Unit,24,Female,Bsn,3.5 And Above,,,No,,Yes,1/1/13,,Relocating Out Of Area,23684,Georgia State University,3.75
Emory University Hospital,10/20/11,3551,16807,,Emergency Department,41,Female,Accelerated Bsn,3.5 And Above,,,No,,No,,,,23685,Georgia State University,3.75
Emory University Hospital,10/20/11,8164,16808,,Medical/Surgical Icu Inpatient Unit,23,Female,Bsn,3.5 And Above,,,No,,No,,,,23686,Georgia State University,3.75
Emory Saint Joseph’S Hospital,6/6/11,24441,16809,,Medical/Surgical Inpatient Unit,29,Female,Bsn,3.0 - 3.49,,,No,,No,,,,23687,Georgia State University,3.25
Emory Saint Joseph’S Hospital,6/6/11,24444,16810,,Medical/Surgical Inpatient Unit,22,Female,Bsn,3.0 - 3.49,,,No,,Yes,1/1/14,,Relocating Out Of Area,23688,Georgia State University,3.25
Emory Saint Joseph’S Hospital,3/14/11,24321,16811,,Medical/Surgical Inpatient Unit,30,Male,Bsn,3.0 - 3.49,,,No,,No,,,,23689,Georgia State University,3.25
Emory Saint Joseph’S Hospital,3/14/11,24323,16812,,Medical/Surgical Inpatient Unit,26,Female,Bsn,3.5 And Above,,,No,,No,,,,23690,Georgia State University,3.75
Emory Saint Joseph’S Hospital,3/29/10,5090,16813,,Other (Please Specify),33,Female,Bsn,3.5 And Above,,,No,,No,,,,23691,Georgia State University,3.75
Emory Saint Joseph’S Hospital,8/16/09,7829,16815,,Other (Please Specify),31,Male,Bsn,2.5 - 2.99,,,No,,No,,,,23693,Georgia State University,2.75
Emory Saint Joseph’S Hospital,8/16/09,8204,16816,,Other (Please Specify),50,Female,Bsn,3.5 And Above,,,No,,No,,,,23694,Georgia State University,3.75
Emory Saint Joseph’S Hospital,3/30/09,1188,16817,,Other (Please Specify),31,Female,Accelerated Bsn,3.5 And Above,,,No,,No,,,,23695,Georgia State University,3.75
Emory University Hospital,11/30/04,599,16818,,,49,Female,Bsn,3.5 And Above,,,No,,No,,,,23696,Georgia State University,3.75
Emory University Hospital,11/30/04,7519,16819,,,29,Female,Bsn,3.0 - 3.49,,,No,,No,,,,23697,Georgia State University,3.25
Emory University Hospital,10/31/04,4632,16820,,,37,Female,Bsn,3.5 And Above,,,No,,No,,,,23698,Georgia State University,3.75
Emory Decatur Hospital,10/11/22,458635,16822,10/10/22,Medical/Surgical Intermediate Unit,33,Female,Bsn,3.5 And Above,,,No,,No,,,,23700,Georgia State University,3.75
Emory Decatur Hospital,10/11/22,458636,16823,10/10/22,Medical/Surgical Intermediate Unit,25,Female,Bsn,3.5 And Above,,,No,,No,,,,23701,Georgia State University,3.75
Emory Long Term Acute Care,8/2/22,457142,16824,7/25/22,Other (Please Specify),26,Female,Adn/Asn,3.0 - 3.49,,,No,,No,,,,23702,Georgia State University,3.25
Emory University Hospital,5/1/20,440118,16825,3/2/20,General Medical Inpatient Unit,22,Female,Bsn,3.0 - 3.49,,,No,,Yes,2/6/23,2.934246575,Other/Unknown,23703,Georgia State University,3.25
Emory University Hospital,3/30/20,440300,16826,3/2/20,Medical/Surgical Intermediate Unit,28,Female,Accelerated Bsn,3.5 And Above,,,No,,Yes,11/28/22,2.742465753,Relocating Out Of Area,23704,Georgia State University,3.75
Emory University Hospital,10/15/18,425670,16827,10/15/18,Mother/Baby Unit,23,Female,Accelerated Bsn,3.0 - 3.49,,,No,,No,,,,23705,Georgia State University,3.25
Emory Saint Joseph’S Hospital,10/24/16,21678,16831,,Medical/Surgical Inpatient Unit,25,Female,Accelerated Bsn,3.5 And Above,,,No,,No,,,,23709,Georgia State University,3.75
Emory University Hospital,10/20/25,484106,16834,11/3/25,Procedural Unit,42,Female,Bsn,3.5 And Above,Full-Time,,No,,No,,,,23712,Gordon State College,3.75
Emory University Hospital,8/28/25,736516,16835,8/18/25,Transplant Unit,28,Female,Bsn,3.0 - 3.49,Full-Time,,No,,No,,,,23713,Gordon State College,3.25
Emory Decatur Hospital,8/20/24,472536,16836,8/12/24,Neonatal Icu Inpatient Unit,24,Female,Bsn,3.5 And Above,Full-Time,,No,,No,,,,23714,Gordon State College,3.75
Emory University Hospital Midtown,4/5/24,454987,16837,4/1/24,Neonatal Icu Inpatient Unit,23,Female,Adn/Asn,3.0 - 3.49,Full-Time,,No,,No,,,,23715,Gordon State College,3.25
Emory University Hospital Midtown,8/11/23,464095,16838,6/26/23,Cardiac/Heart/Vascular Critical Care,39,Female,Adn/Asn,2.5 - 2.99,Full-Time,,No,,No,,,,23716,Gordon State College,2.75
Emory University Hospital,3/18/22,404352,16839,3/6/22,General Surgical Inpatient Unit,35,Female,Adn/Asn,2.5 - 2.99,,,No,,No,,,,23717,Gordon State College,2.75
Emory University Hospital Midtown,8/12/22,457070,16840,8/29/22,Obstetrics/Labor & Delivery Inpatient Unit,24,Female,Bsn,3.0 - 3.49,Full-Time,,No,,Yes,6/1/23,0.756164384,Other/Unknown,23718,Gordon State College,3.25
Emory Johns Creek Hospital,7/12/21,447920,16841,7/19/21,Medical/Surgical Icu Inpatient Unit,23,Female,Bsn,3.0 - 3.49,Per Diem,,No,,Yes,2/27/24,2.610958904,Other/Unknown,23719,Gordon State College,3.25
Emory University Hospital,3/31/14,171500900,16849,,Medical/Surgical Inpatient Unit,46,Female,Bsn,3.0 - 3.49,,,No,,No,,,,23727,Georgia State University,3.25
Emory University Hospital Midtown,4/4/25,476887,16894,3/31/25,Medical/Surgical Inpatient Unit,38,Male,Bsn,3.5 And Above,Full-Time,,No,,No,,,,23769,Herzing University,3.75
Emory Long Term Acute Care,11/12/24,474776,16895,11/4/24,Rehabilitation Inpatient Unit,50,Female,Bsn,3.0 - 3.49,Full-Time,,No,,Yes,11/29/25,1.068493151,Obtained Position Representing A Different Job Experience,23770,Herzing University,3.25
Emory Decatur Hospital,11/12/24,475140,16896,11/18/24,Medical/Surgical Intermediate Unit,33,Female,Bsn,3.0 - 3.49,Full-Time,,No,,No,,,,23771,Herzing University,3.25
Emory University Hospital Midtown,10/28/24,444304,12050,11/10/24,Ambulatory Setting,31,Female,Bsn,2.5 - 2.99,Full-Time,,No,,No,,,,16702,Herzing University,2.75
The Emory Clinic,8/22/24,436682,16898,8/4/24,Perioperative Or,48,Female,Bsn,3.5 And Above,Full-Time,,No,,No,,,,23772,Herzing University,3.75
Emory Hillandale Hospital,8/22/24,473139,16899,8/12/24,Emergency Department,26,Female,Bsn,3.5 And Above,Full-Time,,No,,No,,,,23773,Herzing University,3.75
Emory Decatur Hospital,8/20/24,401442,16900,9/10/24,Psychiatric Inpatient Unit,63,Female,Bsn,3.0 - 3.49,Full-Time,,No,,No,,,,23774,Herzing University,3.25
Emory Long Term Acute Care,8/20/24,442244,16901,8/18/24,Other (Please Specify),37,Female,Bsn,3.0 - 3.49,Full-Time,,No,,No,,,,23775,Herzing University,3.25
Emory University Hospital,3/11/24,462943,11261,3/4/24,Oncology Inpatient Unit,23,Female,Bsn,3.5 And Above,Full-Time,,No,,Yes,1/18/25,0.876712329,Other/Unknown,23776,Herzing University,3.75
Emory University Hospital Midtown,8/9/24,468444,16903,7/22/24,Perioperative Or,25,Female,Bsn,3.0 - 3.49,Full-Time,,No,,No,,,,23777,Herzing University,3.25
Emory University Hospital,8/5/24,1756340,16904,8/19/24,Transplant Unit,31,Female,Bsn,3.0 - 3.49,Full-Time,,No,,No,,,,23778,Herzing University,3.25
Emory Hillandale Hospital,3/26/24,469582,16905,3/25/24,Emergency Department,34,Female,Adn/Asn,2.5 - 2.99,Full-Time,,No,,No,,,,23779,Herzing University,2.75
Emory University Hospital,3/11/24,468058,16906,1/22/24,General Medical Inpatient Unit,25,Female,Bsn,3.0 - 3.49,Full-Time,,No,,No,,,,23780,Herzing University,3.25
Emory University Hospital,3/11/24,2540275,16907,2/19/24,Telemetry Unit,23,Female,Bsn,3.0 - 3.49,Full-Time,,No,,No,,,,23781,Herzing University,3.25
Emory University Hospital,2/22/24,468753,16908,2/19/24,Perioperative Or,24,Female,Bsn,3.0 - 3.49,Full-Time,,No,,No,,,,23782,Herzing University,3.25
Emory University Hospital,11/8/23,465697,16909,10/30/23,Cardiac/Heart/Vascular Critical Care,42,Female,Bsn,3.0 - 3.49,Full-Time,,No,,No,,,,23783,Herzing University,3.25
Emory University Hospital,8/7/23,2543638,16910,7/24/23,Medical/Surgical Intermediate Unit,24,Female,Adn/Asn,3.0 - 3.49,Full-Time,,No,,No,,,,23784,Herzing University,3.25
Emory University Hospital Midtown,3/13/23,352103,16911,1/9/23,Oncology Inpatient Unit,57,Female,Bsn,3.0 - 3.49,Full-Time,,No,,No,,,,23785,Herzing University,3.25
Emory University Hospital Midtown,10/28/22,443732,16912,7/25/21,Cardiac/Heart/Vascular Critical Care,29,Male,Bsn,3.5 And Above,,,No,,No,,,,23786,Herzing University,3.75
Emory Saint Joseph’S Hospital,10/17/22,459752,16913,11/14/22,Medical/Surgical Inpatient Unit,31,Female,Adn/Asn,3.5 And Above,,,No,,No,,,,23787,Herzing University,3.75
Emory Decatur Hospital,8/20/24,472535,16915,8/12/24,Observation Unit,31,Female,Bsn,3.5 And Above,Full-Time,,No,,Yes,2/28/25,0.547945206,Other/Unknown,23789,Herzing University,3.75
Emory Decatur Hospital,10/20/23,466076,16916,9/18/23,Perioperative Or,30,Female,Bs,3.0 - 3.49,Full-Time,,No,,Yes,8/13/24,0.904109589,Obtained Position Representing A Different Job Experience,23790,Herzing University,3.25
Emory Johns Creek Hospital,7/12/21,442785,16917,8/23/21,General Medical Inpatient Unit,29,Female,Bsn,3.5 And Above,Full-Time,,No,,No,,,,23791,Herzing University,3.75
Emory University Hospital,4/16/21,401479,16918,3/21/21,Emergency Department,30,Female,Bsn,3.0 - 3.49,,,No,,No,,,,23792,Herzing University,3.25
Emory University Hospital Midtown,10/30/20,442422,16919,10/26/20,Neurology/Neurosurgical Icu Inpatient Unit,35,Male,Bsn,3.0 - 3.49,Full-Time,,No,,No,,,,23793,Herzing University,3.25
Emory University Hospital Midtown,10/30/20,442599,16920,9/13/20,Medical/Surgical Inpatient Unit,46,Female,Bsn,2.5 - 2.99,,,No,,Yes,9/28/22,2.04109589,Family Obligations (Family/Friend Caregiving Responsibility),23794,Herzing University,2.75
Emory Hillandale Hospital,10/13/20,443006,16921,10/5/20,Medical/Surgical Inpatient Unit,38,Female,Bsn,3.5 And Above,,,No,,No,,,,23795,Herzing University,3.75
Emory University Hospital Midtown,10/31/19,438311,16922,12/2/19,General Medical Inpatient Unit,35,Female,Bsn,3.5 And Above,,,No,,No,,,,23796,Herzing University,3.75
Emory University Hospital Midtown,10/31/19,2198381,16923,10/28/19,Cardiac/Heart/Vascular Critical Care,37,Female,Bsn,3.5 And Above,,,No,,No,,,,23797,Herzing University,3.75
Emory University Hospital,8/1/19,432986,16924,7/22/19,General Medical Inpatient Unit,23,Male,Bsn,3.0 - 3.49,,,No,,Yes,9/6/21,2.128767123,Relocating Out Of Area,23798,Herzing University,3.25
Emory Saint Joseph’S Hospital,7/15/19,436134,16925,7/15/19,Orthopedic Inpatient Unit,24,Male,Bsn,3.0 - 3.49,Full-Time,,No,,No,,,,23799,Herzing University,3.25
Emory University Hospital Midtown,2/28/19,430742,16926,2/25/19,Medical/Surgical Intermediate Unit,29,Female,Bsn,3.0 - 3.49,Full-Time,,No,,No,,,,23800,Herzing University,3.25
Emory Decatur Hospital,2/26/19,430570,16927,3/4/19,Emergency Department,26,Male,Bsn,3.0 - 3.49,Full-Time,,No,,Yes,3/1/21,1.994520548,Obtained Position Representing A Different Job Experience,23801,Herzing University,3.25
Emory University Hospital,2/26/19,433101,16928,3/4/19,General Medical Inpatient Unit,29,Female,Bsn,3.0 - 3.49,Full-Time,,No,,Yes,7/14/20,1.364383562,Obtained Position With A More Desirable Work Schedule,23802,Herzing University,3.25
Emory University Hospital,2/26/19,1040884,16929,3/4/19,General Medical Inpatient Unit,53,Male,Bsn,3.0 - 3.49,Full-Time,,No,,Yes,5/1/20,1.161643836,Compensation/Pay,23803,Herzing University,3.25
Emory University Hospital,10/16/18,40332400,16930,10/15/18,General Medical Inpatient Unit,29,Female,Accelerated Bsn,3.5 And Above,,,No,,No,,,,23804,Herzing University,3.75
Emory Saint Joseph’S Hospital,10/8/18,9885,16931,10/8/18,Medical/Surgical Inpatient Unit,30,Female,Bsn,3.0 - 3.49,,,No,,Yes,4/16/21,2.523287671,Compensation/Pay,23805,Herzing University,3.25
Emory Saint Joseph’S Hospital,3/7/16,893392,16933,,General Medical Inpatient Unit,34,Female,Bsn,3.0 - 3.49,,,No,,No,,,,23807,Herzing University,3.25
Emory Hillandale Hospital,10/11/22,459448,16935,11/7/22,Medical Icu Inpatient Unit,39,Female,Adn/Asn,3.5 And Above,,,No,,Yes,8/17/24,1.778082192,Other/Unknown,23809,Herzing University,3.75
Emory University Hospital Midtown,10/31/19,372920,16936,10/28/19,Medical Icu Inpatient Unit,34,Female,Bsn,3.0 - 3.49,,,No,,No,,,,23810,Herzing University,3.25
Emory University Hospital,10/24/19,415643,16937,10/21/19,General Medical Inpatient Unit,41,Female,Bsn,3.0 - 3.49,,,No,,Yes,12/20/20,1.167123288,Did Not Return From Leave Of Absence,23811,Herzing University,3.25
Emory University Hospital,10/24/19,438496,16938,10/21/19,General Medical Inpatient Unit,47,Female,Bsn,3.5 And Above,,,No,,Yes,3/5/22,2.37260274,Returning To School Full-Time,23812,Herzing University,3.75
Emory University Hospital,3/11/13,882,16984,,General Medical Inpatient Unit,35,Female,Accelerated Bsn,3.5 And Above,,,No,,No,,,,23858,Jacksonville University,3.75
Emory University Hospital,11/12/25,484173,17043,11/3/25,Medical Icu Inpatient Unit,23,Female,Bsn,3.5 And Above,Full-Time,,No,,No,,,,23917,Kennesaw State University,3.75
Emory University Hospital,8/20/25,479068,17050,7/28/25,Medical/Surgical Icu Inpatient Unit,29,Female,Accelerated Bsn,3.5 And Above,Full-Time,,No,,No,,,,23924,Kennesaw State University,3.75
The Emory Clinic,8/18/25,476719,17052,8/18/25,Ambulatory Setting,26,Female,Bsn,3.0 - 3.49,Full-Time,,No,,No,,,,23926,Kennesaw State University,3.25
Emory University Hospital,8/18/25,479041,17053,7/28/25,Transplant Unit,25,Female,Accelerated Bsn,3.5 And Above,Full-Time,,No,,No,,,,23927,Kennesaw State University,3.75
Emory Saint Joseph’S Hospital,7/10/25,478705,17055,7/7/25,Medical/Surgical Inpatient Unit,29,Female,Accelerated Bsn,3.5 And Above,Full-Time,,No,,No,,,,23929,Kennesaw State University,3.75
Emory Decatur Hospital,4/1/25,477345,17057,3/24/25,Obstetrics/Labor & Delivery Inpatient Unit,26,Female,Accelerated Bsn,3.0 - 3.49,Full-Time,,No,,No,,,,23931,Kennesaw State University,3.25
Emory University Hospital Midtown,2/15/21,444994,17058,2/15/21,Perioperative Or,24,Female,Bsn,3.0 - 3.49,,,No,,Yes,6/4/21,0.298630137,Family Obligations (Family/Friend Caregiving Responsibility),23932,Kennesaw State University,3.25
Emory Saint Joseph’S Hospital,2/17/25,476348,17059,3/24/25,Emergency Department,22,Male,Bsn,3.0 - 3.49,Full-Time,,No,,No,,,,23933,Kennesaw State University,3.25
Emory University Hospital,11/13/24,463216,17060,6/5/23,Surgical Icu Inpatient Unit,23,Female,Bsn,3.0 - 3.49,Full-Time,,No,,No,,,,23934,Kennesaw State University,3.25
Emory Saint Joseph’S Hospital,2/24/23,2481478,17061,2/20/23,Emergency Department,28,Female,Accelerated Bsn,3.5 And Above,Full-Time,,No,,Yes,2/1/24,0.947945206,Relocating Out Of Area,23935,Kennesaw State University,3.75
Emory Decatur Hospital,11/12/24,474849,17062,11/4/24,Medical/Surgical Intermediate Unit,25,Female,Bsn,3.5 And Above,Full-Time,,No,,No,,,,23936,Kennesaw State University,3.75
Emory University Hospital Midtown,10/25/24,474493,17063,10/14/24,Neonatal Icu Inpatient Unit,22,Female,Bsn,3.5 And Above,Full-Time,,No,,No,,,,23937,Kennesaw State University,3.75
Emory University Hospital Midtown,4/1/20,440009,17064,2/24/20,Emergency Department,24,Female,Bsn,3.0 - 3.49,,,No,,Yes,3/23/20,0.076712329,Unhappy With Job/Facility,23938,Kennesaw State University,3.25
Emory University Hospital Midtown,10/25/24,474734,17065,10/28/24,Medical Icu Inpatient Unit,23,Female,Bsn,3.5 And Above,Full-Time,,No,,No,,,,23939,Kennesaw State University,3.75
Emory Saint Joseph’S Hospital,10/2/24,2424874,17066,9/30/24,Medical/Surgical Inpatient Unit,37,Female,Bsn,3.0 - 3.49,Full-Time,,No,,No,,,,23940,Kennesaw State University,3.25
Emory University Hospital Midtown,4/5/24,2543572,17067,2/26/24,Emergency Department,22,Female,Bsn,3.5 And Above,Full-Time,,No,,Yes,9/14/24,0.550684932,Other/Unknown,23941,Kennesaw State University,3.75
Emory Decatur Hospital,8/20/24,472352,17068,7/15/24,Emergency Department,33,Female,Accelerated Bsn,3.5 And Above,Full-Time,,No,,No,,,,23942,Kennesaw State University,3.75
Emory University Hospital Midtown,8/9/24,472661,17069,8/5/24,Medical/Surgical Inpatient Unit,25,Female,Bsn,3.5 And Above,Full-Time,,No,,No,,,,23943,Kennesaw State University,3.75
Emory University Hospital,3/11/24,2327778,17070,3/4/24,Medical/Surgical Intermediate Unit,24,Female,Accelerated Bsn,3.5 And Above,Full-Time,,No,,Yes,2/22/25,0.97260274,Other/Unknown,23944,Kennesaw State University,3.75
Emory University Hospital Midtown,8/9/24,2171989,17071,8/5/24,Medical Icu Inpatient Unit,28,Female,Accelerated Bsn,3.5 And Above,Full-Time,,No,,No,,,,23945,Kennesaw State University,3.75
Emory University Hospital,8/5/24,473143,17072,8/19/24,Neurology Inpatient Unit,27,Female,Bsn,3.0 - 3.49,Full-Time,,No,,No,,,,23946,Kennesaw State University,3.25
Emory University Hospital,4/24/24,2470763,17073,10/4/21,Cardiac/Heart/Vascular Critical Care,36,Female,Bsn,3.5 And Above,Full-Time,,No,,No,,,,23947,Kennesaw State University,3.75
Emory Saint Joseph’S Hospital,2/22/24,468376,17074,2/5/24,Medical/Surgical Icu Inpatient Unit,29,Male,Accelerated Bsn,3.0 - 3.49,Full-Time,,No,,No,,,,23948,Kennesaw State University,3.25
Emory Saint Joseph’S Hospital,2/22/24,468440,17075,2/19/24,Perioperative Or,23,Female,Bsn,3.0 - 3.49,Full-Time,,No,,Yes,5/26/25,1.265753425,Obtained Position Representing A Different Job Experience,23949,Kennesaw State University,3.25
Emory Saint Joseph’S Hospital,2/22/24,468557,17076,2/5/24,Cardiac/Heart/Vascular Critical Care,24,Female,Bsn,3.5 And Above,Full-Time,,No,,No,,,,23950,Kennesaw State University,3.75
Emory Saint Joseph’S Hospital,2/22/24,468979,17077,2/26/24,Telemetry Unit,24,Female,Bsn,3.0 - 3.49,Full-Time,,No,,No,,,,23951,Kennesaw State University,3.25
Emory Decatur Hospital,11/14/23,2481193,17078,10/30/23,Obstetrics/Labor & Delivery Inpatient Unit,23,Female,Bsn,3.5 And Above,Full-Time,,No,,No,,,,23952,Kennesaw State University,3.75
Emory University Hospital,11/8/23,461430,17079,10/9/23,Cardiac/Heart/Vascular Critical Care,23,Female,Bsn,3.5 And Above,Full-Time,,No,,No,,,,23953,Kennesaw State University,3.75
Emory University Hospital Midtown,4/1/20,1601754,17080,3/30/20,Obstetrics/Labor & Delivery Inpatient Unit,49,Female,Bsn,3.5 And Above,,,No,,Yes,2/14/21,0.879452055,Family Obligations (Family/Friend Caregiving Responsibility),23954,Kennesaw State University,3.75
Emory University Hospital,11/8/23,465829,17081,10/8/23,Surgical Icu Inpatient Unit,22,Female,Bsn,3.5 And Above,Full-Time,,No,,No,,,,23955,Kennesaw State University,3.75
Emory University Hospital Midtown,10/27/23,466325,17082,10/23/23,Cardiac/Heart/Vascular Critical Care,23,Female,Bsn,3.5 And Above,Full-Time,,No,,No,,,,23956,Kennesaw State University,3.75
Emory University Hospital Midtown,4/5/24,2426478,17083,4/29/24,Cardiac/Heart/Vascular Critical Care,23,Female,Bsn,3.0 - 3.49,Full-Time,,No,,Yes,10/23/24,0.484931507,Other/Unknown,23957,Kennesaw State University,3.25
Emory Saint Joseph’S Hospital,10/20/23,466201,17084,10/16/23,Medical/Surgical Intermediate Unit,26,Female,Accelerated Bsn,3.0 - 3.49,Full-Time,,No,,No,,,,23958,Kennesaw State University,3.25
Emory University Hospital,8/16/23,463035,17085,8/6/23,Neurology/Neurosurgical Icu Inpatient Unit,24,Male,Accelerated Bsn,3.0 - 3.49,Full-Time,,No,,No,,,,23959,Kennesaw State University,3.25
Emory University Hospital,8/16/23,464294,17086,7/24/23,Surgical Icu Inpatient Unit,24,Female,Accelerated Bsn,3.5 And Above,Full-Time,,No,,No,,,,23960,Kennesaw State University,3.75
Emory Saint Joseph’S Hospital,7/12/24,471026,17087,6/24/24,Medical/Surgical Inpatient Unit,33,Female,Bsn,3.0 - 3.49,Full-Time,,No,,Yes,11/15/24,0.394520548,Did Not Return From Leave Of Absence,23961,Kennesaw State University,3.25
Emory Decatur Hospital,8/15/23,461777,17088,6/19/23,Medical/Surgical Intermediate Unit,40,Female,Bsn,3.0 - 3.49,Full-Time,,No,,Yes,8/31/24,1.202739726,Unsatisfactory Performance,23962,Kennesaw State University,3.25
Emory Saint Joseph’S Hospital,7/12/24,2479751,17089,6/24/24,Medical/Surgical Inpatient Unit,25,Female,Bsn,3.0 - 3.49,Full-Time,,No,,Yes,10/6/24,0.284931507,Other/Unknown,23963,Kennesaw State University,3.25
Emory University Hospital Midtown,8/11/23,464369,17090,7/31/23,Emergency Department,33,Female,Accelerated Bsn,3.0 - 3.49,Full-Time,,No,,No,,,,23964,Kennesaw State University,3.25
Emory Saint Joseph’S Hospital,7/21/23,460283,17091,6/5/23,Medical/Surgical Intermediate Unit,23,Female,Bsn,3.0 - 3.49,Full-Time,,No,,No,,,,23965,Kennesaw State University,3.25
Emory University Hospital,4/26/23,420550,17092,4/4/23,Cardiac/Heart/Vascular Critical Care,29,Male,Accelerated Bsn,3.0 - 3.49,Full-Time,,No,,No,,,,23966,Kennesaw State University,3.25
Emory University Hospital,4/26/23,461570,17093,3/6/23,Emergency Department,26,Female,Accelerated Bsn,3.5 And Above,Full-Time,,No,,Yes,3/10/25,2.01369863,Other/Unknown,23967,Kennesaw State University,3.75
Emory University Hospital,4/26/23,461572,17094,3/6/23,Cardiac/Heart/Vascular Critical Care,32,Male,Bsn,3.5 And Above,Full-Time,,No,,Yes,7/5/24,1.334246575,Other/Unknown,23968,Kennesaw State University,3.75
Emory University Hospital,4/26/23,2183685,17095,3/13/23,Cardiac/Heart/Vascular Critical Care,25,Male,Bsn,3.0 - 3.49,Full-Time,,No,,Yes,5/18/25,2.183561644,Other/Unknown,23969,Kennesaw State University,3.25
Emory University Hospital Midtown,4/7/23,2463258,17096,3/27/23,Neurology/Neurosurgical Icu Inpatient Unit,22,Female,Bsn,3.5 And Above,Full-Time,,No,,No,,,,23970,Kennesaw State University,3.75
Emory University Hospital,3/13/23,1974904,17097,3/6/23,Orthopedic Inpatient Unit,28,Female,Accelerated Bsn,3.5 And Above,Full-Time,,No,,No,,,,23971,Kennesaw State University,3.75
Emory University Hospital Midtown,10/28/22,458370,17098,10/31/22,Medical Icu Inpatient Unit,22,Female,Bsn,3.5 And Above,,,No,,Yes,4/13/24,1.452054795,Relocating Out Of Area,23972,Kennesaw State University,3.75
Emory University Hospital Midtown,10/28/22,459460,17099,10/24/22,Neonatal Icu Inpatient Unit,35,Female,Bsn,3.5 And Above,,,No,,No,,,,23973,Kennesaw State University,3.75
Emory Saint Joseph’S Hospital,10/17/22,459384,17100,10/17/22,Telemetry Unit,23,Female,Bsn,3.0 - 3.49,Full-Time,,No,,No,,,,23974,Kennesaw State University,3.25
The Emory Clinic,10/17/22,2320658,17101,10/17/22,Ambulatory Setting,23,Female,Bsn,3.5 And Above,,,No,,No,,,,23975,Kennesaw State University,3.75
The Emory Clinic,10/17/22,2428542,17102,10/31/22,Ambulatory Setting,41,Female,Bsn,3.5 And Above,,,No,,No,,,,23976,Kennesaw State University,3.75
Emory University Hospital,10/14/22,459037,17103,10/31/22,Neurology/Neurosurgical Icu Inpatient Unit,22,Female,Bsn,3.5 And Above,Full-Time,,No,,No,,,,23977,Kennesaw State University,3.75
Emory University Hospital,10/14/22,459055,17104,10/31/22,Surgical Icu Inpatient Unit,23,Female,Bsn,3.5 And Above,,,No,,No,,,,23978,Kennesaw State University,3.75
Emory University Hospital,10/14/22,459478,17105,10/24/22,Cardiac/Heart/Vascular Critical Care,22,Female,Bsn,3.5 And Above,,,No,,No,,,,23979,Kennesaw State University,3.75
Emory University Hospital,10/14/22,2360197,17106,10/10/22,Cardiac/Heart/Vascular Critical Care,22,Female,Bsn,3.5 And Above,,,No,,Yes,1/5/25,2.24109589,Other/Unknown,23980,Kennesaw State University,3.75
Emory University Hospital,8/17/22,2465057,17107,7/11/22,Cardiac/Heart/Vascular Critical Care,25,Female,Accelerated Bsn,3.0 - 3.49,,,No,,No,,,,23981,Kennesaw State University,3.25
Emory Johns Creek Hospital,7/18/22,2357544,17108,7/25/22,Obstetrics/Labor & Delivery Inpatient Unit,30,Female,Accelerated Bsn,3.5 And Above,,,No,,No,,,,23982,Kennesaw State University,3.75
Emory University Hospital,4/27/22,443847,17109,3/28/22,Surgical Icu Inpatient Unit,26,Female,Bsn,3.0 - 3.49,,,No,,No,,,,23983,Kennesaw State University,3.25
Emory University Hospital Midtown,4/1/22,453216,17110,3/28/22,Cardiac/Heart/Vascular Critical Care,23,Female,Bsn,3.5 And Above,,,No,,No,,,,23984,Kennesaw State University,3.75
Emory University Hospital,3/18/22,453440,17111,4/4/22,Oncology Inpatient Unit,22,Female,Bsn,3.5 And Above,,,No,,No,,,,23985,Kennesaw State University,3.75
The Emory Clinic,2/21/22,452469,17112,1/10/22,Ambulatory Setting,26,Male,Bsn,3.5 And Above,,,No,,No,,,,23986,Kennesaw State University,3.75
Emory Saint Joseph’S Hospital,2/21/22,452784,17113,2/21/22,Cardiac/Heart/Vascular Critical Care,22,Female,Bsn,3.5 And Above,,,No,,No,,,,23987,Kennesaw State University,3.75
Emory Johns Creek Hospital,2/21/22,452886,17114,2/21/22,General Medical Inpatient Unit,39,Female,Bsn,3.5 And Above,,,No,,No,,,,23988,Kennesaw State University,3.75
Emory University Hospital Midtown,8/12/22,456199,17115,8/8/22,Mother/Baby Unit,24,Female,Bsn,3.5 And Above,,,No,,Yes,11/16/22,0.273972603,Obtained Position With A More Desirable Work Schedule,23989,Kennesaw State University,3.75
Emory University Hospital,11/3/21,450898,17116,11/1/21,Cardiac/Heart/Vascular Critical Care,23,Female,Bsn,3.5 And Above,,,No,,Yes,4/1/23,1.41369863,Compensation/Pay,23990,Kennesaw State University,3.75
Emory University Hospital Midtown,9/27/21,2371050,17117,10/11/21,Perioperative Or,22,Female,Bsn,3.5 And Above,,,No,,Yes,11/7/22,1.073972603,Other/Unknown,23991,Kennesaw State University,3.75
Emory University Hospital,8/26/21,445508,17118,7/19/21,Emergency Department,24,Female,Bsn,3.5 And Above,,,No,,No,,,,23992,Kennesaw State University,3.75
Emory University Hospital Midtown,8/26/21,448617,17119,8/9/21,Neurology/Neurosurgical Icu Inpatient Unit,26,Female,Bsn,3.5 And Above,,,No,,Yes,10/4/24,3.156164384,Other/Unknown,23993,Kennesaw State University,3.75
Emory University Hospital Midtown,8/26/21,2425568,17120,8/9/21,Surgical Icu Inpatient Unit,37,Female,Accelerated Bsn,3.5 And Above,,,No,,No,,,,23994,Kennesaw State University,3.75
Emory University Hospital,8/18/21,447958,17121,7/19/21,Cardiac/Heart/Vascular Critical Care,25,Male,Bsn,3.0 - 3.49,,,No,,No,,,,23995,Kennesaw State University,3.25
Emory University Hospital,7/22/21,445345,17122,7/19/21,Orthopedic Inpatient Unit,22,Female,Bsn,3.5 And Above,,,No,,No,,,,23996,Kennesaw State University,3.75
Emory University Hospital,4/16/21,445547,17123,3/22/21,Medical Icu Inpatient Unit,22,Male,Bsn,3.5 And Above,Full-Time,,No,,No,,,,23997,Kennesaw State University,3.75
Emory University Hospital,4/16/21,445577,17124,3/22/21,Emergency Department,33,Female,Bsn,3.0 - 3.49,,,No,,Yes,5/29/22,1.18630137,Other/Unknown,23998,Kennesaw State University,3.25
Emory University Hospital,4/16/21,1823737,17125,3/22/21,Neurology/Neurosurgical Icu Inpatient Unit,28,Female,Bsn,3.0 - 3.49,,,No,,Yes,8/28/23,2.435616438,Obtained Position Representing A Different Job Experience,23999,Kennesaw State University,3.25
Emory University Hospital,4/16/21,2258165,17126,12/14/20,Cardiac/Heart/Vascular Critical Care,22,Male,Bsn,3.5 And Above,,,No,,No,,,,24000,Kennesaw State University,3.75
Emory University Hospital,4/16/21,2371442,17127,2/8/21,Neurology/Neurosurgical Icu Inpatient Unit,23,Female,Accelerated Bsn,3.5 And Above,,,No,,Yes,9/2/23,2.564383562,Other/Unknown,24001,Kennesaw State University,3.75
Emory University Hospital Midtown,4/1/21,445622,17128,3/29/21,Medical Icu Inpatient Unit,25,Female,Bsn,3.5 And Above,,,No,,No,,,,24002,Kennesaw State University,3.75
Emory University Hospital Midtown,4/1/21,446164,17129,3/29/21,Cardiac/Heart/Vascular Critical Care,25,Female,Bsn,3.5 And Above,,,No,,Yes,7/9/23,2.279452055,Relocating Out Of Area,24003,Kennesaw State University,3.75
Emory Saint Joseph’S Hospital,2/15/21,445126,17130,2/15/21,Oncology Inpatient Unit,26,Female,Accelerated Bsn,3.5 And Above,Full-Time,,Yes,Unknown,Yes,2/22/23,2.019178082,Family Obligations (Family/Friend Caregiving Responsibility),24004,Kennesaw State University,3.75
Emory Saint Joseph’S Hospital,2/15/21,445235,17131,3/15/21,Cardiac/Heart/Vascular Critical Care,24,Female,Bsn,3.0 - 3.49,Full-Time,,No,,No,,,,24005,Kennesaw State University,3.25
Emory University Hospital,11/6/20,2179233,17132,9/28/20,Neurology/Neurosurgical Icu Inpatient Unit,23,Female,Bsn,3.0 - 3.49,,,No,,Yes,9/28/21,1,Travel Nurse,24006,Kennesaw State University,3.25
Emory University Hospital Midtown,10/30/20,443322,17133,11/15/20,Medical/Surgical Inpatient Unit,46,Female,Bsn,3.5 And Above,,,No,,No,,,,24007,Kennesaw State University,3.75
Emory Saint Joseph’S Hospital,10/12/20,443088,17134,10/12/20,General Medical Inpatient Unit,25,Female,Bsn,3.0 - 3.49,,,Yes,Visa Issue,Yes,9/20/21,0.939726027,Visa Expired,24008,Kennesaw State University,3.25
Emory University Hospital Midtown,10/30/20,443574,17135,10/26/20,General Surgical Inpatient Unit,25,Male,Bsn,3.0 - 3.49,,,No,,No,,,,24009,Kennesaw State University,3.25
Emory University Hospital Midtown,10/30/20,2321019,17136,10/26/20,Medical Icu Inpatient Unit,22,Female,Bsn,3.5 And Above,,,No,,Yes,7/17/23,2.723287671,Family Obligations (Family/Friend Caregiving Responsibility),24010,Kennesaw State University,3.75
Emory University Hospital Midtown,10/30/20,2362102,17137,10/26/20,General Medical Inpatient Unit,22,Female,Bsn,3.5 And Above,Full-Time,,No,,Yes,5/28/22,1.58630137,Obtained Position Representing A Different Job Experience,24011,Kennesaw State University,3.75
Emory Decatur Hospital,10/13/20,443105,17138,10/5/20,Telemetry Unit,23,Female,Bsn,3.5 And Above,,,No,,No,,,,24012,Kennesaw State University,3.75
Emory Saint Joseph’S Hospital,10/18/21,2280030,17139,10/18/21,Medical/Surgical Intermediate Unit,23,Female,Bsn,3.5 And Above,,,No,,Yes,9/19/22,0.920547945,Obtained Position Representing A Different Job Experience,24013,Kennesaw State University,3.75
Emory Saint Joseph’S Hospital,10/12/20,443094,17140,10/12/20,Emergency Department,23,Male,Bsn,3.0 - 3.49,Per Diem,,No,,No,,,,24014,Kennesaw State University,3.25
Emory Saint Joseph’S Hospital,10/12/20,443096,17141,10/12/20,Medical/Surgical Intermediate Unit,23,Female,Bsn,3.5 And Above,,,No,,No,,,,24015,Kennesaw State University,3.75
Emory University Hospital,10/24/19,438251,17142,10/21/19,General Medical Inpatient Unit,25,Male,Bsn,3.5 And Above,,,No,,Yes,4/16/20,0.487671233,Did Not Return From Leave Of Absence,24016,Kennesaw State University,3.75
Emory University Hospital,5/1/20,2242446,17144,3/9/20,Medical Icu Inpatient Unit,25,Male,Bsn,3.0 - 3.49,,,No,,No,,,,24018,Kennesaw State University,3.25
Emory University Hospital,5/1/20,2351118,17145,3/9/20,Surgical Icu Inpatient Unit,27,Female,Accelerated Bsn,3.0 - 3.49,,,No,,No,,,,24019,Kennesaw State University,3.25
Emory University Hospital Midtown,4/1/20,440649,17146,3/30/20,Medical Icu Inpatient Unit,34,Male,Bsn,3.5 And Above,,,No,,Yes,12/25/21,1.739726027,Travel Nurse,24020,Kennesaw State University,3.75
Emory University Hospital Midtown,4/1/20,440659,17147,3/30/20,General Medical Inpatient Unit,23,Female,Bsn,3.5 And Above,,,No,,No,,,,24021,Kennesaw State University,3.75
Emory University Hospital Midtown,4/1/20,784769,17148,3/30/20,Medical Icu Inpatient Unit,36,Female,Bsn,3.0 - 3.49,,,No,,No,,,,24022,Kennesaw State University,3.25
Emory University Hospital Midtown,4/1/20,1870466,17149,2/24/20,Neurology/Neurosurgical Icu Inpatient Unit,25,Female,Accelerated Bsn,3.5 And Above,,,No,,No,,,,24023,Kennesaw State University,3.75
Emory Decatur Hospital,3/24/20,1707785,17150,3/16/20,Medical/Surgical Icu Inpatient Unit,28,Male,Bsn,3.5 And Above,,,No,,Yes,3/25/22,2.024657534,Other/Unknown,24024,Kennesaw State University,3.75
Emory Decatur Hospital,3/24/20,1797989,17151,3/16/20,Emergency Department,33,Female,Bsn,3.5 And Above,,,No,,Yes,9/2/22,2.465753425,Other/Unknown,24025,Kennesaw State University,3.75
Emory Decatur Hospital,3/24/20,2425998,17152,3/16/20,Obstetrics/Labor & Delivery Inpatient Unit,23,Female,Bsn,3.5 And Above,,,No,,Yes,2/13/22,1.915068493,Other/Unknown,24026,Kennesaw State University,3.75
Emory Saint Joseph’S Hospital,2/24/20,440114,17153,2/24/20,General Medical Inpatient Unit,22,Female,Bsn,3.5 And Above,Full-Time,,No,,Yes,10/6/22,2.616438356,Unhappy With Job/Facility,24027,Kennesaw State University,3.75
Emory Saint Joseph’S Hospital,2/24/20,440304,17154,2/24/20,Medical/Surgical Inpatient Unit,27,Male,Accelerated Bsn,3.0 - 3.49,Full-Time,,No,,Yes,2/25/22,2.005479452,Travel Nurse,24028,Kennesaw State University,3.25
Emory University Hospital Midtown,10/31/19,438050,17155,10/28/19,Medical Icu Inpatient Unit,23,Male,Bsn,3.0 - 3.49,,,No,,No,,,,24029,Kennesaw State University,3.25
Emory University Hospital Midtown,10/31/19,438376,17156,10/28/19,Cardiac/Heart/Vascular Critical Care,27,Female,Bsn,3.5 And Above,,,No,,Yes,9/4/21,1.854794521,Travel Nurse,24030,Kennesaw State University,3.75
Emory University Hospital,10/24/19,437855,17157,10/21/19,Cardiac/Heart/Vascular Critical Care,25,Male,Bsn,3.5 And Above,,,No,,Yes,8/4/22,2.789041096,Returning To School Full-Time,24031,Kennesaw State University,3.75
Emory University Hospital Midtown,7/25/19,436604,17158,7/29/19,Medical/Surgical Intermediate Unit,25,Female,Accelerated Bsn,3.5 And Above,,,No,,No,,,,24032,Kennesaw State University,3.75
Emory University Hospital Midtown,7/25/19,1600696,17159,7/29/19,Medical/Surgical Inpatient Unit,29,Female,Accelerated Bsn,3.5 And Above,,,No,,Yes,9/6/21,2.109589041,Other/Unknown,24033,Kennesaw State University,3.75
Emory University Hospital Midtown,7/25/19,1882092,17160,7/29/19,Medical Icu Inpatient Unit,26,Female,Accelerated Bsn,3.5 And Above,,,No,,No,,,,24034,Kennesaw State University,3.75
Emory Johns Creek Hospital,7/22/19,435853,17161,7/22/19,General Medical Inpatient Unit,27,Female,Accelerated Bsn,3.5 And Above,Full-Time,,No,,No,,,,24035,Kennesaw State University,3.75
Emory Saint Joseph’S Hospital,7/15/19,435734,17162,7/15/19,Medical/Surgical Inpatient Unit,24,Female,Accelerated Bsn,3.0 - 3.49,Full-Time,,No,,No,,,,24036,Kennesaw State University,3.25
Emory Saint Joseph’S Hospital,7/15/19,435742,17163,7/15/19,Medical/Surgical Intermediate Unit,27,Female,Accelerated Bsn,3.5 And Above,Full-Time,,No,,No,,,,24037,Kennesaw State University,3.75
Emory University Hospital Midtown,2/28/19,422428,17164,2/25/19,Neurology/Neurosurgical Icu Inpatient Unit,21,Female,Bsn,3.5 And Above,Full-Time,,No,,No,,,,24038,Kennesaw State University,3.75
Emory University Hospital Midtown,2/28/19,433514,17165,2/25/19,General Surgical Inpatient Unit,30,Female,Bsn,3.0 - 3.49,Full-Time,,No,,No,,,,24039,Kennesaw State University,3.25
Emory University Hospital Midtown,2/28/19,2082952,17166,2/25/19,Emergency Department,22,Female,Bsn,3.5 And Above,Full-Time,,No,,Yes,3/2/20,1.016438356,Obtained Position With A More Desirable Commute,24040,Kennesaw State University,3.75
Emory University Hospital Midtown,2/28/19,2186777,17167,2/25/19,Neonatal Icu Inpatient Unit,26,Female,Accelerated Bsn,3.0 - 3.49,Full-Time,,No,,Yes,1/30/21,1.931506849,Obtained Position Representing A Different Job Experience,24041,Kennesaw State University,3.25
Emory University Hospital Midtown,2/28/19,2307844,17168,2/25/19,Cardiac/Heart/Vascular Critical Care,36,Male,Accelerated Bsn,3.5 And Above,Full-Time,,No,,Yes,1/9/22,2.873972603,Compensation/Pay,24042,Kennesaw State University,3.75
Emory University Hospital,2/26/19,433049,17169,3/4/19,Oncology Inpatient Unit,35,Female,Bsn,3.5 And Above,,,No,,No,,,,24043,Kennesaw State University,3.75
Emory University Hospital,2/26/19,433070,17170,3/4/19,Oncology Inpatient Unit,35,Female,Accelerated Bsn,3.5 And Above,,,No,,No,,,,24044,Kennesaw State University,3.75
Emory University Hospital,2/26/19,433098,17171,3/4/19,General Surgical Inpatient Unit,23,Female,Bsn,3.5 And Above,,,No,,No,,,,24045,Kennesaw State University,3.75
Emory University Hospital,2/26/19,433112,17172,3/4/19,Oncology Inpatient Unit,23,Female,Bsn,3.5 And Above,,,No,,Yes,3/11/22,3.021917808,Travel Nurse,24046,Kennesaw State University,3.75
Emory University Hospital,2/26/19,433114,17173,2/28/19,Neurology/Neurosurgical Icu Inpatient Unit,22,Female,Bsn,3.0 - 3.49,,,No,,No,,,,24047,Kennesaw State University,3.25
Emory University Hospital,2/26/19,433117,17174,3/4/19,Surgical Icu Inpatient Unit,22,Female,Bsn,3.5 And Above,,,No,,Yes,6/13/21,2.279452055,Obtained Position Representing A Different Job Experience,24048,Kennesaw State University,3.75
Emory University Hospital,2/26/19,1813881,17175,3/4/19,Oncology Inpatient Unit,25,Female,Bsn,3.5 And Above,,,No,,No,,,,24049,Kennesaw State University,3.75
Emory University Hospital,2/26/19,2276237,17176,3/4/19,Oncology Inpatient Unit,22,Female,Bsn,3.5 And Above,,,No,,No,,,,24050,Kennesaw State University,3.75
Emory Saint Joseph’S Hospital,2/18/19,405396,17177,2/18/19,General Medical Inpatient Unit,27,Female,Accelerated Bsn,3.5 And Above,Full-Time,,No,,No,,,,24051,Kennesaw State University,3.75
Emory Saint Joseph’S Hospital,2/18/19,432728,17178,2/18/19,Medical/Surgical Intermediate Unit,23,Female,Bsn,3.0 - 3.49,Full-Time,,No,,Yes,8/6/21,2.465753425,Other/Unknown,24052,Kennesaw State University,3.25
Emory Saint Joseph’S Hospital,2/18/19,1954073,17179,2/18/19,Medical/Surgical Intermediate Unit,24,Female,Bsn,3.5 And Above,Full-Time,,No,,Yes,8/26/21,2.520547945,Other/Unknown,24053,Kennesaw State University,3.75
Emory University Hospital,10/15/18,430733,17180,10/15/18,Cardiac/Heart/Vascular Critical Care,36,Female,Bsn,3.5 And Above,,,No,,No,,,,24054,Kennesaw State University,3.75
Emory University Hospital,10/15/18,2370341,17181,10/15/18,Other (Please Specify),21,Female,Bsn,3.5 And Above,,,No,,No,,,,24055,Kennesaw State University,3.75
Emory Saint Joseph’S Hospital,10/8/18,238863,17182,,Medical/Surgical Intermediate Unit,29,Female,Bsn,3.5 And Above,,,No,,Yes,5/2/21,,Relocating Out Of Area,24056,Kennesaw State University,3.75
Emory University Hospital,7/30/18,425251,17183,7/30/18,Oncology Inpatient Unit,23,Female,Accelerated Bsn,3.5 And Above,,,No,,Yes,3/18/21,2.635616438,Obtained Position Representing A Different Job Experience,24057,Kennesaw State University,3.75
Emory University Hospital,7/30/18,425282,17184,,Medical/Surgical Inpatient Unit,34,Female,Accelerated Bsn,3.0 - 3.49,,,No,,No,,,,24058,Kennesaw State University,3.25
Emory University Hospital,7/30/18,2245927,17185,,General Medical Inpatient Unit,25,Female,Accelerated Bsn,3.5 And Above,,,No,,No,,,,24059,Kennesaw State University,3.75
Emory University Hospital,7/23/18,1717058,17186,,Emergency Department,27,Female,Accelerated Bsn,2.0 - 2.49,,,No,,No,,,,24060,Kennesaw State University,2.25
Emory Saint Joseph’S Hospital,7/16/18,823408,17187,,Medical/Surgical Intermediate Unit,34,Female,Accelerated Bsn,3.0 - 3.49,,,No,,Yes,10/20/20,,Other/Unknown,24061,Kennesaw State University,3.25
Emory University Hospital,2/23/18,406583,17188,,Cardiac/Heart/Vascular Critical Care,31,Female,Accelerated Bsn,3.5 And Above,,,No,,Yes,4/19/20,,Military,24062,Kennesaw State University,3.75
Emory University Hospital,2/23/18,422399,17189,,Oncology Inpatient Unit,22,Female,Bsn,3.5 And Above,,,No,,No,,,,24063,Kennesaw State University,3.75
Emory Saint Joseph’S Hospital,10/16/17,875837,17190,,Emergency Department,27,Female,Bsn,3.5 And Above,,,No,,No,,,,24064,Kennesaw State University,3.75
Emory University Hospital,7/18/17,419861,17191,,Medical Icu Inpatient Unit,48,Female,Accelerated Bsn,3.5 And Above,,,No,,No,,,,24065,Kennesaw State University,3.75
Emory University Hospital,7/18/17,420074,17192,,Perioperative Or,22,Female,Accelerated Bsn,3.0 - 3.49,,,No,,Yes,6/8/20,,Relocating Out Of Area,24066,Kennesaw State University,3.25
Emory University Hospital,7/17/17,419705,17193,,Medical/Surgical Inpatient Unit,24,Female,Accelerated Bsn,3.5 And Above,,,No,,No,,,,24067,Kennesaw State University,3.75
Emory University Hospital,7/17/17,2216586,17194,,Medical/Surgical Inpatient Unit,42,Female,Accelerated Bsn,3.0 - 3.49,,,No,,Yes,10/9/17,,Family Obligations (Family/Friend Caregiving Responsibility),24068,Kennesaw State University,3.25
Emory University Hospital,2/25/17,3109,17195,,Oncology Inpatient Unit,24,Female,Bsn,3.5 And Above,,,No,,No,,,,24069,Kennesaw State University,3.75
Emory University Hospital,2/25/17,15744,17196,,Cardiac/Heart/Vascular Critical Care,29,Female,Bsn,3.5 And Above,,,No,,No,,,,24070,Kennesaw State University,3.75
Emory University Hospital,2/25/17,230047,17197,,Cardiac/Heart/Vascular Critical Care,24,Female,Bsn,3.5 And Above,,,No,,No,,,,24071,Kennesaw State University,3.75
Emory University Hospital,2/25/17,335824,17198,,Medical Icu Inpatient Unit,23,Female,Accelerated Bsn,3.5 And Above,,,No,,No,,,,24072,Kennesaw State University,3.75
Emory University Hospital,2/25/17,433340,17199,,Medical/Surgical Inpatient Unit,47,Female,Bsn,3.5 And Above,,,No,,No,,,,24073,Kennesaw State University,3.75
Emory University Hospital,2/25/17,792847,17200,,Cardiac/Heart/Vascular Critical Care,28,Female,Bsn,3.5 And Above,,,No,,No,,,,24074,Kennesaw State University,3.75
Emory University Hospital,2/24/17,713881,17201,,General Medical Inpatient Unit,27,Female,Bsn,3.5 And Above,,,No,,No,,,,24075,Kennesaw State University,3.75
Emory University Hospital,2/24/17,745923,17202,,Medical Icu Inpatient Unit,26,Female,Accelerated Bsn,3.5 And Above,,,No,,No,,,,24076,Kennesaw State University,3.75
Emory University Hospital,10/13/16,415508,17204,,Medical/Surgical Inpatient Unit,53,Female,Accelerated Bsn,3.0 - 3.49,,,No,,No,,,,24078,Kennesaw State University,3.25
Emory University Hospital,10/12/16,1647160,17205,,Other (Please Specify),25,Female,Bsn,3.0 - 3.49,,,No,,No,,,,24079,Kennesaw State University,3.25
Emory University Hospital,10/10/16,592806,17206,,Medical Icu Inpatient Unit,35,Male,Bsn,3.5 And Above,,,No,,No,,,,24080,Kennesaw State University,3.75
Emory University Hospital,4/15/16,413494,17208,,General Medical Inpatient Unit,26,Female,Accelerated Bsn,3.5 And Above,,,No,,No,,,,24082,Kennesaw State University,3.75
Emory University Hospital,4/15/16,725385,17209,,Telemetry Unit,31,Female,Accelerated Bsn,3.5 And Above,,,No,,No,,,,24083,Kennesaw State University,3.75
Emory University Hospital,4/12/16,405212,17210,,Telemetry Unit,35,Female,Bsn,3.5 And Above,,,No,,No,,,,24084,Kennesaw State University,3.75
Emory University Hospital,4/12/16,657863,17211,,General Surgical Inpatient Unit,23,Female,Bsn,3.0 - 3.49,,,No,,No,,,,24085,Kennesaw State University,3.25
Emory University Hospital,4/12/16,563509,17212,,Medical/Surgical Icu Inpatient Unit,23,Female,Bsn,3.5 And Above,,,No,,No,,,,24086,Kennesaw State University,3.75
Emory University Hospital,10/8/15,410823,17213,,Medical/Surgical Icu Inpatient Unit,24,Female,Accelerated Bsn,3.5 And Above,,,No,,No,,,,24087,Kennesaw State University,3.75
Emory University Hospital,10/7/15,410861,17214,,Oncology Inpatient Unit,34,Female,Accelerated Bsn,3.5 And Above,,,No,,No,,,,24088,Kennesaw State University,3.75
Emory University Hospital,3/2/15,17391,17216,,Obstetrics/Labor & Delivery Inpatient Unit,24,Female,Bsn,3.5 And Above,,,No,,No,,,,24090,Kennesaw State University,3.75
Emory Saint Joseph’S Hospital,3/2/15,40818700,17217,,Emergency Department,24,Female,Accelerated Bsn,3.5 And Above,,,No,,No,,,,24091,Kennesaw State University,3.75
Emory Saint Joseph’S Hospital,3/2/15,40819200,17218,,Medical/Surgical Inpatient Unit,23,Female,Bsn,3.0 - 3.49,,,No,,No,,,,24092,Kennesaw State University,3.25
Emory Saint Joseph’S Hospital,3/2/15,40819700,17219,,Medical/Surgical Inpatient Unit,29,Female,Bsn,3.0 - 3.49,,,No,,No,,,,24093,Kennesaw State University,3.25
Emory University Hospital,3/2/15,408213,17220,,Other (Please Specify),41,Female,Bsn,3.5 And Above,,,No,,No,,,,24094,Kennesaw State University,3.75
Emory University Hospital,3/2/15,1435303,17221,,Medical/Surgical Icu Inpatient Unit,25,Male,Accelerated Bsn,3.5 And Above,,,No,,No,,,,24095,Kennesaw State University,3.75
Emory University Hospital,3/2/15,353022,17223,,General Medical Inpatient Unit,28,Male,Bsn,3.5 And Above,,,No,,No,,,,24097,Kennesaw State University,3.75
Emory University Hospital,3/2/15,408241,17224,,General Surgical Inpatient Unit,23,Female,Bsn,3.5 And Above,,,No,,No,,,,24098,Kennesaw State University,3.75
Emory University Hospital,3/2/15,474340,17225,,General Medical Inpatient Unit,22,Female,Bsn,3.5 And Above,,,No,,No,,,,24099,Kennesaw State University,3.75
Emory University Hospital,3/2/15,531096,17226,,Emergency Department,27,Female,Bsn,3.5 And Above,,,No,,No,,,,24100,Kennesaw State University,3.75
Emory Saint Joseph’S Hospital,10/20/14,40702400,17228,,Medical/Surgical Inpatient Unit,36,Female,Accelerated Bsn,3.0 - 3.49,,,No,,Yes,11/30/15,,Unhappy With Job/Facility,24102,Kennesaw State University,3.25
Emory University Hospital,8/25/14,402966,17229,,Perioperative Or,28,Female,Accelerated Bsn,3.5 And Above,,,No,,No,,,,24103,Kennesaw State University,3.75
Emory Saint Joseph’S Hospital,7/14/14,40598100,17230,,Medical/Surgical Inpatient Unit,42,Female,Bsn,3.0 - 3.49,,,No,,No,,,,24104,Kennesaw State University,3.25
Emory Saint Joseph’S Hospital,7/14/14,40598900,17231,,Medical/Surgical Inpatient Unit,25,Female,Accelerated Bsn,3.5 And Above,,,No,,No,,,,24105,Kennesaw State University,3.75
Emory University Hospital,4/7/14,40485800,17232,,Medical/Surgical Icu Inpatient Unit,23,Female,Accelerated Bsn,3.5 And Above,,,No,,No,,,,24106,Kennesaw State University,3.75
Emory University Hospital,3/21/14,40125600,17233,,Medical/Surgical Inpatient Unit,35,Male,Bsn,3.5 And Above,,,No,,No,,,,24107,Kennesaw State University,3.75
Emory Saint Joseph’S Hospital,3/10/14,40436100,17235,,Medical/Surgical Inpatient Unit,46,Female,Bsn,3.5 And Above,,,No,,No,,,,24109,Kennesaw State University,3.75
Emory Saint Joseph’S Hospital,3/10/14,40436400,17236,,Medical/Surgical Inpatient Unit,24,Female,Bsn,3.5 And Above,,,No,,No,,,,24110,Kennesaw State University,3.75
Emory Saint Joseph’S Hospital,3/10/14,40437600,17237,,Telemetry Unit,50,Male,Bsn,3.5 And Above,,,No,,No,,,,24111,Kennesaw State University,3.75
Emory Saint Joseph’S Hospital,3/10/14,40437900,17238,,Medical/Surgical Inpatient Unit,33,Female,Accelerated Bsn,3.5 And Above,,,No,,No,,,,24112,Kennesaw State University,3.75
Emory Saint Joseph’S Hospital,3/10/14,40438100,17239,3/10/14,Medical/Surgical Inpatient Unit,22,Female,Bsn,3.0 - 3.49,,,No,,Yes,12/17/20,6.778082192,Compensation/Pay,24113,Kennesaw State University,3.25
Emory Saint Joseph’S Hospital,3/10/14,40439500,17240,,Medical/Surgical Inpatient Unit,25,Female,Bsn,3.0 - 3.49,,,No,,No,,,,24114,Kennesaw State University,3.25
Emory University Hospital,3/10/14,92624101,17241,,Obstetrics/Labor & Delivery Inpatient Unit,27,Female,Accelerated Bsn,3.5 And Above,,,No,,No,,,,24115,Kennesaw State University,3.75
Emory University Hospital,11/5/13,9084,17242,,Perioperative Or,26,Female,Bsn,3.0 - 3.49,,,No,,No,,,,24116,Kennesaw State University,3.25
Emory Saint Joseph’S Hospital,10/7/13,40307900,17243,,General Medical Inpatient Unit,31,Female,Bsn,3.0 - 3.49,,,No,,Yes,3/1/15,,Unhappy With Job/Facility,24117,Kennesaw State University,3.25
Emory Saint Joseph’S Hospital,10/7/13,187945500,17244,,Medical/Surgical Inpatient Unit,38,Male,Bsn,3.0 - 3.49,,,No,,Yes,9/30/14,,Unhappy With Job/Facility,24118,Kennesaw State University,3.25
Emory Saint Joseph’S Hospital,10/7/13,188703500,17245,,General Medical Inpatient Unit,23,Female,Bsn,3.5 And Above,,,No,,Yes,3/1/15,,Unhappy With Job/Facility,24119,Kennesaw State University,3.75
Emory University Hospital,9/16/13,40287100,17246,,Perioperative Or,26,Female,Bsn,3.0 - 3.49,,,No,,No,,,,24120,Kennesaw State University,3.25
Emory University Hospital,8/26/13,8523,17247,,Emergency Department,29,Male,Bsn,3.5 And Above,,,No,,No,,,,24121,Kennesaw State University,3.75
Emory University Hospital,8/26/13,963579,17248,,Telemetry Unit,25,Female,Accelerated Bsn,3.5 And Above,,,No,,No,,,,24122,Kennesaw State University,3.75
Emory University Hospital,8/19/13,5086,17249,,Oncology Inpatient Unit,49,Female,Accelerated Bsn,3.5 And Above,,,No,,No,,,,24123,Kennesaw State University,3.75
Emory University Hospital,8/19/13,7174,17250,,General Medical Inpatient Unit,24,Female,Accelerated Bsn,3.0 - 3.49,,,No,,No,,,,24124,Kennesaw State University,3.25
Emory University Hospital,8/19/13,7532,17251,,General Surgical Inpatient Unit,26,Female,Bsn,3.0 - 3.49,,,No,,No,,,,24125,Kennesaw State University,3.25
Emory Saint Joseph’S Hospital,3/11/13,40039200,17253,,Medical/Surgical Inpatient Unit,35,Female,Bsn,3.0 - 3.49,,,No,,Yes,3/19/14,,Unsatisfactory Performance,24127,Kennesaw State University,3.25
Emory University Hospital,3/11/13,2677,17255,,Oncology Inpatient Unit,35,Female,Bsn,3.0 - 3.49,,,No,,No,,,,24129,Kennesaw State University,3.25
Emory University Hospital,3/11/13,3839,17256,,General Medical Inpatient Unit,23,Female,Bsn,3.0 - 3.49,,,No,,No,,,,24130,Kennesaw State University,3.25
Emory University Hospital,3/11/13,8061,17257,,General Surgical Inpatient Unit,24,Female,Bsn,3.5 And Above,,,No,,No,,,,24131,Kennesaw State University,3.75
Emory University Hospital,3/11/13,9739,17258,,Other (Please Specify),34,Female,Accelerated Bsn,3.5 And Above,,,No,,No,,,,24132,Kennesaw State University,3.75
Emory University Hospital,3/11/13,97652,17259,,Oncology Inpatient Unit,25,Female,Bsn,3.0 - 3.49,,,No,,No,,,,24133,Kennesaw State University,3.25
Emory University Hospital,11/5/12,2825,17261,,Perioperative Or,49,Female,Bsn,3.0 - 3.49,,,No,,No,,,,24135,Kennesaw State University,3.25
Emory University Hospital,11/5/12,5291,17262,,Perioperative Or,26,Female,Bsn,3.0 - 3.49,,,No,,No,,,,24136,Kennesaw State University,3.25
Emory Saint Joseph’S Hospital,10/22/12,1250200,17263,,Emergency Department,38,Female,Accelerated Bsn,3.5 And Above,,,No,,No,,,,24137,Kennesaw State University,3.75
Emory Saint Joseph’S Hospital,10/22/12,39918700,17264,,Medical/Surgical Inpatient Unit,24,Female,Bsn,3.0 - 3.49,,,No,,No,,,,24138,Kennesaw State University,3.25
Emory University Hospital,6/14/12,4148,17266,,Medical/Surgical Icu Inpatient Unit,23,Female,Bsn,3.5 And Above,,,No,,No,,,,24140,Kennesaw State University,3.75
Emory University Hospital,6/14/12,4503,17267,,Medical/Surgical Icu Inpatient Unit,23,Female,Bsn,3.0 - 3.49,,,No,,No,,,,24141,Kennesaw State University,3.25
Emory University Hospital,6/14/12,6216,17268,,Medical/Surgical Inpatient Unit,30,Female,Bsn,3.0 - 3.49,,,No,,No,,,,24142,Kennesaw State University,3.25
Emory University Hospital,6/14/12,7283,17269,,General Surgical Inpatient Unit,44,Female,Accelerated Bsn,3.5 And Above,,,No,,No,,,,24143,Kennesaw State University,3.75
Emory University Hospital,6/10/12,9980,17270,,Other (Please Specify),47,Male,Bsn,3.0 - 3.49,,,No,,No,,,,24144,Kennesaw State University,3.25
Emory Saint Joseph’S Hospital,3/26/12,167967500,17271,,Medical/Surgical Inpatient Unit,31,Female,Bsn,3.5 And Above,,,No,,Yes,3/1/14,,Did Not Return From Leave Of Absence,24145,Kennesaw State University,3.75
Emory University Hospital,10/20/11,900,17272,,General Medical Inpatient Unit,22,Female,Bsn,3.0 - 3.49,,,No,,No,,,,24146,Kennesaw State University,3.25
Emory University Hospital,10/20/11,970,17273,,General Medical Inpatient Unit,42,Female,Bsn,3.0 - 3.49,,,No,,No,,,,24147,Kennesaw State University,3.25
Emory University Hospital,10/20/11,2058,17274,,Oncology Inpatient Unit,37,Female,Bsn,3.0 - 3.49,,,No,,No,,,,24148,Kennesaw State University,3.25
Emory University Hospital,10/20/11,6348,17275,,General Medical Inpatient Unit,25,Female,Accelerated Bsn,3.5 And Above,,,No,,No,,,,24149,Kennesaw State University,3.75
Emory Saint Joseph’S Hospital,8/15/11,24525,17276,,Medical/Surgical Inpatient Unit,41,Female,Bsn,3.5 And Above,,,No,,No,,,,24150,Kennesaw State University,3.75
Emory Saint Joseph’S Hospital,6/6/11,24451,17277,,Medical/Surgical Inpatient Unit,22,Female,Bsn,3.0 - 3.49,,,No,,No,,,,24151,Kennesaw State University,3.25
Emory Saint Joseph’S Hospital,3/14/11,24313,17278,,Medical/Surgical Inpatient Unit,22,Female,Bsn,3.5 And Above,,,No,,Yes,1/1/14,,Unhappy With Job/Facility,24152,Kennesaw State University,3.75
Emory Saint Joseph’S Hospital,3/29/10,4764,17279,,Other (Please Specify),24,Male,Accelerated Bsn,3.0 - 3.49,,,No,,No,,,,24153,Kennesaw State University,3.25
Emory Saint Joseph’S Hospital,3/29/10,5107,17280,,Other (Please Specify),24,Female,Accelerated Bsn,3.5 And Above,,,No,,No,,,,24154,Kennesaw State University,3.75
Emory Saint Joseph’S Hospital,3/29/10,7624,17281,,Other (Please Specify),35,Female,Bsn,3.0 - 3.49,,,No,,No,,,,24155,Kennesaw State University,3.25
Emory Saint Joseph’S Hospital,3/29/10,79,17282,,Other (Please Specify),47,Female,Bsn,3.5 And Above,,,No,,No,,,,24156,Kennesaw State University,3.75
Emory Saint Joseph’S Hospital,3/29/10,8237,17283,,Other (Please Specify),39,Female,Bsn,3.5 And Above,,,No,,No,,,,24157,Kennesaw State University,3.75
Emory Saint Joseph’S Hospital,3/29/10,891,17284,,Other (Please Specify),21,Female,Bsn,3.5 And Above,,,No,,No,,,,24158,Kennesaw State University,3.75
Emory Saint Joseph’S Hospital,8/16/09,7059,17285,,Other (Please Specify),53,Female,Bsn,3.5 And Above,,,No,,No,,,,24159,Kennesaw State University,3.75
Emory Saint Joseph’S Hospital,3/30/09,2393,17286,,Other (Please Specify),29,Female,Bsn,3.0 - 3.49,,,No,,No,,,,24160,Kennesaw State University,3.25
Emory Saint Joseph’S Hospital,3/30/09,5098,17287,,Other (Please Specify),26,Female,Bsn,3.5 And Above,,,No,,No,,,,24161,Kennesaw State University,3.75
Emory Saint Joseph’S Hospital,3/30/09,7974,17288,,Other (Please Specify),20,Female,Bsn,3.5 And Above,,,No,,No,,,,24162,Kennesaw State University,3.75
Emory Saint Joseph’S Hospital,3/30/09,9896,17289,,Other (Please Specify),23,Female,Bsn,3.0 - 3.49,,,No,,No,,,,24163,Kennesaw State University,3.25
Emory Saint Joseph’S Hospital,7/18/22,2478191,17290,7/25/22,Telemetry Unit,27,Female,Accelerated Bsn,3.5 And Above,Full-Time,,No,,Yes,6/11/24,1.882191781,Obtained Position Representing A Different Job Experience,24164,Kennesaw State University,3.75
Emory University Hospital,3/30/20,440117,17291,3/2/20,Oncology Inpatient Unit,24,Female,Bsn,3.5 And Above,,,No,,Yes,1/27/23,2.906849315,Other/Unknown,24165,Kennesaw State University,3.75
Emory University Hospital,3/30/20,440271,17292,3/2/20,Transplant Unit,23,Female,Bsn,3.5 And Above,,,No,,No,,,,24166,Kennesaw State University,3.75
Emory University Hospital,8/1/19,435922,17293,7/22/19,Transplant Unit,29,Female,Accelerated Bsn,3.0 - 3.49,,,No,,Yes,4/1/22,2.695890411,Obtained Position Representing A Different Job Experience,24167,Kennesaw State University,3.25
Emory University Hospital,8/1/19,436022,17294,7/22/19,Oncology Inpatient Unit,23,Female,Bsn,3.5 And Above,,,No,,No,,,,24168,Kennesaw State University,3.75
Emory University Hospital,8/1/19,1292220,17295,7/22/19,General Medical Inpatient Unit,30,Female,Accelerated Bsn,3.5 And Above,,,No,,No,,,,24169,Kennesaw State University,3.75
Emory University Hospital,11/12/25,457937,17415,11/10/25,Neurology/Neurosurgical Icu Inpatient Unit,26,Female,Accelerated Bsn,3.5 And Above,Full-Time,,No,,No,,,,24289,Mercer University,3.75
Emory University Hospital,11/12/25,481250,17416,10/20/25,Cardiac/Heart/Vascular Critical Care,27,Female,Accelerated Bsn,3.0 - 3.49,Full-Time,,No,,No,,,,24290,Mercer University,3.25
Emory University Hospital,11/12/25,483849,17417,11/10/25,Medical Icu Inpatient Unit,25,Female,Accelerated Bsn,3.0 - 3.49,Full-Time,,No,,No,,,,24291,Mercer University,3.25
Emory Decatur Hospital,11/11/25,2565737,17418,10/20/25,Telemetry Unit,24,Female,Bsn,3.0 - 3.49,Full-Time,,No,,No,,,,24292,Mercer University,3.25
Emory University Hospital,8/20/25,2662042,17420,8/18/25,Emergency Department,24,Female,Accelerated Bsn,3.5 And Above,Full-Time,,No,,No,,,,24294,Mercer University,3.75
Emory University Hospital,3/10/25,2004681,17423,3/3/25,Other (Please Specify),52,Male,Accelerated Bsn,3.0 - 3.49,Full-Time,,No,,No,,,,24297,Mercer University,3.25
Emory University Hospital,8/22/24,2597501,17424,5/13/24,Oncology Inpatient Unit,26,Female,Accelerated Bsn,3.5 And Above,Full-Time,,No,,No,,,,24298,Mercer University,3.75
Emory University Hospital,8/21/24,472172,17425,7/29/24,Cardiac/Heart/Vascular Critical Care,23,Female,Bsn,3.5 And Above,Full-Time,,No,,No,,,,24299,Mercer University,3.75
Emory University Hospital,4/24/24,466293,17426,1/8/24,Neurology/Neurosurgical Icu Inpatient Unit,25,Female,Bsn,3.0 - 3.49,Full-Time,,No,,No,,,,24300,Mercer University,3.25
Emory University Hospital,4/24/24,468748,17427,3/4/24,Neurology/Neurosurgical Icu Inpatient Unit,29,Female,Accelerated Bsn,3.5 And Above,Full-Time,,No,,No,,,,24301,Mercer University,3.75
Emory Decatur Hospital,3/26/24,2599965,17428,4/1/24,Medical/Surgical Intermediate Unit,28,Female,Accelerated Bsn,3.0 - 3.49,Full-Time,,No,,Yes,8/11/25,1.361643836,Unhappy With Job/Facility,24302,Mercer University,3.25
Emory Saint Joseph’S Hospital,2/22/24,468379,17429,2/5/24,Emergency Department,23,Female,Bsn,3.5 And Above,Full-Time,,No,,No,,,,24303,Mercer University,3.75
Emory University Hospital,11/8/23,465698,17430,10/9/23,Cardiac/Heart/Vascular Critical Care,25,Female,Accelerated Bsn,3.0 - 3.49,Full-Time,,No,,No,,,,24304,Mercer University,3.25
Emory University Hospital Midtown,10/27/23,2502366,17431,10/23/23,Neurology/Neurosurgical Icu Inpatient Unit,22,Female,Bsn,3.0 - 3.49,Full-Time,,No,,No,,,,24305,Mercer University,3.25
Emory Saint Joseph’S Hospital,10/20/23,2551102,17432,11/6/23,Perioperative Or,38,Female,Accelerated Bsn,3.0 - 3.49,Full-Time,,No,,Yes,7/17/25,1.695890411,Unhappy With Job/Facility,24306,Mercer University,3.25
Emory University Hospital,8/16/23,1636247,17433,7/24/23,Cardiac/Heart/Vascular Critical Care,30,Male,Accelerated Bsn,3.5 And Above,Full-Time,,No,,No,,,,24307,Mercer University,3.75
Emory University Hospital,8/16/23,2298064,17434,7/24/23,Neurology/Neurosurgical Icu Inpatient Unit,23,Female,Accelerated Bsn,3.5 And Above,Full-Time,,No,,No,,,,24308,Mercer University,3.75
Emory University Hospital,8/16/23,2480039,17435,7/24/23,Cardiac/Heart/Vascular Critical Care,23,Female,Bsn,3.5 And Above,Full-Time,,No,,Yes,12/31/24,1.44109589,Other/Unknown,24309,Mercer University,3.75
Emory Decatur Hospital,8/15/23,2461723,17436,8/7/23,Mother/Baby Unit,25,Female,Bsn,3.5 And Above,Full-Time,,No,,No,,,,24310,Mercer University,3.75
Emory Johns Creek Hospital,7/12/21,446947,17437,6/27/21,Obstetrics/Labor & Delivery Inpatient Unit,22,Female,Bsn,3.5 And Above,,,No,,Yes,5/26/22,0.912328767,Did Not Return From Leave Of Absence,24311,Mercer University,3.75
Emory University Hospital Midtown,8/11/23,463650,17438,6/12/23,Emergency Department,25,Female,Bsn,3.0 - 3.49,Full-Time,,No,,Yes,7/25/24,1.120547945,Other/Unknown,24312,Mercer University,3.25
Emory University Hospital Midtown,8/11/23,464372,17439,7/31/23,Orthopedic Inpatient Unit,24,Female,Bsn,3.0 - 3.49,Full-Time,,No,,Yes,5/27/25,1.824657534,Other/Unknown,24313,Mercer University,3.25
Emory University Hospital Midtown,8/11/23,465120,17440,8/14/23,Emergency Department,22,Female,Bsn,3.5 And Above,Full-Time,,No,,No,,,,24314,Mercer University,3.75
The Emory Clinic,8/7/23,2489790,17441,7/17/23,Oncology Inpatient Unit,38,Female,Bsn,3.0 - 3.49,Full-Time,,No,,No,,,,24315,Mercer University,3.25
Emory Saint Joseph’S Hospital,7/21/23,464238,17442,7/17/23,Oncology Inpatient Unit,22,Female,Bsn,3.0 - 3.49,Full-Time,,No,,Yes,7/27/24,1.030136986,Military,24316,Mercer University,3.25
Emory Long Term Acute Care,7/21/20,442083,17443,7/13/20,Medical/Surgical Intermediate Unit,23,Female,Bsn,3.0 - 3.49,,,No,,Yes,4/24/21,0.780821918,Compensation/Pay,24317,Mercer University,3.25
Emory Decatur Hospital,3/28/23,461780,17444,3/20/23,Emergency Department,37,Female,Accelerated Bsn,3.0 - 3.49,Full-Time,,No,,Yes,6/22/24,1.260273973,Other/Unknown,24318,Mercer University,3.25
Emory Decatur Hospital,7/23/19,366066,17445,7/15/19,Obstetrics/Labor & Delivery Inpatient Unit,35,Female,Bsn,3.0 - 3.49,,,No,,Yes,5/10/20,0.821917808,Obtained Position With A More Desirable Work Schedule,24319,Mercer University,3.25
Emory Decatur Hospital,3/28/23,462591,17446,4/24/23,Medical/Surgical Inpatient Unit,35,Male,Accelerated Bsn,3.0 - 3.49,Full-Time,,No,,No,,,,24320,Mercer University,3.25
Emory Decatur Hospital,3/28/23,2428521,17447,3/21/23,Obstetrics/Labor & Delivery Inpatient Unit,23,Female,Bsn,3.0 - 3.49,Full-Time,,No,,No,,,,24321,Mercer University,3.25
Emory University Hospital,3/13/23,461582,17448,3/6/23,Oncology Inpatient Unit,38,Female,Accelerated Bsn,3.5 And Above,Full-Time,,No,,No,,,,24322,Mercer University,3.75
Emory University Hospital,8/18/21,447959,17449,7/19/21,Neurology/Neurosurgical Icu Inpatient Unit,27,Female,Bsn,3.5 And Above,,,No,,Yes,9/25/21,0.18630137,Unsatisfactory Performance,24323,Mercer University,3.75
Emory University Hospital,8/18/21,447963,17450,7/19/21,Medical Icu Inpatient Unit,25,Female,Accelerated Bsn,3.5 And Above,,,No,,Yes,9/17/21,0.164383562,Unsatisfactory Performance,24324,Mercer University,3.75
Emory University Hospital Midtown,11/18/22,459039,17451,11/18/22,Perioperative Or,25,Female,Accelerated Bsn,3.0 - 3.49,Full-Time,,No,,No,,,,24325,Mercer University,3.25
Emory University Hospital,11/18/22,2013275,17452,11/18/22,Perioperative Or,29,Female,Accelerated Bsn,3.5 And Above,Full-Time,,No,,No,,,,24326,Mercer University,3.75
Emory University Hospital,7/23/18,425635,17453,7/23/18,Medical/Surgical Inpatient Unit,26,Female,Bsn,3.0 - 3.49,,,No,,Yes,6/25/19,0.923287671,Other/Unknown,24327,Mercer University,3.25
Emory Saint Joseph’S Hospital,10/17/22,455969,17454,10/17/22,Cardiac/Heart/Vascular Critical Care,22,Female,Bsn,3.5 And Above,Full-Time,,No,,No,,,,24328,Mercer University,3.75
Emory Johns Creek Hospital,10/17/22,459449,17455,10/17/22,Emergency Department,40,Female,Accelerated Bsn,3.5 And Above,Full-Time,,No,,No,,,,24329,Mercer University,3.75
Emory Johns Creek Hospital,10/17/22,459450,17456,10/17/22,Mother/Baby Unit,25,Female,Accelerated Bsn,3.5 And Above,,,No,,No,,,,24330,Mercer University,3.75
Emory Johns Creek Hospital,10/17/22,2536814,17457,10/17/22,Emergency Department,40,Female,Accelerated Bsn,3.5 And Above,Full-Time,,No,,No,,,,24331,Mercer University,3.75
Emory University Hospital,10/14/22,455396,17458,9/26/22,Medical/Surgical Intermediate Unit,41,Male,Accelerated Bsn,3.5 And Above,,,No,,No,,,,24332,Mercer University,3.75
Emory University Hospital,10/14/22,459038,17459,10/31/22,Neurology/Neurosurgical Icu Inpatient Unit,45,Female,Accelerated Bsn,3.5 And Above,,,No,,No,,,,24333,Mercer University,3.75
Emory University Hospital,10/14/22,2524985,17460,10/31/22,Neurology/Neurosurgical Icu Inpatient Unit,26,Female,Accelerated Bsn,3.0 - 3.49,,,No,,No,,,,24334,Mercer University,3.25
Emory University Hospital,8/17/22,446770,17461,7/11/22,Neurology/Neurosurgical Icu Inpatient Unit,25,Female,Bsn,3.5 And Above,,,No,,No,,,,24335,Mercer University,3.75
Emory University Hospital,8/17/22,2523276,17462,8/22/22,Cardiac/Heart/Vascular Critical Care,24,Male,Accelerated Bsn,3.0 - 3.49,,,No,,Yes,4/22/25,2.668493151,Other/Unknown,24336,Mercer University,3.25
Emory Saint Joseph’S Hospital,7/18/22,455857,17463,7/11/22,Emergency Department,25,Female,Bsn,3.5 And Above,Full-Time,,No,,No,,,,24337,Mercer University,3.75
Emory Saint Joseph’S Hospital,7/18/22,456043,17464,7/18/22,Cardiac/Heart/Vascular Critical Care,24,Male,Bsn,3.0 - 3.49,Full-Time,,No,,Yes,10/17/24,2.252054795,Other/Unknown,24338,Mercer University,3.25
Emory Johns Creek Hospital,7/18/22,456299,17465,7/18/22,Medical Icu Inpatient Unit,23,Female,Bsn,3.0 - 3.49,Full-Time,,No,,No,,,,24339,Mercer University,3.25
Emory University Hospital Midtown,4/1/22,453218,17466,3/28/22,Mother/Baby Unit,29,Female,Accelerated Bsn,3.5 And Above,,,No,,No,,,,24340,Mercer University,3.75
Emory University Hospital,3/18/22,1769502,17467,2/28/22,General Surgical Inpatient Unit,26,Male,Accelerated Bsn,3.0 - 3.49,,,No,,No,,,,24341,Mercer University,3.25
Emory University Orthopaedics & Spine Hospital,3/18/22,2481165,17468,3/14/22,Orthopedic Inpatient Unit,27,Female,Accelerated Bsn,3.5 And Above,Full-Time,,No,,No,,,,24342,Mercer University,3.75
Emory University Hospital,2/21/22,2419098,17469,2/21/22,Perioperative Or,23,Female,Bsn,3.0 - 3.49,,,No,,No,,,,24343,Mercer University,3.25
Emory University Hospital,11/3/21,449819,17470,9/20/21,Medical Icu Inpatient Unit,25,Male,Accelerated Bsn,3.5 And Above,,,No,,No,,,,24344,Mercer University,3.75
Emory University Hospital,11/3/21,2418737,17471,9/20/21,Cardiac/Heart/Vascular Critical Care,24,Female,Bsn,3.5 And Above,,,No,,Yes,11/20/22,1.167123288,Obtained Position With A More Desirable Commute,24345,Mercer University,3.75
Emory University Hospital,11/3/21,2479377,17472,7/19/21,Emergency Department,22,Male,Bsn,3.5 And Above,Full-Time,,No,,Yes,10/23/22,1.263013699,Returning To School Full-Time,24346,Mercer University,3.75
Emory University Hospital Midtown,10/29/21,425403,17473,11/7/21,Orthopedic Inpatient Unit,29,Female,Bsn,3.0 - 3.49,,,No,,No,,,,24347,Mercer University,3.25
Emory University Hospital Midtown,10/29/21,450030,17474,10/18/21,Obstetrics/Labor & Delivery Inpatient Unit,29,Female,Accelerated Bsn,3.5 And Above,,,No,,Yes,12/9/23,2.142465753,Relocating Out Of Area,24348,Mercer University,3.75
Emory University Hospital Midtown,10/29/21,450452,17475,10/24/21,Medical Icu Inpatient Unit,31,Female,Accelerated Bsn,3.5 And Above,,,No,,Yes,12/14/22,1.139726027,Other/Unknown,24349,Mercer University,3.75
Emory University Hospital Midtown,10/29/21,450454,17476,10/24/21,Cardiac/Heart/Vascular Critical Care,28,Female,Accelerated Bsn,3.5 And Above,,,No,,No,,,,24350,Mercer University,3.75
Emory University Hospital Midtown,10/29/21,450457,17477,10/24/21,Neurology/Neurosurgical Icu Inpatient Unit,24,Female,Accelerated Bsn,3.5 And Above,,,No,,No,,,,24351,Mercer University,3.75
Emory Johns Creek Hospital,10/18/21,24631,17478,10/18/21,Obstetrics/Labor & Delivery Inpatient Unit,47,Female,Bsn,3.5 And Above,Per Diem,,No,,No,,,,24352,Mercer University,3.75
Emory Johns Creek Hospital,10/18/21,450083,17479,10/18/21,Obstetrics/Labor & Delivery Inpatient Unit,27,Female,Accelerated Bsn,3.5 And Above,,,No,,No,,,,24353,Mercer University,3.75
Emory Johns Creek Hospital,10/18/21,451062,17480,10/18/21,Emergency Department,27,Female,Bsn,3.0 - 3.49,,,No,,Yes,10/16/24,2.997260274,Other/Unknown,24354,Mercer University,3.25
Emory Johns Creek Hospital,10/18/21,2208471,17481,10/18/21,Emergency Department,24,Female,Bsn,3.0 - 3.49,,,No,,Yes,1/2/24,2.208219178,Travel Nurse,24355,Mercer University,3.25
Emory Saint Joseph’S Hospital,10/18/21,2313836,17482,10/18/21,Medical/Surgical Intermediate Unit,28,Female,Accelerated Bsn,3.0 - 3.49,Per Diem,,No,,No,,,,24356,Mercer University,3.25
Emory Saint Joseph’S Hospital,10/18/21,2463702,17483,10/18/21,Medical/Surgical Intermediate Unit,26,Female,Accelerated Bsn,3.5 And Above,Full-Time,,No,,Yes,8/26/24,2.857534247,Other/Unknown,24357,Mercer University,3.75
Emory University Hospital,9/27/21,413019,17484,10/4/21,Medical/Surgical Inpatient Unit,34,Female,Accelerated Bsn,3.0 - 3.49,,,No,,No,,,,24358,Mercer University,3.25
Emory University Hospital At Wesley Woods,9/27/21,450439,17485,12/6/21,Psychiatric Inpatient Unit,23,Female,Accelerated Bsn,3.0 - 3.49,,,No,,Yes,4/7/24,2.336986301,Other/Unknown,24359,Mercer University,3.25
Emory University Hospital Midtown,9/27/21,450668,17486,10/11/21,Perioperative Or,22,Female,Bsn,3.0 - 3.49,,,No,,No,,,,24360,Mercer University,3.25
Emory University Orthopaedics & Spine Hospital,9/27/21,2425782,17487,10/11/21,Perioperative Or,28,Female,Bsn,3.5 And Above,,,No,,Yes,1/3/23,1.230136986,Other/Unknown,24361,Mercer University,3.75
Emory University Hospital Midtown,8/26/21,448569,17488,8/19/21,Medical Icu Inpatient Unit,23,Female,Bsn,3.5 And Above,,,No,,Yes,8/20/23,2.002739726,Obtained Position Representing A Different Job Experience,24362,Mercer University,3.75
Emory University Hospital Midtown,8/26/21,2023692,17489,7/27/21,Medical Icu Inpatient Unit,25,Female,Bsn,3.0 - 3.49,,,No,,No,,,,24363,Mercer University,3.25
Emory University Hospital Midtown,8/26/21,2423394,17490,8/9/21,Surgical Icu Inpatient Unit,24,Female,Accelerated Bsn,3.0 - 3.49,,,No,,Yes,4/1/24,2.646575342,Other/Unknown,24364,Mercer University,3.25
Emory University Hospital Midtown,8/26/21,2425397,17491,7/26/21,Perioperative Or,34,Female,Accelerated Bsn,3.5 And Above,,,No,,No,,,,24365,Mercer University,3.75
Emory University Hospital Midtown,8/26/21,2462890,17492,8/9/21,Medical Icu Inpatient Unit,37,Female,Accelerated Bsn,3.5 And Above,,,No,,Yes,1/14/23,1.432876712,Returning To School Full-Time,24366,Mercer University,3.75
Emory University Hospital,8/18/21,443620,17493,7/12/21,Surgical Icu Inpatient Unit,23,Female,Bsn,3.5 And Above,,,No,,Yes,3/30/25,3.717808219,Other/Unknown,24367,Mercer University,3.75
Emory University Hospital,8/18/21,447982,17494,7/19/21,Cardiac/Heart/Vascular Critical Care,24,Female,Accelerated Bsn,3.5 And Above,,,No,,Yes,11/19/22,1.336986301,Obtained Position With A More Desirable Work Schedule,24368,Mercer University,3.75
Emory University Hospital Midtown,8/13/21,448116,17495,7/26/21,Mother/Baby Unit,22,Female,Bsn,3.5 And Above,,,No,,Yes,11/18/23,2.315068493,Obtained Position With A More Desirable Commute,24369,Mercer University,3.75
Emory Decatur Hospital,7/26/21,441798,17496,7/26/21,Medical Icu Inpatient Unit,21,Female,Bsn,3.5 And Above,,,No,,Yes,8/12/22,1.046575342,Other/Unknown,24370,Mercer University,3.75
Emory Saint Joseph’S Hospital,7/18/22,2445719,17497,7/18/22,Ambulatory Setting,23,Female,Bsn,3.0 - 3.49,Full-Time,,No,,Yes,1/13/23,0.490410959,Unhappy With Job/Facility,24371,Mercer University,3.25
Emory Decatur Hospital,7/26/21,448102,17498,7/26/21,Medical Icu Inpatient Unit,25,Female,Bsn,3.5 And Above,,,No,,Yes,12/30/22,1.430136986,Obtained Position With A More Desirable Work Schedule,24372,Mercer University,3.75
Emory Saint Joseph’S Hospital,7/12/21,441838,17499,7/12/21,Emergency Department,22,Female,Bsn,3.5 And Above,Full-Time,,No,,Yes,4/2/25,3.726027397,Relocating Out Of Area,24373,Mercer University,3.75
Emory Saint Joseph’S Hospital,7/12/21,447807,17500,7/12/21,Cardiac/Heart/Vascular Critical Care,23,Female,Bsn,3.5 And Above,,,No,,No,,,,24374,Mercer University,3.75
Emory University Hospital,4/16/21,445341,17501,3/1/21,Cardiac/Heart/Vascular Critical Care,24,Female,Accelerated Bsn,3.0 - 3.49,,,No,,No,,,,24375,Mercer University,3.25
Emory University Hospital,4/16/21,445540,17502,3/22/21,Emergency Department,32,Female,Accelerated Bsn,3.5 And Above,,,No,,Yes,2/11/24,2.893150685,Did Not Return From Leave Of Absence,24376,Mercer University,3.75
Emory University Hospital Midtown,4/1/21,445884,17503,4/19/21,General Surgical Inpatient Unit,25,Female,Bsn,3.0 - 3.49,,,No,,Yes,1/22/23,1.761643836,Disability/Illness/Injury,24377,Mercer University,3.25
Emory University Hospital Midtown,4/1/21,2179403,17504,2/1/21,Cardiac/Heart/Vascular Critical Care,24,Female,Accelerated Bsn,3.5 And Above,,,No,,Yes,9/11/23,2.608219178,Other/Unknown,24378,Mercer University,3.75
Emory University Orthopaedics & Spine Hospital,3/15/21,2028806,17505,3/15/21,Orthopedic Inpatient Unit,37,Female,Bsn,3.5 And Above,,,No,,No,,,,24379,Mercer University,3.75
Emory University Hospital,2/15/21,2426231,17506,2/15/21,Perioperative Or,23,Female,Bsn,3.0 - 3.49,Full-Time,,No,,Yes,3/29/22,1.115068493,Obtained Position Representing A Different Job Experience,24380,Mercer University,3.25
Emory University Hospital,11/6/20,442142,17507,6/8/20,Orthopedic Inpatient Unit,33,Female,Bsn,3.0 - 3.49,,,No,,Yes,11/22/21,1.457534247,Other/Unknown,24381,Mercer University,3.25
Emory University Hospital,11/6/20,442997,17508,9/28/20,Neurology/Neurosurgical Icu Inpatient Unit,30,Female,Bsn,3.5 And Above,Full-Time,,No,,No,,,,24382,Mercer University,3.75
Emory University Hospital,11/6/20,443612,17509,10/5/20,Emergency Department,32,Female,Bsn,3.0 - 3.49,,,No,,No,,,,24383,Mercer University,3.25
Emory University Hospital,11/6/20,443637,17510,10/12/20,Ambulatory Setting,30,Female,Bsn,3.5 And Above,,,No,,Yes,1/8/21,0.24109589,Family Obligations (Family/Friend Caregiving Responsibility),24384,Mercer University,3.75
Emory University Hospital Midtown,10/30/20,443308,17511,10/26/20,Orthopedic Inpatient Unit,26,Female,Accelerated Bsn,3.5 And Above,,,No,,Yes,11/13/21,1.049315068,Travel Nurse,24385,Mercer University,3.75
Emory University Hospital Midtown,10/30/20,443309,17512,10/26/20,Orthopedic Inpatient Unit,26,Female,Accelerated Bsn,3.5 And Above,,,No,,No,,,,24386,Mercer University,3.75
Emory University Hospital Midtown,10/30/20,443492,17513,10/26/20,Neurology/Neurosurgical Icu Inpatient Unit,25,Female,Accelerated Bsn,3.5 And Above,,,No,,No,,,,24387,Mercer University,3.75
Emory University Hospital Midtown,10/30/20,2318904,17514,10/26/20,Medical Icu Inpatient Unit,26,Female,Accelerated Bsn,3.5 And Above,,,No,,No,,,,24388,Mercer University,3.75
Emory Decatur Hospital,10/13/20,443010,17515,10/5/20,Obstetrics/Labor & Delivery Inpatient Unit,26,Female,Accelerated Bsn,3.0 - 3.49,,,No,,Yes,12/12/22,2.18630137,Other/Unknown,24389,Mercer University,3.25
Emory Saint Joseph’S Hospital,10/18/21,450394,17516,10/18/21,Oncology Inpatient Unit,26,Female,Bsn,3.0 - 3.49,Full-Time,,No,,Yes,9/17/22,0.915068493,Family Obligations (Family/Friend Caregiving Responsibility),24390,Mercer University,3.25
Emory Saint Joseph’S Hospital,10/18/21,450399,17517,10/18/21,Oncology Inpatient Unit,24,Female,Bsn,3.0 - 3.49,,,No,,Yes,9/4/22,0.879452055,Staffing Or Workload,24391,Mercer University,3.25
Emory Decatur Hospital,10/13/20,2408920,17518,10/5/20,Obstetrics/Labor & Delivery Inpatient Unit,31,Female,Accelerated Bsn,3.5 And Above,,,No,,No,,,,24392,Mercer University,3.75
Emory Saint Joseph’S Hospital,10/12/20,443081,17519,10/12/20,Medical/Surgical Inpatient Unit,36,Female,Accelerated Bsn,3.0 - 3.49,,,No,,Yes,8/10/22,1.82739726,Relocating Out Of Area,24393,Mercer University,3.25
Emory University Hospital,9/18/20,2276389,17520,9/14/20,Neurology/Neurosurgical Icu Inpatient Unit,49,Female,Bsn,3.0 - 3.49,Full-Time,,No,,Yes,3/30/23,2.539726027,Other/Unknown,24394,Mercer University,3.25
Emory University Hospital,8/6/20,435167,17521,7/27/20,Surgical Icu Inpatient Unit,22,Female,Bsn,3.5 And Above,,,No,,No,,,,24395,Mercer University,3.75
Emory University Hospital,8/6/20,442409,17522,8/3/20,Orthopedic Inpatient Unit,26,Female,Bsn,3.0 - 3.49,,,No,,Yes,9/26/22,2.147945205,Other/Unknown,24396,Mercer University,3.25
Emory University Hospital Midtown,8/1/20,435391,17523,8/10/20,Medical/Surgical Inpatient Unit,25,Female,Bsn,3.0 - 3.49,,,No,,No,,,,24397,Mercer University,3.25
Emory University Hospital Midtown,8/1/20,439711,17524,6/14/20,Cardiac/Heart/Vascular Critical Care,30,Female,Bsn,3.0 - 3.49,,,No,,Yes,12/26/21,1.534246575,Relocating Out Of Area,24398,Mercer University,3.25
Emory University Hospital Midtown,8/1/20,441544,17525,4/27/20,Emergency Department,26,Female,Bsn,3.0 - 3.49,,,No,,Yes,8/13/22,2.295890411,Staffing Or Workload,24399,Mercer University,3.25
Emory University Hospital Midtown,8/1/20,442438,17526,8/10/20,Mother/Baby Unit,23,Female,Bsn,3.0 - 3.49,,,No,,No,,,,24400,Mercer University,3.25
Emory University Hospital Midtown,8/1/20,442647,17527,8/10/20,Cardiac/Heart/Vascular Critical Care,23,Female,Bsn,3.5 And Above,,,No,,Yes,8/10/22,2,Travel Nurse,24401,Mercer University,3.75
Emory University Hospital Midtown,8/1/20,1682783,17528,7/27/20,Medical Icu Inpatient Unit,29,Female,Bsn,3.5 And Above,,,No,,No,,,,24402,Mercer University,3.75
Emory University Hospital Midtown,8/1/20,2319863,17529,6/17/20,Medical Icu Inpatient Unit,32,Female,Msn (Cnl),3.5 And Above,,,No,,No,,,,24403,Mercer University,3.75
Emory University Hospital Midtown,8/1/20,2362106,17530,7/20/20,Medical/Surgical Icu Inpatient Unit,28,Female,Bsn,3.5 And Above,Full-Time,,No,,No,,,,24404,Mercer University,3.75
Emory Saint Joseph’S Hospital,7/13/20,442496,17532,7/13/20,Orthopedic Inpatient Unit,23,Female,Bsn,3.0 - 3.49,Per Diem,,No,,No,,,,24406,Mercer University,3.25
Emory University Hospital Midtown,10/29/21,450453,17533,10/24/21,Medical Icu Inpatient Unit,27,Female,Accelerated Bsn,3.5 And Above,,,No,,Yes,10/1/22,0.936986301,Other/Unknown,24407,Mercer University,3.75
Emory University Hospital Midtown,4/1/20,2183458,17534,2/24/20,Emergency Department,22,Female,Bsn,3.0 - 3.49,,,No,,No,,,,24408,Mercer University,3.25
Emory University Hospital Midtown,10/31/19,438077,17535,10/28/19,Perioperative Or,25,Female,Bsn,3.0 - 3.49,,,No,,No,,,,24409,Mercer University,3.25
Emory University Hospital,10/24/19,2046472,17536,10/28/19,Perioperative Or,23,Female,Bsn,3.0 - 3.49,,,No,,No,,,,24410,Mercer University,3.25
Emory Hillandale Hospital,10/22/19,435730,17537,10/14/19,Emergency Department,23,Female,Bsn,3.0 - 3.49,,,No,,Yes,5/17/22,2.591780822,Other/Unknown,24411,Mercer University,3.25
Emory University Hospital,8/1/19,359422,17538,7/22/19,Neurology/Neurosurgical Icu Inpatient Unit,58,Female,Bsn,3.0 - 3.49,,,No,,No,,,,24412,Mercer University,3.25
Emory University Hospital,8/1/19,377401,17539,7/22/19,Transplant Unit,46,Female,Bsn,3.5 And Above,,,No,,No,,,,24413,Mercer University,3.75
Emory University Hospital,8/1/19,425423,17540,7/22/19,Emergency Department,24,Female,Bsn,3.0 - 3.49,,,No,,Yes,6/5/21,1.873972603,Relocating Out Of Area,24414,Mercer University,3.25
Emory University Hospital,8/1/19,435927,17541,7/22/19,Cardiac/Heart/Vascular Critical Care,35,Male,Bsn,3.0 - 3.49,,,No,,No,,,,24415,Mercer University,3.25
Emory University Hospital,8/1/19,435947,17542,7/22/19,Medical Icu Inpatient Unit,23,Female,Bsn,3.5 And Above,Full-Time,,No,,Yes,11/4/21,2.290410959,Other/Unknown,24416,Mercer University,3.75
Emory University Hospital,8/1/19,436158,17543,7/22/19,Neurology/Neurosurgical Icu Inpatient Unit,23,Female,Bsn,3.5 And Above,,,No,,Yes,4/16/21,1.736986301,Obtained Position Representing A Different Job Experience,24417,Mercer University,3.75
Emory University Hospital,8/1/19,1696108,17544,7/22/19,Neurology/Neurosurgical Icu Inpatient Unit,28,Female,Bsn,3.5 And Above,,,No,,No,,,,24418,Mercer University,3.75
Emory University Hospital,8/1/19,2022754,17545,7/22/19,General Surgical Inpatient Unit,24,Male,Bsn,3.5 And Above,Full-Time,,No,,Yes,6/5/21,1.873972603,Obtained Position Representing A Different Job Experience,24419,Mercer University,3.75
Emory University Hospital,8/1/19,2131970,17546,7/22/19,Neurology/Neurosurgical Icu Inpatient Unit,23,Female,Bsn,3.5 And Above,,,No,,Yes,10/16/21,2.238356164,Travel Nurse,24420,Mercer University,3.75
Emory University Hospital,8/1/19,2270556,17547,7/22/19,Oncology Inpatient Unit,24,Female,Bsn,3.0 - 3.49,,,No,,No,,,,24421,Mercer University,3.25
Emory University Hospital Midtown,7/25/19,436586,17548,9/9/19,Obstetrics/Labor & Delivery Inpatient Unit,23,Female,Bsn,3.0 - 3.49,,,No,,No,,,,24422,Mercer University,3.25
Emory University Hospital Midtown,7/25/19,436606,17549,7/29/19,Perioperative Or,23,Female,Bsn,3.5 And Above,Full-Time,,No,,No,,,,24423,Mercer University,3.75
Emory University Hospital Midtown,7/25/19,436607,17550,7/29/19,Cardiac/Heart/Vascular Critical Care,24,Female,Bsn,3.0 - 3.49,Full-Time,,No,,Yes,1/2/22,2.432876712,Travel Nurse,24424,Mercer University,3.25
Emory Decatur Hospital,7/23/19,435898,17551,7/15/19,Emergency Department,39,Female,Bsn,3.5 And Above,,,No,,Yes,4/1/21,1.715068493,Unhappy With Job/Facility,24425,Mercer University,3.75
Emory Saint Joseph’S Hospital,7/15/19,424589,17552,7/15/19,Orthopedic Inpatient Unit,25,Female,Bsn,3.0 - 3.49,Full-Time,,No,,No,,,,24426,Mercer University,3.25
Emory Saint Joseph’S Hospital,7/15/19,424707,17553,7/15/19,Emergency Department,25,Female,Bsn,3.0 - 3.49,Full-Time,,No,,No,,,,24427,Mercer University,3.25
Emory Saint Joseph’S Hospital,7/15/19,435736,17554,7/15/19,Medical/Surgical Intermediate Unit,22,Female,Bsn,3.5 And Above,Full-Time,,No,,No,,,,24428,Mercer University,3.75
Emory Saint Joseph’S Hospital,7/15/19,435741,17555,7/15/19,Medical/Surgical Intermediate Unit,23,Female,Bsn,3.0 - 3.49,Full-Time,,No,,Yes,2/1/22,2.553424658,Returning To School Full-Time,24429,Mercer University,3.25
Emory Saint Joseph’S Hospital,7/15/19,2030053,17556,7/15/19,Cardiac/Heart/Vascular Critical Care,24,Female,Bsn,3.0 - 3.49,Full-Time,,No,,Yes,12/28/21,2.457534247,Travel Nurse,24430,Mercer University,3.25
Emory University Hospital,10/16/18,2243714,17557,11/15/18,Oncology Inpatient Unit,23,Female,Bsn,3.0 - 3.49,,,No,,No,,,,24431,Mercer University,3.25
Emory Decatur Hospital,11/14/23,2124154,17558,11/13/23,Medical/Surgical Icu Inpatient Unit,29,Female,Accelerated Bsn,3.5 And Above,Full-Time,,No,,Yes,10/3/24,0.890410959,Family Obligations (Family/Friend Caregiving Responsibility),24432,Mercer University,3.75
Emory University Hospital,7/30/18,412588,17559,,Cardiac/Heart/Vascular Critical Care,46,Female,Bsn,3.0 - 3.49,,,No,,Yes,3/16/21,,Relocating Out Of Area,24433,Mercer University,3.25
Emory University Hospital,7/30/18,425312,17560,7/30/18,Oncology Inpatient Unit,30,Female,Bsn,3.0 - 3.49,Full-Time,,No,,No,,,,24434,Mercer University,3.25
Emory University Hospital,7/30/18,425371,17561,,Medical Icu Inpatient Unit,22,Female,Bsn,3.0 - 3.49,,,No,,No,,,,24435,Mercer University,3.25
Emory University Hospital,7/30/18,425382,17562,7/30/18,General Surgical Inpatient Unit,24,Female,Bsn,3.0 - 3.49,,,No,,No,,,,24436,Mercer University,3.25
Emory University Hospital,7/30/18,2072998,17563,,Medical/Surgical Icu Inpatient Unit,26,Female,Bsn,3.0 - 3.49,,,No,,No,,,,24437,Mercer University,3.25
Emory University Hospital,7/30/18,2236566,17564,,General Medical Inpatient Unit,26,Female,Bsn,3.0 - 3.49,,,No,,Yes,9/5/18,,Relocating Out Of Area,24438,Mercer University,3.25
Emory University Hospital,7/30/18,2268286,17565,7/30/18,Surgical Icu Inpatient Unit,22,Female,Bsn,3.5 And Above,Full-Time,,No,,Yes,9/8/19,1.109589041,Returning To School Full-Time,24439,Mercer University,3.75
Emory University Hospital,7/23/18,425477,17566,,Obstetrics/Labor & Delivery Inpatient Unit,22,Female,Bsn,3.5 And Above,,,No,,No,,,,24440,Mercer University,3.75
Emory University Hospital,7/23/18,425636,17567,7/23/18,Orthopedic Inpatient Unit,21,Female,Bsn,3.5 And Above,,,No,,No,,,,24441,Mercer University,3.75
Emory University Hospital,7/23/18,2067910,17568,7/23/18,Neonatal Icu Inpatient Unit,23,Female,Bsn,3.5 And Above,Full-Time,,No,,No,,,,24442,Mercer University,3.75
Emory Saint Joseph’S Hospital,7/16/18,62867,17569,7/16/18,General Medical Inpatient Unit,23,Female,Bsn,3.0 - 3.49,,,No,,Yes,5/28/21,2.868493151,Obtained Position Representing A Different Job Experience,24443,Mercer University,3.25
Emory Saint Joseph’S Hospital,7/16/18,423788,17570,,General Medical Inpatient Unit,28,Female,Bsn,3.5 And Above,,,No,,No,,,,24444,Mercer University,3.75
Emory Saint Joseph’S Hospital,7/16/18,574324,17571,,Medical/Surgical Intermediate Unit,27,Female,Bsn,3.0 - 3.49,,,No,,No,,,,24445,Mercer University,3.25
Emory Saint Joseph’S Hospital,7/16/18,642225,17572,,Emergency Department,37,Female,Bsn,3.5 And Above,,,No,,No,,,,24446,Mercer University,3.75
Emory Saint Joseph’S Hospital,7/16/18,702702,17573,,Medical/Surgical Inpatient Unit,40,Female,Bsn,3.0 - 3.49,,,No,,Yes,1/24/19,,Unsatisfactory Performance,24447,Mercer University,3.25
Emory Saint Joseph’S Hospital,7/16/18,728297,17574,,Emergency Department,23,Female,Bsn,3.0 - 3.49,,,Yes,Pregnancy,No,,,,24448,Mercer University,3.25
Emory Saint Joseph’S Hospital,7/16/18,769661,17575,,Orthopedic Inpatient Unit,25,Male,Bsn,3.0 - 3.49,,,No,,No,,,,24449,Mercer University,3.25
Emory Saint Joseph’S Hospital,7/16/18,891781,17576,,Medical/Surgical Inpatient Unit,28,Female,Bsn,3.0 - 3.49,,,No,,Yes,7/1/20,,Obtained Position With A More Desirable Work Schedule,24450,Mercer University,3.25
Emory University Hospital,7/18/17,419661,17577,,Oncology Inpatient Unit,27,Female,Bsn,3.0 - 3.49,,,No,,No,,,,24451,Mercer University,3.25
Emory University Hospital,7/18/17,419752,17578,,Cardiac/Heart/Vascular Critical Care,23,Female,Bsn,3.0 - 3.49,,,No,,Yes,7/13/19,,Obtained Position Representing A Different Job Experience,24452,Mercer University,3.25
Emory University Hospital,7/18/17,419838,17579,,Emergency Department,25,Female,Bsn,3.0 - 3.49,,,No,,Yes,8/3/19,,Other/Unknown,24453,Mercer University,3.25
Emory University Hospital,2/25/17,902027,17580,,General Medical Inpatient Unit,38,Male,Bsn,3.0 - 3.49,,,No,,No,,,,24454,Mercer University,3.25
Emory University Hospital,10/13/16,40991400,17581,,Medical/Surgical Inpatient Unit,24,Female,Bsn,3.0 - 3.49,,,No,,No,,,,24455,Mercer University,3.25
Emory University Hospital,10/13/16,201154400,17582,,Surgical Icu Inpatient Unit,29,Female,Bsn,3.0 - 3.49,,,No,,Yes,2/28/17,,Family Obligations (Family/Friend Caregiving Responsibility),24456,Mercer University,3.25
Emory University Hospital,10/12/16,2105508,17583,,Emergency Department,23,Female,Bsn,3.0 - 3.49,,,No,,Yes,12/1/17,,Obtained Position Representing A Different Job Experience,24457,Mercer University,3.25
Emory University Hospital,10/10/16,40987700,17584,,Obstetrics/Labor & Delivery Inpatient Unit,42,Female,Bsn,3.0 - 3.49,,,No,,No,,,,24458,Mercer University,3.25
Emory University Hospital,10/10/16,688854,17585,,Other (Please Specify),36,Male,Bsn,3.0 - 3.49,,,No,,No,,,,24459,Mercer University,3.25
Emory University Hospital,4/22/16,257806,17586,,Medical/Surgical Icu Inpatient Unit,27,Female,Bsn,3.0 - 3.49,,,No,,No,,,,24460,Mercer University,3.25
Emory Saint Joseph’S Hospital,7/13/15,92021,17587,,Medical/Surgical Icu Inpatient Unit,23,Female,Bsn,3.5 And Above,,,No,,No,,,,24461,Mercer University,3.75
Emory Saint Joseph’S Hospital,7/13/15,741692,17588,,Emergency Department,23,Male,Bsn,3.5 And Above,,,No,,No,,,,24462,Mercer University,3.75
Emory University Hospital,2/16/15,408120,17590,,General Medical Inpatient Unit,26,Female,Bsn,3.0 - 3.49,,,No,,No,,,,24464,Mercer University,3.25
Emory University Hospital,8/25/14,401574,17592,,General Medical Inpatient Unit,28,Female,Bsn,3.0 - 3.49,,,No,,No,,,,24466,Mercer University,3.25
Emory University Hospital,8/25/14,1567366,17593,,General Medical Inpatient Unit,23,Female,Bsn,3.5 And Above,,,No,,No,,,,24467,Mercer University,3.75
Emory Saint Joseph’S Hospital,7/14/14,143257700,17594,,Medical/Surgical Inpatient Unit,24,Female,Bsn,3.0 - 3.49,,,No,,No,,,,24468,Mercer University,3.25
Emory University Hospital,3/17/14,743669,17595,,Emergency Department,29,Female,Bsn,3.0 - 3.49,,,No,,No,,,,24469,Mercer University,3.25
Emory University Hospital,3/10/14,404324,17596,,Medical/Surgical Icu Inpatient Unit,24,Female,Bsn,3.5 And Above,,,No,,No,,,,24470,Mercer University,3.75
Emory Saint Joseph’S Hospital,10/7/13,40306700,17597,,General Medical Inpatient Unit,23,Female,Bsn,3.0 - 3.49,,,No,,Yes,10/30/15,,Unhappy With Job/Facility,24471,Mercer University,3.25
Emory University Hospital,9/16/13,40285400,17598,,Perioperative Or,29,Female,Bsn,3.5 And Above,,,No,,No,,,,24472,Mercer University,3.75
Emory University Hospital,8/26/13,2385,17599,,Medical/Surgical Icu Inpatient Unit,49,Female,Bsn,3.0 - 3.49,,,No,,No,,,,24473,Mercer University,3.25
Emory University Hospital,8/19/13,4846,17600,,General Surgical Inpatient Unit,25,Female,Bsn,3.0 - 3.49,,,No,,No,,,,24474,Mercer University,3.25
Emory University Hospital,8/19/13,8757,17601,,General Medical Inpatient Unit,23,Female,Bsn,3.5 And Above,,,No,,No,,,,24475,Mercer University,3.75
Emory University Hospital,8/19/13,988946,17602,,General Medical Inpatient Unit,26,Female,Bsn,3.0 - 3.49,,,No,,No,,,,24476,Mercer University,3.25
Emory University Hospital,8/5/13,8007,17603,,Emergency Department,52,Male,Bsn,3.0 - 3.49,,,No,,No,,,,24477,Mercer University,3.25
Emory University Hospital,10/20/11,836,17604,,Perioperative Or,29,Female,Bsn,3.0 - 3.49,,,No,,No,,,,24478,Mercer University,3.25
Emory University Hospital,10/20/11,939,17605,,Oncology Inpatient Unit,39,Female,Bsn,3.5 And Above,,,No,,Yes,7/1/12,,Unhappy With Job/Facility,24479,Mercer University,3.75
Emory University Hospital,10/20/11,4072,17606,,Perioperative Or,25,Female,Bsn,3.0 - 3.49,,,No,,Yes,10/1/12,,Unhappy With Job/Facility,24480,Mercer University,3.25
Emory University Hospital,10/20/11,6601,17607,,Emergency Department,37,Female,Bsn,3.0 - 3.49,,,No,,No,,,,24481,Mercer University,3.25
Emory Saint Joseph’S Hospital,6/6/11,24437,17608,,Medical/Surgical Inpatient Unit,24,Female,Bsn,3.0 - 3.49,,,No,,No,,,,24482,Mercer University,3.25
Emory Saint Joseph’S Hospital,3/14/11,24315,17609,,Medical/Surgical Inpatient Unit,25,Female,Bsn,3.5 And Above,,,No,,Yes,1/1/14,,Unhappy With Job/Facility,24483,Mercer University,3.75
Emory Saint Joseph’S Hospital,3/14/11,24326,17610,,Medical/Surgical Inpatient Unit,30,Female,Bsn,3.0 - 3.49,,,No,,Yes,10/21/11,,Relocating Out Of Area,24484,Mercer University,3.25
Emory Saint Joseph’S Hospital,3/29/10,1829,17611,,Other (Please Specify),41,Female,Bsn,3.0 - 3.49,,,No,,Yes,5/4/10,,Unsatisfactory Performance,24485,Mercer University,3.25
Emory Hillandale Hospital,10/11/22,455882,17613,10/18/22,Telemetry Unit,26,Female,Accelerated Bsn,3.5 And Above,,,No,,Yes,1/18/24,1.252054795,Other/Unknown,24487,Mercer University,3.75
Emory Decatur Hospital,3/22/22,1740231,17614,3/14/22,Medical/Surgical Icu Inpatient Unit,28,Female,Accelerated Bsn,3.0 - 3.49,,,No,,No,,,,24488,Mercer University,3.25
Emory Saint Joseph’S Hospital,2/21/22,452787,17615,2/21/22,Perioperative Or,26,Female,Accelerated Bsn,3.0 - 3.49,,,No,,No,,,,24489,Mercer University,3.25
Emory Decatur Hospital,10/12/21,447034,17616,10/3/21,Neonatal Icu Inpatient Unit,31,Female,Accelerated Bsn,3.5 And Above,,,No,,Yes,1/11/24,2.273972603,Obtained Position With A More Desirable Work Schedule,24490,Mercer University,3.75
Emory Decatur Hospital,10/12/21,450097,17617,10/4/21,Medical Icu Inpatient Unit,26,Female,Accelerated Bsn,3.5 And Above,,,No,,No,,,,24491,Mercer University,3.75
Emory University Hospital,7/30/20,2086609,17618,7/27/20,Cardiac/Heart/Vascular Critical Care,25,Female,Accelerated Bsn,3.5 And Above,,,No,,No,,,,24492,Mercer University,3.75
Emory University Hospital,10/24/19,2276504,17619,10/21/19,Surgical Icu Inpatient Unit,28,Female,Bsn,3.5 And Above,,,No,,No,,,,24493,Mercer University,3.75
Emory University Hospital,8/1/19,435976,17620,7/22/19,Medical/Surgical Intermediate Unit,23,Female,Bsn,3.0 - 3.49,,,No,,Yes,11/1/21,2.282191781,Travel Nurse,24494,Mercer University,3.25
Emory Saint Joseph’S Hospital,10/2/24,473369,17623,8/26/24,Medical/Surgical Intermediate Unit,30,Female,Accelerated Bsn,3.5 And Above,Full-Time,,No,,No,,,,24497,Mercer University,3.75
Emory Saint Joseph’S Hospital,10/2/24,474502,17624,10/21/24,Emergency Department,28,Female,Accelerated Bsn,3.5 And Above,Full-Time,,No,,No,,,,24498,Mercer University,3.75
Emory Saint Joseph’S Hospital,10/2/24,2603256,17625,10/14/24,Telemetry Unit,30,Female,Accelerated Bsn,3.5 And Above,Full-Time,,No,,No,,,,24499,Mercer University,3.75
Emory Saint Joseph’S Hospital,7/12/24,2540205,17626,7/15/24,Medical/Surgical Icu Inpatient Unit,24,Female,Bsn,3.0 - 3.49,Full-Time,,No,,No,,,,24500,Mercer University,3.25
Emory Saint Joseph’S Hospital,7/12/24,2540940,17627,6/24/24,Medical/Surgical Inpatient Unit,32,Female,Bsn,3.5 And Above,Full-Time,,No,,Yes,11/26/24,0.424657534,Unhappy With Job/Facility,24501,Mercer University,3.75
Emory Decatur Hospital,11/12/24,472579,17629,11/4/24,Medical/Surgical Intermediate Unit,50,Female,Bsn,3.5 And Above,Full-Time,,No,,No,,,,24503,Mercer University,3.75
Emory University Hospital,10/28/24,474034,17630,10/21/24,Oncology Inpatient Unit,27,Female,Accelerated Bsn,3.5 And Above,Full-Time,,No,,No,,,,24504,Mercer University,3.75
Emory University Hospital,8/21/24,472281,17631,7/29/24,Emergency Department,40,Female,Bsn,3.0 - 3.49,Full-Time,,No,,No,,,,24505,Mercer University,3.25
Emory University Hospital,8/21/24,2485334,17632,7/29/24,Neurology/Neurosurgical Icu Inpatient Unit,23,Female,Bsn,3.0 - 3.49,Full-Time,,No,,No,,,,24506,Mercer University,3.25
Emory University Hospital Midtown,8/9/24,2500170,17633,7/22/24,Perioperative Or,20,Female,Bsn,3.0 - 3.49,Full-Time,,No,,No,,,,24507,Mercer University,3.25
Emory University Hospital,8/5/24,452987,17634,7/30/24,Telemetry Unit,26,Female,Bsn,3.0 - 3.49,Full-Time,,No,,No,,,,24508,Mercer University,3.25
Emory University Hospital,8/21/24,2023168,17635,7/29/24,Cardiac/Heart/Vascular Critical Care,27,Female,Accelerated Bsn,3.0 - 3.49,Full-Time,,No,,Yes,5/10/25,0.780821918,Obtained Position Representing A Different Job Experience,24509,Mercer University,3.25
Emory University Hospital Midtown,10/25/24,474889,17636,11/11/24,Medical/Surgical Inpatient Unit,44,Female,Accelerated Bsn,3.5 And Above,Full-Time,,No,,Yes,2/21/25,0.279452055,Obtained Position With A More Desirable Work Schedule,24510,Mercer University,3.75
Emory University Hospital Midtown,8/11/23,464386,17895,7/31/23,Neonatal Icu Inpatient Unit,23,Female,Bsn,3.5 And Above,Full-Time,,No,,Yes,7/26/24,0.989041096,Other/Unknown,24769,Reinhardt University,3.75
Emory Johns Creek Hospital,2/21/22,446267,17896,1/10/22,Medical/Surgical Icu Inpatient Unit,26,Female,Bsn,3.5 And Above,Full-Time,,No,,No,,,,24770,Reinhardt University,3.75
Emory Saint Joseph’S Hospital,2/15/21,445133,17897,2/15/21,General Medical Inpatient Unit,40,Female,Bsn,3.0 - 3.49,Full-Time,,No,,No,,,,24771,Reinhardt University,3.25
Emory Decatur Hospital,7/21/20,442094,17898,7/13/20,Medical/Surgical Intermediate Unit,23,Female,Bsn,3.5 And Above,,,No,,Yes,11/29/22,2.380821918,Obtained Position With A More Desirable Commute,24772,Reinhardt University,3.75
Emory University Hospital,5/1/20,440123,17899,3/9/20,Medical Icu Inpatient Unit,22,Female,Bsn,3.5 And Above,,,No,,Yes,2/20/23,2.953424658,Other/Unknown,24773,Reinhardt University,3.75
Emory Decatur Hospital,11/12/24,474840,18003,11/4/24,Medical/Surgical Intermediate Unit,41,Female,Adn/Asn,3.0 - 3.49,Full-Time,,No,,No,,,,24877,South College Atlanta,3.25
Emory University Hospital Midtown,10/25/24,474492,18004,10/14/24,Neonatal Icu Inpatient Unit,24,Female,Accelerated Bsn,3.5 And Above,Full-Time,,No,,No,,,,24878,South College Atlanta,3.75
Emory University Hospital Midtown,8/9/24,447185,18005,6/17/24,General Medical Inpatient Unit,31,Female,Accelerated Bsn,3.0 - 3.49,Full-Time,,No,,No,,,,24879,South College Atlanta,3.25
Emory University Hospital,2/24/17,149696,18143,,General Surgical Inpatient Unit,24,Female,Bsn,3.5 And Above,,,No,,No,,,,25017,University Of West Georgia,3.75
Emory Saint Joseph’S Hospital,7/21/23,1633753,18241,7/17/23,Perioperative Or,31,Female,Masters,3.0 - 3.49,Full-Time,,No,,No,,,,25115,University Of Cincinnati,3.25
Emory University Hospital Midtown,8/25/22,455960,18242,7/18/22,Other (Please Specify),22,Female,Bsn,3.5 And Above,Full-Time,,No,,No,,,,25116,University Of Cincinnati,3.75
Emory Saint Joseph’S Hospital,10/2/25,478661,18405,9/2/25,Oncology Inpatient Unit,24,Female,Bsn,3.0 - 3.49,Full-Time,,No,,No,,,,25279,University Of North Georgia,3.25
Emory Johns Creek Hospital,10/2/25,480965,18406,9/29/25,Medical/Surgical Inpatient Unit,23,Male,Bsn,3.5 And Above,Full-Time,,No,,No,,,,25280,University Of North Georgia,3.75
Emory University Hospital,8/28/25,479703,18407,8/18/25,Transplant Unit,22,Male,Bsn,3.5 And Above,Full-Time,,No,,No,,,,25281,University Of North Georgia,3.75
Emory Saint Joseph’S Hospital,7/10/25,478694,18409,7/14/25,Medical/Surgical Inpatient Unit,22,Female,Bsn,3.0 - 3.49,Full-Time,,No,,No,,,,25283,University Of North Georgia,3.25
Emory Decatur Hospital,2/17/25,476495,18412,2/17/25,Perioperative Or,23,Female,Bsn,3.0 - 3.49,Full-Time,,No,,Yes,8/8/25,0.471232877,Unhappy With Job/Facility,25286,University Of North Georgia,3.25
Emory Johns Creek Hospital,2/21/22,452888,18414,2/21/22,Emergency Department,23,Female,Bsn,3.0 - 3.49,,,No,,Yes,9/17/22,0.569863014,Family Obligations (Family/Friend Caregiving Responsibility),25288,University Of North Georgia,3.25
Emory Decatur Hospital,10/28/24,474907,18415,11/4/24,Oncology Inpatient Unit,25,Female,Bsn,3.0 - 3.49,Full-Time,,No,,No,,,,25289,University Of North Georgia,3.25
Emory Hillandale Hospital,8/22/24,472739,18416,8/12/24,Emergency Department,25,Male,Accelerated Bsn,3.0 - 3.49,Full-Time,,No,,No,,,,25290,University Of North Georgia,3.25
Emory University Hospital Midtown,8/22/24,473361,18417,8/19/24,Oncology Inpatient Unit,26,Female,Bsn,3.5 And Above,Full-Time,,No,,No,,,,25291,University Of North Georgia,3.75
Emory University Hospital,8/21/24,470430,18418,7/22/24,Cardiac/Heart/Vascular Critical Care,40,Male,Bsn,3.5 And Above,Full-Time,,No,,No,,,,25292,University Of North Georgia,3.75
Emory Saint Joseph’S Hospital,7/12/24,471625,18419,6/24/24,Emergency Department,41,Female,Bsn,3.5 And Above,Full-Time,,No,,No,,,,25293,University Of North Georgia,3.75
Emory University Hospital,8/16/23,464302,18420,7/24/23,Medical Icu Inpatient Unit,22,Female,Bsn,3.5 And Above,Full-Time,,No,,Yes,3/19/25,1.654794521,Other/Unknown,25294,University Of North Georgia,3.75
Emory University Hospital,8/16/23,464316,18421,7/24/23,Cardiac/Heart/Vascular Critical Care,24,Female,Bsn,3.5 And Above,Full-Time,,No,,Yes,12/29/24,1.435616438,Other/Unknown,25295,University Of North Georgia,3.75
Emory Saint Joseph’S Hospital,7/12/21,447797,18422,7/12/21,Orthopedic Inpatient Unit,22,Female,Bsn,3.5 And Above,Full-Time,,No,,Yes,9/17/21,0.183561644,Relocating Out Of Area,25296,University Of North Georgia,3.75
Emory Johns Creek Hospital,7/21/23,2504428,18423,7/9/23,Medical Icu Inpatient Unit,41,Male,Bsn,3.5 And Above,Full-Time,,No,,No,,,,25297,University Of North Georgia,3.75
Emory University Hospital Midtown,4/7/23,460949,18424,3/27/23,Mother/Baby Unit,23,Female,Bsn,3.5 And Above,Full-Time,,No,,No,,,,25298,University Of North Georgia,3.75
Emory Decatur Hospital,3/28/23,461775,18425,3/20/23,Obstetrics/Labor & Delivery Inpatient Unit,30,Female,Bsn,3.5 And Above,Full-Time,,No,,No,,,,25299,University Of North Georgia,3.75
Emory Johns Creek Hospital,2/24/23,460949,18426,2/20/23,Obstetrics/Labor & Delivery Inpatient Unit,23,Female,Bsn,3.5 And Above,Full-Time,,No,,No,,,,25300,University Of North Georgia,3.75
Emory Johns Creek Hospital,2/24/23,462141,18427,3/27/23,Medical/Surgical Inpatient Unit,27,Female,Bsn,3.5 And Above,Full-Time,,No,,No,,,,25301,University Of North Georgia,3.75
Emory Johns Creek Hospital,2/24/23,462197,18428,4/17/23,Obstetrics/Labor & Delivery Inpatient Unit,26,Female,Bsn,3.0 - 3.49,Full-Time,,No,,No,,,,25302,University Of North Georgia,3.25
Emory Decatur Hospital,10/11/22,459403,18429,11/7/22,Mother/Baby Unit,24,Female,Bsn,3.0 - 3.49,,,No,,No,,,,25303,University Of North Georgia,3.25
Emory University Hospital Midtown,7/25/19,436512,18430,7/29/19,General Medical Inpatient Unit,31,Other,Bsn,3.5 And Above,,,No,,Yes,4/3/20,0.682191781,Family Obligations (Family/Friend Caregiving Responsibility),25304,University Of North Georgia,3.75
Emory Saint Joseph’S Hospital,7/18/22,456038,18431,7/18/22,Cardiac/Heart/Vascular Critical Care,21,Female,Bsn,3.5 And Above,Full-Time,,No,,Yes,3/25/24,1.687671233,Returning To School Full-Time,25305,University Of North Georgia,3.75
Emory University Hospital,4/27/22,452859,18432,3/28/22,Cardiac/Heart/Vascular Critical Care,23,Female,Bsn,3.5 And Above,,,No,,No,,,,25306,University Of North Georgia,3.75
Emory Decatur Hospital,8/20/24,472576,18433,8/12/24,Medical/Surgical Intermediate Unit,24,Female,Accelerated Bsn,3.0 - 3.49,Full-Time,,No,,Yes,11/24/24,0.284931507,Unhappy With Job/Facility,25307,University Of North Georgia,3.25
Emory University Hospital,8/26/21,448219,18434,7/26/21,Perioperative Or,23,Female,Bsn,3.5 And Above,,,No,,Yes,7/26/23,2,Relocating Out Of Area,25308,University Of North Georgia,3.75
Emory Johns Creek Hospital,7/12/21,447686,18435,7/12/21,Emergency Department,23,Female,Bsn,3.5 And Above,Full-Time,,No,,No,,,,25309,University Of North Georgia,3.75
Emory Johns Creek Hospital,7/12/21,447722,18436,7/12/21,Medical/Surgical Icu Inpatient Unit,22,Female,Bsn,3.5 And Above,Full-Time,,No,,No,,,,25310,University Of North Georgia,3.75
Emory University Hospital,4/16/21,445344,18437,3/22/21,Medical/Surgical Intermediate Unit,23,Male,Bsn,3.0 - 3.49,,,No,,No,,,,25311,University Of North Georgia,3.25
Emory University Hospital,4/16/21,445506,18438,3/22/21,Other (Please Specify),23,Female,Bsn,3.5 And Above,,,No,,Yes,12/2/23,2.698630137,Other/Unknown,25312,University Of North Georgia,3.75
Emory University Hospital,4/16/21,445546,18439,3/22/21,Neurology/Neurosurgical Icu Inpatient Unit,24,Male,Bsn,3.5 And Above,,,No,,No,,,,25313,University Of North Georgia,3.75
Emory University Hospital,4/16/21,445598,18440,3/22/21,Neurology/Neurosurgical Icu Inpatient Unit,24,Male,Bsn,3.5 And Above,,,No,,Yes,6/18/23,2.24109589,Other/Unknown,25314,University Of North Georgia,3.75
Emory Johns Creek Hospital,2/15/21,441733,18441,1/24/21,Medical/Surgical Icu Inpatient Unit,29,Female,Bsn,3.5 And Above,,,No,,Yes,3/6/22,1.112328767,Other/Unknown,25315,University Of North Georgia,3.75
Emory Johns Creek Hospital,2/15/21,445203,18442,2/15/21,Obstetrics/Labor & Delivery Inpatient Unit,22,Female,Bsn,3.5 And Above,Full-Time,,No,,Yes,3/6/25,4.054794521,Obtained Position Representing A Different Job Experience,25316,University Of North Georgia,3.75
Emory University Hospital,8/6/20,442606,18443,7/27/20,Cardiac/Heart/Vascular Critical Care,22,Female,Bsn,3.5 And Above,Full-Time,,No,,Yes,2/19/22,1.567123288,Relocating Out Of Area,25317,University Of North Georgia,3.75
Emory University Hospital,8/6/20,1968809,18444,7/27/20,Medical Icu Inpatient Unit,26,Male,Bsn,3.5 And Above,Full-Time,,No,,No,,,,25318,University Of North Georgia,3.75
Emory University Hospital Midtown,8/1/20,442443,18445,8/10/20,Orthopedic Inpatient Unit,22,Female,Bsn,3.5 And Above,Full-Time,,No,,No,,,,25319,University Of North Georgia,3.75
Emory Decatur Hospital,7/21/20,442243,18446,7/13/20,Orthopedic Inpatient Unit,23,Female,Bsn,3.0 - 3.49,,,No,,No,,,,25320,University Of North Georgia,3.25
Emory Saint Joseph’S Hospital,7/13/20,442398,18448,8/3/20,Perioperative Or,22,Female,Bsn,3.5 And Above,,,No,,Yes,8/4/22,2.002739726,Other/Unknown,25322,University Of North Georgia,3.75
Emory Saint Joseph’S Hospital,7/13/20,442512,18449,7/27/20,General Medical Inpatient Unit,25,Female,Bsn,3.0 - 3.49,Full-Time,,No,,No,,,,25323,University Of North Georgia,3.25
Emory University Hospital,5/1/20,440339,18450,3/2/20,Oncology Inpatient Unit,22,Female,Bsn,3.5 And Above,Full-Time,,No,,No,,,,25324,University Of North Georgia,3.75
Emory University Hospital Midtown,4/1/20,440661,18451,3/30/20,Obstetrics/Labor & Delivery Inpatient Unit,21,Female,Bsn,3.5 And Above,,,No,,Yes,5/27/21,1.15890411,Obtained Position With A More Desirable Commute,25325,University Of North Georgia,3.75
Emory University Hospital,10/14/22,458203,18452,9/17/22,Cardiac/Heart/Vascular Critical Care,26,Female,Accelerated Bsn,3.5 And Above,,,No,,Yes,9/16/23,0.997260274,Other/Unknown,25326,University Of North Georgia,3.75
Emory Saint Joseph’S Hospital,10/14/19,438325,18453,10/14/19,Medical/Surgical Inpatient Unit,25,Female,Bsn,3.5 And Above,Full-Time,,No,,Yes,1/5/21,1.230136986,Other/Unknown,25327,University Of North Georgia,3.75
Emory University Hospital,8/1/19,435932,18454,7/22/19,Neurology/Neurosurgical Icu Inpatient Unit,22,Female,Bsn,3.5 And Above,,,No,,Yes,7/31/21,2.02739726,Relocating Out Of Area,25328,University Of North Georgia,3.75
Emory University Hospital,8/1/19,435942,18455,7/22/19,Medical Icu Inpatient Unit,22,Male,Bsn,3.0 - 3.49,,,No,,No,,,,25329,University Of North Georgia,3.25
Emory University Hospital,8/1/19,435961,18456,7/22/19,Emergency Department,24,Female,Bsn,3.5 And Above,,,No,,Yes,2/19/22,2.583561644,Compensation/Pay,25330,University Of North Georgia,3.75
Emory University Hospital,8/1/19,435978,18457,7/22/19,General Medical Inpatient Unit,21,Female,Bsn,3.0 - 3.49,,,No,,No,,,,25331,University Of North Georgia,3.25
Emory Decatur Hospital,7/23/19,435739,18458,7/15/19,General Medical Inpatient Unit,28,Female,Bsn,3.5 And Above,,,No,,Yes,11/29/21,2.378082192,Did Not Return From Leave Of Absence,25332,University Of North Georgia,3.75
Emory Saint Joseph’S Hospital,7/15/19,435745,18459,7/15/19,General Medical Inpatient Unit,22,Female,Bsn,3.5 And Above,Full-Time,,No,,Yes,11/5/20,1.312328767,Obtained Position Representing A Promotion/Career Advancement,25333,University Of North Georgia,3.75
Emory Saint Joseph’S Hospital,7/15/19,843288,18460,7/15/19,General Medical Inpatient Unit,29,Female,Bsn,3.0 - 3.49,,,No,,No,,,,25334,University Of North Georgia,3.25
Emory University Hospital,2/26/19,433097,18461,3/4/19,General Medical Inpatient Unit,22,Female,Bsn,3.5 And Above,Full-Time,,No,,No,,,,25335,University Of North Georgia,3.75
Emory University Hospital,2/26/19,433203,18462,3/4/19,Perioperative Or,44,Female,Bsn,3.5 And Above,Full-Time,,No,,No,,,,25336,University Of North Georgia,3.75
Emory Johns Creek Hospital,2/25/19,425068,18463,2/25/19,Medical/Surgical Inpatient Unit,24,Female,Bsn,3.5 And Above,Full-Time,,No,,Yes,11/1/20,1.684931507,Other/Unknown,25337,University Of North Georgia,3.75
Emory Saint Joseph’S Hospital,10/8/18,211091,18465,,Medical/Surgical Inpatient Unit,22,Male,Bsn,3.0 - 3.49,,,No,,Yes,12/31/20,,Military,25339,University Of North Georgia,3.25
Emory Saint Joseph’S Hospital,10/8/18,629249,18466,,Medical/Surgical Inpatient Unit,22,Female,Bsn,3.5 And Above,,,No,,Yes,9/30/20,,Relocating Out Of Area,25340,University Of North Georgia,3.75
Emory University Hospital,7/30/18,425377,18467,7/30/18,General Medical Inpatient Unit,22,Female,Bsn,3.5 And Above,Full-Time,,No,,No,,,,25341,University Of North Georgia,3.75
Emory University Hospital,7/23/18,425445,18468,7/23/18,Mother/Baby Unit,22,Female,Bsn,3.5 And Above,Full-Time,,No,,No,,,,25342,University Of North Georgia,3.75
Emory University Hospital,7/23/18,425642,18469,7/23/18,Obstetrics/Labor & Delivery Inpatient Unit,22,Female,Bsn,3.5 And Above,Full-Time,,No,,Yes,3/28/20,1.682191781,Obtained Position With A More Desirable Commute,25343,University Of North Georgia,3.75
Emory Saint Joseph’S Hospital,7/23/18,131355,18470,,General Medical Inpatient Unit,22,Female,Bsn,3.5 And Above,,,No,,No,,,,25344,University Of North Georgia,3.75
Emory Saint Joseph’S Hospital,7/16/18,151464,18471,7/16/18,Other (Please Specify),25,Male,Bsn,3.5 And Above,,,No,,Yes,3/16/20,1.668493151,Obtained Position Representing A Different Job Experience,25345,University Of North Georgia,3.75
Emory Saint Joseph’S Hospital,7/16/18,302059,18472,,Medical/Surgical Inpatient Unit,22,Female,Bsn,3.0 - 3.49,,,No,,Yes,8/6/20,,Obtained Position With A More Desirable Commute,25346,University Of North Georgia,3.25
Emory Saint Joseph’S Hospital,7/16/18,331773,18473,,Medical/Surgical Inpatient Unit,22,Female,Bsn,3.5 And Above,,,No,,No,,,,25347,University Of North Georgia,3.75
Emory Saint Joseph’S Hospital,7/16/18,725110,18474,7/16/18,General Medical Inpatient Unit,22,Female,Bsn,3.0 - 3.49,,,No,,Yes,9/28/20,2.205479452,Obtained Position With A More Desirable Commute,25348,University Of North Georgia,3.25
Emory Saint Joseph’S Hospital,7/16/18,782791,18475,,Medical/Surgical Inpatient Unit,25,Female,Bsn,3.0 - 3.49,,,No,,No,,,,25349,University Of North Georgia,3.25
Emory University Hospital,7/16/18,807804,18476,7/16/18,Cardiac/Heart/Vascular Critical Care,22,Female,Bsn,3.5 And Above,Full-Time,,No,,No,,,,25350,University Of North Georgia,3.75
Emory Saint Joseph’S Hospital,7/16/18,905954,18477,,Medical/Surgical Intermediate Unit,22,Female,Bsn,3.5 And Above,,,No,,Yes,11/7/20,,Other/Unknown,25351,University Of North Georgia,3.75
Emory University Hospital,2/23/18,423505,18478,,Cardiac/Heart/Vascular Critical Care,28,Female,Bsn,3.0 - 3.49,,,No,,No,,,,25352,University Of North Georgia,3.25
Emory Saint Joseph’S Hospital,10/16/17,470633,18479,,Emergency Department,22,Female,Bsn,3.5 And Above,,,No,,No,,,,25353,University Of North Georgia,3.75
Emory Saint Joseph’S Hospital,8/7/17,131054,18480,8/7/17,Perioperative Or,22,Female,Bsn,3.5 And Above,,,No,,Yes,8/22/19,2.04109589,Obtained Position Representing A Different Job Experience,25354,University Of North Georgia,3.75
Emory University Hospital,7/17/17,419961,18481,,Medical Icu Inpatient Unit,27,Female,Bsn,3.0 - 3.49,,,No,,No,,,,25355,University Of North Georgia,3.25
Emory Saint Joseph’S Hospital,7/17/17,856863,18482,,Medical/Surgical Inpatient Unit,22,Male,Bsn,3.0 - 3.49,,,No,,Yes,2/23/20,,Compensation/Pay,25356,University Of North Georgia,3.25
Emory University Hospital,10/13/16,8341,18483,,Medical/Surgical Inpatient Unit,26,Female,Bsn,3.0 - 3.49,,,No,,No,,,,25357,University Of North Georgia,3.25
Emory University Hospital,10/12/16,4097100,18484,,General Medical Inpatient Unit,23,Female,Bsn,3.5 And Above,,,No,,No,,,,25358,University Of North Georgia,3.75
Emory University Hospital,10/12/16,415461,18485,,Perioperative Or,22,Female,Bsn,3.5 And Above,,,No,,No,,,,25359,University Of North Georgia,3.75
Emory University Hospital,10/12/16,415468,18486,,General Medical Inpatient Unit,23,Female,Bsn,3.0 - 3.49,,,No,,No,,,,25360,University Of North Georgia,3.25
Emory University Hospital,10/10/16,146,18487,,Obstetrics/Labor & Delivery Inpatient Unit,28,Female,Bsn,3.5 And Above,,,No,,No,,,,25361,University Of North Georgia,3.75
Emory University Hospital,10/10/16,415907,18488,,Other (Please Specify),25,Female,Bsn,3.5 And Above,,,No,,No,,,,25362,University Of North Georgia,3.75
Emory University Hospital,10/10/16,504323,18489,,General Medical Inpatient Unit,23,Female,Bsn,3.5 And Above,,,No,,Yes,7/22/17,,Unhappy With Job/Facility,25363,University Of North Georgia,3.75
Emory Saint Joseph’S Hospital,7/11/16,308256,18490,,Medical/Surgical Inpatient Unit,22,Female,Bsn,3.0 - 3.49,,,No,,No,,,,25364,University Of North Georgia,3.25
Emory University Hospital,4/12/16,1438310,18491,,General Medical Inpatient Unit,37,Female,Adn/Asn,3.0 - 3.49,,,No,,No,,,,25365,University Of North Georgia,3.25
Emory Johns Creek Hospital,2/21/22,452887,18492,2/21/22,Medical/Surgical Inpatient Unit,21,Male,Bsn,3.5 And Above,Full-Time,,No,,No,,,,25366,University Of North Georgia,3.75
Emory Johns Creek Hospital,2/15/21,445204,18493,2/15/21,Emergency Department,23,Female,Bsn,3.0 - 3.49,Per Diem,,No,,No,,,,25367,University Of North Georgia,3.25
Emory University Hospital,3/30/20,440315,18494,3/2/20,Telemetry Unit,22,Female,Bsn,3.5 And Above,,,No,,No,,,,25368,University Of North Georgia,3.75
Emory University Hospital,3/30/20,440318,18495,3/2/20,Orthopedic Inpatient Unit,24,Female,Bsn,3.0 - 3.49,,,No,,No,,,,25369,University Of North Georgia,3.25
Emory University Hospital,8/1/19,435923,18496,7/22/19,Medical Icu Inpatient Unit,27,Male,Bsn,3.5 And Above,,,No,,No,,,,25370,University Of North Georgia,3.75
Emory University Hospital,7/30/18,425314,18497,7/30/18,General Medical Inpatient Unit,22,Female,Bsn,3.5 And Above,Full-Time,,No,,Yes,9/5/20,2.104109589,Compensation/Pay,25371,University Of North Georgia,3.75
Emory Saint Joseph’S Hospital,2/26/18,312107,18498,2/26/18,Medical/Surgical Intermediate Unit,23,Male,Bsn,3.5 And Above,Full-Time,,No,,No,,,,25372,University Of North Georgia,3.75
Emory University Hospital Midtown,8/11/23,464368,18513,7/31/23,Cardiac/Heart/Vascular Critical Care,22,Female,Bsn,3.5 And Above,Full-Time,,No,,No,,,,25387,University Of Pittsburgh,3.75
Emory University Hospital,8/7/23,465416,18514,8/28/23,Oncology Inpatient Unit,22,Female,Bsn,3.0 - 3.49,Full-Time,,No,,No,,,,25388,University Of Pittsburgh,3.25
Emory University Hospital Midtown,8/26/21,448618,18515,8/9/21,Neurology/Neurosurgical Icu Inpatient Unit,21,Female,Bsn,3.5 And Above,,,No,,Yes,11/27/22,1.301369863,Other/Unknown,25389,University Of Pittsburgh,3.75
Emory Decatur Hospital,7/21/20,442074,18516,7/27/20,Mother/Baby Unit,28,Female,Bsn,3.0 - 3.49,,,No,,No,,,,25390,University Of Pittsburgh,3.25
Emory University Hospital,10/8/15,410827,18517,,Medical/Surgical Icu Inpatient Unit,22,Female,Bsn,3.0 - 3.49,,,No,,No,,,,25391,University Of Pittsburgh,3.25
Emory University Hospital,10/7/15,410863,18518,,General Surgical Inpatient Unit,22,Female,Bsn,3.0 - 3.49,,,No,,No,,,,25392,University Of Pittsburgh,3.25
Emory Saint Joseph’S Hospital,7/10/25,478963,18544,7/14/25,Telemetry Unit,22,Female,Bsn,3.5 And Above,Full-Time,,No,,No,,,,25418,University Of South Carolina,3.75
Emory University Hospital,4/24/24,463218,18546,3/25/24,Cardiac/Heart/Vascular Critical Care,22,Female,Bsn,3.5 And Above,Full-Time,,No,,No,,,,25420,University Of South Carolina,3.75
Emory University Hospital,8/17/22,456486,18547,8/1/22,Medical Icu Inpatient Unit,22,Female,Bsn,3.5 And Above,,,No,,No,,,,25421,University Of South Carolina,3.75
Emory Hillandale Hospital,7/26/21,448101,18548,7/26/21,Medical Icu Inpatient Unit,21,Female,Bsn,3.0 - 3.49,,,No,,Yes,6/19/22,0.898630137,Relocating Out Of Area,25422,University Of South Carolina,3.25
Emory University Hospital,7/22/21,447976,18549,7/19/21,Orthopedic Inpatient Unit,27,Female,Bsn,3.5 And Above,,,No,,Yes,4/8/23,1.720547945,Obtained Position Representing A Different Job Experience,25423,University Of South Carolina,3.75
Emory Decatur Hospital,3/15/21,445419,18550,3/15/21,Mother/Baby Unit,21,Female,Bsn,3.0 - 3.49,,,No,,No,,,,25424,University Of South Carolina,3.25
Emory Decatur Hospital,10/13/20,433215,18551,10/5/20,Telemetry Unit,38,Male,Bsn,3.5 And Above,,,No,,Yes,12/26/20,0.224657534,Disability/Illness/Injury,25425,University Of South Carolina,3.75
Emory Decatur Hospital,10/13/20,443380,18552,10/5/20,General Medical Inpatient Unit,24,Female,Bsn,3.0 - 3.49,,,No,,Yes,10/30/21,1.068493151,Obtained Position Representing A Different Job Experience,25426,University Of South Carolina,3.25
Emory University Hospital,7/30/20,442623,18553,8/3/20,Medical/Surgical Intermediate Unit,22,Female,Bsn,3.0 - 3.49,,,No,,Yes,3/31/22,1.657534247,Relocating Out Of Area,25427,University Of South Carolina,3.25
Emory Decatur Hospital,10/22/19,437728,18554,10/14/19,Medical/Surgical Inpatient Unit,26,Female,Bsn,3.5 And Above,,,No,,Yes,12/25/21,2.2,Other/Unknown,25428,University Of South Carolina,3.75
Emory University Hospital Midtown,7/25/19,436601,18555,7/29/19,Medical/Surgical Intermediate Unit,24,Female,Accelerated Bsn,3.5 And Above,Full-Time,,No,,No,,,,25429,University Of South Carolina,3.75
Emory University Hospital Midtown,7/25/19,2194178,18556,7/29/19,Medical/Surgical Inpatient Unit,21,Male,Bsn,3.0 - 3.49,,,No,,No,,,,25430,University Of South Carolina,3.25
Emory University Hospital,2/26/19,433215,18557,3/4/19,Oncology Inpatient Unit,36,Male,Bsn,3.5 And Above,Full-Time,,No,,No,,,,25431,University Of South Carolina,3.75
Emory University Hospital,2/23/18,422829,18559,,Neurology/Neurosurgical Icu Inpatient Unit,23,Female,Bsn,3.5 And Above,,,No,,No,,,,25433,University Of South Carolina,3.75
Emory University Hospital,7/18/17,419947,18560,,Neurology/Neurosurgical Icu Inpatient Unit,22,Female,Bsn,3.5 And Above,,,No,,No,,,,25434,University Of South Carolina,3.75
Emory University Hospital,7/18/17,419959,18561,,Neurology/Neurosurgical Icu Inpatient Unit,23,Female,Bsn,3.5 And Above,,,No,,No,,,,25435,University Of South Carolina,3.75
Emory University Hospital,2/24/17,461386,18562,,Medical/Surgical Icu Inpatient Unit,23,Female,Accelerated Bsn,3.0 - 3.49,,,No,,No,,,,25436,University Of South Carolina,3.25
Emory University Hospital,2/24/17,854692,18563,,Orthopedic Inpatient Unit,25,Female,Bsn,3.0 - 3.49,,,No,,No,,,,25437,University Of South Carolina,3.25
Emory University Hospital,10/13/16,4068,18564,,Cardiac/Heart/Vascular Critical Care,22,Male,Bsn,3.0 - 3.49,,,No,,No,,,,25438,University Of South Carolina,3.25
Emory University Hospital,4/15/16,923730,18565,,General Medical Inpatient Unit,22,Female,Bsn,3.0 - 3.49,,,No,,No,,,,25439,University Of South Carolina,3.25
Emory University Hospital,4/12/16,3486,18566,,Telemetry Unit,23,Male,Bsn,3.0 - 3.49,,,No,,No,,,,25440,University Of South Carolina,3.25
Emory University Hospital,10/5/15,410946,18567,,Medical/Surgical Icu Inpatient Unit,22,Female,Bsn,3.5 And Above,,,No,,No,,,,25441,University Of South Carolina,3.75
Emory Saint Joseph’S Hospital,7/14/14,40604400,18568,,Medical/Surgical Inpatient Unit,26,Female,Bsn,3.0 - 3.49,,,No,,Yes,11/2/15,,Relocating Out Of Area,25442,University Of South Carolina,3.25
Emory Saint Joseph’S Hospital,10/7/13,39720800,18569,10/7/13,Telemetry Unit,22,Female,Bsn,3.0 - 3.49,,,No,,Yes,12/1/20,7.156164384,Obtained Position Representing A Promotion/Career Advancement,25443,University Of South Carolina,3.25
Emory University Hospital,8/26/13,7475,18570,,Emergency Department,22,Female,Bsn,3.5 And Above,,,No,,No,,,,25444,University Of South Carolina,3.75
Emory University Hospital,8/26/13,8437,18571,,Other (Please Specify),22,Female,Bsn,3.0 - 3.49,,,No,,No,,,,25445,University Of South Carolina,3.25
Emory University Hospital,3/30/20,435133,18572,3/2/20,Transplant Unit,21,Female,Bsn,3.5 And Above,,,No,,Yes,9/4/20,0.509589041,Relocating Out Of Area,25446,University Of South Carolina,3.75
Emory University Hospital,2/21/22,452863,18573,2/21/22,Perioperative Or,21,Female,Bsn,3.5 And Above,Full-Time,,No,,Yes,4/27/23,1.178082192,Disability/Illness/Injury,25447,University Of South Carolina,3.75
Emory Saint Joseph’S Hospital,2/15/21,445134,18574,2/15/21,Emergency Department,22,Female,Bsn,3.5 And Above,Full-Time,,No,,Yes,1/4/23,1.884931507,Other/Unknown,25448,University Of South Carolina,3.75
Emory University Hospital,9/18/20,443011,18575,9/14/20,Neurology/Neurosurgical Icu Inpatient Unit,22,Male,Bsn,3.5 And Above,,,No,,Yes,4/10/22,1.569863014,Relocating Out Of Area,25449,University Of South Carolina,3.75
Emory Saint Joseph’S Hospital,7/13/20,442509,18576,7/13/20,Observation Unit,22,Female,Bsn,3.5 And Above,Full-Time,,No,,Yes,9/18/23,3.183561644,Other/Unknown,25450,University Of South Carolina,3.75
Emory University Hospital,5/1/20,440124,18577,3/9/20,Surgical Icu Inpatient Unit,21,Female,Bsn,3.5 And Above,Full-Time,,No,,No,,,,25451,University Of South Carolina,3.75
Emory University Hospital,3/30/20,440312,18578,2/24/20,Emergency Department,22,Female,Bsn,3.5 And Above,Full-Time,,No,,No,,,,25452,University Of South Carolina,3.75
Emory Decatur Hospital,3/24/20,440222,18579,3/16/20,Psychiatric Inpatient Unit,22,Female,Bsn,3.0 - 3.49,,,No,,Yes,7/24/22,2.356164384,Other/Unknown,25453,University Of South Carolina,3.25
Emory University Hospital,8/1/19,435925,18580,7/22/19,Orthopedic Inpatient Unit,22,Male,Bsn,3.0 - 3.49,Full-Time,,No,,Yes,1/14/22,2.484931507,Travel Nurse,25454,University Of South Carolina,3.25
Emory Decatur Hospital,7/21/20,442079,18606,8/3/20,General Surgical Inpatient Unit,22,Female,Bsn,3.5 And Above,,,No,,Yes,10/30/21,1.24109589,Relocating Out Of Area,25480,University Of Tennessee,3.75
Emory Saint Joseph’S Hospital,2/24/20,440113,18607,2/24/20,Medical/Surgical Intermediate Unit,23,Female,Accelerated Bsn,3.0 - 3.49,Full-Time,,No,,Yes,12/17/21,1.81369863,Travel Nurse,25481,University Of Tennessee,3.25
Emory University Hospital Midtown,10/31/19,438052,18608,10/28/19,Oncology Inpatient Unit,27,Female,Accelerated Bsn,3.5 And Above,,,No,,No,,,,25482,University Of Tennessee,3.75
Emory Decatur Hospital,2/27/19,432974,18609,2/25/19,Obstetrics/Labor & Delivery Inpatient Unit,23,Female,Bsn,3.0 - 3.49,,,No,,Yes,6/25/20,1.331506849,Other/Unknown,25483,University Of Tennessee,3.25
Emory University Hospital,10/16/18,1793828,18610,10/15/18,Neurology/Neurosurgical Icu Inpatient Unit,26,Female,Accelerated Bsn,2.5 - 2.99,,,No,,No,,,,25484,University Of Tennessee,2.75
Emory University Hospital,7/23/18,425284,18611,,Medical/Surgical Icu Inpatient Unit,21,Male,Bsn,3.0 - 3.49,,,No,,No,,,,25485,University Of Tennessee,3.25
Emory Saint Joseph’S Hospital,10/16/17,42318,18612,,Telemetry Unit,23,Female,Bsn,3.5 And Above,,,No,,No,,,,25486,University Of Tennessee,3.75
Emory University Hospital,7/18/17,419948,18613,,Emergency Department,21,Female,Bsn,3.0 - 3.49,,,No,,No,,,,25487,University Of Tennessee,3.25
Emory University Hospital,8/25/14,1869912,18614,,Obstetrics/Labor & Delivery Inpatient Unit,26,Female,Bsn,3.0 - 3.49,,,No,,No,,,,25488,University Of Tennessee,3.25
Emory University Hospital,8/25/14,186991200,18615,,Obstetrics/Labor & Delivery Inpatient Unit,26,Female,Msn (Cnl),3.0 - 3.49,,,No,,No,,,,25489,University Of Tennessee,3.25
Emory University Hospital Midtown,8/8/25,479874,18677,8/4/25,Medical Icu Inpatient Unit,30,Female,Bsn,3.5 And Above,Full-Time,,No,,No,,,,25551,University Of West Georgia,3.75
Emory University Hospital,3/17/14,389503,18679,,Obstetrics/Labor & Delivery Inpatient Unit,51,Female,Bsn,3.0 - 3.49,,,No,,No,,,,25553,University Of West Georgia,3.25
Emory University Hospital,3/17/14,404426,18680,,Medical/Surgical Icu Inpatient Unit,59,Female,Bsn,3.5 And Above,,,No,,No,,,,25554,University Of West Georgia,3.75
Emory University Hospital,3/17/14,40445300,18681,,Medical/Surgical Icu Inpatient Unit,23,Female,Bsn,3.5 And Above,,,No,,No,,,,25555,University Of West Georgia,3.75
Emory University Hospital,3/10/14,40481000,18682,,Medical/Surgical Icu Inpatient Unit,50,Female,Bsn,3.0 - 3.49,,,No,,No,,,,25556,University Of West Georgia,3.25
Emory Enterprise Staffing Pool,8/28/25,449121,18683,8/11/25,Float Pool,23,Female,Bsn,3.0 - 3.49,Full-Time,,No,,No,,,,25557,University Of West Georgia,3.25
Emory University Hospital Midtown,8/8/25,479873,18684,8/11/25,Medical Icu Inpatient Unit,22,Female,Bsn,3.5 And Above,Full-Time,,No,,No,,,,25558,University Of West Georgia,3.75
Emory Decatur Hospital,11/12/24,473915,18686,9/16/24,General Medical Inpatient Unit,23,Female,Bsn,3.5 And Above,Full-Time,,No,,No,,,,25560,University Of West Georgia,3.75
Emory Hillandale Hospital,8/22/24,468708,18687,8/12/24,Emergency Department,28,Female,Bsn,3.0 - 3.49,Full-Time,,No,,No,,,,25561,University Of West Georgia,3.25
Emory University Hospital Midtown,8/22/24,473368,18688,8/26/24,Oncology Inpatient Unit,25,Female,Bsn,3.0 - 3.49,Full-Time,,No,,No,,,,25562,University Of West Georgia,3.25
Emory University Hospital,8/21/24,472175,18689,7/29/24,Medical Icu Inpatient Unit,23,Male,Bsn,3.5 And Above,Full-Time,,No,,No,,,,25563,University Of West Georgia,3.75
Emory Decatur Hospital,8/20/24,472581,18690,8/12/24,Medical/Surgical Intermediate Unit,22,Female,Bsn,3.5 And Above,Full-Time,,No,,No,,,,25564,University Of West Georgia,3.75
Emory Decatur Hospital,8/20/24,473363,18691,8/19/24,Rehabilitation Inpatient Unit,24,Female,Bsn,3.5 And Above,Full-Time,,No,,No,,,,25565,University Of West Georgia,3.75
Emory University Hospital,8/5/24,472166,18692,7/29/24,Orthopedic Inpatient Unit,23,Female,Bsn,3.5 And Above,Full-Time,,No,,No,,,,25566,University Of West Georgia,3.75
Emory University Hospital,3/11/24,468858,18693,3/4/24,General Surgical Inpatient Unit,22,Female,Bsn,3.5 And Above,Full-Time,,No,,No,,,,25567,University Of West Georgia,3.75
Emory University Hospital,10/20/23,467124,18694,11/7/23,Perioperative Or,24,Female,Bsn,3.5 And Above,Full-Time,,No,,No,,,,25568,University Of West Georgia,3.75
Emory Decatur Hospital,8/15/23,465000,18695,8/7/23,Neonatal Icu Inpatient Unit,36,Female,Bsn,3.0 - 3.49,Full-Time,,No,,Yes,4/2/25,1.654794521,Obtained Position Representing A Different Job Experience,25569,University Of West Georgia,3.25
Emory University Hospital,8/7/23,464762,18696,7/24/23,Medical/Surgical Intermediate Unit,22,Female,Bsn,3.5 And Above,Full-Time,,No,,No,,,,25570,University Of West Georgia,3.75
Emory University Hospital Midtown,7/21/23,464301,18697,7/17/23,Perioperative Or,22,Female,Bsn,3.5 And Above,Full-Time,,No,,No,,,,25571,University Of West Georgia,3.75
Emory Saint Joseph’S Hospital,7/21/23,464588,18698,7/17/23,Perioperative Or,25,Female,Bsn,3.0 - 3.49,Full-Time,,No,,No,,,,25572,University Of West Georgia,3.25
Emory Decatur Hospital,7/21/23,464837,18699,7/24/23,Perioperative Or,22,Female,Bsn,3.5 And Above,Full-Time,,No,,No,,,,25573,University Of West Georgia,3.75
Emory University Hospital,3/13/23,461867,18700,3/20/23,Cardiac/Heart/Vascular Critical Care,22,Female,Bsn,3.5 And Above,Full-Time,,No,,No,,,,25574,University Of West Georgia,3.75
Emory University Hospital,8/17/22,456240,18701,7/11/22,Neurology/Neurosurgical Icu Inpatient Unit,21,Female,Bsn,3.5 And Above,,,No,,No,,,,25575,University Of West Georgia,3.75
Emory University Hospital Midtown,8/12/22,456564,18702,8/8/22,Cardiac/Heart/Vascular Critical Care,22,Female,Bsn,3.5 And Above,,,No,,No,,,,25576,University Of West Georgia,3.75
Emory University Hospital Midtown,4/1/22,453227,18703,3/28/22,Neurology/Neurosurgical Icu Inpatient Unit,23,Female,Bsn,3.5 And Above,,,No,,No,,,,25577,University Of West Georgia,3.75
Emory University Hospital Midtown,4/1/22,453234,18704,4/11/22,Neonatal Icu Inpatient Unit,23,Female,Bsn,3.0 - 3.49,Full-Time,,No,,No,,,,25578,University Of West Georgia,3.25
Emory University Hospital,3/18/22,453439,18705,3/14/22,Emergency Department,23,Female,Bsn,3.5 And Above,,,No,,Yes,1/27/24,1.873972603,Obtained Position With A More Desirable Commute,25579,University Of West Georgia,3.75
Emory University Hospital,8/18/21,447984,18706,8/9/21,Cardiac/Heart/Vascular Critical Care,22,Female,Bsn,3.5 And Above,,,No,,Yes,2/28/22,0.556164384,Other/Unknown,25580,University Of West Georgia,3.75
Emory University Hospital,9/27/21,450440,18707,10/11/21,Perioperative Or,22,Female,Bsn,3.0 - 3.49,,,No,,Yes,3/30/23,1.465753425,Other/Unknown,25581,University Of West Georgia,3.25
Emory University Orthopaedics & Spine Hospital,9/27/21,451804,18708,11/29/21,Orthopedic Inpatient Unit,28,Male,Bsn,3.5 And Above,,,No,,Yes,7/13/23,1.619178082,Other/Unknown,25582,University Of West Georgia,3.75
Emory University Hospital Midtown,8/13/21,448627,18709,8/15/21,General Medical Inpatient Unit,22,Female,Bsn,3.5 And Above,,,No,,Yes,11/1/24,3.216438356,Other/Unknown,25583,University Of West Georgia,3.75
Emory Decatur Hospital,7/26/21,445414,18710,7/12/21,Orthopedic Inpatient Unit,24,Female,Bsn,3.5 And Above,,,No,,Yes,10/7/22,1.238356164,Returning To School Full-Time,25584,University Of West Georgia,3.75
Emory University Hospital,7/22/21,447989,18711,7/19/21,Oncology Inpatient Unit,22,Female,Bsn,3.5 And Above,,,No,,No,,,,25585,University Of West Georgia,3.75
Emory University Hospital,9/27/21,450349,18712,9/20/21,General Medical Inpatient Unit,41,Female,Bsn,3.5 And Above,,,No,,Yes,9/9/22,0.969863014,Unsatisfactory Performance,25586,University Of West Georgia,3.75
Emory University Hospital,4/16/21,445185,18713,2/22/21,General Medical Inpatient Unit,25,Female,Bsn,3.5 And Above,,,No,,No,,,,25587,University Of West Georgia,3.75
Emory University Hospital,9/27/21,450821,18714,10/4/21,Medical/Surgical Inpatient Unit,25,Female,Bsn,3.5 And Above,,,No,,Yes,9/22/22,0.967123288,Unsatisfactory Performance,25588,University Of West Georgia,3.75
Emory Saint Joseph’S Hospital,2/15/21,419205,18715,2/14/21,General Medical Inpatient Unit,23,Female,Bsn,3.5 And Above,Per Diem,,No,,No,,,,25589,University Of West Georgia,3.75
Emory Hillandale Hospital,10/13/20,443003,18716,10/5/20,Medical/Surgical Inpatient Unit,22,Female,Bsn,3.0 - 3.49,,,No,,No,,,,25590,University Of West Georgia,3.25
Emory Saint Joseph’S Hospital,10/12/20,443144,18717,10/12/20,Medical/Surgical Intermediate Unit,22,Female,Bsn,3.5 And Above,Per Diem,,No,,No,,,,25591,University Of West Georgia,3.75
Emory University Hospital,8/6/20,442622,18718,8/3/20,General Medical Inpatient Unit,23,Female,Bsn,3.5 And Above,,,No,,No,,,,25592,University Of West Georgia,3.75
Emory University Hospital Midtown,8/1/20,442395,18719,8/2/20,Medical Icu Inpatient Unit,22,Female,Bsn,3.5 And Above,Full-Time,,No,,Yes,7/27/22,1.983561644,Relocating Out Of Area,25593,University Of West Georgia,3.75
Emory University Hospital Midtown,4/1/20,440643,18721,3/30/20,Oncology Inpatient Unit,22,Female,Bsn,3.5 And Above,,,No,,No,,,,25595,University Of West Georgia,3.75
Emory University Hospital Midtown,4/1/20,2181237,18722,3/22/20,Medical/Surgical Inpatient Unit,23,Female,Bsn,3.0 - 3.49,,,No,,No,,,,25596,University Of West Georgia,3.25
Emory Hillandale Hospital,3/24/20,440235,18723,3/16/20,Emergency Department,22,Female,Bsn,3.0 - 3.49,,,No,,No,,,,25597,University Of West Georgia,3.25
Emory University Hospital,8/1/19,435926,18724,7/22/19,Orthopedic Inpatient Unit,27,Female,Bsn,3.5 And Above,,,No,,Yes,11/13/21,2.315068493,Obtained Position With A More Desirable Commute,25598,University Of West Georgia,3.75
Emory University Hospital,8/1/19,436154,18725,7/29/19,Perioperative Or,22,Female,Bsn,3.5 And Above,,,No,,No,,,,25599,University Of West Georgia,3.75
Emory University Hospital,8/1/19,436704,18726,7/29/19,General Medical Inpatient Unit,25,Female,Bsn,3.0 - 3.49,,,No,,Yes,10/13/21,2.210958904,Family Obligations (Family/Friend Caregiving Responsibility),25600,University Of West Georgia,3.25
Emory University Hospital,2/26/19,433093,18727,2/28/19,General Medical Inpatient Unit,27,Female,Bsn,3.0 - 3.49,,,No,,No,,,,25601,University Of West Georgia,3.25
Emory Saint Joseph’S Hospital,2/18/19,432726,18728,2/18/19,Orthopedic Inpatient Unit,39,Female,Bsn,3.0 - 3.49,Full-Time,,No,,No,,,,25602,University Of West Georgia,3.25
Emory University Hospital,10/15/18,425632,18729,10/15/18,Emergency Department,22,Female,Bsn,3.5 And Above,,,No,,No,,,,25603,University Of West Georgia,3.75
Emory University Hospital,7/30/18,425408,18730,,Medical Icu Inpatient Unit,22,Female,Bsn,3.5 And Above,,,No,,No,,,,25604,University Of West Georgia,3.75
Emory Saint Joseph’S Hospital,7/16/18,191117,18731,,Orthopedic Inpatient Unit,22,Female,Bsn,3.0 - 3.49,,,No,,Yes,12/10/20,,Other/Unknown,25605,University Of West Georgia,3.25
Emory Saint Joseph’S Hospital,7/16/18,997650,18732,,Perioperative Or,22,Female,Bsn,3.0 - 3.49,,,No,,Yes,3/2/21,,Other/Unknown,25606,University Of West Georgia,3.25
Emory University Hospital,2/23/18,422845,18733,,General Medical Inpatient Unit,24,Female,Bsn,3.5 And Above,,,No,,Yes,4/10/20,,Obtained Position Representing A Different Job Experience,25607,University Of West Georgia,3.75
Emory University Hospital,2/23/18,2056572,18734,,Oncology Inpatient Unit,22,Female,Bsn,3.0 - 3.49,,,No,,No,,,,25608,University Of West Georgia,3.25
Emory University Hospital,7/18/17,419822,18735,,Rehabilitation Inpatient Unit,44,Female,Bsn,3.5 And Above,,,No,,No,,,,25609,University Of West Georgia,3.75
Emory University Hospital,7/18/17,419935,18736,,Medical/Surgical Icu Inpatient Unit,24,Female,Bsn,3.5 And Above,,,No,,No,,,,25610,University Of West Georgia,3.75
Emory University Hospital,7/18/17,419950,18737,,Transplant Unit,21,Female,Bsn,3.0 - 3.49,,,No,,No,,,,25611,University Of West Georgia,3.25
Emory University Hospital,7/17/17,2080811,18738,,Cardiac/Heart/Vascular Critical Care,22,Male,Bsn,3.5 And Above,,,No,,No,,,,25612,University Of West Georgia,3.75
Emory University Hospital,2/25/17,391909,18740,,General Surgical Inpatient Unit,47,Male,Bsn,3.5 And Above,,,No,,No,,,,25614,University Of West Georgia,3.75
Emory University Hospital,2/25/17,760338,18741,,General Surgical Inpatient Unit,42,Female,Bsn,3.5 And Above,,,No,,No,,,,25615,University Of West Georgia,3.75
Emory University Hospital,2/25/17,776049,18742,,Emergency Department,23,Female,Bsn,3.5 And Above,,,No,,No,,,,25616,University Of West Georgia,3.75
Emory University Hospital,2/25/17,869638,18743,,Emergency Department,28,Female,Bsn,3.5 And Above,,,No,,No,,,,25617,University Of West Georgia,3.75
Emory University Hospital,2/24/17,435628,18744,,Orthopedic Inpatient Unit,33,Female,Bsn,3.5 And Above,,,No,,No,,,,25618,University Of West Georgia,3.75
Emory University Hospital,2/24/17,730050,18745,,Medical/Surgical Inpatient Unit,45,Female,Bsn,3.0 - 3.49,,,No,,No,,,,25619,University Of West Georgia,3.25
Emory University Hospital,2/24/17,823522,18746,,Neurology/Neurosurgical Icu Inpatient Unit,41,Female,Bsn,3.5 And Above,,,No,,No,,,,25620,University Of West Georgia,3.75
Emory University Hospital,10/13/16,1909945,18747,,Neurology/Neurosurgical Icu Inpatient Unit,23,Female,Bsn,3.5 And Above,,,No,,No,,,,25621,University Of West Georgia,3.75
Emory University Hospital,10/13/16,6176,18748,,Surgical Icu Inpatient Unit,33,Female,Bsn,3.5 And Above,,,No,,Yes,5/11/17,,Unsatisfactory Performance,25622,University Of West Georgia,3.75
Emory University Hospital,10/10/16,145904,18749,,Obstetrics/Labor & Delivery Inpatient Unit,35,Female,Bsn,3.5 And Above,,,No,,No,,,,25623,University Of West Georgia,3.75
Emory University Hospital,4/12/16,1875248,18750,,Mother/Baby Unit,23,Female,Bsn,3.5 And Above,,,No,,No,,,,25624,University Of West Georgia,3.75
Emory University Hospital,10/5/15,410998,18751,,General Surgical Inpatient Unit,24,Female,Bsn,3.0 - 3.49,,,No,,No,,,,25625,University Of West Georgia,3.25
Emory Saint Joseph’S Hospital,3/2/15,40820600,18752,,Medical/Surgical Inpatient Unit,24,Male,Bsn,3.5 And Above,,,No,,No,,,,25626,University Of West Georgia,3.75
Emory University Hospital,8/25/14,406461,18753,,General Surgical Inpatient Unit,25,Female,Bsn,3.5 And Above,,,No,,No,,,,25627,University Of West Georgia,3.75
Emory University Hospital,3/10/14,64390500,18754,,General Surgical Inpatient Unit,33,Female,Bsn,3.5 And Above,,,No,,No,,,,25628,University Of West Georgia,3.75
Emory Saint Joseph’S Hospital,10/7/13,40306300,18755,,General Medical Inpatient Unit,23,Female,Bsn,3.5 And Above,,,No,,No,,,,25629,University Of West Georgia,3.75
Emory University Hospital,8/19/13,811,18756,,General Medical Inpatient Unit,22,Female,Bsn,3.5 And Above,,,No,,No,,,,25630,University Of West Georgia,3.75
Emory University Hospital,8/19/13,9808,18757,,Neonatal Icu Inpatient Unit,36,Female,Bsn,3.5 And Above,,,No,,No,,,,25631,University Of West Georgia,3.75
Emory Saint Joseph’S Hospital,8/12/13,40059400,18758,,Perioperative Or,22,Female,Bsn,3.5 And Above,,,No,,Yes,3/3/14,,Unhappy With Job/Facility,25632,University Of West Georgia,3.75
Emory University Hospital,3/11/13,1378,18759,,General Medical Inpatient Unit,39,Female,Bsn,3.0 - 3.49,,,No,,No,,,,25633,University Of West Georgia,3.25
Emory University Hospital,3/11/13,5107,18760,,General Medical Inpatient Unit,30,Female,Bsn,3.0 - 3.49,,,No,,No,,,,25634,University Of West Georgia,3.25
Emory University Hospital,3/11/13,8617,18761,,General Medical Inpatient Unit,54,Female,Bsn,3.0 - 3.49,,,No,,Yes,8/26/13,,Unsatisfactory Performance,25635,University Of West Georgia,3.25
Emory University Hospital,11/5/12,3069,18762,,Perioperative Or,23,Female,Bsn,3.0 - 3.49,,,No,,No,,,,25636,University Of West Georgia,3.25
Emory University Hospital,9/10/12,2472,18763,,General Surgical Inpatient Unit,22,Female,Bsn,3.0 - 3.49,,,No,,No,,,,25637,University Of West Georgia,3.25
Emory University Hospital,6/30/12,6065,18764,,Medical/Surgical Icu Inpatient Unit,23,Female,Bsn,3.5 And Above,,,No,,No,,,,25638,University Of West Georgia,3.75
Emory University Hospital,6/14/12,1457,18765,,Perioperative Or,25,Male,Bsn,3.0 - 3.49,,,No,,No,,,,25639,University Of West Georgia,3.25
Emory Saint Joseph’S Hospital,4/2/12,39669700,18766,,General Surgical Inpatient Unit,23,Female,Bsn,3.5 And Above,,,No,,Yes,3/1/14,,Unhappy With Job/Facility,25640,University Of West Georgia,3.75
Emory University Hospital,10/20/11,4611,18767,,Emergency Department,25,Female,Bsn,3.5 And Above,,,No,,No,,,,25641,University Of West Georgia,3.75
Emory University Hospital,10/20/11,5582,18768,,Medical/Surgical Icu Inpatient Unit,36,Female,Bsn,3.0 - 3.49,,,No,,No,,,,25642,University Of West Georgia,3.25
Emory Saint Joseph’S Hospital,8/15/11,24527,18769,,Medical/Surgical Inpatient Unit,23,Female,Bsn,3.0 - 3.49,,,No,,Yes,1/1/14,,Unhappy With Job/Facility,25643,University Of West Georgia,3.25
Emory Saint Joseph’S Hospital,6/6/11,24449,18770,,Medical/Surgical Inpatient Unit,23,Female,Bsn,3.0 - 3.49,,,No,,No,,,,25644,University Of West Georgia,3.25
Emory Saint Joseph’S Hospital,8/16/09,5625,18771,,Other (Please Specify),23,Female,Bsn,3.5 And Above,,,No,,No,,,,25645,University Of West Georgia,3.75
Emory Saint Joseph’S Hospital,3/30/09,5595,18773,,Other (Please Specify),26,Female,Bsn,3.5 And Above,,,No,,No,,,,25647,University Of West Georgia,3.75
Emory University Hospital,7/30/20,435175,18774,6/22/20,Emergency Department,22,Female,Bsn,3.0 - 3.49,,,No,,No,,,,25648,University Of West Georgia,3.25
Emory University Hospital,7/30/20,442138,18775,6/8/20,Neurology/Neurosurgical Icu Inpatient Unit,23,Female,Bsn,3.0 - 3.49,,,No,,Yes,9/30/21,1.312328767,Travel Nurse,25649,University Of West Georgia,3.25
Emory Saint Joseph’S Hospital,2/24/20,424283,18776,2/24/20,Medical/Surgical Intermediate Unit,23,Female,Bsn,3.5 And Above,Full-Time,,No,,Yes,11/30/22,2.767123288,Obtained Position Representing A Different Job Experience,25650,University Of West Georgia,3.75
Emory University Hospital,10/24/19,437850,18777,10/21/19,Oncology Inpatient Unit,22,Female,Bsn,3.5 And Above,,,No,,No,,,,25651,University Of West Georgia,3.75
Emory Saint Joseph’S Hospital,10/2/24,474599,18891,10/21/24,Medical/Surgical Intermediate Unit,35,Female,Bsn,3.0 - 3.49,Full-Time,,No,,No,,,,25765,Western Governor'S University,3.25
Emory University Hospital,8/21/24,2338680,18914,6/3/24,Surgical Icu Inpatient Unit,28,Female,Accelerated Bsn,3.5 And Above,Full-Time,,No,,No,,,,25788,Xavier University,3.75
Emory Decatur Hospital,3/28/23,427915,18915,3/21/23,Rehabilitation Inpatient Unit,50,Female,Accelerated Bsn,3.5 And Above,Full-Time,,No,,No,,,,25789,Xavier University,3.75
Emory University Hospital Midtown,8/13/21,448626,18916,8/9/21,General Medical Inpatient Unit,22,Female,Bsn,3.0 - 3.49,,,No,,No,,,,25790,Xavier University,3.25
Emory Saint Joseph’S Hospital,7/15/19,436135,18917,7/15/19,Medical/Surgical Intermediate Unit,24,Female,Bsn,3.5 And Above,Full-Time,,No,,Yes,9/14/20,1.169863014,Relocating Out Of Area,25791,Xavier University,3.75