Rotation ID,Schools,Sites,Program,Experience,Student Count,Student Slots,Students,Start Date,End Date,Shift Start,Shift End,Total Hours per Person,Days of the Week,Faculty Name,Preceptor Name,Rotation Type,Course,Unit,Status,Cleaned Status,Year,Cohort,Cohort_ID
312937,Chamberlain College of Nursing - Georgia,Emory Decatur Hospital,Nursing,Cohort Rotation,8,8,"10001, 10002, 10003, 10004, 10005, 10006, 10007, 10008",2023-01-09,2023-04-24,07:00:00,19:00:00,144,Mon,2001,No Preceptor Assigned,MedSurg - Acute Care,NR 446/452 - Colaborative and Capstone - Senior Practicum,Stroke Telemetry - 4400,Archived (Completed),Completed,2023,Spring 2023,61
312939,Chamberlain College of Nursing - Georgia,Emory Decatur Hospital,Nursing,Cohort Rotation,0,8,No Students Assigned,2023-05-08,2023-06-26,07:00:00,19:00:00,96,Mon,ID Missing,No Preceptor Assigned,MedSurg - Acute Care,NR 446 - Collaborative Health,General Medical,Archived (Denied),Denied,2023,Spring 2023,91
312940,Chamberlain College of Nursing - Georgia,Emory Decatur Hospital,Nursing,Cohort Rotation,0,8,No Students Assigned,2023-05-12,2023-06-30,07:00:00,19:00:00,96,Fri,ID Missing,No Preceptor Assigned,MedSurg - Acute Care,NR 446 - Collaborative Health,General Medical,Archived (Denied),Denied,2023,Spring 2023,99
312944,Chamberlain College of Nursing - Georgia,Emory Hillandale Hospital,Nursing,Cohort Rotation,0,6,No Students Assigned,2023-01-09,2023-04-24,07:00:00,19:00:00,144,Mon,ID Missing,No Preceptor Assigned,MedSurg - Acute Care,NR 446/452 - Colaborative and Capstone - Senior Practicum,Telemetry,Archived (Withdrawn),Withdrawn,2023,Spring 2023,61
312945,Chamberlain College of Nursing - Georgia,Emory Hillandale Hospital,Nursing,Cohort Rotation,0,6,No Students Assigned,2023-01-13,2023-04-28,07:00:00,19:00:00,144,Fri,ID Missing,No Preceptor Assigned,MedSurg - Acute Care,NR 446/452 - Colaborative and Capstone - Senior Practicum,Telemetry,Archived (Withdrawn),Withdrawn,2023,Spring 2023,69
312946,Chamberlain College of Nursing - Georgia,Emory Hillandale Hospital,Nursing,Cohort Rotation,0,6,No Students Assigned,2023-05-08,2023-06-26,07:00:00,19:00:00,96,Mon,ID Missing,No Preceptor Assigned,MedSurg - Acute Care,NR 446 - Collaborative Health,Telemetry,Archived (Withdrawn),Withdrawn,2023,Spring 2023,91
312947,Chamberlain College of Nursing - Georgia,Emory Hillandale Hospital,Nursing,Cohort Rotation,0,6,No Students Assigned,2023-05-12,2023-06-30,07:00:00,19:00:00,96,Fri,ID Missing,No Preceptor Assigned,MedSurg - Acute Care,NR 446 - Collaborative Health,Telemetry,Archived (Withdrawn),Withdrawn,2023,Spring 2023,99
312951,Chamberlain College of Nursing - Georgia,Emory Johns Creek Hospital,Nursing,Cohort Rotation,0,8,No Students Assigned,2023-01-02,2023-04-26,07:00:00,19:00:00,144,Mon,ID Missing,No Preceptor Assigned,MedSurg - Acute Care,NR 446/452 - Colaborative and Capstone - Senior Practicum,3rd floor: med-surg,Archived (Denied),Denied,2023,Spring 2023,58
312952,Chamberlain College of Nursing - Georgia,Emory Johns Creek Hospital,Nursing,Cohort Rotation,0,8,No Students Assigned,2023-01-02,2023-04-26,07:00:00,19:00:00,144,Tue,ID Missing,No Preceptor Assigned,MedSurg - Acute Care,NR 446/452 - Colaborative and Capstone - Senior Practicum,3rd floor: med-surg,Archived (Denied),Denied,2023,Spring 2023,58
312953,Chamberlain College of Nursing - Georgia,Emory Johns Creek Hospital,Nursing,Cohort Rotation,0,8,No Students Assigned,2023-05-01,2023-06-25,07:00:00,19:00:00,96,Mon,ID Missing,No Preceptor Assigned,MedSurg - Acute Care,NR 446 - Senior Practicum - Collaborative Healthcare,3rd floor: med-surg,Archived (Denied),Denied,2023,Spring 2023,90
312954,Chamberlain College of Nursing - Georgia,Emory Johns Creek Hospital,Nursing,Cohort Rotation,0,8,No Students Assigned,2023-05-01,2023-06-25,07:00:00,19:00:00,96,Tue,ID Missing,No Preceptor Assigned,MedSurg - Acute Care,NR 446 - Senior Practicum - Collaborative Healthcare,3rd floor: med-surg,Archived (Denied),Denied,2023,Spring 2023,90
312959,Chamberlain College of Nursing - Georgia,Emory Saint Joseph's Hospital,Nursing,Cohort Rotation,0,8,No Students Assigned,2023-01-11,2023-04-26,07:00:00,19:00:00,144,Wed,ID Missing,No Preceptor Assigned,MedSurg - Acute Care,NR 446/452 - Colaborative and Capstone - Senior Practicum,6E,Archived (Withdrawn),Withdrawn,2023,Spring 2023,64
312960,Chamberlain College of Nursing - Georgia,Emory Saint Joseph's Hospital,Nursing,Cohort Rotation,8,8,"10009, 10010, 10011, 10012, 10013, 10014, 10015, 10016",2023-01-13,2023-04-28,07:00:00,19:00:00,144,Fri,ID Missing,No Preceptor Assigned,MedSurg - Acute Care,NR 446/452 - Colaborative and Capstone - Senior Practicum,3SW,Archived (Completed),Completed,2023,Spring 2023,69
312961,Chamberlain College of Nursing - Georgia,Emory Saint Joseph's Hospital,Nursing,Cohort Rotation,8,8,"10017, 10018, 10019, 10020, 10021, 10022, 10023, 10024",2023-05-10,2023-06-28,07:00:00,19:00:00,96,Wed,ID Missing,No Preceptor Assigned,MedSurg - Acute Care,NR 446 - Senior Practicum - Collaborative Healthcare,6W,Archived (Completed),Completed,2023,Spring 2023,96
312962,Chamberlain College of Nursing - Georgia,Emory Saint Joseph's Hospital,Nursing,Cohort Rotation,8,8,"10025, 10026, 10027, 10028, 10029, 10030, 10031, 10032",2023-05-12,2023-06-30,07:00:00,19:00:00,96,Fri,ID Missing,No Preceptor Assigned,MedSurg - Acute Care,NR 446 - Senior Practicum - Collaborative Healthcare,3SW,Archived (Completed),Completed,2023,Spring 2023,99
312968,Chamberlain College of Nursing - Georgia,Emory University Hospital Midtown,Nursing,Cohort Rotation,0,8,No Students Assigned,2023-01-11,2023-04-26,07:00:00,19:00:00,144,Wed,ID Missing,No Preceptor Assigned,MedSurg - Acute Care,NR 446/452 - Colaborative and Capstone - Senior Practicum,51: Med-Surg,Archived (Withdrawn),Withdrawn,2023,Spring 2023,64
312969,Chamberlain College of Nursing - Georgia,Emory University Hospital Midtown,Nursing,Cohort Rotation,0,8,No Students Assigned,2023-01-02,2023-04-26,07:00:00,19:00:00,144,Fri,ID Missing,No Preceptor Assigned,MedSurg - Acute Care,NR 446/452 - Colaborative and Capstone - Senior Practicum,51: Med-Surg,Archived (Denied),Denied,2023,Spring 2023,58
312970,Chamberlain College of Nursing - Georgia,Emory University Hospital Midtown,Nursing,Cohort Rotation,0,8,No Students Assigned,2023-05-01,2023-06-25,07:00:00,19:00:00,96,Wed,ID Missing,No Preceptor Assigned,MedSurg - Acute Care,NR 446 - Collaborative Health,51: Med-Surg,Archived (Denied),Denied,2023,Spring 2023,90
312971,Chamberlain College of Nursing - Georgia,Emory University Hospital Midtown,Nursing,Cohort Rotation,0,8,No Students Assigned,2023-05-01,2023-06-25,07:00:00,19:00:00,96,Fri,ID Missing,No Preceptor Assigned,MedSurg - Acute Care,NR 446 - Senior Practicum - Collaborative Healthcare,51: Med-Surg,Archived (Denied),Denied,2023,Spring 2023,90
319596,Chamberlain College of Nursing - Georgia,Emory Decatur Hospital,Nursing,Cohort Rotation,6,6,"10033, 10034, 10035, 10036, 10037, 10038",2023-03-10,2023-04-28,07:00:00,15:00:00,48,Fri,ID Missing,No Preceptor Assigned,Psychiatry; Mental Health; Behavioral Medicine,NR 326 - Mental Health Nursing,Behavioral Health (acute) - 1800,Archived (Completed),Completed,2023,Spring 2023,82
319605,Chamberlain College of Nursing - Georgia,Emory University Hospital at Wesley Woods,Nursing,Cohort Rotation,6,6,"10039, 10040, 10041, 10042, 10043, 10044",2023-01-13,2023-03-03,07:00:00,15:00:00,48,Fri,ID Missing,No Preceptor Assigned,Psychiatry; Mental Health; Behavioral Medicine,NR 326 - Mental Health Nursing,Inpatient Psych,Archived (Completed),Completed,2023,Spring 2023,68
319606,Chamberlain College of Nursing - Georgia,Emory University Hospital at Wesley Woods,Nursing,Cohort Rotation,6,6,"10045, 10046, 10047, 10048, 10049, 10050",2023-03-10,2023-04-28,07:00:00,15:00:00,48,Fri,ID Missing,No Preceptor Assigned,Psychiatry; Mental Health; Behavioral Medicine,NR 326 - Mental Health Nursing,-no preference-,Archived (Completed),Completed,2023,Spring 2023,82
322010,Chamberlain College of Nursing - Georgia,Emory Saint Joseph's Hospital,Nursing,Cohort Rotation,7,8,"10051, 10052, 10053, 10054, 10055, 10056, 10057",2023-01-12,2023-02-24,07:00:00,15:00:00,48,Thu,ID Missing,No Preceptor Assigned,Fundamentals,NR 226 - Fundamentals - Patient Care,4W,Archived (Completed),Completed,2023,Spring 2023,65
322011,Chamberlain College of Nursing - Georgia,Emory Saint Joseph's Hospital,Nursing,Cohort Rotation,6,8,"10058, 10059, 10060, 10061, 10062, 10063",2023-01-12,2023-03-02,07:00:00,15:00:00,48,Thu,ID Missing,No Preceptor Assigned,Fundamentals,NR 226 - Fundamentals - Patient Care,5E,Archived (Completed),Completed,2023,Spring 2023,66
322012,Chamberlain College of Nursing - Georgia,Emory Saint Joseph's Hospital,Nursing,Cohort Rotation,0,8,No Students Assigned,2023-01-06,2023-02-24,07:00:00,15:00:00,48,Fri,ID Missing,No Preceptor Assigned,Fundamentals,NR 226 - Fundamentals - Patient Care,4W,Archived (Denied),Denied,2023,Spring 2023,59
337862,Georgia Baptist College of Nursing of Mercer University - Undergraduate Nursing,Emory University Hospital Midtown,Nursing,Precepted Rotation,1,1,10064,2023-03-15,2023-04-30,00:00:00,23:59:00,125,"Wed, Thu, Fri, Sat, Sun",ID Missing,No Preceptor Assigned,Practicum,NUR 404 - Senior Practicum and Role Transition,42/54: Mother/Baby,Archived (Completed),Completed,2023,Spring 2023,401
338971,Georgia Baptist College of Nursing of Mercer University - Undergraduate Nursing,Emory Hillandale Hospital,Nursing,Precepted Rotation,0,1,No Students Assigned,2023-01-11,2023-03-12,00:00:00,23:59:00,125,"Wed, Thu, Fri, Sat, Sun",ID Missing,No Preceptor Assigned,Practicum,NUR 404 - Senior Practicum and Role Transition,Emergency Dept,Archived (Denied),Denied,2023,Spring 2023,398
338972,Georgia Baptist College of Nursing of Mercer University - Undergraduate Nursing,Emory Hillandale Hospital,Nursing,Precepted Rotation,0,1,No Students Assigned,2023-01-11,2023-03-12,00:00:00,23:59:00,125,"Wed, Thu, Fri, Sat, Sun",ID Missing,No Preceptor Assigned,Practicum,NUR 404 - Senior Practicum and Role Transition,Med/Surg,Archived (Denied),Denied,2023,Spring 2023,398
338977,Georgia Baptist College of Nursing of Mercer University - Undergraduate Nursing,Emory Hillandale Hospital,Nursing,Precepted Rotation,0,1,No Students Assigned,2023-01-11,2023-03-12,00:00:00,23:59:00,125,"Wed, Thu, Fri, Sat, Sun",ID Missing,No Preceptor Assigned,Practicum,NUR 404 - Senior Practicum and Role Transition,3rd floor,Archived (Denied),Denied,2023,Spring 2023,398
338993,Georgia Baptist College of Nursing of Mercer University - Undergraduate Nursing,Emory University Hospital,Nursing,Precepted Rotation,0,1,No Students Assigned,2023-01-11,2023-03-12,00:00:00,23:59:00,125,"Wed, Thu, Fri, Sat, Sun",ID Missing,No Preceptor Assigned,Practicum,NUR 404 - Senior Practicum and Role Transition,5G: Medical,Archived (Denied),Denied,2023,Spring 2023,398
338994,Georgia Baptist College of Nursing of Mercer University - Undergraduate Nursing,Emory University Hospital,Nursing,Precepted Rotation,0,1,No Students Assigned,2023-01-11,2023-03-12,00:00:00,23:59:00,125,"Wed, Thu, Fri, Sat, Sun",ID Missing,No Preceptor Assigned,Practicum,NUR 404 - Senior Practicum and Role Transition,4G: Telemetry,Archived (Denied),Denied,2023,Spring 2023,398
338995,Georgia Baptist College of Nursing of Mercer University - Undergraduate Nursing,Emory University Hospital,Nursing,Precepted Rotation,0,1,No Students Assigned,2023-01-11,2023-03-12,00:00:00,23:59:00,125,"Wed, Thu, Fri, Sat, Sun",ID Missing,No Preceptor Assigned,Practicum,NUR 404 - Senior Practicum and Role Transition,6G: Medical,Archived (Denied),Denied,2023,Spring 2023,398
338996,Georgia Baptist College of Nursing of Mercer University - Undergraduate Nursing,Emory University Hospital,Nursing,Precepted Rotation,1,1,10065,2023-03-15,2023-04-30,00:00:00,23:59:00,125,"Wed, Thu, Fri, Sat, Sun",ID Missing,No Preceptor Assigned,Practicum,NUR 404 - Senior Practicum and Role Transition,7T: Surgical,Archived (Completed),Completed,2023,Spring 2023,401
338999,Georgia Baptist College of Nursing of Mercer University - Undergraduate Nursing,Emory Saint Joseph's Hospital,Nursing,Precepted Rotation,0,1,No Students Assigned,2023-01-11,2023-03-12,00:00:00,23:59:00,125,"Wed, Thu, Fri, Sat, Sun",ID Missing,No Preceptor Assigned,Practicum,NUR 404 - Senior Practicum and Role Transition,3W,Archived (Denied),Denied,2023,Spring 2023,398
339000,Georgia Baptist College of Nursing of Mercer University - Undergraduate Nursing,Emory Saint Joseph's Hospital,Nursing,Precepted Rotation,0,1,No Students Assigned,2023-01-11,2023-03-12,00:00:00,23:59:00,125,"Wed, Thu, Fri, Sat, Sun",ID Missing,No Preceptor Assigned,Practicum,NUR 404 - Senior Practicum and Role Transition,4W,Archived (Denied),Denied,2023,Spring 2023,398
339001,Georgia Baptist College of Nursing of Mercer University - Undergraduate Nursing,Emory Saint Joseph's Hospital,Nursing,Precepted Rotation,0,1,No Students Assigned,2023-01-11,2023-03-12,00:00:00,23:59:00,125,"Wed, Thu, Fri, Sat, Sun",ID Missing,No Preceptor Assigned,Practicum,NUR 404 - Senior Practicum and Role Transition,5W,Archived (Denied),Denied,2023,Spring 2023,398
339109,Georgia Baptist College of Nursing of Mercer University - Undergraduate Nursing,Emory Saint Joseph's Hospital,Nursing,Cohort Rotation,6,8,"10066, 10067, 10068, 10069, 10070, 10071",2023-01-19,2023-04-20,07:00:00,16:00:00,95,Thu,ID Missing,No Preceptor Assigned,MedSurg - Acute Care,NUR 317 - Adult Health,6E,Archived (Completed),Completed,2023,Spring 2023,400
340221,Georgia Baptist College of Nursing of Mercer University - Undergraduate Nursing,Emory Saint Joseph's Hospital,Nursing,Cohort Rotation,6,8,"10072, 10073, 10074, 10075, 10076, 10077",2023-01-18,2023-04-19,07:00:00,16:00:00,95,Wed,ID Missing,No Preceptor Assigned,MedSurg - Acute Care,NUR 317 - Adult Health,6W,Archived (Completed),Completed,2023,Spring 2023,399
343680,Chamberlain College of Nursing - Georgia,Emory Saint Joseph's Hospital,Nursing,Cohort Rotation,0,8,No Students Assigned,2023-01-14,2023-04-29,07:00:00,19:00:00,144,Sat,ID Missing,No Preceptor Assigned,MedSurg - Acute Care,NR 446/452 - Colaborative and Capstone - Senior Practicum,6W,Archived (Withdrawn),Withdrawn,2023,Spring 2023,71
343681,Chamberlain College of Nursing - Georgia,Emory Saint Joseph's Hospital,Nursing,Cohort Rotation,0,8,No Students Assigned,2023-01-14,2023-04-29,07:00:00,19:00:00,144,Sat,ID Missing,No Preceptor Assigned,MedSurg - Acute Care,NR 446/452 - Colaborative and Capstone - Senior Practicum,3SW,Archived (Withdrawn),Withdrawn,2023,Spring 2023,71
343682,Chamberlain College of Nursing - Georgia,Emory Saint Joseph's Hospital,Nursing,Cohort Rotation,0,8,No Students Assigned,2023-05-13,2023-07-01,07:00:00,19:00:00,96,Sat,ID Missing,No Preceptor Assigned,MedSurg - Acute Care,NR 446 - Senior Practicum - Collaborative Healthcare,6W,Archived (Denied),Denied,2023,Spring 2023,100
343683,Chamberlain College of Nursing - Georgia,Emory Saint Joseph's Hospital,Nursing,Cohort Rotation,0,8,No Students Assigned,2023-05-13,2023-07-01,07:00:00,19:00:00,96,Sat,ID Missing,No Preceptor Assigned,MedSurg - Acute Care,NR 446 - Collaborative Health,3SW,Archived (Withdrawn),Withdrawn,2023,Spring 2023,100
343684,Chamberlain College of Nursing - Georgia,Emory University Hospital Midtown,Nursing,Cohort Rotation,0,8,No Students Assigned,2023-01-14,2023-04-29,07:00:00,19:00:00,144,Sat,ID Missing,No Preceptor Assigned,MedSurg - Acute Care,NR 446/452 - Colaborative and Capstone - Senior Practicum,51: Med-Surg,Archived (Withdrawn),Withdrawn,2023,Spring 2023,71
343685,Chamberlain College of Nursing - Georgia,Emory University Hospital Midtown,Nursing,Cohort Rotation,0,8,No Students Assigned,2023-05-01,2023-06-25,07:00:00,19:00:00,96,Sat,ID Missing,No Preceptor Assigned,MedSurg - Acute Care,NR 446 - Senior Practicum - Collaborative Healthcare,51: Med-Surg,Archived (Denied),Denied,2023,Spring 2023,90
343686,Chamberlain College of Nursing - Georgia,Emory Johns Creek Hospital,Nursing,Cohort Rotation,0,8,No Students Assigned,2023-01-14,2023-04-29,07:00:00,19:00:00,144,Sat,ID Missing,No Preceptor Assigned,MedSurg - Acute Care,NR 446/452 - Colaborative and Capstone - Senior Practicum,3rd floor: med-surg,Archived (Withdrawn),Withdrawn,2023,Spring 2023,71
343687,Chamberlain College of Nursing - Georgia,Emory Johns Creek Hospital,Nursing,Cohort Rotation,0,8,No Students Assigned,2023-05-13,2023-07-01,07:00:00,19:00:00,96,Sat,ID Missing,No Preceptor Assigned,MedSurg - Acute Care,NR 446 - Senior Practicum - Collaborative Healthcare,3rd floor: med-surg,Archived (Withdrawn),Withdrawn,2023,Spring 2023,100
343690,Chamberlain College of Nursing - Georgia,Emory Decatur Hospital,Nursing,Cohort Rotation,0,6,No Students Assigned,2023-01-02,2023-01-29,07:00:00,19:00:00,48,Mon,ID Missing,No Preceptor Assigned,Perinatal - OB,NR 327 - Maternal Child,L&D,Archived (Denied),Denied,2023,Spring 2023,57
343691,Chamberlain College of Nursing - Georgia,Emory Decatur Hospital,Nursing,Cohort Rotation,0,6,No Students Assigned,2023-01-30,2023-02-26,07:00:00,19:00:00,48,Mon,ID Missing,No Preceptor Assigned,Perinatal - OB,NR 327 - Maternal Child,L&D,Archived (Denied),Denied,2023,Spring 2023,72
343692,Chamberlain College of Nursing - Georgia,Emory Decatur Hospital,Nursing,Cohort Rotation,0,6,No Students Assigned,2023-01-02,2023-01-29,07:00:00,19:00:00,48,Wed,ID Missing,No Preceptor Assigned,Perinatal - OB,NR 327 - Maternal Child,L&D,Archived (Denied),Denied,2023,Spring 2023,57
343693,Chamberlain College of Nursing - Georgia,Emory Decatur Hospital,Nursing,Cohort Rotation,0,6,No Students Assigned,2023-01-30,2023-02-26,07:00:00,19:00:00,48,Wed,ID Missing,No Preceptor Assigned,Perinatal - OB,NR 327 - Maternal Child,L&D,Archived (Denied),Denied,2023,Spring 2023,72
343696,Chamberlain College of Nursing - Georgia,Emory Decatur Hospital,Nursing,Cohort Rotation,0,6,No Students Assigned,2023-01-02,2023-01-29,07:00:00,19:00:00,48,Sat,ID Missing,No Preceptor Assigned,Perinatal - OB,NR 327 - Maternal Child,L&D,Archived (Denied),Denied,2023,Spring 2023,57
343697,Chamberlain College of Nursing - Georgia,Emory Decatur Hospital,Nursing,Cohort Rotation,0,6,No Students Assigned,2023-01-30,2023-02-26,07:00:00,19:00:00,48,Sat,ID Missing,No Preceptor Assigned,Perinatal - OB,NR 327 - Maternal Child,L&D,Archived (Denied),Denied,2023,Spring 2023,72
343698,Chamberlain College of Nursing - Georgia,Emory Decatur Hospital,Nursing,Cohort Rotation,0,6,No Students Assigned,2023-02-27,2023-03-26,07:00:00,19:00:00,48,Mon,ID Missing,No Preceptor Assigned,Perinatal - OB,NR 327 - Maternal Child,L&D,Archived (Denied),Denied,2023,Spring 2023,76
343699,Chamberlain College of Nursing - Georgia,Emory Decatur Hospital,Nursing,Cohort Rotation,0,6,No Students Assigned,2023-03-27,2023-04-23,07:00:00,19:00:00,48,Mon,ID Missing,No Preceptor Assigned,Perinatal - OB,NR 327 - Maternal Child,L&D,Archived (Denied),Denied,2023,Spring 2023,85
343700,Chamberlain College of Nursing - Georgia,Emory Decatur Hospital,Nursing,Cohort Rotation,0,6,No Students Assigned,2023-02-27,2023-03-26,07:00:00,19:00:00,48,Wed,ID Missing,No Preceptor Assigned,Perinatal - OB,NR 327 - Maternal Child,L&D,Archived (Denied),Denied,2023,Spring 2023,76
343701,Chamberlain College of Nursing - Georgia,Emory Decatur Hospital,Nursing,Cohort Rotation,0,6,No Students Assigned,2023-03-27,2023-04-23,07:00:00,19:00:00,48,Wed,ID Missing,No Preceptor Assigned,Perinatal - OB,NR 327 - Maternal Child,L&D,Archived (Denied),Denied,2023,Spring 2023,85
343702,Chamberlain College of Nursing - Georgia,Emory Decatur Hospital,Nursing,Cohort Rotation,6,6,"10078, 10079, 10039, 10080, 10081, 10082",2023-03-10,2023-03-31,07:00:00,19:00:00,48,Fri,ID Missing,No Preceptor Assigned,Perinatal - OB,NR 327 - Maternal Child,L&D,Archived (Completed),Completed,2023,Spring 2023,81
343703,Chamberlain College of Nursing - Georgia,Emory Decatur Hospital,Nursing,Cohort Rotation,0,6,No Students Assigned,2023-04-07,2023-04-28,07:00:00,19:00:00,48,Fri,ID Missing,No Preceptor Assigned,Perinatal - OB,NR 327 - Maternal Child,L&D,Archived (Withdrawn),Withdrawn,2023,Spring 2023,87
343704,Chamberlain College of Nursing - Georgia,Emory Decatur Hospital,Nursing,Cohort Rotation,0,6,No Students Assigned,2023-02-27,2023-03-26,07:00:00,19:00:00,48,Sat,ID Missing,No Preceptor Assigned,Perinatal - OB,NR 327 - Maternal Child,L&D,Archived (Denied),Denied,2023,Spring 2023,76
343705,Chamberlain College of Nursing - Georgia,Emory Decatur Hospital,Nursing,Cohort Rotation,0,6,No Students Assigned,2023-03-27,2023-04-23,07:00:00,19:00:00,48,Sat,ID Missing,No Preceptor Assigned,Perinatal - OB,NR 327 - Maternal Child,L&D,Archived (Denied),Denied,2023,Spring 2023,85
343706,Chamberlain College of Nursing - Georgia,Emory Decatur Hospital,Nursing,Cohort Rotation,0,6,No Students Assigned,2023-05-01,2023-05-28,07:00:00,19:00:00,48,Mon,ID Missing,No Preceptor Assigned,Perinatal - OB,NR 327 - Maternal Child,L&D,Archived (Denied),Denied,2023,Spring 2023,89
343707,Chamberlain College of Nursing - Georgia,Emory Decatur Hospital,Nursing,Cohort Rotation,0,6,No Students Assigned,2023-05-29,2023-06-25,07:00:00,19:00:00,48,Mon,ID Missing,No Preceptor Assigned,Perinatal - OB,NR 327 - Maternal Child,L&D,Archived (Denied),Denied,2023,Spring 2023,101
343708,Chamberlain College of Nursing - Georgia,Emory Decatur Hospital,Nursing,Cohort Rotation,0,6,No Students Assigned,2023-05-01,2023-05-28,07:00:00,19:00:00,48,Wed,ID Missing,No Preceptor Assigned,Perinatal - OB,NR 327 - Maternal Child,L&D,Archived (Denied),Denied,2023,Spring 2023,89
343709,Chamberlain College of Nursing - Georgia,Emory Decatur Hospital,Nursing,Cohort Rotation,0,6,No Students Assigned,2023-05-29,2023-06-25,07:00:00,19:00:00,48,Wed,ID Missing,No Preceptor Assigned,Perinatal - OB,NR 327 - Maternal Child,L&D,Archived (Denied),Denied,2023,Spring 2023,101
343712,Chamberlain College of Nursing - Georgia,Emory Decatur Hospital,Nursing,Cohort Rotation,0,6,No Students Assigned,2023-05-01,2023-05-28,07:00:00,19:00:00,48,Sat,ID Missing,No Preceptor Assigned,Perinatal - OB,NR 327 - Maternal Child,L&D,Archived (Denied),Denied,2023,Spring 2023,89
343713,Chamberlain College of Nursing - Georgia,Emory Decatur Hospital,Nursing,Cohort Rotation,0,6,No Students Assigned,2023-05-29,2023-06-25,07:00:00,19:00:00,48,Sat,ID Missing,No Preceptor Assigned,Perinatal - OB,NR 327 - Maternal Child,L&D,Archived (Denied),Denied,2023,Spring 2023,101
343901,Chamberlain College of Nursing - Georgia,Emory Decatur Hospital,Nursing,Cohort Rotation,8,8,"10083, 10084, 10085, 10086, 10087, 10088, 10089, 10090",2023-01-14,2023-04-29,07:00:00,19:00:00,144,Sat,ID Missing,No Preceptor Assigned,MedSurg - Acute Care,NR 446/452 - Colaborative and Capstone - Senior Practicum,Stroke Telemetry - 4400,Archived (Completed),Completed,2023,Spring 2023,71
343902,Chamberlain College of Nursing - Georgia,Emory Decatur Hospital,Nursing,Cohort Rotation,0,8,No Students Assigned,2023-05-11,2023-06-29,07:00:00,19:00:00,96,Thu,ID Missing,No Preceptor Assigned,MedSurg - Acute Care,NR 446 - Senior Practicum - Collaborative Healthcare,General Medical,Archived (Denied),Denied,2023,Spring 2023,97
343903,Chamberlain College of Nursing - Georgia,Emory Decatur Hospital,Nursing,Cohort Rotation,0,8,No Students Assigned,2023-05-13,2023-07-01,07:00:00,19:00:00,96,Sat,ID Missing,No Preceptor Assigned,MedSurg - Acute Care,NR 446 - Senior Practicum - Collaborative Healthcare,General Medical,Archived (Withdrawn),Withdrawn,2023,Spring 2023,100
344178,Chamberlain College of Nursing - Georgia,Emory Decatur Hospital,Nursing,Cohort Rotation,0,8,No Students Assigned,2023-05-09,2023-06-27,07:00:00,19:00:00,96,Tue,ID Missing,No Preceptor Assigned,MedSurg - Acute Care,NR 325 - Adult Health II,Surgical Oncology,Archived (Denied),Denied,2023,Spring 2023,94
344179,Chamberlain College of Nursing - Georgia,Emory Decatur Hospital,Nursing,Cohort Rotation,0,8,No Students Assigned,2023-05-11,2023-06-29,07:00:00,19:00:00,96,Thu,ID Missing,No Preceptor Assigned,MedSurg - Acute Care,NR 325 - Adult Health II,Surgical Oncology,Archived (Denied),Denied,2023,Spring 2023,97
344180,Chamberlain College of Nursing - Georgia,Emory University Hospital Midtown,Nursing,Cohort Rotation,7,8,"10091, 10092, 10093, 10094, 10095, 10096, 10097",2023-01-10,2023-02-28,07:00:00,19:00:00,96,Tue,ID Missing,No Preceptor Assigned,MedSurg - Acute Care,NR 325 - Adult Health II,22: Med/Surg,Archived (Completed),Completed,2023,Spring 2023,63
344181,Chamberlain College of Nursing - Georgia,Emory University Hospital Midtown,Nursing,Cohort Rotation,8,8,"10079, 10098, 10099, 10100, 10101, 10102, 10103, 10104",2023-01-12,2023-03-02,07:00:00,19:00:00,96,Thu,ID Missing,No Preceptor Assigned,MedSurg - Acute Care,NR 325 - Adult Health II,22: Med/Surg,Archived (Completed),Completed,2023,Spring 2023,66
344182,Chamberlain College of Nursing - Georgia,Emory University Hospital Midtown,Nursing,Cohort Rotation,6,8,"10058, 10059, 10060, 10061, 10063, 10105",2023-02-28,2023-04-23,07:00:00,19:00:00,96,Tue,ID Missing,No Preceptor Assigned,MedSurg - Acute Care,NR 324 - Adult Health I,22: Med/Surg,Archived (Completed),Completed,2023,Spring 2023,77
344183,Chamberlain College of Nursing - Georgia,Emory University Hospital Midtown,Nursing,Cohort Rotation,8,8,"10106, 10107, 10108, 10109, 10110, 10111, 10112, 10113",2023-03-02,2023-04-20,07:00:00,19:00:00,96,Thu,ID Missing,No Preceptor Assigned,MedSurg - Acute Care,NR 324 - Adult Health I,22: Med/Surg,Archived (Completed),Completed,2023,Spring 2023,78
344184,Chamberlain College of Nursing - Georgia,Emory University Hospital Midtown,Nursing,Cohort Rotation,8,8,"10107, 10108, 10109, 10110, 10111, 10112, 10113, 10114",2023-05-09,2023-06-27,07:00:00,19:00:00,96,Tue,ID Missing,No Preceptor Assigned,MedSurg - Acute Care,NR 325 - Adult Health II,22: Med/Surg,Archived (Completed),Completed,2023,Spring 2023,94
344185,Chamberlain College of Nursing - Georgia,Emory University Hospital Midtown,Nursing,Cohort Rotation,7,8,"10058, 10059, 10060, 10061, 10063, 10105, 10115",2023-05-11,2023-06-29,07:00:00,19:00:00,96,Thu,ID Missing,No Preceptor Assigned,MedSurg - Acute Care,NR 325 - Adult Health II,22: Med/Surg,Archived (Completed),Completed,2023,Spring 2023,97
344186,Chamberlain College of Nursing - Georgia,Emory Saint Joseph's Hospital,Nursing,Cohort Rotation,8,8,"10051, 10052, 10053, 10054, 10055, 10116, 10117, 10118",2023-03-07,2023-04-25,07:00:00,19:00:00,96,Tue,ID Missing,No Preceptor Assigned,MedSurg - Acute Care,NR 324 - Adult Health I,3SW,Archived (Completed),Completed,2023,Spring 2023,80
344187,Chamberlain College of Nursing - Georgia,Emory Saint Joseph's Hospital,Nursing,Cohort Rotation,8,8,"10119, 10120, 10121, 10122, 10123, 10124, 10125, 10126",2023-03-07,2023-04-25,07:00:00,19:00:00,96,Tue,ID Missing,No Preceptor Assigned,MedSurg - Acute Care,NR 324 - Adult Health I,5W,Archived (Completed),Completed,2023,Spring 2023,80
344188,Chamberlain College of Nursing - Georgia,Emory Saint Joseph's Hospital,Nursing,Cohort Rotation,0,8,No Students Assigned,2023-03-02,2023-04-20,07:00:00,19:00:00,96,Thu,ID Missing,No Preceptor Assigned,MedSurg - Acute Care,NR 324 - Adult Health I,5W,Archived (Withdrawn),Withdrawn,2023,Spring 2023,78
344189,Chamberlain College of Nursing - Georgia,Emory Saint Joseph's Hospital,Nursing,Cohort Rotation,7,8,"10127, 10128, 10129, 10130, 10131, 10132, 10133",2023-01-10,2023-02-28,07:00:00,19:00:00,96,Tue,ID Missing,No Preceptor Assigned,MedSurg - Acute Care,NR 325 - Adult Health II,3SW,Archived (Completed),Completed,2023,Spring 2023,63
344190,Chamberlain College of Nursing - Georgia,Emory Saint Joseph's Hospital,Nursing,Cohort Rotation,8,8,"10134, 10135, 10136, 10137, 10138, 10139, 10140, 10141",2023-01-10,2023-02-28,07:00:00,19:00:00,96,Tue,ID Missing,No Preceptor Assigned,MedSurg - Acute Care,NR 325 - Adult Health II,5W,Archived (Completed),Completed,2023,Spring 2023,63
344191,Chamberlain College of Nursing - Georgia,Emory Saint Joseph's Hospital,Nursing,Cohort Rotation,7,8,"10078, 10142, 10034, 10143, 10050, 10144, 10145",2023-01-12,2023-03-02,07:00:00,19:00:00,96,Thu,ID Missing,No Preceptor Assigned,MedSurg - Acute Care,NR 325 - Adult Health II,5W,Archived (Completed),Completed,2023,Spring 2023,66
344192,Chamberlain College of Nursing - Georgia,Emory Saint Joseph's Hospital,Nursing,Cohort Rotation,8,8,"10051, 10052, 10053, 10054, 10055, 10117, 10118, 10116",2023-05-09,2023-06-27,07:00:00,19:00:00,96,Tue,ID Missing,No Preceptor Assigned,MedSurg - Acute Care,NR 325 - Adult Health II,3SW,Archived (Completed),Completed,2023,Spring 2023,94
344193,Chamberlain College of Nursing - Georgia,Emory Saint Joseph's Hospital,Nursing,Cohort Rotation,8,8,"10123, 10119, 10120, 10124, 10126, 10125, 10122, 10133",2023-05-09,2023-06-27,07:00:00,19:00:00,96,Tue,ID Missing,No Preceptor Assigned,MedSurg - Acute Care,NR 325 - Adult Health II,5W,Archived (Completed),Completed,2023,Spring 2023,94
344194,Chamberlain College of Nursing - Georgia,Emory Saint Joseph's Hospital,Nursing,Cohort Rotation,0,8,No Students Assigned,2023-05-11,2023-06-29,07:00:00,19:00:00,96,Thu,ID Missing,No Preceptor Assigned,MedSurg - Acute Care,NR 325 - Adult Health II,5W,Archived (Withdrawn),Withdrawn,2023,Spring 2023,97
344201,Chamberlain College of Nursing - Georgia,Emory Saint Joseph's Hospital,Nursing,Cohort Rotation,7,8,"10146, 10147, 10148, 10149, 10150, 10151, 10152",2023-01-14,2023-03-04,07:00:00,15:00:00,48,Sat,ID Missing,No Preceptor Assigned,Fundamentals,NR 226 - Fundamentals - Patient Care,4W,Archived (Completed),Completed,2023,Spring 2023,70
344202,Chamberlain College of Nursing - Georgia,Emory Saint Joseph's Hospital,Nursing,Cohort Rotation,8,8,"10153, 10154, 10155, 10156, 10157, 10158, 10159, 10160",2023-05-11,2023-06-29,07:00:00,15:00:00,48,Thu,ID Missing,No Preceptor Assigned,Fundamentals,NR 226 - Fundamentals - Patient Care,5E,Archived (Completed),Completed,2023,Spring 2023,97
344203,Chamberlain College of Nursing - Georgia,Emory Saint Joseph's Hospital,Nursing,Cohort Rotation,8,8,"10161, 10162, 10163, 10164, 10165, 10166, 10167, 10168",2023-05-11,2023-06-29,07:00:00,15:00:00,48,Thu,ID Missing,No Preceptor Assigned,Fundamentals,NR 226 - Fundamentals - Patient Care,4W,Archived (Completed),Completed,2023,Spring 2023,97
344204,Chamberlain College of Nursing - Georgia,Emory Saint Joseph's Hospital,Nursing,Cohort Rotation,6,8,"10169, 10170, 10171, 10172, 10173, 10174",2023-05-12,2023-06-30,07:00:00,15:00:00,48,Fri,ID Missing,No Preceptor Assigned,Fundamentals,NR 226 - Fundamentals - Patient Care,4W,Archived (Completed),Completed,2023,Spring 2023,99
344207,Chamberlain College of Nursing - Georgia,Emory Saint Joseph's Hospital,Nursing,Cohort Rotation,8,8,"10175, 10176, 10177, 10178, 10179, 10180, 10181, 10182",2023-05-13,2023-07-01,07:00:00,15:00:00,48,Sat,ID Missing,No Preceptor Assigned,Fundamentals,NR 226 - Fundamentals - Patient Care,4W,Archived (Completed),Completed,2023,Spring 2023,100
344389,Chamberlain College of Nursing - Georgia,Emory Decatur Hospital,Nursing,Cohort Rotation,0,6,No Students Assigned,2023-05-12,2023-06-30,07:00:00,15:00:00,48,Fri,ID Missing,No Preceptor Assigned,Psychiatry; Mental Health; Behavioral Medicine,NR 326 - Mental Health Nursing,Behavioral Health,Archived (Withdrawn),Withdrawn,2023,Spring 2023,99
344426,Chamberlain College of Nursing - Georgia,Emory University Hospital Midtown,Nursing,Cohort Rotation,0,6,No Students Assigned,2023-01-02,2023-01-29,07:00:00,19:00:00,96,Mon,ID Missing,No Preceptor Assigned,Critical/Intensive Care,NR341 - Complex Adult Health,31: ICU,Archived (Denied),Denied,2023,Spring 2023,57
344427,Chamberlain College of Nursing - Georgia,Emory University Hospital Midtown,Nursing,Cohort Rotation,0,6,No Students Assigned,2023-01-30,2023-02-26,07:00:00,19:00:00,96,Mon,ID Missing,No Preceptor Assigned,Critical/Intensive Care,NR341 - Complex Adult Health,31: ICU,Archived (Denied),Denied,2023,Spring 2023,72
344428,Chamberlain College of Nursing - Georgia,Emory University Hospital Midtown,Nursing,Cohort Rotation,0,6,No Students Assigned,2023-01-07,2023-01-28,07:00:00,19:00:00,96,Sat,ID Missing,No Preceptor Assigned,Critical/Intensive Care,NR341 - Complex Adult Health,31: ICU,Archived (Denied),Denied,2023,Spring 2023,60
344429,Chamberlain College of Nursing - Georgia,Emory University Hospital Midtown,Nursing,Cohort Rotation,0,6,No Students Assigned,2023-02-04,2023-02-25,07:00:00,19:00:00,96,Sat,ID Missing,No Preceptor Assigned,Critical/Intensive Care,NR341 - Complex Adult Health,31: ICU,Archived (Denied),Denied,2023,Spring 2023,73
344433,Chamberlain College of Nursing - Georgia,Emory University Hospital Midtown,Nursing,Cohort Rotation,0,6,No Students Assigned,2023-02-27,2023-03-20,07:00:00,19:00:00,96,Mon,ID Missing,No Preceptor Assigned,Critical/Intensive Care,NR341 - Complex Adult Health,21: ICU,Archived (Denied),Denied,2023,Spring 2023,75
344434,Chamberlain College of Nursing - Georgia,Emory University Hospital Midtown,Nursing,Cohort Rotation,0,6,No Students Assigned,2023-03-27,2023-04-17,07:00:00,19:00:00,96,Mon,ID Missing,No Preceptor Assigned,Critical/Intensive Care,NR341 - Complex Adult Health,21: ICU,Archived (Denied),Denied,2023,Spring 2023,84
344435,Chamberlain College of Nursing - Georgia,Emory University Hospital Midtown,Nursing,Cohort Rotation,0,6,No Students Assigned,2023-03-04,2023-03-25,07:00:00,19:00:00,96,Sat,ID Missing,No Preceptor Assigned,Critical/Intensive Care,NR341 - Complex Adult Health,21: ICU,Archived (Denied),Denied,2023,Spring 2023,79
344436,Chamberlain College of Nursing - Georgia,Emory University Hospital Midtown,Nursing,Cohort Rotation,0,6,No Students Assigned,2023-04-01,2023-04-22,07:00:00,19:00:00,96,Sat,ID Missing,No Preceptor Assigned,Critical/Intensive Care,NR341 - Complex Adult Health,21: ICU,Archived (Denied),Denied,2023,Spring 2023,86
344437,Chamberlain College of Nursing - Georgia,Emory University Hospital Midtown,Nursing,Cohort Rotation,0,6,No Students Assigned,2023-03-10,2023-03-31,07:00:00,19:00:00,96,Fri,ID Missing,No Preceptor Assigned,Critical/Intensive Care,NR341 - Complex Adult Health,62: Renal,Archived (Denied),Denied,2023,Spring 2023,81
344439,Chamberlain College of Nursing - Georgia,Emory University Hospital Midtown,Nursing,Cohort Rotation,0,6,No Students Assigned,2023-05-01,2023-05-22,07:00:00,19:00:00,96,Mon,ID Missing,No Preceptor Assigned,Critical/Intensive Care,NR341 - Complex Adult Health,31: ICU,Archived (Denied),Denied,2023,Spring 2023,88
344440,Chamberlain College of Nursing - Georgia,Emory University Hospital Midtown,Nursing,Cohort Rotation,0,6,No Students Assigned,2023-05-29,2023-06-25,07:00:00,19:00:00,96,Mon,ID Missing,No Preceptor Assigned,Critical/Intensive Care,NR341 - Complex Adult Health,31: ICU,Archived (Denied),Denied,2023,Spring 2023,101
347990,Kennesaw State University - Nursing,Emory Saint Joseph's Hospital,Nursing,Cohort Rotation,7,8,"10183, 10184, 10185, 10186, 10187, 10188, 10189",2023-03-01,2023-04-23,06:30:00,13:00:00,46,Sat,ID Missing,No Preceptor Assigned,Fundamentals,3209 - Holistic Nursing,4S,Archived (Completed),Completed,2023,Spring 2023,483
348030,Emory University - SON Pre-licensure,Emory Johns Creek Hospital,Nursing,Cohort Rotation,6,8,"10190, 10191, 10192, 10193, 10194, 10195",2023-04-16,2023-05-14,07:00:00,19:00:00,96,,ID Missing,No Preceptor Assigned,MedSurg - Acute Care,NRSG 356D - Acute and Chronic I Care Clinical Practicum Adult and Geriatric Populations,3rd floor: med-surg,Archived (Completed),Completed,2023,Spring 2023,271
348053,Kennesaw State University - Nursing,Emory Saint Joseph's Hospital,Nursing,Cohort Rotation,8,8,"10196, 10197, 10198, 10199, 10200, 10201, 10202, 10203",2023-01-29,2023-04-29,06:30:00,15:00:00,96,Thu,ID Missing,No Preceptor Assigned,MedSurg - Acute Care,3313 - Adult Health,4S,Archived (Completed),Completed,2023,Spring 2023,482
348081,Emory University - SON Pre-licensure,Emory Johns Creek Hospital,Nursing,Cohort Rotation,0,8,No Students Assigned,2023-04-16,2023-05-14,07:00:00,19:00:00,96,,ID Missing,No Preceptor Assigned,MedSurg - Acute Care,NRSG 360D - Acute and Chronic Care II Adult and Geriatric Practicum,4th floor: med-surg,Archived (Completed),Completed,2023,Spring 2023,271
348084,Emory University - SON Pre-licensure,Emory Johns Creek Hospital,Nursing,Cohort Rotation,5,8,"10204, 10205, 10206, 10207, 10208",2023-04-16,2023-05-14,07:00:00,19:00:00,96,,"ID Missing, ID Missing",No Preceptor Assigned,MedSurg - Acute Care,NRSG 360D - Acute and Chronic Care II Adult and Geriatric Practicum,6N: medical,Archived (Completed),Completed,2023,Spring 2023,271
348095,Emory University - SON Pre-licensure,Emory University Hospital,Nursing,Cohort Rotation,5,8,"10209, 10210, 10211, 10212, 10213",2023-04-16,2023-05-14,07:00:00,19:00:00,96,,"ID Missing, ID Missing",No Preceptor Assigned,MedSurg - Acute Care,NRSG 360D - Acute and Chronic Care II Adult and Geriatric Practicum,7T: Surgical,Archived (Completed),Completed,2023,Spring 2023,271
348124,Emory University - SON,Emory Saint Joseph's Hospital,Nursing,Cohort Rotation,0,8,No Students Assigned,2023-04-16,2023-05-14,07:00:00,19:00:00,96,,ID Missing,No Preceptor Assigned,MedSurg - Acute Care,NRSG 360D - Acute and Chronic Care II Adult and Geriatric Practicum,3E,Archived (Denied),Denied,2023,Spring 2023,222
348125,Emory University - SON,Emory Saint Joseph's Hospital,Nursing,Cohort Rotation,0,8,No Students Assigned,2023-04-16,2023-05-14,07:00:00,19:00:00,96,,ID Missing,No Preceptor Assigned,MedSurg - Acute Care,NRSG 360D - Acute and Chronic Care II Adult and Geriatric Practicum,3W,Archived (Denied),Denied,2023,Spring 2023,222
348126,Emory University - SON Pre-licensure,Emory University Hospital Midtown,Nursing,Cohort Rotation,5,8,"10214, 10215, 10216, 10217, 10218",2023-04-16,2023-05-14,07:00:00,19:00:00,96,,"ID Missing, ID Missing, ID Missing",No Preceptor Assigned,MedSurg - Acute Care,NRSG 360D - Acute and Chronic Care II Adult and Geriatric Practicum,72: Med/Surg,Archived (Completed),Completed,2023,Spring 2023,271
348673,Georgia State University - Perimeter College,Emory Long Term Acute Care Hospital,Nursing,Cohort Rotation,4,6,"10219, 10220, 10221, 10222",2023-01-26,2023-02-23,07:00:00,19:00:00,60,Thu,ID Missing,No Preceptor Assigned,MedSurg - Acute Care,NURS 1930 - Intermediate Concepts of Nursing,LTAC,Archived (Completed),Completed,2023,Spring 2023,424
348676,Georgia State University - Perimeter College,Emory Long Term Acute Care Hospital,Nursing,Cohort Rotation,6,6,"10223, 10224, 10225, 10226, 10227, 10228",2023-03-02,2023-04-06,00:00:00,19:00:00,6,Thu,ID Missing,No Preceptor Assigned,MedSurg - Acute Care,NURS 1930 - Intermediate Concepts of Nursing,LTAC,Archived (Completed),Completed,2023,Spring 2023,428
348678,Georgia State University - Perimeter College,Emory Decatur Hospital,Nursing,Cohort Rotation,5,6,"10229, 10230, 10231, 10232, 10233",2023-01-20,2023-02-17,07:00:00,19:00:00,60,Fri,ID Missing,No Preceptor Assigned,MedSurg - Acute Care,NURS 1930 - Intermediate Concepts of Nursing,Inpatient Rehab,Archived (Completed),Completed,2023,Spring 2023,422
348679,Georgia State University - Perimeter College,Emory Decatur Hospital,Nursing,Cohort Rotation,6,6,"10234, 10235, 10236, 10237, 10238, 10239",2023-02-24,2023-03-31,07:00:00,19:00:00,60,Fri,ID Missing,No Preceptor Assigned,MedSurg - Acute Care,NURS 1930 - Intermediate Concepts of Nursing,Inpatient Rehab - 3600,Archived (Completed),Completed,2023,Spring 2023,427
350042,University of North Georgia - Nursing,Emory Johns Creek Hospital,Nursing,Cohort Rotation,0,8,No Students Assigned,2023-01-23,2023-02-20,06:30:00,18:30:00,72,Mon,ID Missing,No Preceptor Assigned,MedSurg - Acute Care,N3705 - Adult Health I,3rd floor: med-surg,Archived (Completed),Completed,2023,Spring 2023,533
350043,University of North Georgia - Nursing,Emory Johns Creek Hospital,Nursing,Cohort Rotation,0,8,No Students Assigned,2023-03-20,2023-04-24,06:30:00,18:30:00,72,Mon,ID Missing,No Preceptor Assigned,MedSurg - Acute Care,N4405 - Adult Health II,3rd floor: med-surg,Archived (Completed),Completed,2023,Spring 2023,535
350299,Georgia State University - SON - Undergraduate,Emory University Hospital at Wesley Woods,Nursing,Cohort Rotation,0,8,No Students Assigned,2023-01-12,2023-02-23,06:30:00,16:30:00,10,Thu,ID Missing,No Preceptor Assigned,Psychiatry; Mental Health; Behavioral Medicine,NURS 3810 - Psych Mental Health,-no preference-,Archived (Denied),Denied,2023,Spring 2023,439
350307,Georgia State University - SON - Undergraduate,Emory University Hospital at Wesley Woods,Nursing,Cohort Rotation,0,8,No Students Assigned,2023-03-02,2023-04-20,06:30:00,23:59:00,10,Thu,ID Missing,No Preceptor Assigned,Psychiatry; Mental Health; Behavioral Medicine,NURS 3810 - Psych Mental Health,-no preference-,Archived (Denied),Denied,2023,Spring 2023,443
350687,Brenau University,Emory University Hospital at Wesley Woods,Nursing,Cohort Rotation,0,5,No Students Assigned,2023-01-17,2023-04-28,07:00:00,19:00:00,140,"Sat, Sun",ID Missing,No Preceptor Assigned,Psychiatry; Mental Health; Behavioral Medicine,NG 308 - Behavioral Health,Inpatient Psych,Archived (Denied),Denied,2023,Spring 2023,7
352562,Georgia State University - Perimeter College,Emory University Hospital at Wesley Woods,Nursing,Cohort Rotation,0,4,No Students Assigned,2023-01-22,2023-01-29,07:00:00,19:00:00,24,Sun,ID Missing,No Preceptor Assigned,Psychiatry; Mental Health; Behavioral Medicine,Nurs 2924 - Psychiatric/Mental Health,Inpatient Psych,Archived (Denied),Denied,2023,Spring 2023,423
352563,Georgia State University - Perimeter College,Emory University Hospital at Wesley Woods,Nursing,Cohort Rotation,0,4,No Students Assigned,2023-02-05,2023-02-12,07:00:00,19:00:00,24,Sun,ID Missing,No Preceptor Assigned,Psychiatry; Mental Health; Behavioral Medicine,Nurs 2924 - Psychiatric/Mental Health,Inpatient Psych,Archived (Denied),Denied,2023,Spring 2023,425
352564,Georgia State University - Perimeter College,Emory University Hospital at Wesley Woods,Nursing,Cohort Rotation,0,4,No Students Assigned,2023-02-19,2023-02-26,07:00:00,19:00:00,4,Sun,ID Missing,No Preceptor Assigned,Psychiatry; Mental Health; Behavioral Medicine,Nurs 2924 - Psychiatric/Mental Health,Inpatient Psych,Archived (Denied),Denied,2023,Spring 2023,426
352565,Georgia State University - Perimeter College,Emory University Hospital at Wesley Woods,Nursing,Cohort Rotation,0,4,No Students Assigned,2023-03-05,2023-03-12,07:00:00,19:00:00,24,Sun,ID Missing,No Preceptor Assigned,Psychiatry; Mental Health; Behavioral Medicine,Nurs 2924 - Psychiatric/Mental Health,Inpatient Psych,Archived (Denied),Denied,2023,Spring 2023,429
352700,University of North Georgia - Nursing,Emory Johns Creek Hospital,Nursing,Cohort Rotation,0,8,No Students Assigned,2023-01-19,2023-04-27,07:00:00,19:00:00,144,Thu,ID Missing,No Preceptor Assigned,MedSurg - Acute Care,N4707 - Synthesis of Nursing Practice,4th floor: med-surg,Archived (Completed),Completed,2023,Spring 2023,531
352794,University of North Georgia - Nursing,Emory Johns Creek Hospital,Nursing,Cohort Rotation,4,6,"10240, 10241, 10242, 10243",2023-01-20,2023-02-24,06:30:00,18:30:00,72,Fri,ID Missing,No Preceptor Assigned,Perinatal - OB,N3804 - Nursing Care of the Childbearing Family,"Maternity: M/B, L&D, NICU",Archived (Completed),Completed,2023,Spring 2023,532
352795,University of North Georgia - Nursing,Emory Johns Creek Hospital,Nursing,Cohort Rotation,4,6,"10244, 10245, 10246, 10247",2023-03-03,2023-04-14,06:30:00,18:30:00,72,Fri,ID Missing,No Preceptor Assigned,Perinatal - OB,N3804 - Nursing Care of the Childbearing Family,"Maternity: M/B, L&D, NICU",Archived (Completed),Completed,2023,Spring 2023,534
353326,Chamberlain College of Nursing - Georgia,Emory Decatur Hospital,Nursing,Cohort Rotation,6,6,"10248, 10249, 10250, 10251, 10026, 10252",2023-01-13,2023-02-03,07:00:00,19:00:00,96,Fri,ID Missing,No Preceptor Assigned,Critical/Intensive Care,NR341 - Complex Adult Health,ICU,Archived (Completed),Completed,2023,Spring 2023,67
353327,Chamberlain College of Nursing - Georgia,Emory Decatur Hospital,Nursing,Cohort Rotation,6,6,"10027, 10033, 10028, 10253, 10254, 10255",2023-02-10,2023-03-03,07:00:00,19:00:00,96,Fri,ID Missing,No Preceptor Assigned,Critical/Intensive Care,NR341 - Complex Adult Health,ICU,Archived (Completed),Completed,2023,Spring 2023,74
353328,Chamberlain College of Nursing - Georgia,Emory Decatur Hospital,Nursing,Cohort Rotation,6,6,"10256, 10257, 10258, 10091, 10259, 10260",2023-03-10,2023-03-31,07:00:00,19:00:00,96,Fri,ID Missing,No Preceptor Assigned,Critical/Intensive Care,NR341 - Complex Adult Health,ICU - 2500,Archived (Completed),Completed,2023,Spring 2023,81
353329,Chamberlain College of Nursing - Georgia,Emory Decatur Hospital,Nursing,Cohort Rotation,6,6,"10261, 10262, 10263, 10264, 10135, 10137",2023-04-07,2023-04-28,07:00:00,19:00:00,96,Fri,ID Missing,No Preceptor Assigned,Critical/Intensive Care,NR341 - Complex Adult Health,ICU - 2500,Archived (Completed),Completed,2023,Spring 2023,87
353330,Chamberlain College of Nursing - Georgia,Emory Decatur Hospital,Nursing,Cohort Rotation,0,6,No Students Assigned,2023-05-12,2023-06-02,07:00:00,19:00:00,96,Fri,ID Missing,No Preceptor Assigned,Critical/Intensive Care,NR341 - Complex Adult Health,ICU,Archived (Withdrawn),Withdrawn,2023,Spring 2023,98
353356,Brenau University,Emory Decatur Hospital,Nursing,Precepted Rotation,0,1,No Students Assigned,2023-01-17,2023-04-28,00:00:00,23:59:00,120,,ID Missing,No Preceptor Assigned,Practicum,NG 445 - Transition to Practice/Capstone Practicum,Behavioral Health,Archived (Denied),Denied,2023,Spring 2023,7
353357,Brenau University,Emory Decatur Hospital,Nursing,Precepted Rotation,0,1,No Students Assigned,2023-01-17,2023-04-28,00:00:00,23:59:00,120,,ID Missing,No Preceptor Assigned,Practicum,NG 445 - Transition to Practice/Capstone Practicum,Behavioral Health,Archived (Denied),Denied,2023,Spring 2023,7
353454,University of North Georgia - Nursing,Emory Johns Creek Hospital,Nursing,Precepted Rotation,0,1,No Students Assigned,2023-01-17,2023-04-28,00:00:00,23:59:00,144,"Mon, Tue, Fri, Sat, Sun",ID Missing,No Preceptor Assigned,Practicum,N4707 Practicum - Synthesis of Nursing Practice-Senior Practicum,"Maternity: M/B, L&D, NICU",Archived (Denied),Denied,2023,Spring 2023,530
353456,University of North Georgia - Nursing,Emory Johns Creek Hospital,Nursing,Precepted Rotation,0,1,No Students Assigned,2023-01-17,2023-04-28,00:00:00,23:59:00,144,"Mon, Tue, Fri, Sat, Sun",ID Missing,No Preceptor Assigned,Practicum,N4707 Practicum - Synthesis of Nursing Practice-Senior Practicum,ICU: critical care,Archived (Denied),Denied,2023,Spring 2023,530
353457,University of North Georgia - Nursing,Emory Johns Creek Hospital,Nursing,Precepted Rotation,0,1,No Students Assigned,2023-01-17,2023-04-28,00:00:00,23:59:00,144,"Mon, Tue, Fri, Sat, Sun",ID Missing,No Preceptor Assigned,Practicum,N4707 Practicum - Synthesis of Nursing Practice-Senior Practicum,ED: emergency,Archived (Denied),Denied,2023,Spring 2023,530
353458,University of North Georgia - Nursing,Emory Saint Joseph's Hospital,Nursing,Precepted Rotation,0,1,No Students Assigned,2023-01-17,2023-04-28,00:00:00,23:59:00,144,"Mon, Tue, Fri, Sat, Sun",ID Missing,No Preceptor Assigned,Practicum,N4707 Practicum - Synthesis of Nursing Practice-Senior Practicum,Any Available,Archived (Denied),Denied,2023,Spring 2023,530
353517,Georgia Gwinnett College,Emory Decatur Hospital,Nursing,Cohort Rotation,0,6,No Students Assigned,2023-01-23,2023-04-25,00:00:00,23:59:00,84,"Mon, Tue",ID Missing,No Preceptor Assigned,Perinatal - OB,NURS 4020 - Wellness & Illness III,Mother/Baby,Archived (Denied),Denied,2023,Spring 2023,415
353518,Georgia Gwinnett College,Emory Decatur Hospital,Nursing,Cohort Rotation,0,2,No Students Assigned,2023-01-23,2023-04-25,00:00:00,23:59:00,12,"Mon, Tue",ID Missing,No Preceptor Assigned,Perinatal - OB,NURS 4020 - Wellness & Illness III,L&D,Archived (Denied),Denied,2023,Spring 2023,415
353520,Georgia Gwinnett College,Emory Decatur Hospital,Nursing,Cohort Rotation,0,2,No Students Assigned,2023-01-23,2023-04-25,00:00:00,23:59:00,12,"Mon, Tue",ID Missing,No Preceptor Assigned,Perinatal - OB,NURS 4020 - Wellness & Illness III,NICU,Archived (Denied),Denied,2023,Spring 2023,415
353521,Georgia Gwinnett College,Emory Decatur Hospital,Nursing,Cohort Rotation,0,6,No Students Assigned,2023-01-23,2023-04-25,00:00:00,23:59:00,48,"Mon, Tue, Sat, Sun",ID Missing,No Preceptor Assigned,Psychiatry; Mental Health; Behavioral Medicine,NURS 4020 - Wellness & Illness III,Behavioral Health,Archived (Denied),Denied,2023,Spring 2023,415
353522,Georgia Gwinnett College,Emory University Hospital at Wesley Woods,Nursing,Cohort Rotation,7,7,"10265, 10266, 10267, 10268, 10269, 10270, 10271",2023-04-03,2023-04-25,00:00:00,23:59:00,48,Mon,ID Missing,No Preceptor Assigned,Psychiatry; Mental Health; Behavioral Medicine,NURS 4020 - Wellness & Illness III,Inpatient Psych,Archived (Completed),Completed,2023,Spring 2023,416
353527,Georgia Gwinnett College,Emory University Hospital at Wesley Woods,Nursing,Cohort Rotation,0,6,No Students Assigned,2023-01-23,2023-04-25,00:00:00,23:59:00,48,"Mon, Tue, Sat, Sun",ID Missing,No Preceptor Assigned,Psychiatry; Mental Health; Behavioral Medicine,NURS 4020 - Wellness & Illness III,Inpatient Psych,Archived (Denied),Denied,2023,Spring 2023,415
353529,Georgia Gwinnett College,Emory Decatur Hospital,Nursing,Cohort Rotation,0,6,No Students Assigned,2023-01-23,2023-04-25,00:00:00,23:59:00,48,"Mon, Tue, Sat, Sun",ID Missing,No Preceptor Assigned,Psychiatry; Mental Health; Behavioral Medicine,NURS 4020 - Wellness & Illness III,Behavioral Health,Archived (Denied),Denied,2023,Spring 2023,415
355114,Indiana State University - Online LPN to BSN Track,Emory Johns Creek Hospital,Nursing,Precepted Rotation,0,1,No Students Assigned,2023-01-16,2023-04-28,00:00:00,23:59:00,110,,2002,ID Missing,MedSurg - Acute Care,NURS 484 - Reflections on Nursing Practice--Senior Practicum,2W: Oncology,Archived (Denied),Denied,2023,Spring 2023,479
357371,Herzing University,Emory University Hospital Midtown,Nursing,Precepted Rotation,1,1,10272,2023-01-23,2023-04-14,00:00:00,23:59:00,135,,ID Missing,No Preceptor Assigned,Practicum,NU 448 - NU 448 - Adult Health III/Nursing Practicum,41: Med Cardiology,Archived (Withdrawn),Withdrawn,2023,Spring 2023,466
357543,Emory University - SON Pre-licensure,Emory University Hospital Midtown,Nursing,Cohort Rotation,7,8,"10273, 10274, 10275, 10276, 10277, 10278, 10279",2023-01-17,2023-02-28,07:00:00,19:00:00,60,Tue,ID Missing,No Preceptor Assigned,Other (see comments),NRSG 391 Practicum - Adult and Geriatric Practicum,51: Med-Surg,Archived (Completed),Completed,2023,Spring 2023,251
357544,Emory University - SON Pre-licensure,Emory University Hospital,Nursing,Cohort Rotation,8,8,"10280, 10281, 10282, 10283, 10284, 10285, 10286, 10287",2023-01-17,2023-02-28,07:00:00,19:00:00,60,Tue,ID Missing,No Preceptor Assigned,Other (see comments),NRSG 391 Practicum - Adult and Geriatric Practicum,9E: Neuroscience,Archived (Completed),Completed,2023,Spring 2023,251
357549,Emory University - SON Pre-licensure,Emory Saint Joseph's Hospital,Nursing,Cohort Rotation,6,8,"10288, 10289, 10290, 10291, 10292, 10293",2023-01-17,2023-02-28,07:00:00,19:00:00,60,Tue,ID Missing,No Preceptor Assigned,Other (see comments),NRSG 391 Practicum - Adult and Geriatric Practicum,6W,Archived (Completed),Completed,2023,Spring 2023,251
357550,Emory University - SON Pre-licensure,Emory University Hospital,Nursing,Cohort Rotation,8,8,"10294, 10295, 10296, 10297, 10298, 10299, 10300, 10301",2023-01-17,2023-02-28,07:00:00,19:00:00,60,Tue,ID Missing,No Preceptor Assigned,Other (see comments),NRSG 391 Practicum - Adult and Geriatric Practicum,3G: Neurosciences,Archived (Completed),Completed,2023,Spring 2023,251
357552,Emory University - SON Pre-licensure,Emory Saint Joseph's Hospital,Nursing,Cohort Rotation,7,8,"10302, 10303, 10304, 10305, 10306, 10307, 10308",2023-01-18,2023-03-01,07:00:00,19:00:00,60,Wed,ID Missing,No Preceptor Assigned,Other (see comments),NRSG 391 Practicum - Adult and Geriatric Practicum,5E,Archived (Completed),Completed,2023,Spring 2023,252
357554,Emory University - SON Pre-licensure,Emory Johns Creek Hospital,Nursing,Cohort Rotation,8,8,"10309, 10310, 10311, 10312, 10313, 10314, 10315, 10316",2023-01-18,2023-03-01,07:00:00,19:00:00,60,Wed,ID Missing,No Preceptor Assigned,Other (see comments),NRSG 391 Practicum - Adult and Geriatric Practicum,4th floor: med-surg,Archived (Completed),Completed,2023,Spring 2023,252
357566,Emory University - SON Pre-licensure,Emory University Hospital Midtown,Nursing,Cohort Rotation,8,8,"10317, 10318, 10319, 10320, 10321, 10322, 10323, 10324",2023-01-18,2023-03-01,07:00:00,19:00:00,60,Wed,ID Missing,No Preceptor Assigned,Other (see comments),NRSG 391 Practicum - Adult and Geriatric Practicum,31: Ortho/Neuro,Archived (Completed),Completed,2023,Spring 2023,252
357568,Emory University - SON Pre-licensure,Emory University Hospital,Nursing,Cohort Rotation,8,8,"10325, 10326, 10327, 10328, 10329, 10330, 10331, 10332",2023-01-18,2023-03-01,07:00:00,19:00:00,60,Wed,ID Missing,No Preceptor Assigned,Other (see comments),NRSG 391 Practicum - Adult and Geriatric Practicum,6G: Medical,Archived (Completed),Completed,2023,Spring 2023,252
357569,Emory University - SON Pre-licensure,Emory University Hospital Midtown,Nursing,Cohort Rotation,5,5,"10333, 10334, 10335, 10336, 10337",2023-01-21,2023-03-04,07:00:00,19:00:00,60,Sat,ID Missing,No Preceptor Assigned,Other (see comments),NRSG 391 Practicum - Adult and Geriatric Practicum,72: Med/Surg,Archived (Completed),Completed,2023,Spring 2023,254
357570,Emory University - SON Pre-licensure,Emory University Hospital,Nursing,Cohort Rotation,8,8,"10338, 10339, 10340, 10341, 10342, 10343, 10344, 10345",2023-01-21,2023-03-04,07:00:00,19:00:00,60,Sat,ID Missing,No Preceptor Assigned,Other (see comments),NRSG 391 Practicum - Adult and Geriatric Practicum,7T: Surgical,Archived (Completed),Completed,2023,Spring 2023,254
357603,Brenau University,Emory University Hospital at Wesley Woods,Nursing,Cohort Rotation,6,6,"10346, 10347, 10348, 10349, 10350, 10351",2023-01-16,2023-04-21,07:00:00,19:00:00,140,Thu,ID Missing,No Preceptor Assigned,Psychiatry; Mental Health; Behavioral Medicine,NG 308 - Behavioral Health,Inpatient Psych,Archived (Completed),Completed,2023,Spring 2023,6
358744,Augusta University (Athens Campus) - Nursing,Emory University Hospital,Nursing,Precepted Rotation,0,2,No Students Assigned,2023-01-16,2023-05-02,07:00:00,19:00:00,180,,ID Missing,No Preceptor Assigned,Practicum,NURS 4806 - Transitions into Nursing Practice,5ST: SICU,Archived (Denied),Denied,2023,Spring 2023,4
358748,Augusta University (Athens Campus) - Nursing,Emory University Hospital,Nursing,Precepted Rotation,0,2,No Students Assigned,2023-01-16,2023-05-02,07:00:00,19:00:00,180,,ID Missing,No Preceptor Assigned,Practicum,NURS 4806 - Transitions into Nursing Practice,ED: Emergency,Archived (Denied),Denied,2023,Spring 2023,4
358750,Augusta University (Athens Campus) - Nursing,Emory University Hospital,Nursing,Precepted Rotation,0,2,No Students Assigned,2023-01-16,2023-05-02,07:00:00,19:00:00,180,,ID Missing,No Preceptor Assigned,Practicum,NURS 4806 - Transitions into Nursing Practice,-no preference-,Archived (Denied),Denied,2023,Spring 2023,4
358771,Augusta University (Athens Campus) - Nursing,Emory University Hospital Midtown,Nursing,Precepted Rotation,0,1,No Students Assigned,2023-01-16,2023-05-05,07:00:00,19:00:00,180,,ID Missing,No Preceptor Assigned,Practicum,NURS 4806 - Transitions into Nursing Practice,ED: Emergency,Archived (Denied),Denied,2023,Spring 2023,5
358772,Augusta University (Athens Campus) - Nursing,Emory University Hospital Midtown,Nursing,Precepted Rotation,0,1,No Students Assigned,2023-01-16,2023-05-05,07:00:00,19:00:00,180,,ID Missing,No Preceptor Assigned,Practicum,NURS 4806 - Transitions into Nursing Practice,31: ICU,Archived (Denied),Denied,2023,Spring 2023,5
358794,Indiana State University - Online LPN to BSN Track,Emory Saint Joseph's Hospital,Nursing,Precepted Rotation,0,1,No Students Assigned,2023-01-16,2023-04-28,00:00:00,23:59:00,82,,2002,ID Missing,MedSurg - Acute Care,NURS 324 - Nursing Care of the Adult II,6E,Archived (Denied),Denied,2023,Spring 2023,479
358988,Georgia State University - SON - Undergraduate,Emory University Hospital at Wesley Woods,Nursing,Precepted Rotation,1,1,10352,2023-01-23,2023-04-24,00:00:00,23:59:00,144,"Sat, Sun",ID Missing,No Preceptor Assigned,Practicum,NURS 4610 - Senior Practicum,-no preference-,Archived (Denied),Denied,2023,Spring 2023,441
359015,Georgia State University - SON - Undergraduate,Emory Decatur Hospital,Nursing,Cohort Rotation,0,6,No Students Assigned,2023-01-09,2023-02-26,07:00:00,19:00:00,12,"Tue, Wed, Thu, Sat, Sun",ID Missing,No Preceptor Assigned,Perinatal - OB,NURS 3610 - Childbearing,Mother/Baby,Archived (Denied),Denied,2023,Spring 2023,437
359017,Georgia State University - SON - Undergraduate,Emory Decatur Hospital,Nursing,Cohort Rotation,0,6,No Students Assigned,2023-01-09,2023-02-27,07:00:00,19:00:00,12,"Tue, Wed, Thu, Sat, Sun",ID Missing,No Preceptor Assigned,Perinatal - OB,NURS 3610 - Childbearing,L&D,Archived (Denied),Denied,2023,Spring 2023,438
359018,Georgia State University - SON - Undergraduate,Emory Decatur Hospital,Nursing,Cohort Rotation,0,6,No Students Assigned,2023-01-09,2023-02-26,07:00:00,19:00:00,12,"Tue, Wed, Thu, Sat, Sun",ID Missing,No Preceptor Assigned,Perinatal - OB,NURS 3610 - Childbearing,NICU,Archived (Denied),Denied,2023,Spring 2023,437
359027,Georgia State University - SON - Undergraduate,Emory Decatur Hospital,Nursing,Cohort Rotation,0,6,No Students Assigned,2023-02-27,2023-04-24,00:00:00,23:59:00,12,"Tue, Wed, Thu, Sat, Sun",ID Missing,No Preceptor Assigned,Perinatal - OB,NURS 3610 - Childbearing,Mother/Baby,Archived (Denied),Denied,2023,Spring 2023,442
359029,Georgia State University - SON - Undergraduate,Emory Decatur Hospital,Nursing,Cohort Rotation,0,6,No Students Assigned,2023-02-27,2023-04-24,00:00:00,23:59:00,12,"Tue, Wed, Thu, Sat, Sun",ID Missing,No Preceptor Assigned,Perinatal - OB,NURS 3610 - Childbearing,L&D,Archived (Denied),Denied,2023,Spring 2023,442
359030,Georgia State University - SON - Undergraduate,Emory Decatur Hospital,Nursing,Cohort Rotation,0,6,No Students Assigned,2023-02-27,2023-04-24,00:00:00,23:59:00,12,"Tue, Wed, Thu, Sat, Sun",ID Missing,No Preceptor Assigned,Perinatal - OB,NURS 3610 - Childbearing,NICU,Archived (Denied),Denied,2023,Spring 2023,442
359033,Emory University - SON Pre-licensure,Emory Johns Creek Hospital,Nursing,Cohort Rotation,6,6,"10353, 10354, 10355, 10356, 10357, 10358",2023-03-16,2023-04-27,07:00:00,17:00:00,60,Thu,ID Missing,No Preceptor Assigned,Fundamentals,527 MN - Foundation of Nursing Practice,6W oncology,Archived (Completed),Completed,2023,Spring 2023,259
359034,Emory University - SON Pre-licensure,Emory Saint Joseph's Hospital,Nursing,Cohort Rotation,5,8,"10359, 10360, 10361, 10362, 10363",2023-03-16,2023-05-04,00:00:00,23:59:00,60,Thu,ID Missing,No Preceptor Assigned,Fundamentals,527 MN - Foundation of Nursing Practice,4E,Archived (Completed),Completed,2023,Spring 2023,260
359038,Emory University - SON Pre-licensure,Emory Decatur Hospital,Nursing,Cohort Rotation,6,8,"10364, 10365, 10366, 10367, 10368, 10369",2023-03-16,2023-04-27,07:00:00,17:00:00,60,Thu,ID Missing,No Preceptor Assigned,Fundamentals,527 MN - Foundation of Nursing Practice,Surgical Oncology - 4200,Archived (Completed),Completed,2023,Spring 2023,259
359039,Emory University - SON Pre-licensure,Emory University Orthopaedics and Spine Hospital,Nursing,Cohort Rotation,5,8,"10370, 10371, 10372, 10373, 10374",2023-03-16,2023-04-27,07:00:00,17:00:00,60,Thu,ID Missing,No Preceptor Assigned,Fundamentals,527 MN - Foundation of Nursing Practice,2-4 floors: Orthopaedics,Archived (Completed),Completed,2023,Spring 2023,259
359048,Emory University - SON Pre-licensure,Emory University Hospital,Nursing,Cohort Rotation,7,8,"10375, 10376, 10377, 10378, 10379, 10380, 10381",2023-03-16,2023-04-27,17:00:00,17:00:00,60,Thu,ID Missing,No Preceptor Assigned,Fundamentals,527 MN - Foundation of Nursing Practice,3G: Neurosciences,Archived (Completed),Completed,2023,Spring 2023,259
359062,Emory University - SON Pre-licensure,Emory University Hospital Midtown,Nursing,Cohort Rotation,4,8,"10382, 10383, 10384, 10385",2023-03-16,2023-04-27,07:00:00,17:00:00,60,Thu,ID Missing,No Preceptor Assigned,Fundamentals,527 MN - Foundation of Nursing Practice,31: Ortho/Neuro,Archived (Completed),Completed,2023,Spring 2023,259
359067,Emory University - SON Pre-licensure,Emory University Hospital,Nursing,Cohort Rotation,7,8,"10386, 10387, 10388, 10389, 10390, 10391, 10392",2023-03-17,2023-04-28,07:00:00,17:00:00,60,Fri,ID Missing,No Preceptor Assigned,Fundamentals,527 MN - Foundation of Nursing Practice,7T: Surgical,Archived (Completed),Completed,2023,Spring 2023,261
359070,Emory University - SON Pre-licensure,Emory Saint Joseph's Hospital,Nursing,Cohort Rotation,6,8,"10393, 10394, 10395, 10396, 10397, 10398",2023-03-17,2023-04-28,07:00:00,17:00:00,60,Fri,ID Missing,No Preceptor Assigned,Fundamentals,527 MN - Foundation of Nursing Practice,6E,Archived (Completed),Completed,2023,Spring 2023,261
359071,Emory University - SON Pre-licensure,Emory Decatur Hospital,Nursing,Cohort Rotation,7,8,"10399, 10400, 10401, 10402, 10403, 10404, 10405",2023-03-17,2023-04-28,07:00:00,17:00:00,60,Fri,ID Missing,No Preceptor Assigned,Fundamentals,527 MN - Foundation of Nursing Practice,Cardiac Telemetry - 2400,Archived (Completed),Completed,2023,Spring 2023,261
359072,Emory University - SON Pre-licensure,Emory University Hospital Midtown,Nursing,Cohort Rotation,5,8,"10406, 10407, 10408, 10409, 10410",2023-03-17,2023-04-28,07:00:00,17:00:00,60,Fri,ID Missing,No Preceptor Assigned,Fundamentals,527 MN - Foundation of Nursing Practice,71: Oncology,Archived (Completed),Completed,2023,Spring 2023,261
359073,Emory University - SON Pre-licensure,Emory University Hospital,Nursing,Cohort Rotation,6,8,"10411, 10412, 10413, 10414, 10415, 10416",2023-03-17,2023-04-28,07:00:00,17:00:00,60,Fri,ID Missing,No Preceptor Assigned,Fundamentals,527 MN - Foundation of Nursing Practice,6G: Medical,Archived (Completed),Completed,2023,Spring 2023,261
359075,Emory University - SON Pre-licensure,Emory Johns Creek Hospital,Nursing,Cohort Rotation,4,8,"10417, 10418, 10419, 10420",2023-03-17,2023-04-28,07:00:00,17:00:00,60,Fri,ID Missing,No Preceptor Assigned,Fundamentals,527 MN - Foundation of Nursing Practice,6N: medical,Archived (Completed),Completed,2023,Spring 2023,261
359077,Emory University - SON Pre-licensure,Emory University Hospital Midtown,Nursing,Cohort Rotation,7,8,"10421, 10422, 10423, 10424, 10425, 10426, 10427",2023-03-21,2023-05-02,07:00:00,19:00:00,60,Tue,ID Missing,No Preceptor Assigned,Other (see comments),NRSG 391 Practicum - Adult and Geriatric Practicum,51: Med-Surg,Archived (Completed),Completed,2023,Spring 2023,267
359080,Emory University - SON Pre-licensure,Emory University Hospital,Nursing,Cohort Rotation,8,8,"10428, 10429, 10430, 10431, 10432, 10433, 10434, 10435",2023-03-21,2023-05-02,07:00:00,19:00:00,60,Tue,ID Missing,No Preceptor Assigned,Other (see comments),NRSG 391 Practicum - Adult and Geriatric Practicum,9E: Neuroscience,Archived (Completed),Completed,2023,Spring 2023,267
359082,Emory University - SON Pre-licensure,Emory Saint Joseph's Hospital,Nursing,Cohort Rotation,7,8,"10436, 10437, 10438, 10439, 10440, 10441, 10442",2023-03-21,2023-05-02,07:00:00,19:00:00,60,Tue,ID Missing,No Preceptor Assigned,Other (see comments),NRSG 391 Practicum - Adult and Geriatric Practicum,6W,Archived (Completed),Completed,2023,Spring 2023,267
359111,Emory University - SON Pre-licensure,Emory University Hospital,Nursing,Cohort Rotation,8,8,"10443, 10444, 10445, 10446, 10447, 10448, 10449, 10450",2023-03-21,2023-05-02,07:00:00,19:00:00,60,Tue,ID Missing,No Preceptor Assigned,Other (see comments),NRSG 391 Practicum - Adult and Geriatric Practicum,3G: Neurosciences,Archived (Completed),Completed,2023,Spring 2023,267
359119,Emory University - SON Pre-licensure,Emory Saint Joseph's Hospital,Nursing,Cohort Rotation,7,8,"10451, 10452, 10453, 10454, 10455, 10456, 10457",2023-03-22,2023-05-03,07:00:00,19:00:00,60,Wed,ID Missing,No Preceptor Assigned,Other (see comments),NRSG 391 Practicum - Adult and Geriatric Practicum,5E,Archived (Completed),Completed,2023,Spring 2023,268
359129,Emory University - SON Pre-licensure,Emory Johns Creek Hospital,Nursing,Cohort Rotation,5,8,"10458, 10459, 10460, 10461, 10462",2023-03-22,2023-05-03,07:00:00,19:00:00,60,Wed,ID Missing,No Preceptor Assigned,Other (see comments),NRSG 391 Practicum - Adult and Geriatric Practicum,4th floor: med-surg,Archived (Completed),Completed,2023,Spring 2023,268
359133,Emory University - SON Pre-licensure,Emory University Hospital Midtown,Nursing,Cohort Rotation,7,8,"10463, 10464, 10465, 10466, 10467, 10468, 10469",2023-03-22,2023-05-03,07:00:00,19:00:00,60,Wed,ID Missing,No Preceptor Assigned,Other (see comments),NRSG 391 Practicum - Adult and Geriatric Practicum,31: Ortho/Neuro,Archived (Completed),Completed,2023,Spring 2023,268
359135,Emory University - SON Pre-licensure,Emory University Hospital,Nursing,Cohort Rotation,8,8,"10470, 10471, 10472, 10473, 10474, 10475, 10476, 10477",2023-03-22,2023-05-03,07:00:00,19:00:00,60,Wed,ID Missing,No Preceptor Assigned,Other (see comments),NRSG 391 Practicum - Adult and Geriatric Practicum,6G: Medical,Archived (Completed),Completed,2023,Spring 2023,268
359138,Emory University - SON Pre-licensure,Emory University Hospital Midtown,Nursing,Cohort Rotation,4,5,"10478, 10479, 10480, 10481",2023-03-18,2023-05-06,07:00:00,19:00:00,60,Sat,"ID Missing, ID Missing, ID Missing, ID Missing, ID Missing",No Preceptor Assigned,Other (see comments),NRSG 391 Practicum - Adult and Geriatric Practicum,72: Med/Surg,Archived (Completed),Completed,2023,Spring 2023,264
359141,Emory University - SON Pre-licensure,Emory University Hospital,Nursing,Cohort Rotation,4,8,"10482, 10483, 10484, 10485",2023-03-25,2023-05-06,07:00:00,19:00:00,60,Sat,"ID Missing, ID Missing, ID Missing, ID Missing, ID Missing",No Preceptor Assigned,Other (see comments),NRSG 391 Practicum - Adult and Geriatric Practicum,7T: Surgical,Archived (Completed),Completed,2023,Spring 2023,270
359187,Emory University - SON Pre-licensure,Emory University Hospital,Nursing,Cohort Rotation,8,8,"10486, 10487, 10488, 10489, 10490, 10491, 10492, 10493",2023-01-17,2023-02-28,07:00:00,19:00:00,60,Tue,ID Missing,No Preceptor Assigned,Other (see comments),NRSG 391 Practicum - Adult and Geriatric Practicum,10E (DEU): Surgical,Archived (Completed),Completed,2023,Spring 2023,251
359193,Emory University - SON Pre-licensure,Emory Johns Creek Hospital,Nursing,Cohort Rotation,6,8,"10494, 10495, 10496, 10497, 10498, 10499",2023-01-17,2023-02-28,07:00:00,19:00:00,60,Tue,ID Missing,No Preceptor Assigned,Other (see comments),NRSG 391 Practicum - Adult and Geriatric Practicum,4th floor: med-surg,Archived (Completed),Completed,2023,Spring 2023,251
359194,Emory University - SON Pre-licensure,Emory University Hospital,Nursing,Cohort Rotation,6,8,"10500, 10501, 10502, 10503, 10504, 10505",2023-01-18,2023-03-01,07:00:00,19:00:00,60,Wed,ID Missing,No Preceptor Assigned,Other (see comments),NRSG 391 Practicum - Adult and Geriatric Practicum,6T: Transplant,Archived (Completed),Completed,2023,Spring 2023,252
359196,Emory University - SON Pre-licensure,Emory Saint Joseph's Hospital,Nursing,Cohort Rotation,8,8,"10506, 10507, 10508, 10509, 10510, 10511, 10512, 10513",2023-01-18,2023-03-01,07:00:00,19:00:00,60,Wed,ID Missing,No Preceptor Assigned,Other (see comments),NRSG 391 Practicum - Adult and Geriatric Practicum,4W,Archived (Completed),Completed,2023,Spring 2023,252
359203,Emory University - SON Pre-licensure,Emory University Hospital Midtown,Nursing,Cohort Rotation,6,8,"10514, 10515, 10516, 10517, 10345, 10518",2023-01-18,2023-03-01,07:00:00,19:00:00,60,Wed,ID Missing,No Preceptor Assigned,Other (see comments),NRSG 391 Practicum - Adult and Geriatric Practicum,21: General Surgery,Archived (Completed),Completed,2023,Spring 2023,252
359210,Emory University - SON Pre-licensure,Emory University Hospital,Nursing,Cohort Rotation,8,8,"10519, 10520, 10521, 10522, 10523, 10524, 10525, 10526",2023-03-21,2023-05-02,07:00:00,19:00:00,60,Tue,ID Missing,No Preceptor Assigned,Other (see comments),NRSG 391 Practicum - Adult and Geriatric Practicum,10E (DEU): Surgical,Archived (Completed),Completed,2023,Spring 2023,267
359211,Emory University - SON Pre-licensure,Emory Johns Creek Hospital,Nursing,Cohort Rotation,7,8,"10527, 10528, 10529, 10530, 10531, 10532, 10533",2023-03-21,2023-05-02,07:00:00,19:00:00,60,Tue,ID Missing,No Preceptor Assigned,Other (see comments),NRSG 391 Practicum - Adult and Geriatric Practicum,4th floor: med-surg,Archived (Completed),Completed,2023,Spring 2023,267
359310,Emory University - SON Pre-licensure,Emory University Hospital at Wesley Woods,Nursing,Cohort Rotation,8,9,"10421, 10428, 10447, 10423, 10469, 10478, 10482, 10450",2023-01-17,2023-02-28,07:00:00,19:00:00,60,Tue,ID Missing,No Preceptor Assigned,Psychiatry; Mental Health; Behavioral Medicine,NRSG 393 Practicum - Mental Health Practicum,-no preference-,Archived (Completed),Completed,2023,Spring 2023,251
359311,Emory University - SON Pre-licensure,Emory University Hospital at Wesley Woods,Nursing,Cohort Rotation,9,9,"10288, 10273, 10274, 10281, 10275, 10318, 10276, 10277, 10278",2023-03-21,2023-05-02,07:00:00,19:00:00,60,Tue,ID Missing,No Preceptor Assigned,Psychiatry; Mental Health; Behavioral Medicine,NRSG 393 Practicum - Mental Health Practicum,-no preference-,Archived (Completed),Completed,2023,Spring 2023,267
359313,Augusta University (Athens Campus) - Nursing,Emory University Hospital,Nursing,Precepted Rotation,0,2,No Students Assigned,2023-01-16,2023-05-02,00:00:00,23:59:00,180,"Mon, Wed, Thu, Fri, Sat, Sun",ID Missing,No Preceptor Assigned,Practicum,NURS 4806 - Transitions into Nursing Practice,2D ICU: Neuro,Archived (Denied),Denied,2023,Spring 2023,4
359315,Emory University - SON Pre-licensure,Emory Decatur Hospital,Nursing,Cohort Rotation,9,9,"10422, 10424, 10451, 10479, 10434, 10466, 10439, 10429, 10446",2023-01-17,2023-02-21,07:00:00,19:00:00,60,Tue,ID Missing,No Preceptor Assigned,Psychiatry; Mental Health; Behavioral Medicine,NRSG 393 Practicum - Mental Health Practicum,Behavioral Health,Archived (Completed),Completed,2023,Spring 2023,250
359317,Augusta University (Athens Campus) - Nursing,Emory University Hospital,Nursing,Precepted Rotation,0,2,No Students Assigned,2023-01-16,2023-05-02,00:00:00,23:59:00,180,"Mon, Wed, Thu, Fri, Sat, Sun",ID Missing,No Preceptor Assigned,Practicum,NURS 4806 - Transitions into Nursing Practice,-no preference-,Archived (Denied),Denied,2023,Spring 2023,4
359318,Emory University - SON Pre-licensure,Emory Decatur Hospital,Nursing,Cohort Rotation,9,9,"10289, 10298, 10290, 10291, 10292, 10293, 10321, 10326, 10330",2023-03-21,2023-04-25,07:00:00,19:00:00,60,Tue,ID Missing,No Preceptor Assigned,Psychiatry; Mental Health; Behavioral Medicine,NRSG 393 Practicum - Mental Health Practicum,Behavioral Health (acute) - 1800,Archived (Completed),Completed,2023,Spring 2023,266
359321,Augusta University (Athens Campus) - Nursing,Emory Johns Creek Hospital,Nursing,Precepted Rotation,0,2,No Students Assigned,2023-01-16,2023-05-02,00:00:00,23:59:00,180,"Mon, Wed, Thu, Fri, Sat, Sun",ID Missing,No Preceptor Assigned,Practicum,NURS 4806 - Transitions into Nursing Practice,"Maternity: M/B, L&D, NICU",Archived (Denied),Denied,2023,Spring 2023,4
359325,Augusta University (Athens Campus) - Nursing,Emory Johns Creek Hospital,Nursing,Precepted Rotation,0,1,No Students Assigned,2023-01-16,2023-05-02,00:00:00,23:59:00,180,"Mon, Wed, Thu, Fri, Sat, Sun",ID Missing,No Preceptor Assigned,Practicum,NURS 4806 - Transitions into Nursing Practice,ICU: critical care,Archived (Denied),Denied,2023,Spring 2023,4
359328,Augusta University (Athens Campus) - Nursing,Emory Johns Creek Hospital,Nursing,Precepted Rotation,0,1,No Students Assigned,2023-01-16,2023-05-02,00:00:00,23:59:00,1,"Mon, Wed, Thu, Fri, Sat, Sun",ID Missing,No Preceptor Assigned,Practicum,NURS 4806 - Transitions into Nursing Practice,ED: emergency,Archived (Denied),Denied,2023,Spring 2023,4
359338,Emory University - SON Pre-licensure,Emory Decatur Hospital,Nursing,Cohort Rotation,7,9,"10471, 10534, 10485, 10442, 10535, 10449, 10536",2023-01-21,2023-02-25,07:00:00,19:00:00,60,Sat,ID Missing,No Preceptor Assigned,Psychiatry; Mental Health; Behavioral Medicine,NRSG 393 Practicum - Mental Health Practicum,Behavioral Health,Archived (Completed),Completed,2023,Spring 2023,253
359339,Emory University - SON Pre-licensure,Emory Decatur Hospital,Nursing,Cohort Rotation,8,9,"10311, 10312, 10313, 10319, 10320, 10328, 10338, 10329",2023-03-25,2023-04-29,07:00:00,19:00:00,60,Sat,"ID Missing, ID Missing, ID Missing",No Preceptor Assigned,Psychiatry; Mental Health; Behavioral Medicine,NRSG 393 Practicum - Mental Health Practicum,Behavioral Health (acute) - 1800,Archived (Completed),Completed,2023,Spring 2023,269
359343,Emory University - SON Pre-licensure,Emory University Hospital at Wesley Woods,Nursing,Cohort Rotation,9,9,"10537, 10538, 10539, 10540, 10541, 10542, 10543, 10544, 10545",2023-01-18,2023-03-01,07:00:00,19:00:00,60,Wed,ID Missing,No Preceptor Assigned,Psychiatry; Mental Health; Behavioral Medicine,NRSG 393 Practicum - Mental Health Practicum,-no preference-,Archived (Completed),Completed,2023,Spring 2023,252
359344,Emory University - SON Pre-licensure,Emory Decatur Hospital,Nursing,Cohort Rotation,9,9,"10546, 10547, 10548, 10549, 10550, 10551, 10552, 10553, 10554",2023-01-18,2023-03-01,07:00:00,19:00:00,60,Wed,ID Missing,No Preceptor Assigned,Psychiatry; Mental Health; Behavioral Medicine,NRSG 393 Practicum - Mental Health Practicum,Behavioral Health,Archived (Completed),Completed,2023,Spring 2023,252
359347,Emory University - SON Pre-licensure,Emory University Hospital at Wesley Woods,Nursing,Cohort Rotation,8,9,"10555, 10556, 10557, 10558, 10559, 10560, 10561, 10562",2023-01-21,2023-03-04,07:00:00,19:00:00,60,Sat,ID Missing,No Preceptor Assigned,Psychiatry; Mental Health; Behavioral Medicine,NRSG 393 Practicum - Mental Health Practicum,-no preference-,Archived (Completed),Completed,2023,Spring 2023,254
359348,Emory University - SON Pre-licensure,Emory University Hospital at Wesley Woods,Nursing,Cohort Rotation,9,9,"10563, 10564, 10565, 10566, 10567, 10568, 10569, 10570, 10571",2023-03-22,2023-05-03,07:00:00,19:00:00,60,Wed,ID Missing,No Preceptor Assigned,Psychiatry; Mental Health; Behavioral Medicine,NRSG 393 Practicum - Mental Health Practicum,-no preference-,Archived (Completed),Completed,2023,Spring 2023,268
359349,Emory University - SON Pre-licensure,Emory Decatur Hospital,Nursing,Cohort Rotation,9,9,"10572, 10573, 10574, 10575, 10576, 10577, 10578, 10579, 10580",2023-03-22,2023-05-03,07:00:00,19:00:00,60,Wed,ID Missing,No Preceptor Assigned,Psychiatry; Mental Health; Behavioral Medicine,NRSG 393 Practicum - Mental Health Practicum,Behavioral Health (acute) - 1800,Archived (Completed),Completed,2023,Spring 2023,268
359351,Emory University - SON Pre-licensure,Emory University Hospital at Wesley Woods,Nursing,Cohort Rotation,9,10,"10581, 10582, 10583, 10584, 10585, 10586, 10587, 10588, 10589",2023-03-25,2023-04-29,07:00:00,19:00:00,60,Sat,"ID Missing, ID Missing, ID Missing",No Preceptor Assigned,Psychiatry; Mental Health; Behavioral Medicine,NRSG 393 Practicum - Mental Health Practicum,-no preference-,Archived (Completed),Completed,2023,Spring 2023,269
359353,Georgia State University - SON - Undergraduate,Emory Decatur Hospital,Nursing,Cohort Rotation,5,8,"10590, 10591, 10592, 10593, 10594",2023-01-14,2023-02-25,06:30:00,19:00:00,12,Sat,ID Missing,No Preceptor Assigned,MedSurg - Acute Care,NURS 3510 - Med Surg,-no preference-,Archived (Completed),Completed,2023,Spring 2023,440
359354,Georgia State University - SON - Undergraduate,Emory Decatur Hospital,Nursing,Cohort Rotation,6,8,"10595, 10596, 10597, 10598, 10599, 10600",2023-03-04,2023-04-22,06:30:00,19:00:00,12,Sat,ID Missing,No Preceptor Assigned,MedSurg - Acute Care,NURS 3510 - Med Surg,-no preference-,Archived (Completed),Completed,2023,Spring 2023,444
359635,Emory University - SON Pre-licensure,Emory University Hospital,Nursing,Cohort Rotation,7,8,"10601, 10602, 10603, 10604, 10605, 10606, 10607",2023-03-22,2023-05-03,07:00:00,19:00:00,60,Wed,ID Missing,No Preceptor Assigned,Other (see comments),NRSG 391 Practicum - Adult and Geriatric Practicum,6T: Transplant,Archived (Completed),Completed,2023,Spring 2023,268
359638,Emory University - SON Pre-licensure,Emory Saint Joseph's Hospital,Nursing,Cohort Rotation,8,8,"10608, 10609, 10610, 10611, 10612, 10613, 10614, 10615",2023-03-22,2023-05-03,07:00:00,19:00:00,8,Wed,ID Missing,No Preceptor Assigned,Other (see comments),NRSG 391 Practicum - Adult and Geriatric Practicum,4W,Archived (Completed),Completed,2023,Spring 2023,268
359640,Emory University - SON Pre-licensure,Emory University Hospital Midtown,Nursing,Cohort Rotation,8,8,"10616, 10617, 10618, 10619, 10620, 10621, 10622, 10623",2023-03-22,2023-05-03,07:00:00,19:00:00,60,Wed,ID Missing,No Preceptor Assigned,Other (see comments),NRSG 391 Practicum - Adult and Geriatric Practicum,21: General Surgery,Archived (Completed),Completed,2023,Spring 2023,268
359641,Emory University - SON Pre-licensure,Emory University Hospital Midtown,Nursing,Cohort Rotation,6,8,"10565, 10624, 10567, 10625, 10626, 10627",2023-01-10,2023-02-28,07:00:00,19:00:00,60,Tue,ID Missing,No Preceptor Assigned,Perinatal - OB,NRSG 392 Practicum - Maternity Practicum,42/54: Mother/Baby,Archived (Completed),Completed,2023,Spring 2023,244
359643,Emory University - SON Pre-licensure,Emory Decatur Hospital,Nursing,Cohort Rotation,6,6,"10628, 10568, 10569, 10629, 10630, 10631",2023-01-10,2023-02-28,07:00:00,19:00:00,60,Tue,ID Missing,No Preceptor Assigned,Perinatal - OB,NRSG 392 Practicum - Maternity Practicum,Mother/Baby,Archived (Completed),Completed,2023,Spring 2023,244
359645,Emory University - SON,Emory Johns Creek Hospital,Nursing,Cohort Rotation,0,6,No Students Assigned,2023-01-10,2023-02-28,00:00:00,23:59:00,60,Tue,ID Missing,No Preceptor Assigned,Perinatal - OB,NRSG 392 Practicum - Maternity Practicum,"Maternity: M/B, L&D, NICU",Archived (Denied),Denied,2023,Spring 2023,211
359649,Emory University - SON Pre-licensure,Emory University Hospital Midtown,Nursing,Cohort Rotation,5,8,"10632, 10633, 10634, 10635, 10636",2023-01-11,2023-02-22,07:00:00,19:00:00,60,Wed,ID Missing,No Preceptor Assigned,Perinatal - OB,NRSG 392 Practicum - Maternity Practicum,42/54: Mother/Baby,Archived (Completed),Completed,2023,Spring 2023,246
359650,Emory University - SON Pre-licensure,Emory Decatur Hospital,Nursing,Cohort Rotation,6,6,"10637, 10563, 10638, 10571, 10572, 10639",2023-01-10,2023-03-01,07:00:00,19:00:00,60,Wed,ID Missing,No Preceptor Assigned,Other (see comments),NRSG 392 Practicum - Maternity Practicum,Mother/Baby,Archived (Completed),Completed,2023,Spring 2023,245
359652,Emory University - SON Pre-licensure,Emory Johns Creek Hospital,Nursing,Cohort Rotation,6,6,"10640, 10641, 10588, 10642, 10643, 10577",2023-01-11,2023-02-22,07:00:00,19:00:00,60,Wed,ID Missing,No Preceptor Assigned,Perinatal - OB,NRSG 392 Practicum - Maternity Practicum,"Maternity: M/B, L&D, NICU",Archived (Completed),Completed,2023,Spring 2023,246
359656,Emory University - SON Pre-licensure,Emory University Hospital Midtown,Nursing,Cohort Rotation,6,6,"10566, 10644, 10570, 10645, 10646, 10647",2023-01-14,2023-03-04,07:00:00,19:00:00,60,Sat,ID Missing,No Preceptor Assigned,Perinatal - OB,NRSG 392 Practicum - Maternity Practicum,42/54: Mother/Baby,Archived (Completed),Completed,2023,Spring 2023,247
359657,Emory University - SON Pre-licensure,Emory Decatur Hospital,Nursing,Cohort Rotation,5,6,"10648, 10649, 10573, 10587, 10650",2023-01-14,2023-03-04,07:00:00,19:00:00,60,Sat,ID Missing,No Preceptor Assigned,Perinatal - OB,NRSG 392 Practicum - Maternity Practicum,Mother/Baby,Archived (Completed),Completed,2023,Spring 2023,247
359660,Emory University - SON,Emory Johns Creek Hospital,Nursing,Cohort Rotation,0,6,No Students Assigned,2023-01-14,2023-03-04,07:00:00,19:00:00,60,Sat,ID Missing,No Preceptor Assigned,Perinatal - OB,NRSG 392 Practicum - Maternity Practicum,"Maternity: M/B, L&D, NICU",Archived (Denied),Denied,2023,Spring 2023,212
359662,Emory University - SON Pre-licensure,Emory University Hospital Midtown,Nursing,Cohort Rotation,6,8,"10537, 10547, 10651, 10652, 10545, 10550",2023-03-14,2023-04-25,07:00:00,19:00:00,60,Tue,ID Missing,No Preceptor Assigned,Perinatal - OB,NRSG 392 Practicum - Maternity Practicum,42/54: Mother/Baby,Archived (Completed),Completed,2023,Spring 2023,257
359665,Emory University - SON Pre-licensure,Emory Decatur Hospital,Nursing,Cohort Rotation,6,6,"10548, 10549, 10653, 10654, 10655, 10656",2023-03-14,2023-04-25,07:00:00,19:00:00,60,Tue,ID Missing,No Preceptor Assigned,Perinatal - OB,NRSG 392 Practicum - Maternity Practicum,Mother/Baby,Archived (Completed),Completed,2023,Spring 2023,257
359667,Emory University - SON,Emory Johns Creek Hospital,Nursing,Cohort Rotation,0,6,No Students Assigned,2023-03-14,2023-04-25,07:00:00,19:00:00,60,Tue,ID Missing,No Preceptor Assigned,Perinatal - OB,NRSG 392 Practicum - Maternity Practicum,"Maternity: M/B, L&D, NICU",Archived (Denied),Denied,2023,Spring 2023,217
359669,Emory University - SON Pre-licensure,Emory University Hospital Midtown,Nursing,Cohort Rotation,6,8,"10657, 10658, 10554, 10659, 10558, 10559",2023-03-15,2023-04-26,00:00:00,23:59:00,60,Wed,ID Missing,No Preceptor Assigned,Perinatal - OB,NRSG 392 Practicum - Maternity Practicum,42/54: Mother/Baby,Archived (Completed),Completed,2023,Spring 2023,258
359671,Emory University - SON Pre-licensure,Emory Decatur Hospital,Nursing,Cohort Rotation,6,6,"10286, 10555, 10660, 10661, 10662, 10663",2023-03-15,2023-04-26,07:00:00,19:00:00,60,Wed,ID Missing,No Preceptor Assigned,Perinatal - OB,NRSG 392 Practicum - Maternity Practicum,Mother/Baby,Archived (Completed),Completed,2023,Spring 2023,258
359673,Emory University - SON Pre-licensure,Emory Johns Creek Hospital,Nursing,Cohort Rotation,6,6,"10664, 10665, 10542, 10540, 10666, 10667",2023-03-15,2023-04-26,07:00:00,19:00:00,60,Wed,ID Missing,No Preceptor Assigned,Perinatal - OB,NRSG 392 Practicum - Maternity Practicum,"Maternity: M/B, L&D, NICU",Archived (Completed),Completed,2023,Spring 2023,258
359678,Emory University - SON Pre-licensure,Emory University Hospital Midtown,Nursing,Cohort Rotation,5,8,"10668, 10669, 10670, 10671, 10672",2023-03-18,2023-04-29,07:00:00,19:00:00,60,Sat,"ID Missing, ID Missing, ID Missing, ID Missing, ID Missing",No Preceptor Assigned,Perinatal - OB,NRSG 392 Practicum - Maternity Practicum,42/54: Mother/Baby,Archived (Completed),Completed,2023,Spring 2023,263
359681,Emory University - SON Pre-licensure,Emory Decatur Hospital,Nursing,Cohort Rotation,5,6,"10673, 10674, 10556, 10551, 10560",2023-03-18,2023-04-22,07:00:00,19:00:00,60,Sat,"ID Missing, ID Missing, ID Missing, ID Missing, ID Missing",No Preceptor Assigned,Perinatal - OB,NRSG 392 Practicum - Maternity Practicum,Mother/Baby,Archived (Completed),Completed,2023,Spring 2023,262
359686,Emory University - SON,Emory Johns Creek Hospital,Nursing,Cohort Rotation,0,6,No Students Assigned,2023-03-18,2023-04-22,07:00:00,19:00:00,60,Sat,ID Missing,No Preceptor Assigned,Perinatal - OB,NRSG 392 Practicum - Maternity Practicum,"Maternity: M/B, L&D, NICU",Archived (Denied),Denied,2023,Spring 2023,218
359810,Kennesaw State University - Nursing,"Emory Offsite locations - The Emory Clinic, Ambulatory Surgery Centers and the Emory Specialty Assocs",Nursing,Precepted Rotation,1,1,10675,2023-01-11,2023-02-16,00:00:00,23:59:00,96,"Thu, Fri",ID Missing,No Preceptor Assigned,Community,4412 - Community Health,Other (see comments),Archived (Completed),Completed,2023,Spring 2023,481
359813,Kennesaw State University - Nursing,"Emory Offsite locations - The Emory Clinic, Ambulatory Surgery Centers and the Emory Specialty Assocs",Nursing,Precepted Rotation,1,1,10676,2023-03-15,2023-04-20,00:00:00,23:59:00,96,"Thu, Fri",ID Missing,No Preceptor Assigned,Community,4412 - Community Health,Other (see comments),Archived (Completed),Completed,2023,Spring 2023,484
360627,Emory University - SON,Emory Saint Joseph's Hospital,Nursing,Cohort Rotation,0,8,No Students Assigned,2023-01-21,2023-03-04,07:00:00,19:00:00,60,Sat,ID Missing,No Preceptor Assigned,Other (see comments),NRSG 391 Practicum - Adult and Geriatric Practicum,5W,Archived (Withdrawn),Withdrawn,2023,Spring 2023,216
360628,Emory University - SON Pre-licensure,Emory Saint Joseph's Hospital,Nursing,Cohort Rotation,0,8,No Students Assigned,2023-03-25,2023-05-06,07:00:00,19:00:00,60,Sat,ID Missing,No Preceptor Assigned,Other (see comments),NRSG 391 Practicum - Adult and Geriatric Practicum,5W,Archived (Completed),Completed,2023,Spring 2023,270
360681,Indiana State University - Online LPN to BSN Track,Emory University Hospital,Nursing,Precepted Rotation,0,1,No Students Assigned,2023-01-16,2023-04-28,00:00:00,23:59:00,82,,2002,ID Missing,MedSurg - Acute Care,NURS 324 - Nursing Care of the Adult II,7E: Medical,Archived (Denied),Denied,2023,Spring 2023,479
362994,Chamberlain College of Nursing - Georgia,Emory Saint Joseph's Hospital,Nursing,Cohort Rotation,0,8,No Students Assigned,2023-03-11,2023-04-29,07:00:00,19:00:00,48,Sat,ID Missing,No Preceptor Assigned,Critical/Intensive Care,NR 324 - Adult Health I,3SW,Archived (Denied),Denied,2023,Spring 2023,83
362995,Chamberlain College of Nursing - Georgia,Emory University Hospital Midtown,Nursing,Cohort Rotation,0,8,No Students Assigned,2023-03-11,2023-04-29,07:00:00,19:00:00,48,Sat,ID Missing,No Preceptor Assigned,Critical/Intensive Care,NR 324 - Adult Health I,22: Med/Surg,Archived (Denied),Denied,2023,Spring 2023,83
363323,Emory University - SON Pre-licensure,Emory University Hospital at Wesley Woods,Nursing,Precepted Rotation,1,1,10677,2023-01-09,2023-03-01,00:00:00,23:59:00,132,"Mon, Tue, Wed, Sat, Sun",2003,3001,Practicum,NRSG 648 MN - Transitions to Nursing Practice,Inpatient Psych,Archived (Completed),Completed,2023,Spring 2023,242
363324,Emory University - SON Pre-licensure,Emory Johns Creek Hospital,Nursing,Precepted Rotation,1,1,10678,2023-01-09,2023-03-01,00:00:00,23:59:00,132,"Mon, Tue, Wed, Sat, Sun",ID Missing,ID Missing,Practicum,NRSG 648 MN - Transitions to Nursing Practice,ED: emergency,Archived (Completed),Completed,2023,Spring 2023,242
363327,Emory University - SON Pre-licensure,Emory Johns Creek Hospital,Nursing,Precepted Rotation,1,1,10679,2023-01-09,2023-03-01,00:00:00,23:59:00,132,"Mon, Tue, Fri, Sat, Sun",ID Missing,ID Missing,Practicum,NRSG 648 MN - Transitions to Nursing Practice,ED: emergency,Archived (Completed),Completed,2023,Spring 2023,242
363328,Emory University - SON Pre-licensure,Emory Johns Creek Hospital,Nursing,Precepted Rotation,1,1,10680,2023-01-09,2023-03-01,00:00:00,23:59:00,132,"Mon, Tue, Wed, Sat, Sun",2004,"3002, ID Missing",Practicum,NRSG 648 MN - Transitions to Nursing Practice,"Maternity: M/B, L&D, NICU",Archived (Completed),Completed,2023,Spring 2023,242
363329,Emory University - SON Pre-licensure,Emory Johns Creek Hospital,Nursing,Precepted Rotation,1,1,10681,2023-01-09,2023-03-01,00:00:00,23:59:00,132,"Mon, Tue, Wed, Sat, Sun",ID Missing,ID Missing,Practicum,NRSG 648 MN - Transitions to Nursing Practice,ICU: critical care,Archived (Completed),Completed,2023,Spring 2023,242
363331,Emory University - SON Pre-licensure,Emory Johns Creek Hospital,Nursing,Precepted Rotation,1,1,10562,2023-01-09,2023-03-01,00:00:00,23:59:00,132,"Mon, Tue, Fri, Sat, Sun",ID Missing,ID Missing,Practicum,NRSG 648 MN - Transitions to Nursing Practice,ICU: critical care,Archived (Completed),Completed,2023,Spring 2023,242
363333,Emory University - SON Pre-licensure,Emory Saint Joseph's Hospital,Nursing,Precepted Rotation,1,1,10682,2023-01-09,2023-03-01,00:00:00,23:59:00,132,,2005,3003,Practicum,NRSG 648 MN - Transitions to Nursing Practice,OR,Archived (Completed),Completed,2023,Spring 2023,242
363338,Emory University - SON Pre-licensure,Emory Saint Joseph's Hospital,Nursing,Precepted Rotation,1,1,10683,2023-01-09,2023-03-01,00:00:00,23:59:00,132,"Mon, Tue, Wed, Sat, Sun",ID Missing,ID Missing,Practicum,NRSG 648 MN - Transitions to Nursing Practice,2SW,Archived (Completed),Completed,2023,Spring 2023,242
363341,Emory University - SON Pre-licensure,Emory Saint Joseph's Hospital,Nursing,Precepted Rotation,1,1,10684,2023-01-09,2023-03-01,00:00:00,23:59:00,132,"Mon, Tue, Fri, Sat, Sun",2005,"ID Missing, ID Missing",Practicum,NRSG 648 MN - Transitions to Nursing Practice,2SW,Archived (Completed),Completed,2023,Spring 2023,242
363347,Emory University - SON Pre-licensure,Emory University Hospital,Nursing,Precepted Rotation,1,1,10685,2023-01-09,2023-03-01,00:00:00,23:59:00,132,"Mon, Tue, Wed, Sat, Sun",2006,"3004, ID Missing",Practicum,NRSG 648 MN - Transitions to Nursing Practice,9T: Bone Marrow Transplant,Archived (Completed),Completed,2023,Spring 2023,242
363350,Emory University - SON Pre-licensure,Emory University Hospital,Nursing,Precepted Rotation,1,1,10686,2023-01-09,2023-03-01,00:00:00,23:59:00,132,"Mon, Tue, Fri, Sat, Sun",2006,3003,Practicum,NRSG 648 MN - Transitions to Nursing Practice,3G/4G CCU,Archived (Completed),Completed,2023,Spring 2023,242
363351,Emory University - SON Pre-licensure,Emory University Hospital,Nursing,Precepted Rotation,1,1,10687,2023-01-09,2023-03-01,00:00:00,23:59:00,72,"Mon, Tue, Fri, Sat, Sun",ID Missing,ID Missing,Practicum,NRSG 648 MN - Transitions to Nursing Practice,ED: Emergency,Archived (Completed),Completed,2023,Spring 2023,242
363352,Emory University - SON Pre-licensure,Emory University Hospital,Nursing,Precepted Rotation,1,1,10688,2023-01-09,2023-03-01,00:00:00,23:59:00,132,"Mon, Tue, Wed, Sat, Sun",2006,ID Missing,Practicum,NRSG 648 MN - Transitions to Nursing Practice,-no preference-,Archived (Completed),Completed,2023,Spring 2023,242
363354,Emory University - SON Pre-licensure,Emory University Hospital,Nursing,Precepted Rotation,1,1,10689,2023-01-09,2023-03-01,00:00:00,23:59:00,132,,2006,"ID Missing, ID Missing",Practicum,NRSG 648 MN - Transitions to Nursing Practice,2D ICU: Neuro,Archived (Completed),Completed,2023,Spring 2023,242
363355,Emory University - SON Pre-licensure,Emory University Hospital,Nursing,Precepted Rotation,1,1,10690,2023-01-09,2023-03-01,00:00:00,23:59:00,132,"Mon, Tue, Fri, Sat, Sun",2006,"ID Missing, ID Missing",Practicum,NRSG 648 MN - Transitions to Nursing Practice,5T North:  MICU,Archived (Completed),Completed,2023,Spring 2023,242
363358,Emory University - SON Pre-licensure,Emory University Hospital Midtown,Nursing,Precepted Rotation,1,1,10691,2023-01-09,2023-03-01,00:00:00,23:59:00,132,"Mon, Tue, Wed, Sat, Sun",2007,"3005, ID Missing",Practicum,NRSG 648 MN - Transitions to Nursing Practice,42/54: Mother/Baby,Archived (Completed),Completed,2023,Spring 2023,242
363360,Emory University - SON Pre-licensure,Emory University Hospital Midtown,Nursing,Precepted Rotation,1,1,10692,2023-01-09,2023-03-01,00:00:00,23:59:00,132,"Mon, Tue, Fri, Sat, Sun",2004,ID Missing,Practicum,NRSG 648 MN - Transitions to Nursing Practice,42/54: Mother/Baby,Archived (Completed),Completed,2023,Spring 2023,242
363364,Emory University - SON Pre-licensure,Emory University Hospital Midtown,Nursing,Precepted Rotation,1,1,10693,2023-01-09,2023-03-01,00:00:00,23:59:00,132,"Mon, Tue, Wed, Sat, Sun",2008,"3006, ID Missing",Practicum,NRSG 648 MN - Transitions to Nursing Practice,11: CV Surgery SD,Archived (Completed),Completed,2023,Spring 2023,242
363365,Emory University - SON Pre-licensure,Emory University Hospital Midtown,Nursing,Precepted Rotation,1,1,10694,2023-01-09,2023-03-01,00:00:00,23:59:00,132,"Mon, Tue, Wed, Sat, Sun",2008,ID Missing,Practicum,NRSG 648 MN - Transitions to Nursing Practice,21: ICU,Archived (Completed),Completed,2023,Spring 2023,242
363367,Emory University - SON Pre-licensure,Emory University Hospital Midtown,Nursing,Precepted Rotation,1,1,10695,2023-01-09,2023-03-01,00:00:00,23:59:00,132,"Mon, Tue, Wed, Sat, Sun",ID Missing,ID Missing,Practicum,NRSG 648 MN - Transitions to Nursing Practice,31: ICU,Archived (Completed),Completed,2023,Spring 2023,242
363369,Emory University - SON Pre-licensure,Emory University Hospital Midtown,Nursing,Precepted Rotation,1,1,10696,2023-01-09,2023-03-01,00:00:00,23:59:00,132,"Mon, Tue, Fri, Sat, Sun",2008,ID Missing,Practicum,NRSG 648 MN - Transitions to Nursing Practice,31: ICU,Archived (Completed),Completed,2023,Spring 2023,242
363373,Emory University - SON Pre-licensure,Emory Decatur Hospital,Nursing,Precepted Rotation,1,1,10697,2023-01-09,2023-03-01,00:00:00,23:59:00,132,,2004,3003,Practicum,NRSG 648 MN - Transitions to Nursing Practice,Mother/Baby,Archived (Completed),Completed,2023,Spring 2023,242
363375,Emory University - SON Pre-licensure,Emory Decatur Hospital,Nursing,Precepted Rotation,1,1,10698,2023-01-09,2023-03-01,00:00:00,23:59:00,132,,2004,3003,Practicum,NRSG 648 MN - Transitions to Nursing Practice,Mother/Baby,Archived (Completed),Completed,2023,Spring 2023,242
363378,Emory University - SON Pre-licensure,Emory Decatur Hospital,Nursing,Precepted Rotation,1,1,10699,2023-01-09,2023-03-01,00:00:00,23:59:00,132,,2004,3003,Practicum,NRSG 648 MN - Transitions to Nursing Practice,Mother/Baby,Archived (Completed),Completed,2023,Spring 2023,242
363381,Emory University - SON Pre-licensure,Emory Decatur Hospital,Nursing,Precepted Rotation,1,1,10700,2023-01-09,2023-03-01,00:00:00,23:59:00,132,"Sat, Sun",2009,"3007, ID Missing",Practicum,NRSG 648 MN - Transitions to Nursing Practice,ICU,Archived (Completed),Completed,2023,Spring 2023,242
363384,Emory University - SON Pre-licensure,Emory Decatur Hospital,Nursing,Precepted Rotation,1,1,10701,2023-01-09,2023-03-01,00:00:00,23:59:00,132,"Mon, Tue, Fri, Sat, Sun",2009,"ID Missing, ID Missing",Practicum,NRSG 648 MN - Transitions to Nursing Practice,ICU,Archived (Completed),Completed,2023,Spring 2023,242
363390,Emory University - SON Pre-licensure,Emory Hillandale Hospital,Nursing,Precepted Rotation,1,1,10702,2023-01-09,2023-03-01,00:00:00,23:59:00,132,,2003,3003,Practicum,NRSG 648 MN - Transitions to Nursing Practice,Emergency Dept,Archived (Completed),Completed,2023,Spring 2023,242
363421,Emory University - SON Pre-licensure,Emory University Hospital at Wesley Woods,Nursing,Precepted Rotation,1,1,10703,2023-03-13,2023-05-03,00:00:00,23:59:00,132,"Mon, Tue, Wed, Sat, Sun",2004,3001,Practicum,NRSG 648 MN - Transitions to Nursing Practice,Inpatient Psych,Archived (Completed),Completed,2023,Spring 2023,256
363422,Emory University - SON Pre-licensure,Emory Johns Creek Hospital,Nursing,Precepted Rotation,1,1,10704,2023-03-13,2023-05-03,00:00:00,23:59:00,132,"Mon, Tue, Wed, Sat, Sun",ID Missing,ID Missing,Practicum,NRSG 648 MN - Transitions to Nursing Practice,ED: emergency,Archived (Completed),Completed,2023,Spring 2023,256
363424,Emory University - SON Pre-licensure,Emory Johns Creek Hospital,Nursing,Precepted Rotation,1,1,10705,2023-01-09,2023-03-01,00:00:00,23:59:00,132,"Mon, Tue, Fri, Sat, Sun",ID Missing,ID Missing,Practicum,NRSG 648 MN - Transitions to Nursing Practice,ED: emergency,Archived (Completed),Completed,2023,Spring 2023,242
363425,Emory University - SON Pre-licensure,Emory Johns Creek Hospital,Nursing,Precepted Rotation,1,1,10706,2023-03-13,2023-05-03,00:00:00,23:59:00,132,"Mon, Tue, Wed, Sat, Sun",ID Missing,ID Missing,Practicum,NRSG 648 MN - Transitions to Nursing Practice,ICU: critical care,Archived (Completed),Completed,2023,Spring 2023,256
363426,Emory University - SON Pre-licensure,Emory Johns Creek Hospital,Nursing,Precepted Rotation,1,1,10707,2023-03-13,2023-05-03,00:00:00,23:59:00,132,"Mon, Tue, Fri, Sat, Sun",ID Missing,ID Missing,Practicum,NRSG 648 MN - Transitions to Nursing Practice,ICU: critical care,Archived (Completed),Completed,2023,Spring 2023,256
363427,Emory University - SON Pre-licensure,Emory Saint Joseph's Hospital,Nursing,Precepted Rotation,1,1,10708,2023-03-13,2023-05-03,00:00:00,23:59:00,132,,2003,3009,Practicum,NRSG 648 MN - Transitions to Nursing Practice,OR,Archived (Completed),Completed,2023,Spring 2023,256
363429,Emory University - SON Pre-licensure,Emory Saint Joseph's Hospital,Nursing,Precepted Rotation,1,1,10709,2023-03-13,2023-05-03,00:00:00,23:59:00,132,"Mon, Tue, Wed, Sat, Sun",2005,3016,Practicum,NRSG 648 MN - Transitions to Nursing Practice,2SW,Archived (Completed),Completed,2023,Spring 2023,256
363430,Emory University - SON Pre-licensure,Emory Saint Joseph's Hospital,Nursing,Precepted Rotation,1,1,10710,2023-03-13,2023-05-03,00:00:00,23:59:00,132,"Mon, Tue, Fri, Sat, Sun",2005,ID Missing,Practicum,NRSG 648 MN - Transitions to Nursing Practice,2SW,Archived (Completed),Completed,2023,Spring 2023,256
363431,Emory University - SON Pre-licensure,Emory University Hospital,Nursing,Precepted Rotation,1,1,10711,2023-03-13,2023-05-03,00:00:00,23:59:00,132,"Mon, Tue, Wed, Sat, Sun",2010,3008,Practicum,NRSG 648 MN - Transitions to Nursing Practice,9T: Bone Marrow Transplant,Archived (Completed),Completed,2023,Spring 2023,256
363432,Emory University - SON Pre-licensure,Emory University Hospital,Nursing,Precepted Rotation,1,1,10712,2023-03-13,2023-05-03,00:00:00,23:59:00,132,"Mon, Tue, Fri, Sat, Sun",2011,3009,Practicum,NRSG 648 MN - Transitions to Nursing Practice,3G/4G CCU,Archived (Completed),Completed,2023,Spring 2023,256
363435,Emory University - SON Pre-licensure,Emory University Hospital,Nursing,Precepted Rotation,0,1,No Students Assigned,2023-03-13,2023-05-03,00:00:00,23:59:00,132,"Mon, Tue, Wed, Sat, Sun",ID Missing,ID Missing,Practicum,NRSG 648 MN - Transitions to Nursing Practice,-no preference-,Archived (Completed),Completed,2023,Spring 2023,256
363439,Emory University - SON Pre-licensure,Emory University Hospital,Nursing,Precepted Rotation,1,1,10713,2023-03-13,2023-05-03,00:00:00,23:59:00,132,,2010,3009,Practicum,NRSG 648 MN - Transitions to Nursing Practice,2D ICU: Neuro,Archived (Completed),Completed,2023,Spring 2023,256
363441,Emory University - SON Pre-licensure,Emory University Hospital,Nursing,Precepted Rotation,1,1,10714,2023-03-13,2023-05-03,00:00:00,23:59:00,132,"Mon, Tue, Fri, Sat, Sun",2010,ID Missing,Practicum,NRSG 648 MN - Transitions to Nursing Practice,5T North:  MICU,Archived (Completed),Completed,2023,Spring 2023,256
363442,Emory University - SON Pre-licensure,Emory University Hospital Midtown,Nursing,Precepted Rotation,1,1,10715,2023-01-09,2023-03-01,00:00:00,23:59:00,132,"Mon, Tue, Wed, Sat, Sun",2004,"ID Missing, ID Missing",Practicum,NRSG 648 MN - Transitions to Nursing Practice,42/54: Mother/Baby,Archived (Completed),Completed,2023,Spring 2023,242
363444,Emory University - SON Pre-licensure,Emory University Hospital Midtown,Nursing,Precepted Rotation,1,1,10716,2023-03-13,2023-05-03,00:00:00,23:59:00,132,"Mon, Tue, Fri, Sat, Sun",2009,"ID Missing, ID Missing, ID Missing, ID Missing, ID Missing",Practicum,NRSG 648 MN - Transitions to Nursing Practice,42/54: Mother/Baby,Archived (Completed),Completed,2023,Spring 2023,256
363447,Emory University - SON Pre-licensure,Emory University Hospital Midtown,Nursing,Precepted Rotation,1,1,10717,2023-03-13,2023-05-03,00:00:00,23:59:00,132,"Mon, Tue, Wed, Sat, Sun",2008,ID Missing,Practicum,NRSG 648 MN - Transitions to Nursing Practice,11: CV Surgery SD,Archived (Completed),Completed,2023,Spring 2023,256
363451,Emory University - SON Pre-licensure,Emory University Hospital Midtown,Nursing,Precepted Rotation,1,1,10718,2023-01-09,2023-03-01,00:00:00,23:59:00,132,"Mon, Tue, Fri, Sat, Sun",ID Missing,ID Missing,Practicum,NRSG 648 MN - Transitions to Nursing Practice,21: ICU,Archived (Completed),Completed,2023,Spring 2023,242
363455,Emory University - SON Pre-licensure,Emory University Hospital Midtown,Nursing,Precepted Rotation,0,1,No Students Assigned,2023-03-13,2023-05-03,00:00:00,23:59:00,132,"Mon, Tue, Wed, Sat, Sun",2008,ID Missing,Practicum,NRSG 648 MN - Transitions to Nursing Practice,31: ICU,Archived (Completed),Completed,2023,Spring 2023,256
363456,Emory University - SON Pre-licensure,Emory University Hospital Midtown,Nursing,Precepted Rotation,0,1,No Students Assigned,2023-03-13,2023-05-03,00:00:00,23:59:00,132,"Mon, Tue, Fri, Sat, Sun",2008,ID Missing,Practicum,NRSG 648 MN - Transitions to Nursing Practice,31: ICU,Archived (Completed),Completed,2023,Spring 2023,256
363458,Emory University - SON Pre-licensure,Emory Decatur Hospital,Nursing,Precepted Rotation,1,1,10719,2023-01-09,2023-03-01,00:00:00,23:59:00,132,,2004,3003,Practicum,NRSG 648 MN - Transitions to Nursing Practice,Mother/Baby,Archived (Completed),Completed,2023,Spring 2023,242
363461,Emory University - SON Pre-licensure,Emory Decatur Hospital,Nursing,Precepted Rotation,1,1,10720,2023-03-13,2023-05-03,00:00:00,23:59:00,132,,2004,ID Missing,Practicum,NRSG 648 MN - Transitions to Nursing Practice,Mother/Baby,Archived (Completed),Completed,2023,Spring 2023,256
363466,Emory University - SON Pre-licensure,Emory Decatur Hospital,Nursing,Precepted Rotation,1,1,10721,2023-03-13,2023-05-03,00:00:00,23:59:00,132,"Sat, Sun",2011,3009,Practicum,NRSG 648 MN - Transitions to Nursing Practice,ICU - 2500,Archived (Completed),Completed,2023,Spring 2023,256
363469,Emory University - SON Pre-licensure,Emory Decatur Hospital,Nursing,Precepted Rotation,1,1,10722,2023-03-13,2023-05-03,00:00:00,23:59:00,132,"Mon, Tue, Fri, Sat, Sun",2003,3009,Practicum,NRSG 648 MN - Transitions to Nursing Practice,ICU - 2500,Archived (Completed),Completed,2023,Spring 2023,256
363471,Emory University - SON Pre-licensure,Emory Hillandale Hospital,Nursing,Precepted Rotation,1,1,10723,2023-01-09,2023-03-01,00:00:00,23:59:00,132,,2003,3003,Practicum,NRSG 648 MN - Transitions to Nursing Practice,Emergency Dept,Archived (Completed),Completed,2023,Spring 2023,242
364025,Emory University - SON Pre-licensure,Emory University Hospital at Wesley Woods,Nursing,Cohort Rotation,8,9,"10661, 10663, 10724, 10725, 10726, 10727, 10728, 10542",2023-01-15,2023-02-26,07:00:00,19:00:00,60,Sun,ID Missing,No Preceptor Assigned,Psychiatry; Mental Health; Behavioral Medicine,775 - NRSG 775D Mental Health,Inpatient Psych,Archived (Completed),Completed,2023,Spring 2023,248
364031,Emory University - SON Pre-licensure,Emory University Hospital at Wesley Woods,Nursing,Cohort Rotation,9,9,"10650, 10633, 10307, 10639, 10729, 10730, 10731, 10647, 10732",2023-03-19,2023-04-30,00:00:00,23:59:00,60,Sun,ID Missing,No Preceptor Assigned,Psychiatry; Mental Health; Behavioral Medicine,775 - NRSG 775D Mental Health,Inpatient Psych,Archived (Completed),Completed,2023,Spring 2023,265
364232,Chamberlain College of Nursing - Georgia,Emory Saint Joseph's Hospital,Nursing,Cohort Rotation,8,8,"10146, 10148, 10149, 10150, 10115, 10733, 10734, 10735",2023-03-11,2023-04-29,07:00:00,19:00:00,96,Sat,"ID Missing, ID Missing",No Preceptor Assigned,MedSurg - Acute Care,NR 324 - Adult Health I,3S,Archived (Completed),Completed,2023,Spring 2023,83
364381,Emory University - SON Pre-licensure,Emory Johns Creek Hospital,Nursing,Precepted Rotation,1,1,10736,2023-01-09,2023-03-01,00:00:00,23:59:00,132,"Mon, Tue, Wed, Sat, Sun",2009,"ID Missing, ID Missing",Practicum,NRSG 431 - Clinical Practicum IV,"Maternity: M/B, L&D, NICU",Archived (Completed),Completed,2023,Spring 2023,242
364384,Emory University - SON Pre-licensure,Emory Saint Joseph's Hospital,Nursing,Precepted Rotation,1,1,10737,2023-01-09,2023-03-01,00:00:00,23:59:00,132,"Mon, Tue, Wed, Sat, Sun",2005,"ID Missing, ID Missing",Practicum,NRSG 648 MN - Transitions to Nursing Practice,2E,Archived (Completed),Completed,2023,Spring 2023,242
364387,Emory University - SON Pre-licensure,Emory Saint Joseph's Hospital,Nursing,Precepted Rotation,1,1,10738,2023-03-13,2023-05-03,00:00:00,23:59:00,132,"Mon, Tue, Wed, Sat, Sun",2005,ID Missing,Practicum,NRSG 648 MN - Transitions to Nursing Practice,2E,Archived (Completed),Completed,2023,Spring 2023,256
364388,Emory University - SON Pre-licensure,Emory Decatur Hospital,Nursing,Precepted Rotation,1,1,10739,2023-01-09,2023-03-01,00:00:00,23:59:00,132,"Mon, Tue, Wed, Sat, Sun",2003,ID Missing,Practicum,NRSG 648 MN - Transitions to Nursing Practice,NICU,Archived (Completed),Completed,2023,Spring 2023,242
364389,Emory University - SON Pre-licensure,Emory Decatur Hospital,Nursing,Precepted Rotation,1,1,10740,2023-01-09,2023-03-01,00:00:00,23:59:00,132,"Mon, Tue, Wed, Sat, Sun",2003,ID Missing,Practicum,NRSG 648 MN - Transitions to Nursing Practice,NICU,Archived (Completed),Completed,2023,Spring 2023,242
364390,Emory University - SON Pre-licensure,Emory Decatur Hospital,Nursing,Precepted Rotation,1,1,10741,2023-03-13,2023-05-03,00:00:00,23:59:00,132,"Mon, Tue, Fri, Sat, Sun",2004,ID Missing,Practicum,NRSG 648 MN - Transitions to Nursing Practice,NICU,Archived (Completed),Completed,2023,Spring 2023,256
364391,Emory University - SON Pre-licensure,Emory Decatur Hospital,Nursing,Precepted Rotation,1,1,10742,2023-03-13,2023-05-03,00:00:00,23:59:00,132,"Mon, Tue, Fri, Sat, Sun",2004,ID Missing,Practicum,NRSG 648 MN - Transitions to Nursing Practice,NICU,Archived (Completed),Completed,2023,Spring 2023,256
364598,Emory University - SON Pre-licensure,Emory Saint Joseph's Hospital,Nursing,Precepted Rotation,1,1,10743,2023-01-09,2023-03-01,00:00:00,23:59:00,132,"Mon, Tue, Wed, Sat, Sun",2005,ID Missing,Practicum,NRSG 648 MN - Transitions to Nursing Practice,ED,Archived (Completed),Completed,2023,Spring 2023,242
364599,Emory University - SON Pre-licensure,Emory Saint Joseph's Hospital,Nursing,Precepted Rotation,1,1,10744,2023-01-09,2023-03-01,00:00:00,23:59:00,132,"Mon, Tue, Fri, Sat, Sun",ID Missing,ID Missing,Practicum,NRSG 648 MN - Transitions to Nursing Practice,ED,Archived (Completed),Completed,2023,Spring 2023,242
364600,Emory University - SON Pre-licensure,Emory Saint Joseph's Hospital,Nursing,Precepted Rotation,1,1,10745,2023-03-13,2023-05-03,00:00:00,23:59:00,132,"Mon, Tue, Wed, Sat, Sun",2005,ID Missing,Practicum,NRSG 648 MN - Transitions to Nursing Practice,ED,Archived (Completed),Completed,2023,Spring 2023,256
364603,Emory University - SON Pre-licensure,Emory Saint Joseph's Hospital,Nursing,Precepted Rotation,1,1,10746,2023-03-13,2023-05-03,00:00:00,23:59:00,132,"Mon, Tue, Fri, Sat, Sun",2005,ID Missing,Practicum,NRSG 648 MN - Transitions to Nursing Practice,ED,Archived (Completed),Completed,2023,Spring 2023,256
364607,Emory University - SON Pre-licensure,Emory Decatur Hospital,Nursing,Precepted Rotation,1,1,10747,2023-01-09,2023-03-01,00:00:00,23:59:00,132,"Mon, Tue, Wed, Sat, Sun",2003,ID Missing,Practicum,NRSG 648 MN - Transitions to Nursing Practice,Operating Room,Archived (Completed),Completed,2023,Spring 2023,242
364608,Emory University - SON Pre-licensure,Emory Decatur Hospital,Nursing,Precepted Rotation,1,1,10748,2023-03-13,2023-05-03,00:00:00,23:59:00,132,"Mon, Tue, Wed, Sat, Sun",2011,ID Missing,Practicum,NRSG 431 - Clinical Practicum IV,Cardiac Telemetry - 2400,Archived (Completed),Completed,2023,Spring 2023,256
365040,Emory University - SON Pre-licensure,Emory University Hospital Midtown,Nursing,Precepted Rotation,1,1,10749,2023-01-09,2023-03-01,00:00:00,23:59:00,132,"Mon, Tue, Wed, Sat, Sun",ID Missing,ID Missing,Practicum,NRSG 648 MN - Transitions to Nursing Practice,11 ICU: CV ICU,Archived (Completed),Completed,2023,Spring 2023,242
365043,Emory University - SON Pre-licensure,Emory University Hospital Midtown,Nursing,Precepted Rotation,1,1,10750,2023-01-09,2023-03-01,00:00:00,23:59:00,132,"Mon, Tue, Fri, Sat, Sun",ID Missing,ID Missing,Practicum,NRSG 648 MN - Transitions to Nursing Practice,11 ICU: CV ICU,Archived (Completed),Completed,2023,Spring 2023,242
365044,Emory University - SON Pre-licensure,Emory University Hospital Midtown,Nursing,Precepted Rotation,1,1,10751,2023-03-13,2023-05-03,00:00:00,23:59:00,132,"Mon, Tue, Wed, Sat, Sun",2009,ID Missing,Practicum,NRSG 648 MN - Transitions to Nursing Practice,11 ICU: CV ICU,Archived (Completed),Completed,2023,Spring 2023,256
365046,Emory University - SON Pre-licensure,Emory University Hospital Midtown,Nursing,Precepted Rotation,1,1,10752,2023-03-13,2023-05-03,00:00:00,23:59:00,132,"Mon, Tue, Fri, Sat, Sun",2008,ID Missing,Practicum,NRSG 648 MN - Transitions to Nursing Practice,11 ICU: CV ICU,Archived (Completed),Completed,2023,Spring 2023,256
365051,Emory University - SON Pre-licensure,Emory University Hospital Midtown,Nursing,Precepted Rotation,1,1,10753,2023-01-09,2023-03-01,00:00:00,23:59:00,132,"Mon, Tue, Wed, Sat, Sun",2008,ID Missing,Practicum,NRSG 648 MN - Transitions to Nursing Practice,41 ICU: Med Cardiology,Archived (Completed),Completed,2023,Spring 2023,242
365052,Emory University - SON Pre-licensure,Emory University Hospital Midtown,Nursing,Precepted Rotation,1,1,10754,2023-03-13,2023-05-03,00:00:00,23:59:00,132,"Mon, Tue, Wed, Sat, Sun",2003,ID Missing,Practicum,NRSG 648 MN - Transitions to Nursing Practice,41 ICU: Med Cardiology,Archived (Completed),Completed,2023,Spring 2023,256
365055,Emory University - SON Pre-licensure,Emory University Hospital Midtown,Nursing,Precepted Rotation,1,1,10755,2023-01-09,2023-03-01,00:00:00,23:59:00,132,"Mon, Tue, Wed, Sat, Sun",2008,ID Missing,Practicum,NRSG 648 MN - Transitions to Nursing Practice,41 ICU: Med Cardiology,Archived (Completed),Completed,2023,Spring 2023,242
365233,Emory University - SON Pre-licensure,Emory Decatur Hospital,Nursing,Precepted Rotation,1,1,10756,2023-01-09,2023-03-01,00:00:00,23:59:00,132,"Mon, Tue, Wed, Sat, Sun",2003,ID Missing,Practicum,NRSG 648 MN - Transitions to Nursing Practice,Emergency Dept- North Decatur,Archived (Completed),Completed,2023,Spring 2023,242
365235,Emory University - SON Pre-licensure,Emory Decatur Hospital,Nursing,Precepted Rotation,1,1,10649,2023-03-13,2023-05-03,00:00:00,23:59:00,132,"Mon, Tue, Wed, Sat, Sun",2003,3009,Practicum,NRSG 648 MN - Transitions to Nursing Practice,Emergency Dept- North Decatur,Archived (Completed),Completed,2023,Spring 2023,256
365654,Emory University - SON Pre-licensure,Emory University Hospital Midtown,Nursing,Cohort Rotation,6,6,"10757, 10758, 10759, 10760, 10581, 10731",2023-01-15,2023-03-05,07:00:00,19:00:00,60,Sun,ID Missing,No Preceptor Assigned,Perinatal - OB,NRSG 392 Practicum - Maternity Practicum,42/54: Mother/Baby,Archived (Completed),Completed,2023,Spring 2023,249
365659,Emory University - SON Pre-licensure,Emory University Hospital Midtown,Nursing,Cohort Rotation,6,6,"10761, 10546, 10762, 10725, 10763, 10764",2023-03-19,2023-04-30,07:00:00,19:00:00,60,Sun,ID Missing,No Preceptor Assigned,Perinatal - OB,NRSG 392 Practicum - Maternity Practicum,42/54: Mother/Baby,Archived (Completed),Completed,2023,Spring 2023,265
366028,Emory University - SON Pre-licensure,Emory Johns Creek Hospital,Nursing,Precepted Rotation,1,1,10765,2023-01-09,2023-03-01,00:00:00,23:59:00,132,"Mon, Tue, Wed, Sat, Sun",ID Missing,ID Missing,Practicum,NRSG 648 MN - Transitions to Nursing Practice,3rd floor: med-surg,Archived (Completed),Completed,2023,Spring 2023,242
366144,Emory University - SON Pre-licensure,Emory Saint Joseph's Hospital,Nursing,Precepted Rotation,1,1,10766,2023-01-09,2023-03-01,00:00:00,23:59:00,132,"Mon, Tue, Wed, Sat, Sun",2005,ID Missing,Practicum,NRSG 648 MN - Transitions to Nursing Practice,2W,Archived (Completed),Completed,2023,Spring 2023,242
366145,Emory University - SON Pre-licensure,Emory Saint Joseph's Hospital,Nursing,Precepted Rotation,1,1,10767,2023-01-09,2023-03-01,00:00:00,23:59:00,132,"Mon, Tue, Fri, Sat, Sun",2005,"ID Missing, ID Missing",Practicum,NRSG 648 MN - Transitions to Nursing Practice,2W,Archived (Completed),Completed,2023,Spring 2023,242
366341,Emory University - SON Pre-licensure,Emory University Hospital,Nursing,Precepted Rotation,1,1,10768,2023-01-09,2023-03-01,00:00:00,23:59:00,132,"Mon, Tue, Wed, Sat, Sun",ID Missing,ID Missing,Practicum,NRSG 648 MN - Transitions to Nursing Practice,4G: Telemetry,Archived (Completed),Completed,2023,Spring 2023,242
366477,Emory University - SON Pre-licensure,Emory University Hospital Midtown,Nursing,Precepted Rotation,0,132,No Students Assigned,2023-01-09,2023-03-01,00:00:00,23:59:00,132,"Mon, Tue, Wed, Sat, Sun",2008,ID Missing,Practicum,NRSG 648 MN - Transitions to Nursing Practice,71: Oncology,Archived (Completed),Completed,2023,Spring 2023,242
366484,Emory University - SON Pre-licensure,Emory Saint Joseph's Hospital,Nursing,Precepted Rotation,0,1,No Students Assigned,2023-01-09,2023-03-01,00:00:00,23:59:00,132,"Mon, Tue, Wed, Sat, Sun",ID Missing,ID Missing,Practicum,NRSG 431 - Clinical Practicum IV,3S,Archived (Completed),Completed,2023,Spring 2023,242
366518,Chamberlain College of Nursing - Georgia,Emory Saint Joseph's Hospital,Nursing,Precepted Rotation,1,1,10769,2023-01-09,2023-04-29,00:00:00,23:59:00,144,,ID Missing,ID Missing,Practicum,NR 446/452 - Colaborative and Capstone - Senior Practicum,Any Available,Archived (Completed),Completed,2023,Spring 2023,62
366519,Chamberlain College of Nursing - Georgia,Emory Saint Joseph's Hospital,Nursing,Precepted Rotation,1,1,10770,2023-01-09,2023-04-29,00:00:00,23:59:00,144,,ID Missing,ID Missing,Practicum,NR 446/452 - Colaborative and Capstone - Senior Practicum,Any Available,Archived (Completed),Completed,2023,Spring 2023,62
366520,Chamberlain College of Nursing - Georgia,Emory Saint Joseph's Hospital,Nursing,Precepted Rotation,1,1,10771,2023-01-09,2023-04-29,00:00:00,23:59:00,144,,ID Missing,ID Missing,Practicum,NR 446/452 - Colaborative and Capstone - Senior Practicum,Any Available,Archived (Completed),Completed,2023,Spring 2023,62
366521,Chamberlain College of Nursing - Georgia,Emory Saint Joseph's Hospital,Nursing,Precepted Rotation,1,1,10772,2023-01-09,2023-04-29,00:00:00,23:59:00,144,,ID Missing,ID Missing,Practicum,NR 446/452 - Colaborative and Capstone - Senior Practicum,Any Available,Archived (Completed),Completed,2023,Spring 2023,62
366522,Chamberlain College of Nursing - Georgia,Emory Saint Joseph's Hospital,Nursing,Precepted Rotation,1,1,10773,2023-01-09,2023-04-29,00:00:00,23:59:00,144,,ID Missing,ID Missing,Practicum,NR 446/452 - Colaborative and Capstone - Senior Practicum,Any Available,Archived (Completed),Completed,2023,Spring 2023,62
366523,Chamberlain College of Nursing - Georgia,Emory Saint Joseph's Hospital,Nursing,Precepted Rotation,1,1,10774,2023-01-09,2023-04-29,00:00:00,23:59:00,144,,ID Missing,ID Missing,Practicum,NR 446/452 - Colaborative and Capstone - Senior Practicum,Any Available,Archived (Completed),Completed,2023,Spring 2023,62
366524,Chamberlain College of Nursing - Georgia,Emory Saint Joseph's Hospital,Nursing,Precepted Rotation,1,1,10775,2023-01-09,2023-04-29,00:00:00,23:59:00,144,,ID Missing,ID Missing,Practicum,NR 446/452 - Colaborative and Capstone - Senior Practicum,Any Available,Archived (Completed),Completed,2023,Spring 2023,62
366655,Brenau University,Emory University Hospital Midtown,Nursing,Precepted Rotation,0,1,No Students Assigned,2023-01-16,2023-04-21,00:00:00,23:59:00,120,,ID Missing,No Preceptor Assigned,Practicum,NG 445 - Transition to Practice/Capstone Practicum,L&D (DEU),Archived (Denied),Denied,2023,Spring 2023,6
366658,Brenau University,Emory University Hospital Midtown,Nursing,Precepted Rotation,0,1,No Students Assigned,2023-01-16,2023-04-21,00:00:00,23:59:00,120,,ID Missing,No Preceptor Assigned,Practicum,NG 445 - Transition to Practice/Capstone Practicum,Nurseries (DEU): NICU,Archived (Denied),Denied,2023,Spring 2023,6
366660,Brenau University,Emory University Hospital Midtown,Nursing,Precepted Rotation,0,1,No Students Assigned,2023-01-16,2023-04-21,00:00:00,23:59:00,120,,ID Missing,ID Missing,Practicum,NG 445 - Transition to Practice/Capstone Practicum,22: Med/Surg,Archived (Withdrawn),Withdrawn,2023,Spring 2023,6
366801,Emory University - SON Pre-licensure,Emory Johns Creek Hospital,Nursing,Precepted Rotation,1,1,10776,2023-01-09,2023-03-01,00:00:00,23:59:00,72,"Mon, Tue, Wed, Sat, Sun",2012,3010,Practicum,NRSG 648 MN - Transitions to Nursing Practice,"Maternity: M/B, L&D, NICU",Archived (Completed),Completed,2023,Spring 2023,242
366802,Emory University - SON Pre-licensure,Emory Johns Creek Hospital,Nursing,Precepted Rotation,0,1,No Students Assigned,2023-03-13,2023-05-03,00:00:00,23:59:00,132,"Mon, Tue, Wed, Sat, Sun",ID Missing,ID Missing,Practicum,NRSG 648 MN - Transitions to Nursing Practice,"Maternity: M/B, L&D, NICU",Archived (Completed),Completed,2023,Spring 2023,256
366986,Emory University - SON Pre-licensure,Emory University Hospital,Nursing,Precepted Rotation,1,1,10777,2023-01-09,2023-03-01,00:00:00,23:59:00,132,"Mon, Tue, Wed, Sat, Sun",ID Missing,"ID Missing, ID Missing, ID Missing",Practicum,NRSG 648 MN - Transitions to Nursing Practice,PACU: Post Op,Archived (Completed),Completed,2023,Spring 2023,242
366988,Emory University - SON Pre-licensure,Emory University Hospital,Nursing,Precepted Rotation,1,1,10778,2023-01-09,2023-03-01,00:00:00,23:59:00,132,"Mon, Tue, Wed, Sat, Sun",ID Missing,"ID Missing, ID Missing",Practicum,NRSG 648 MN - Transitions to Nursing Practice,PACU: Post Op,Archived (Completed),Completed,2023,Spring 2023,242
366989,Emory University - SON Pre-licensure,Emory University Hospital,Nursing,Precepted Rotation,1,1,10779,2023-03-13,2023-05-03,00:00:00,23:59:00,132,"Mon, Tue, Wed, Sat, Sun",2011,ID Missing,Practicum,NRSG 648 MN - Transitions to Nursing Practice,PACU: Post Op,Archived (Completed),Completed,2023,Spring 2023,256
366990,Emory University - SON Pre-licensure,Emory University Hospital,Nursing,Precepted Rotation,0,1,No Students Assigned,2023-03-13,2023-05-03,00:00:00,23:59:00,132,"Mon, Tue, Wed, Sat, Sun",ID Missing,ID Missing,Practicum,NRSG 648 MN - Transitions to Nursing Practice,PACU: Post Op,Archived (Completed),Completed,2023,Spring 2023,256
367056,Brenau University,Emory Saint Joseph's Hospital,Nursing,Precepted Rotation,1,1,10780,2023-01-16,2023-04-21,00:00:00,23:59:00,120,,ID Missing,No Preceptor Assigned,Practicum,NG 445 - Transition to Practice/Capstone Practicum,2SW,Archived (Completed),Completed,2023,Spring 2023,6
367060,Brenau University,Emory University Hospital Midtown,Nursing,Precepted Rotation,0,1,No Students Assigned,2023-01-16,2023-04-21,00:00:00,23:59:00,120,,ID Missing,No Preceptor Assigned,Practicum,NG 445 - Transition to Practice/Capstone Practicum,42/54: Mother/Baby,Archived (Denied),Denied,2023,Spring 2023,6
367062,Brenau University,Emory University Hospital Midtown,Nursing,Precepted Rotation,0,1,No Students Assigned,2023-01-16,2023-04-21,00:00:00,23:59:00,120,,ID Missing,No Preceptor Assigned,Practicum,NG 445 - Transition to Practice/Capstone Practicum,L&D (DEU),Archived (Denied),Denied,2023,Spring 2023,6
367063,Brenau University,Emory University Hospital,Nursing,Precepted Rotation,0,1,No Students Assigned,2023-01-16,2023-04-21,00:00:00,23:59:00,120,,ID Missing,No Preceptor Assigned,Practicum,NG 445 - Transition to Practice/Capstone Practicum,ED: Emergency,Archived (Denied),Denied,2023,Spring 2023,6
367064,Brenau University,Emory University Hospital,Nursing,Precepted Rotation,0,1,No Students Assigned,2023-01-16,2023-04-21,00:00:00,23:59:00,120,,ID Missing,No Preceptor Assigned,Practicum,NG 445 - Transition to Practice/Capstone Practicum,3G/4G CCU,Archived (Denied),Denied,2023,Spring 2023,6
367065,Brenau University,Emory Johns Creek Hospital,Nursing,Precepted Rotation,1,1,10781,2023-01-16,2023-04-21,00:00:00,23:59:00,120,,ID Missing,No Preceptor Assigned,Practicum,NG 445 - Transition to Practice/Capstone Practicum,ED: emergency,Archived (Completed),Completed,2023,Spring 2023,6
367067,Brenau University,Emory Hillandale Hospital,Nursing,Precepted Rotation,1,1,10782,2023-01-16,2023-04-21,00:00:00,23:59:00,120,,ID Missing,No Preceptor Assigned,Practicum,NG 445 - Transition to Practice/Capstone Practicum,Emergency Dept,Archived (Completed),Completed,2023,Spring 2023,6
367068,Brenau University,Emory Hillandale Hospital,Nursing,Precepted Rotation,0,1,No Students Assigned,2023-01-16,2023-04-21,00:00:00,23:59:00,120,,ID Missing,No Preceptor Assigned,Practicum,NG 445 - Transition to Practice/Capstone Practicum,ICU,Archived (Denied),Denied,2023,Spring 2023,6
367069,Brenau University,Emory University Hospital,Nursing,Precepted Rotation,0,1,No Students Assigned,2023-01-16,2023-04-21,00:00:00,23:59:00,120,,ID Missing,No Preceptor Assigned,Practicum,NG 445 - Transition to Practice/Capstone Practicum,ED: Emergency,Archived (Denied),Denied,2023,Spring 2023,6
367328,Emory University - SON Pre-licensure,Emory University Hospital,Nursing,Precepted Rotation,1,1,10783,2023-01-09,2023-03-01,00:00:00,23:59:00,132,"Mon, Tue, Wed, Sat, Sun",ID Missing,3003,Practicum,NRSG 431 - Clinical Practicum IV,8T South: Hematology/Leukemia,Archived (Completed),Completed,2023,Spring 2023,242
367343,Emory University - SON Pre-licensure,Emory University Orthopaedics and Spine Hospital,Nursing,Precepted Rotation,1,1,10784,2023-03-13,2023-05-03,00:00:00,23:59:00,132,"Mon, Tue, Wed, Sat, Sun",2010,ID Missing,Practicum,NRSG 648 MN - Transitions to Nursing Practice,2-4 floors: Orthopaedics,Archived (Completed),Completed,2023,Spring 2023,256
367524,Emory University - SON Pre-licensure,Emory Johns Creek Hospital,Nursing,Precepted Rotation,1,1,10785,2023-01-09,2023-03-01,00:00:00,23:59:00,132,"Mon, Tue, Fri, Sat, Sun",2004,"ID Missing, ID Missing",Practicum,NRSG 648 MN - Transitions to Nursing Practice,"Maternity: M/B, L&D, NICU",Archived (Completed),Completed,2023,Spring 2023,242
367784,Georgia Baptist College of Nursing of Mercer University - Undergraduate Nursing,Emory Saint Joseph's Hospital,Nursing,Precepted Rotation,1,1,10786,2023-01-09,2023-05-12,00:00:00,23:59:00,45,,ID Missing,ID Missing,Leadership,NURN 402 - RN-BSN Leadership course,Any Available,Archived (Completed),Completed,2023,Spring 2023,397
368109,Emory University - SON Pre-licensure,Emory University Hospital,Nursing,Precepted Rotation,1,1,10787,2023-02-01,2023-03-01,00:00:00,23:59:00,108,"Mon, Tue, Wed, Sat, Sun",ID Missing,ID Missing,Practicum,NRSG 648 MN - Transitions to Nursing Practice,6T: Transplant,Archived (Completed),Completed,2023,Spring 2023,255
368114,Emory University - SON Pre-licensure,Emory Decatur Hospital,Nursing,Precepted Rotation,1,1,10788,2023-01-09,2023-03-01,00:00:00,23:59:00,132,"Mon, Tue, Wed, Sat, Sun",2008,ID Missing,Practicum,NRSG 648 MN - Transitions to Nursing Practice,PACU,Archived (Completed),Completed,2023,Spring 2023,242
368474,Emory University - SON Pre-licensure,Emory University Hospital at Wesley Woods,Nursing,Precepted Rotation,1,1,10789,2023-01-09,2023-03-01,00:00:00,23:59:00,132,"Mon, Tue, Wed, Sat, Sun",2003,ID Missing,Practicum,NRSG 648 MN - Transitions to Nursing Practice,Inpatient Psych,Archived (Completed),Completed,2023,Spring 2023,242
369505,Auburn University - College of Nursing - BSN,Emory University Hospital Midtown,Nursing,Precepted Rotation,1,1,10790,2023-02-27,2023-04-22,00:00:00,23:59:00,212,,ID Missing,No Preceptor Assigned,Practicum,NURS 4921 - Nursing Practice Preceptorship-Senior Practicum,41: Med Cardiology,Archived (Completed),Completed,2023,Spring 2023,0
369994,Emory University - SON Pre-licensure,"Emory Offsite locations - The Emory Clinic, Ambulatory Surgery Centers and the Emory Specialty Assocs",Nursing,Precepted Rotation,1,1,10716,2023-01-09,2023-03-01,00:00:00,23:59:00,24,Tue,ID Missing,ID Missing,Ambulatory,NRSG 432 - Ambulatory Care,Other (see comments),Archived (Completed),Completed,2023,Spring 2023,242
369995,Emory University - SON Pre-licensure,"Emory Offsite locations - The Emory Clinic, Ambulatory Surgery Centers and the Emory Specialty Assocs",Nursing,Precepted Rotation,1,1,10791,2023-01-09,2023-03-01,00:00:00,23:59:00,24,Tue,ID Missing,ID Missing,Ambulatory,NRSG 432 - Ambulatory Care,Other (see comments),Archived (Completed),Completed,2023,Spring 2023,242
369996,Emory University - SON Pre-licensure,"Emory Offsite locations - The Emory Clinic, Ambulatory Surgery Centers and the Emory Specialty Assocs",Nursing,Precepted Rotation,1,1,10792,2023-01-09,2023-03-01,00:00:00,23:59:00,24,Tue,ID Missing,ID Missing,Ambulatory,NRSG 432 - Ambulatory Care,Other (see comments),Archived (Completed),Completed,2023,Spring 2023,242
369997,Emory University - SON Pre-licensure,"Emory Offsite locations - The Emory Clinic, Ambulatory Surgery Centers and the Emory Specialty Assocs",Nursing,Precepted Rotation,1,1,10793,2023-01-09,2023-03-01,00:00:00,23:59:00,24,Tue,ID Missing,ID Missing,Ambulatory,NRSG 432 - Ambulatory Care,Other (see comments),Archived (Completed),Completed,2023,Spring 2023,242
369998,Emory University - SON Pre-licensure,"Emory Offsite locations - The Emory Clinic, Ambulatory Surgery Centers and the Emory Specialty Assocs",Nursing,Precepted Rotation,1,1,10751,2023-01-09,2023-03-01,00:00:00,23:59:00,24,Tue,ID Missing,ID Missing,Ambulatory,NRSG 432 - Ambulatory Care,Other (see comments),Archived (Completed),Completed,2023,Spring 2023,242
369999,Emory University - SON Pre-licensure,"Emory Offsite locations - The Emory Clinic, Ambulatory Surgery Centers and the Emory Specialty Assocs",Nursing,Precepted Rotation,1,1,10794,2023-01-09,2023-03-01,00:00:00,23:59:00,24,Tue,ID Missing,ID Missing,Ambulatory,NRSG 432 - Ambulatory Care,Other (see comments),Archived (Completed),Completed,2023,Spring 2023,242
370000,Emory University - SON Pre-licensure,"Emory Offsite locations - The Emory Clinic, Ambulatory Surgery Centers and the Emory Specialty Assocs",Nursing,Precepted Rotation,1,1,10795,2023-01-09,2023-03-01,00:00:00,23:59:00,24,Tue,ID Missing,ID Missing,Ambulatory,NRSG 432 - Ambulatory Care,Other (see comments),Archived (Completed),Completed,2023,Spring 2023,242
370001,Emory University - SON Pre-licensure,"Emory Offsite locations - The Emory Clinic, Ambulatory Surgery Centers and the Emory Specialty Assocs",Nursing,Precepted Rotation,1,1,10748,2023-01-09,2023-03-01,00:00:00,23:59:00,24,Wed,2012,ID Missing,Ambulatory,NRSG 432 - Ambulatory Care,Other (see comments),Archived (Completed),Completed,2023,Spring 2023,242
370002,Emory University - SON Pre-licensure,"Emory Offsite locations - The Emory Clinic, Ambulatory Surgery Centers and the Emory Specialty Assocs",Nursing,Precepted Rotation,1,1,10796,2023-01-09,2023-03-01,00:00:00,23:59:00,24,Wed,ID Missing,ID Missing,Ambulatory,NRSG 432 - Ambulatory Care,Other (see comments),Archived (Completed),Completed,2023,Spring 2023,242
370003,Emory University - SON Pre-licensure,"Emory Offsite locations - The Emory Clinic, Ambulatory Surgery Centers and the Emory Specialty Assocs",Nursing,Precepted Rotation,1,1,10797,2023-01-09,2023-03-01,00:00:00,23:59:00,24,Wed,ID Missing,ID Missing,Ambulatory,NRSG 432 - Ambulatory Care,Other (see comments),Archived (Completed),Completed,2023,Spring 2023,242
370004,Emory University - SON Pre-licensure,"Emory Offsite locations - The Emory Clinic, Ambulatory Surgery Centers and the Emory Specialty Assocs",Nursing,Precepted Rotation,1,1,10798,2023-01-09,2023-03-01,00:00:00,23:59:00,24,Wed,2012,ID Missing,Ambulatory,NRSG 432 - Ambulatory Care,Other (see comments),Archived (Completed),Completed,2023,Spring 2023,242
370005,Emory University - SON Pre-licensure,"Emory Offsite locations - The Emory Clinic, Ambulatory Surgery Centers and the Emory Specialty Assocs",Nursing,Precepted Rotation,1,1,10799,2023-01-09,2023-03-01,00:00:00,23:59:00,24,Wed,2012,ID Missing,Ambulatory,NRSG 432 - Ambulatory Care,Other (see comments),Archived (Completed),Completed,2023,Spring 2023,242
370006,Emory University - SON Pre-licensure,"Emory Offsite locations - The Emory Clinic, Ambulatory Surgery Centers and the Emory Specialty Assocs",Nursing,Precepted Rotation,1,1,10555,2023-01-09,2023-03-01,00:00:00,23:59:00,24,Wed,ID Missing,ID Missing,Ambulatory,NRSG 432 - Ambulatory Care,Other (see comments),Archived (Completed),Completed,2023,Spring 2023,242
370027,Emory University - SON Pre-licensure,"Emory Offsite locations - The Emory Clinic, Ambulatory Surgery Centers and the Emory Specialty Assocs",Nursing,Precepted Rotation,1,1,10709,2023-01-09,2023-03-01,00:00:00,23:59:00,24,Tue,ID Missing,ID Missing,Ambulatory,NRSG 676 MN - Care Transitions Practicum,Other (see comments),Archived (Completed),Completed,2023,Spring 2023,242
370029,Emory University - SON Pre-licensure,"Emory Offsite locations - The Emory Clinic, Ambulatory Surgery Centers and the Emory Specialty Assocs",Nursing,Precepted Rotation,1,1,10704,2023-01-09,2023-03-01,00:00:00,23:59:00,24,Tue,ID Missing,ID Missing,Ambulatory,NRSG 676 MN - Care Transitions Practicum,Other (see comments),Archived (Completed),Completed,2023,Spring 2023,242
370032,Emory University - SON Pre-licensure,"Emory Offsite locations - The Emory Clinic, Ambulatory Surgery Centers and the Emory Specialty Assocs",Nursing,Precepted Rotation,1,1,10800,2023-01-09,2023-03-01,00:00:00,23:59:00,24,Tue,ID Missing,ID Missing,Ambulatory,NRSG 676 MN - Care Transitions Practicum,Other (see comments),Archived (Completed),Completed,2023,Spring 2023,242
370035,Emory University - SON Pre-licensure,"Emory Offsite locations - The Emory Clinic, Ambulatory Surgery Centers and the Emory Specialty Assocs",Nursing,Precepted Rotation,1,1,10706,2023-01-09,2023-03-01,00:00:00,23:59:00,24,Tue,ID Missing,ID Missing,Ambulatory,NRSG 676 MN - Care Transitions Practicum,Other (see comments),Archived (Completed),Completed,2023,Spring 2023,242
370040,Emory University - SON Pre-licensure,"Emory Offsite locations - The Emory Clinic, Ambulatory Surgery Centers and the Emory Specialty Assocs",Nursing,Precepted Rotation,1,1,10746,2023-01-09,2023-03-01,00:00:00,23:59:00,24,Tue,ID Missing,ID Missing,Ambulatory,NRSG 676 MN - Care Transitions Practicum,Other (see comments),Archived (Completed),Completed,2023,Spring 2023,242
370043,Emory University - SON Pre-licensure,"Emory Offsite locations - The Emory Clinic, Ambulatory Surgery Centers and the Emory Specialty Assocs",Nursing,Precepted Rotation,1,1,10710,2023-01-09,2023-03-01,00:00:00,23:59:00,24,Tue,ID Missing,ID Missing,Ambulatory,NRSG 676 MN - Care Transitions Practicum,Other (see comments),Archived (Completed),Completed,2023,Spring 2023,242
370044,Emory University - SON Pre-licensure,"Emory Offsite locations - The Emory Clinic, Ambulatory Surgery Centers and the Emory Specialty Assocs",Nursing,Precepted Rotation,1,1,10754,2023-01-09,2023-03-01,00:00:00,23:59:00,24,Tue,ID Missing,ID Missing,Ambulatory,NRSG 676 MN - Care Transitions Practicum,Other (see comments),Archived (Completed),Completed,2023,Spring 2023,242
370050,Emory University - SON Pre-licensure,"Emory Offsite locations - The Emory Clinic, Ambulatory Surgery Centers and the Emory Specialty Assocs",Nursing,Precepted Rotation,1,1,10664,2023-01-09,2023-03-01,00:00:00,23:59:00,24,Tue,ID Missing,ID Missing,Ambulatory,NRSG 676 MN - Care Transitions Practicum,Other (see comments),Archived (Completed),Completed,2023,Spring 2023,242
370052,Emory University - SON Pre-licensure,"Emory Offsite locations - The Emory Clinic, Ambulatory Surgery Centers and the Emory Specialty Assocs",Nursing,Precepted Rotation,1,1,10801,2023-01-09,2023-03-01,00:00:00,23:59:00,24,Tue,ID Missing,ID Missing,Ambulatory,NRSG 676 MN - Care Transitions Practicum,Other (see comments),Archived (Completed),Completed,2023,Spring 2023,242
370055,Emory University - SON Pre-licensure,"Emory Offsite locations - The Emory Clinic, Ambulatory Surgery Centers and the Emory Specialty Assocs",Nursing,Precepted Rotation,0,1,No Students Assigned,2023-01-09,2023-03-01,00:00:00,23:59:00,24,Tue,ID Missing,ID Missing,Ambulatory,NRSG 676 MN - Care Transitions Practicum,Other (see comments),Archived (Completed),Completed,2023,Spring 2023,242
370061,Emory University - SON Pre-licensure,"Emory Offsite locations - The Emory Clinic, Ambulatory Surgery Centers and the Emory Specialty Assocs",Nursing,Precepted Rotation,1,1,10703,2023-01-09,2023-03-01,00:00:00,23:59:00,24,Tue,ID Missing,ID Missing,Ambulatory,NRSG 676 MN - Care Transitions Practicum,Other (see comments),Archived (Completed),Completed,2023,Spring 2023,242
370065,Emory University - SON Pre-licensure,"Emory Offsite locations - The Emory Clinic, Ambulatory Surgery Centers and the Emory Specialty Assocs",Nursing,Precepted Rotation,1,1,10752,2023-01-09,2023-03-01,00:00:00,23:59:00,24,Tue,ID Missing,ID Missing,Ambulatory,NRSG 676 MN - Care Transitions Practicum,Other (see comments),Archived (Completed),Completed,2023,Spring 2023,242
370071,Emory University - SON Pre-licensure,"Emory Offsite locations - The Emory Clinic, Ambulatory Surgery Centers and the Emory Specialty Assocs",Nursing,Precepted Rotation,1,1,10802,2023-01-09,2023-03-01,00:00:00,23:59:00,24,Wed,ID Missing,ID Missing,Ambulatory,NRSG 676 MN - Care Transitions Practicum,Other (see comments),Archived (Completed),Completed,2023,Spring 2023,242
370088,Emory University - SON Pre-licensure,"Emory Offsite locations - The Emory Clinic, Ambulatory Surgery Centers and the Emory Specialty Assocs",Nursing,Precepted Rotation,1,1,10742,2023-01-09,2023-03-01,00:00:00,23:59:00,24,Wed,ID Missing,ID Missing,Ambulatory,NRSG 676 MN - Care Transitions Practicum,Other (see comments),Archived (Completed),Completed,2023,Spring 2023,242
370091,Emory University - SON Pre-licensure,"Emory Offsite locations - The Emory Clinic, Ambulatory Surgery Centers and the Emory Specialty Assocs",Nursing,Precepted Rotation,1,1,10741,2023-01-09,2023-03-01,00:00:00,23:59:00,24,Wed,ID Missing,ID Missing,Ambulatory,NRSG 676 MN - Care Transitions Practicum,Other (see comments),Archived (Completed),Completed,2023,Spring 2023,242
370093,Emory University - SON Pre-licensure,"Emory Offsite locations - The Emory Clinic, Ambulatory Surgery Centers and the Emory Specialty Assocs",Nursing,Precepted Rotation,1,1,10708,2023-01-09,2023-03-01,00:00:00,23:59:00,24,Wed,ID Missing,ID Missing,Ambulatory,NRSG 676 MN - Care Transitions Practicum,Other (see comments),Archived (Completed),Completed,2023,Spring 2023,242
370095,Emory University - SON Pre-licensure,"Emory Offsite locations - The Emory Clinic, Ambulatory Surgery Centers and the Emory Specialty Assocs",Nursing,Precepted Rotation,1,1,10738,2023-01-09,2023-03-01,00:00:00,23:59:00,24,Wed,ID Missing,ID Missing,Ambulatory,NRSG 676 MN - Care Transitions Practicum,Other (see comments),Archived (Completed),Completed,2023,Spring 2023,242
370096,Emory University - SON Pre-licensure,"Emory Offsite locations - The Emory Clinic, Ambulatory Surgery Centers and the Emory Specialty Assocs",Nursing,Precepted Rotation,1,1,10784,2023-01-09,2023-03-01,00:00:00,23:59:00,24,Wed,ID Missing,ID Missing,Ambulatory,NRSG 676 MN - Care Transitions Practicum,Other (see comments),Archived (Completed),Completed,2023,Spring 2023,242
370098,Emory University - SON Pre-licensure,"Emory Offsite locations - The Emory Clinic, Ambulatory Surgery Centers and the Emory Specialty Assocs",Nursing,Precepted Rotation,1,1,10745,2023-01-09,2023-03-01,00:00:00,23:59:00,24,Wed,ID Missing,ID Missing,Ambulatory,NRSG 676 MN - Care Transitions Practicum,Other (see comments),Archived (Completed),Completed,2023,Spring 2023,242
370102,Emory University - SON Pre-licensure,"Emory Offsite locations - The Emory Clinic, Ambulatory Surgery Centers and the Emory Specialty Assocs",Nursing,Precepted Rotation,1,1,10707,2023-01-09,2023-03-01,00:00:00,23:59:00,24,Wed,ID Missing,ID Missing,Ambulatory,NRSG 676 MN - Care Transitions Practicum,Other (see comments),Archived (Completed),Completed,2023,Spring 2023,242
370104,Emory University - SON Pre-licensure,"Emory Offsite locations - The Emory Clinic, Ambulatory Surgery Centers and the Emory Specialty Assocs",Nursing,Precepted Rotation,1,1,10803,2023-01-09,2023-03-01,00:00:00,23:59:00,24,Wed,ID Missing,ID Missing,Ambulatory,NRSG 676 MN - Care Transitions Practicum,Other (see comments),Archived (Completed),Completed,2023,Spring 2023,242
370106,Emory University - SON Pre-licensure,"Emory Offsite locations - The Emory Clinic, Ambulatory Surgery Centers and the Emory Specialty Assocs",Nursing,Precepted Rotation,1,1,10711,2023-01-09,2023-03-01,00:00:00,23:59:00,24,Wed,ID Missing,ID Missing,Ambulatory,NRSG 676 MN - Care Transitions Practicum,Other (see comments),Archived (Completed),Completed,2023,Spring 2023,242
370109,Emory University - SON Pre-licensure,"Emory Offsite locations - The Emory Clinic, Ambulatory Surgery Centers and the Emory Specialty Assocs",Nursing,Precepted Rotation,1,1,10714,2023-01-09,2023-03-01,00:00:00,23:59:00,24,Wed,ID Missing,ID Missing,Ambulatory,NRSG 676 MN - Care Transitions Practicum,Other (see comments),Archived (Completed),Completed,2023,Spring 2023,242
371674,Emory University - SON Pre-licensure,Emory Johns Creek Hospital,Nursing,Cohort Rotation,6,8,"10804, 10805, 10806, 10807, 10808, 10809",2023-08-06,2023-09-02,07:00:00,19:00:00,96,,"ID Missing, ID Missing, ID Missing, ID Missing",No Preceptor Assigned,MedSurg - Acute Care,NRSG 356D - Acute and Chronic I Care Clinical Practicum Adult and Geriatric Populations,3rd floor: med-surg,Archived (Completed),Completed,2023,Fall 2023,295
371675,Emory University - SON Pre-licensure,Emory Johns Creek Hospital,Nursing,Cohort Rotation,0,8,No Students Assigned,2023-08-06,2023-09-02,07:00:00,19:00:00,96,,ID Missing,No Preceptor Assigned,MedSurg - Acute Care,NRSG 356D - Acute and Chronic I Care Clinical Practicum Adult and Geriatric Populations,4th floor: med-surg,Archived (Completed),Completed,2023,Fall 2023,295
371676,Emory University - SON Pre-licensure,Emory Johns Creek Hospital,Nursing,Cohort Rotation,6,8,"10810, 10811, 10812, 10813, 10814, 10815",2023-08-06,2023-09-02,07:00:00,19:00:00,96,,"ID Missing, ID Missing, ID Missing",No Preceptor Assigned,MedSurg - Acute Care,NRSG 356D - Acute and Chronic I Care Clinical Practicum Adult and Geriatric Populations,6N: medical,Archived (Completed),Completed,2023,Fall 2023,295
371678,Emory University - SON,Emory University Hospital,Nursing,Cohort Rotation,0,8,No Students Assigned,2023-08-06,2023-09-02,07:00:00,19:00:00,96,,ID Missing,No Preceptor Assigned,MedSurg - Acute Care,NRSG 356D - Acute and Chronic I Care Clinical Practicum Adult and Geriatric Populations,7T: Surgical,Archived (Withdrawn),Withdrawn,2023,Fall 2023,228
371679,Emory University - SON Pre-licensure,Emory Saint Joseph's Hospital,Nursing,Cohort Rotation,4,8,"10816, 10817, 10818, 10819",2023-08-06,2023-09-02,07:00:00,19:00:00,96,,ID Missing,No Preceptor Assigned,MedSurg - Acute Care,NRSG 356D - Acute and Chronic I Care Clinical Practicum Adult and Geriatric Populations,3E,Archived (Completed),Completed,2023,Fall 2023,295
371680,Emory University - SON,Emory Saint Joseph's Hospital,Nursing,Cohort Rotation,0,8,No Students Assigned,2023-08-06,2023-09-02,07:00:00,19:00:00,96,,ID Missing,No Preceptor Assigned,MedSurg - Acute Care,NRSG 356D - Acute and Chronic I Care Clinical Practicum Adult and Geriatric Populations,3W,Archived (Denied),Denied,2023,Fall 2023,228
371681,Emory University - SON Pre-licensure,Emory University Hospital Midtown,Nursing,Cohort Rotation,4,8,"10820, 10821, 10822, 10823",2023-08-06,2023-09-02,07:00:00,19:00:00,96,,"ID Missing, ID Missing, ID Missing",No Preceptor Assigned,MedSurg - Acute Care,NRSG 356D - Acute and Chronic I Care Clinical Practicum Adult and Geriatric Populations,72: Med/Surg,Archived (Completed),Completed,2023,Fall 2023,295
372167,Emory University - SON Pre-licensure,"Emory Offsite locations - The Emory Clinic, Ambulatory Surgery Centers and the Emory Specialty Assocs",Nursing,Precepted Rotation,1,1,10717,2023-01-09,2023-03-01,00:00:00,23:59:00,24,Tue,ID Missing,ID Missing,Ambulatory,NRSG 676 MN - Care Transitions Practicum,Other (see comments),Archived (Completed),Completed,2023,Spring 2023,242
374448,Columbus State University - Nursing,Emory University Hospital Midtown,Nursing,Precepted Rotation,1,1,10824,2023-03-06,2023-04-24,00:00:00,23:59:00,45,,ID Missing,No Preceptor Assigned,MedSurg - Acute Care,4698 - Senior Project RN,22: Med/Surg,Archived (Completed),Completed,2023,Spring 2023,208
374452,Brenau University,Emory University Hospital at Wesley Woods,Nursing,Cohort Rotation,0,6,No Students Assigned,2023-05-22,2023-08-13,07:00:00,19:00:00,126,Sun,ID Missing,No Preceptor Assigned,Psychiatry; Mental Health; Behavioral Medicine,NG 308 - Behavioral Health,Inpatient Psych,Archived (Withdrawn),Withdrawn,2023,Spring 2023,8
374702,Chamberlain College of Nursing - Georgia,Emory Decatur Hospital,Nursing,Cohort Rotation,0,6,No Students Assigned,2023-07-10,2023-08-05,07:00:00,19:00:00,48,Mon,ID Missing,No Preceptor Assigned,Perinatal - OB,NR 327 - Maternal Child,L&D,Archived (Withdrawn),Withdrawn,2023,Fall 2023,103
374703,Chamberlain College of Nursing - Georgia,Emory Decatur Hospital,Nursing,Cohort Rotation,0,6,No Students Assigned,2023-08-07,2023-09-02,07:00:00,19:00:00,48,Mon,ID Missing,No Preceptor Assigned,Perinatal - OB,NR 327 - Maternal Child,L&D,Archived (Denied),Denied,2023,Fall 2023,110
374706,Chamberlain College of Nursing - Georgia,Emory Decatur Hospital,Nursing,Cohort Rotation,0,6,No Students Assigned,2023-09-04,2023-09-30,07:00:00,19:00:00,48,Mon,ID Missing,No Preceptor Assigned,Perinatal - OB,NR 327 - Maternal Child,L&D,Archived (Denied),Denied,2023,Fall 2023,112
374707,Chamberlain College of Nursing - Georgia,Emory Decatur Hospital,Nursing,Cohort Rotation,0,6,No Students Assigned,2023-10-02,2023-10-28,07:00:00,19:00:00,48,Mon,ID Missing,No Preceptor Assigned,Perinatal - OB,NR 327 - Maternal Child,L&D,Archived (Denied),Denied,2023,Fall 2023,124
374708,Chamberlain College of Nursing - Georgia,Emory Decatur Hospital,Nursing,Cohort Rotation,0,6,No Students Assigned,2023-09-04,2023-09-30,07:00:00,19:00:00,48,Fri,ID Missing,No Preceptor Assigned,Perinatal - OB,NR 327 - Maternal Child,L&D,Archived (Denied),Denied,2023,Fall 2023,112
374709,Chamberlain College of Nursing - Georgia,Emory Decatur Hospital,Nursing,Cohort Rotation,0,6,No Students Assigned,2023-10-02,2023-10-28,07:00:00,19:00:00,48,Fri,ID Missing,No Preceptor Assigned,Perinatal - OB,NR 327 - Maternal Child,L&D,Archived (Denied),Denied,2023,Fall 2023,124
374710,Chamberlain College of Nursing - Georgia,Emory Decatur Hospital,Nursing,Cohort Rotation,0,6,No Students Assigned,2023-10-30,2023-11-13,07:00:00,19:00:00,48,Mon,ID Missing,No Preceptor Assigned,Perinatal - OB,NR 327 - Maternal Child,L&D,Archived (Denied),Denied,2023,Fall 2023,127
374711,Chamberlain College of Nursing - Georgia,Emory Decatur Hospital,Nursing,Cohort Rotation,0,6,No Students Assigned,2023-11-20,2023-12-04,07:00:00,19:00:00,48,Mon,ID Missing,No Preceptor Assigned,Perinatal - OB,NR 327 - Maternal Child,L&D,Archived (Denied),Denied,2023,Fall 2023,145
374712,Chamberlain College of Nursing - Georgia,Emory Decatur Hospital,Nursing,Cohort Rotation,0,6,No Students Assigned,2023-11-03,2023-11-17,07:00:00,19:00:00,48,Fri,ID Missing,No Preceptor Assigned,Perinatal - OB,NR 327 - Maternal Child,L&D,Archived (Denied),Denied,2023,Fall 2023,140
374713,Chamberlain College of Nursing - Georgia,Emory Decatur Hospital,Nursing,Cohort Rotation,0,6,No Students Assigned,2023-11-24,2023-12-08,07:00:00,19:00:00,48,Fri,ID Missing,No Preceptor Assigned,Perinatal - OB,NR 327 - Maternal Child,L&D,Archived (Denied),Denied,2023,Fall 2023,147
374714,Chamberlain College of Nursing - Georgia,Emory Decatur Hospital,Nursing,Cohort Rotation,0,8,No Students Assigned,2023-07-10,2023-09-02,07:00:00,19:00:00,48,Mon,ID Missing,No Preceptor Assigned,MedSurg - Acute Care,NR 452 - Capstone Course,General Medical,Archived (Withdrawn),Withdrawn,2023,Fall 2023,104
374723,Chamberlain College of Nursing - Georgia,Emory Decatur Hospital,Nursing,Cohort Rotation,0,8,No Students Assigned,2023-11-02,2023-11-30,07:00:00,19:00:00,48,Thu,ID Missing,No Preceptor Assigned,MedSurg - Acute Care,NR 452 - Capstone Course,General Medical,Archived (Denied),Denied,2023,Fall 2023,138
374724,Chamberlain College of Nursing - Georgia,Emory Decatur Hospital,Nursing,Cohort Rotation,0,8,No Students Assigned,2023-11-03,2023-12-01,07:00:00,19:00:00,48,Fri,ID Missing,No Preceptor Assigned,MedSurg - Acute Care,NR 452 - Capstone Course,General Medical,Archived (Denied),Denied,2023,Fall 2023,141
374726,Chamberlain College of Nursing - Georgia,Emory Hillandale Hospital,Nursing,Cohort Rotation,0,6,No Students Assigned,2023-07-10,2023-09-02,07:00:00,19:00:00,48,Mon,ID Missing,No Preceptor Assigned,MedSurg - Acute Care,NR 452 - Capstone Course,Telemetry,Archived (Withdrawn),Withdrawn,2023,Fall 2023,104
374727,Chamberlain College of Nursing - Georgia,Emory Hillandale Hospital,Nursing,Cohort Rotation,0,6,No Students Assigned,2023-07-10,2023-09-02,07:00:00,19:00:00,48,Fri,ID Missing,No Preceptor Assigned,MedSurg - Acute Care,NR 452 - Capstone Course,Telemetry,Archived (Withdrawn),Withdrawn,2023,Fall 2023,104
374728,Chamberlain College of Nursing - Georgia,Emory Hillandale Hospital,Nursing,Cohort Rotation,0,6,No Students Assigned,2023-09-04,2023-10-28,07:00:00,19:00:00,96,Mon,ID Missing,No Preceptor Assigned,MedSurg - Acute Care,NR 446 - Collaborative Health,Telemetry,Archived (Withdrawn),Withdrawn,2023,Fall 2023,114
374730,Chamberlain College of Nursing - Georgia,Emory Hillandale Hospital,Nursing,Cohort Rotation,6,6,"10825, 10826, 10827, 10036, 10828, 10829",2023-10-30,2023-11-20,07:00:00,19:00:00,48,Mon,ID Missing,No Preceptor Assigned,MedSurg - Acute Care,NR 452 - Capstone Course,4th floor - telemetry,Archived (Completed),Completed,2023,Fall 2023,128
374731,Chamberlain College of Nursing - Georgia,Emory Hillandale Hospital,Nursing,Cohort Rotation,0,6,No Students Assigned,2023-11-30,2023-12-01,07:00:00,19:00:00,48,Fri,ID Missing,No Preceptor Assigned,MedSurg - Acute Care,NR 452 - Capstone Course,Telemetry,Archived (Denied),Denied,2023,Fall 2023,148
374734,Chamberlain College of Nursing - Georgia,Emory Johns Creek Hospital,Nursing,Cohort Rotation,0,6,No Students Assigned,2023-07-10,2023-08-05,07:00:00,19:00:00,48,Mon,ID Missing,No Preceptor Assigned,Perinatal - OB,NR 327 - Maternal Child,"Maternity: M/B, L&D, NICU",Archived (Denied),Denied,2023,Fall 2023,103
374735,Chamberlain College of Nursing - Georgia,Emory Johns Creek Hospital,Nursing,Cohort Rotation,0,6,No Students Assigned,2023-08-07,2023-09-02,07:00:00,19:00:00,48,Mon,ID Missing,No Preceptor Assigned,Perinatal - OB,NR 327 - Maternal Child,"Maternity: M/B, L&D, NICU",Archived (Denied),Denied,2023,Fall 2023,110
374736,Chamberlain College of Nursing - Georgia,Emory Johns Creek Hospital,Nursing,Cohort Rotation,0,6,No Students Assigned,2023-07-10,2023-08-05,07:00:00,19:00:00,48,Fri,ID Missing,No Preceptor Assigned,Perinatal - OB,NR 327 - Maternal Child,"Maternity: M/B, L&D, NICU",Archived (Denied),Denied,2023,Fall 2023,103
374737,Chamberlain College of Nursing - Georgia,Emory Johns Creek Hospital,Nursing,Cohort Rotation,0,6,No Students Assigned,2023-08-07,2023-09-02,07:00:00,19:00:00,48,Fri,ID Missing,No Preceptor Assigned,Perinatal - OB,NR 327 - Maternal Child,"Maternity: M/B, L&D, NICU",Archived (Denied),Denied,2023,Fall 2023,110
374738,Chamberlain College of Nursing - Georgia,Emory Johns Creek Hospital,Nursing,Cohort Rotation,0,6,No Students Assigned,2023-09-04,2023-09-30,07:00:00,19:00:00,48,Mon,ID Missing,No Preceptor Assigned,Perinatal - OB,NR 327 - Maternal Child,"Maternity: M/B, L&D, NICU",Archived (Denied),Denied,2023,Fall 2023,112
374739,Chamberlain College of Nursing - Georgia,Emory Johns Creek Hospital,Nursing,Cohort Rotation,0,6,No Students Assigned,2023-10-02,2023-10-28,07:00:00,19:00:00,48,Mon,ID Missing,No Preceptor Assigned,Perinatal - OB,NR 327 - Maternal Child,"Maternity: M/B, L&D, NICU",Archived (Denied),Denied,2023,Fall 2023,124
374740,Chamberlain College of Nursing - Georgia,Emory Johns Creek Hospital,Nursing,Cohort Rotation,0,6,No Students Assigned,2023-09-04,2023-09-30,07:00:00,19:00:00,48,Fri,ID Missing,No Preceptor Assigned,Perinatal - OB,NR 327 - Maternal Child,"Maternity: M/B, L&D, NICU",Archived (Denied),Denied,2023,Fall 2023,112
374741,Chamberlain College of Nursing - Georgia,Emory Johns Creek Hospital,Nursing,Cohort Rotation,0,6,No Students Assigned,2023-10-02,2023-10-28,07:00:00,19:00:00,48,Fri,ID Missing,No Preceptor Assigned,Perinatal - OB,NR 327 - Maternal Child,"Maternity: M/B, L&D, NICU",Archived (Denied),Denied,2023,Fall 2023,124
374742,Chamberlain College of Nursing - Georgia,Emory Johns Creek Hospital,Nursing,Cohort Rotation,0,6,No Students Assigned,2023-10-30,2023-11-13,07:00:00,19:00:00,48,Mon,ID Missing,No Preceptor Assigned,Perinatal - OB,NR 327 - Maternal Child,"Maternity: M/B, L&D, NICU",Archived (Denied),Denied,2023,Fall 2023,127
374743,Chamberlain College of Nursing - Georgia,Emory Johns Creek Hospital,Nursing,Cohort Rotation,0,6,No Students Assigned,2023-11-20,2023-12-04,07:00:00,19:00:00,48,Mon,ID Missing,No Preceptor Assigned,Perinatal - OB,NR 327 - Maternal Child,"Maternity: M/B, L&D, NICU",Archived (Denied),Denied,2023,Fall 2023,145
374744,Chamberlain College of Nursing - Georgia,Emory Johns Creek Hospital,Nursing,Cohort Rotation,0,6,No Students Assigned,2023-11-03,2023-11-17,07:00:00,19:00:00,48,Fri,ID Missing,No Preceptor Assigned,Perinatal - OB,NR 327 - Maternal Child,"Maternity: M/B, L&D, NICU",Archived (Denied),Denied,2023,Fall 2023,140
374745,Chamberlain College of Nursing - Georgia,Emory Johns Creek Hospital,Nursing,Cohort Rotation,0,6,No Students Assigned,2023-11-24,2023-12-08,07:00:00,19:00:00,48,Fri,ID Missing,No Preceptor Assigned,Perinatal - OB,NR 327 - Maternal Child,"Maternity: M/B, L&D, NICU",Archived (Denied),Denied,2023,Fall 2023,147
374746,Chamberlain College of Nursing - Georgia,Emory Johns Creek Hospital,Nursing,Cohort Rotation,0,8,No Students Assigned,2023-05-09,2023-07-01,07:00:00,19:00:00,96,Tue,ID Missing,No Preceptor Assigned,MedSurg - Acute Care,NR 446 - Collaborative Health,3rd floor: med-surg,Archived (Withdrawn),Withdrawn,2023,Spring 2023,95
374747,Chamberlain College of Nursing - Georgia,Emory Johns Creek Hospital,Nursing,Cohort Rotation,0,8,No Students Assigned,2023-07-10,2023-09-02,07:00:00,19:00:00,96,Tue,ID Missing,No Preceptor Assigned,MedSurg - Acute Care,NR 324 - Adult Health I,3rd floor: med-surg,Archived (Withdrawn),Withdrawn,2023,Fall 2023,104
374748,Chamberlain College of Nursing - Georgia,Emory Johns Creek Hospital,Nursing,Cohort Rotation,0,8,No Students Assigned,2023-07-10,2023-09-02,07:00:00,19:00:00,48,Sat,ID Missing,No Preceptor Assigned,MedSurg - Acute Care,NR 452 - Capstone Course,3rd floor: med-surg,Archived (Withdrawn),Withdrawn,2023,Fall 2023,104
374749,Chamberlain College of Nursing - Georgia,Emory Johns Creek Hospital,Nursing,Cohort Rotation,0,8,No Students Assigned,2023-09-04,2023-10-28,07:00:00,19:00:00,96,Tue,ID Missing,No Preceptor Assigned,MedSurg - Acute Care,NR 446 - Collaborative Health,3rd floor: med-surg,Archived (Denied),Denied,2023,Fall 2023,114
374750,Chamberlain College of Nursing - Georgia,Emory Johns Creek Hospital,Nursing,Cohort Rotation,6,8,"10830, 10831, 10832, 10833, 10834, 10835",2023-09-04,2023-10-28,07:00:00,19:00:00,96,Sat,ID Missing,No Preceptor Assigned,MedSurg - Acute Care,NR 446 - Collaborative Health,3rd floor: med-surg,Archived (Completed),Completed,2023,Fall 2023,114
374751,Chamberlain College of Nursing - Georgia,Emory Johns Creek Hospital,Nursing,Cohort Rotation,0,8,No Students Assigned,2023-10-31,2023-11-21,07:00:00,19:00:00,48,Tue,ID Missing,No Preceptor Assigned,MedSurg - Acute Care,NR 452 - Capstone Course,3rd floor: med-surg,Archived (Denied),Denied,2023,Fall 2023,132
374752,Chamberlain College of Nursing - Georgia,Emory Johns Creek Hospital,Nursing,Cohort Rotation,8,8,"10830, 10831, 10832, 10833, 10834, 10835, 10836, 10837",2023-11-04,2023-11-25,07:00:00,19:00:00,48,Sat,ID Missing,No Preceptor Assigned,MedSurg - Acute Care,NR 452 - Capstone Course,3rd floor: med-surg,Archived (Completed),Completed,2023,Fall 2023,143
374754,Chamberlain College of Nursing - Georgia,Emory Saint Joseph's Hospital,Nursing,Cohort Rotation,8,8,"10017, 10018, 10019, 10020, 10021, 10022, 10023, 10024",2023-07-10,2023-09-02,07:00:00,19:00:00,48,Wed,ID Missing,No Preceptor Assigned,MedSurg - Acute Care,NR 452 - Capstone Course,6W,Archived (Completed),Completed,2023,Fall 2023,104
374755,Chamberlain College of Nursing - Georgia,Emory Saint Joseph's Hospital,Nursing,Cohort Rotation,8,8,"10025, 10027, 10028, 10029, 10030, 10031, 10032, 10838",2023-07-10,2023-09-02,07:00:00,19:00:00,48,Fri,ID Missing,No Preceptor Assigned,MedSurg - Acute Care,NR 452 - Capstone Course,3SW,Archived (Completed),Completed,2023,Fall 2023,104
374756,Chamberlain College of Nursing - Georgia,Emory Saint Joseph's Hospital,Nursing,Cohort Rotation,0,8,No Students Assigned,2023-07-10,2023-09-02,07:00:00,19:00:00,48,Sat,ID Missing,No Preceptor Assigned,MedSurg - Acute Care,NR 452 - Capstone Course,6W,Archived (Denied),Denied,2023,Fall 2023,104
374757,Chamberlain College of Nursing - Georgia,Emory Saint Joseph's Hospital,Nursing,Cohort Rotation,0,8,No Students Assigned,2023-07-10,2023-09-02,07:00:00,19:00:00,48,Sat,ID Missing,No Preceptor Assigned,MedSurg - Acute Care,NR 452 - Capstone Course,3SW,Archived (Withdrawn),Withdrawn,2023,Fall 2023,104
374758,Chamberlain College of Nursing - Georgia,Emory Saint Joseph's Hospital,Nursing,Cohort Rotation,7,8,"10839, 10840, 10841, 10842, 10843, 10844, 10845",2023-09-04,2023-10-28,07:00:00,19:00:00,96,Wed,ID Missing,No Preceptor Assigned,MedSurg - Acute Care,NR 446 - Collaborative Health,6W,Archived (Completed),Completed,2023,Fall 2023,114
374759,Chamberlain College of Nursing - Georgia,Emory Saint Joseph's Hospital,Nursing,Cohort Rotation,7,8,"10846, 10847, 10848, 10849, 10850, 10851, 10852",2023-09-04,2023-10-28,07:00:00,19:00:00,96,Fri,ID Missing,No Preceptor Assigned,MedSurg - Acute Care,NR 446 - Collaborative Health,3SW,Archived (Completed),Completed,2023,Fall 2023,114
374760,Chamberlain College of Nursing - Georgia,Emory Saint Joseph's Hospital,Nursing,Cohort Rotation,0,8,No Students Assigned,2023-09-04,2023-10-28,07:00:00,19:00:00,96,Sat,ID Missing,No Preceptor Assigned,MedSurg - Acute Care,NR 446 - Collaborative Health,6W,Archived (Withdrawn),Withdrawn,2023,Fall 2023,114
374761,Chamberlain College of Nursing - Georgia,Emory Saint Joseph's Hospital,Nursing,Cohort Rotation,0,8,No Students Assigned,2023-09-04,2023-10-28,07:00:00,19:00:00,96,Sat,ID Missing,No Preceptor Assigned,MedSurg - Acute Care,NR 446 - Collaborative Health,3SW,Archived (Withdrawn),Withdrawn,2023,Fall 2023,114
374762,Chamberlain College of Nursing - Georgia,Emory Saint Joseph's Hospital,Nursing,Cohort Rotation,8,8,"10839, 10840, 10841, 10842, 10843, 10844, 10845, 10853",2023-11-01,2023-12-29,07:00:00,19:00:00,48,Wed,ID Missing,No Preceptor Assigned,MedSurg - Acute Care,NR 452 - Capstone Course,6W pulmonary thoracic,Archived (Completed),Completed,2023,Fall 2023,137
374763,Chamberlain College of Nursing - Georgia,Emory Saint Joseph's Hospital,Nursing,Cohort Rotation,8,8,"10852, 10854, 10846, 10847, 10848, 10849, 10850, 10851",2023-11-03,2023-12-01,07:00:00,19:00:00,48,Fri,ID Missing,No Preceptor Assigned,MedSurg - Acute Care,NR 452 - Capstone Course,3SW GI medicine/bariatrics,Archived (Completed),Completed,2023,Fall 2023,141
374764,Chamberlain College of Nursing - Georgia,Emory Saint Joseph's Hospital,Nursing,Cohort Rotation,0,8,No Students Assigned,2023-11-04,2023-11-25,07:00:00,19:00:00,48,Sat,ID Missing,No Preceptor Assigned,MedSurg - Acute Care,NR 452 - Capstone Course,6W pulmonary thoracic,Archived (Completed),Completed,2023,Fall 2023,143
374765,Chamberlain College of Nursing - Georgia,Emory Saint Joseph's Hospital,Nursing,Cohort Rotation,0,8,No Students Assigned,2023-11-04,2023-11-25,07:00:00,19:00:00,48,Sat,ID Missing,No Preceptor Assigned,MedSurg - Acute Care,NR 452 - Capstone Course,3SW GI medicine/bariatrics,Archived (Completed),Completed,2023,Fall 2023,143
374768,Chamberlain College of Nursing - Georgia,Emory University Hospital Midtown,Nursing,Cohort Rotation,0,8,No Students Assigned,2023-07-10,2023-09-02,07:00:00,19:00:00,48,Wed,ID Missing,No Preceptor Assigned,MedSurg - Acute Care,NR 452 - Capstone Course,51: Med-Surg,Archived (Denied),Denied,2023,Fall 2023,104
374769,Chamberlain College of Nursing - Georgia,Emory University Hospital Midtown,Nursing,Cohort Rotation,0,8,No Students Assigned,2023-07-10,2023-09-02,07:00:00,19:00:00,48,Fri,ID Missing,No Preceptor Assigned,MedSurg - Acute Care,NR 452 - Capstone Course,51: Med-Surg,Archived (Denied),Denied,2023,Fall 2023,104
374770,Chamberlain College of Nursing - Georgia,Emory University Hospital Midtown,Nursing,Cohort Rotation,0,8,No Students Assigned,2023-07-10,2023-09-02,07:00:00,19:00:00,48,Sat,ID Missing,No Preceptor Assigned,MedSurg - Acute Care,NR 452 - Capstone Course,51: Med-Surg,Archived (Denied),Denied,2023,Fall 2023,104
374772,Chamberlain College of Nursing - Georgia,Emory University Hospital Midtown,Nursing,Cohort Rotation,0,8,No Students Assigned,2023-09-04,2023-10-28,07:00:00,19:00:00,96,Fri,ID Missing,No Preceptor Assigned,MedSurg - Acute Care,NR 446 - Collaborative Health,51: Med-Surg,Archived (Denied),Denied,2023,Fall 2023,114
374773,Chamberlain College of Nursing - Georgia,Emory University Hospital Midtown,Nursing,Cohort Rotation,0,8,No Students Assigned,2023-09-04,2023-10-28,07:00:00,19:00:00,96,Sat,ID Missing,No Preceptor Assigned,MedSurg - Acute Care,NR 446 - Collaborative Health,51: Med-Surg,Archived (Denied),Denied,2023,Fall 2023,114
374774,Chamberlain College of Nursing - Georgia,Emory University Hospital Midtown,Nursing,Cohort Rotation,0,8,No Students Assigned,2023-11-01,2023-11-29,07:00:00,19:00:00,48,Wed,ID Missing,No Preceptor Assigned,MedSurg - Acute Care,NR 452 - Capstone Course,51: Med-Surg,Archived (Denied),Denied,2023,Fall 2023,135
374775,Chamberlain College of Nursing - Georgia,Emory University Hospital Midtown,Nursing,Cohort Rotation,0,8,No Students Assigned,2023-11-03,2023-12-01,07:00:00,19:00:00,48,Fri,ID Missing,No Preceptor Assigned,MedSurg - Acute Care,NR 452 - Capstone Course,51: Med-Surg,Archived (Denied),Denied,2023,Fall 2023,141
374776,Chamberlain College of Nursing - Georgia,Emory University Hospital Midtown,Nursing,Cohort Rotation,0,8,No Students Assigned,2023-11-04,2023-11-25,07:00:00,19:00:00,48,Sat,ID Missing,No Preceptor Assigned,MedSurg - Acute Care,NR 452 - Capstone Course,51: Med-Surg,Archived (Denied),Denied,2023,Fall 2023,143
374884,Chamberlain College of Nursing - Georgia,Emory Saint Joseph's Hospital,Nursing,Cohort Rotation,0,8,No Students Assigned,2023-05-13,2023-07-01,07:00:00,19:00:00,96,Sat,ID Missing,No Preceptor Assigned,MedSurg - Acute Care,NR 325 - Adult Health II,3S,Archived (Withdrawn),Withdrawn,2023,Spring 2023,100
374902,Chamberlain College of Nursing - Georgia,Emory Saint Joseph's Hospital,Nursing,Cohort Rotation,8,8,"10169, 10170, 10165, 10172, 10173, 10174, 10162, 10161",2023-07-13,2023-08-31,07:00:00,19:00:00,96,Thu,ID Missing,No Preceptor Assigned,MedSurg - Acute Care,NR 324 - Adult Health I,5W,Archived (Completed),Completed,2023,Fall 2023,106
374903,Chamberlain College of Nursing - Georgia,Emory Saint Joseph's Hospital,Nursing,Cohort Rotation,7,8,"10153, 10154, 10155, 10157, 10158, 10159, 10160",2023-07-11,2023-08-29,07:00:00,19:00:00,96,Tue,ID Missing,No Preceptor Assigned,MedSurg - Acute Care,NR 324 - Adult Health I,5W,Archived (Completed),Completed,2023,Fall 2023,105
374904,Chamberlain College of Nursing - Georgia,Emory Saint Joseph's Hospital,Nursing,Cohort Rotation,8,8,"10175, 10176, 10177, 10178, 10179, 10180, 10181, 10168",2023-07-15,2023-09-02,07:00:00,19:00:00,96,Sat,ID Missing,No Preceptor Assigned,MedSurg - Acute Care,NR 324 - Adult Health I,3S,Archived (Completed),Completed,2023,Fall 2023,109
374906,Chamberlain College of Nursing - Georgia,Emory University Hospital Midtown,Nursing,Cohort Rotation,0,8,No Students Assigned,2023-07-11,2023-08-29,07:00:00,19:00:00,96,Tue,ID Missing,No Preceptor Assigned,MedSurg - Acute Care,NR 324 - Adult Health I,22: Med/Surg,Archived (Withdrawn),Withdrawn,2023,Fall 2023,105
374907,Chamberlain College of Nursing - Georgia,Emory University Hospital Midtown,Nursing,Cohort Rotation,8,8,"10855, 10163, 10164, 10166, 10856, 10857, 10858, 10859",2023-07-13,2023-08-31,07:00:00,19:00:00,96,Thu,ID Missing,No Preceptor Assigned,MedSurg - Acute Care,NR 324 - Adult Health I,22: Med/Surg,Archived (Completed),Completed,2023,Fall 2023,106
374923,Chamberlain College of Nursing - Georgia,Emory Decatur Hospital,Nursing,Cohort Rotation,4,6,"10142, 10860, 10058, 10861",2023-07-14,2023-08-04,07:00:00,19:00:00,96,Wed,ID Missing,No Preceptor Assigned,Critical/Intensive Care,NR341 - Complex Adult Health,ICU - 2500,Archived (Completed),Completed,2023,Fall 2023,107
374924,Chamberlain College of Nursing - Georgia,Emory Decatur Hospital,Nursing,Cohort Rotation,5,6,"10862, 10863, 10864, 10123, 10865",2023-08-11,2023-09-01,07:00:00,19:00:00,96,Wed,ID Missing,No Preceptor Assigned,Critical/Intensive Care,NR341 - Complex Adult Health,ICU - 2500,Archived (Completed),Completed,2023,Fall 2023,111
374925,Chamberlain College of Nursing - Georgia,Emory Decatur Hospital,Nursing,Cohort Rotation,6,6,"10127, 10866, 10867, 10082, 10054, 10095",2023-07-14,2023-09-01,07:00:00,15:00:00,48,Fri,ID Missing,No Preceptor Assigned,Psychiatry; Mental Health; Behavioral Medicine,NR 326 - Mental Health Nursing,Behavioral Health (acute) - 1800,Archived (Completed),Completed,2023,Fall 2023,108
375147,Chamberlain College of Nursing - Georgia,Emory University Hospital at Wesley Woods,Nursing,Cohort Rotation,6,6,"10055, 10868, 10869, 10870, 10078, 10128",2023-07-14,2023-09-01,07:00:00,15:00:00,48,Fri,ID Missing,No Preceptor Assigned,Psychiatry; Mental Health; Behavioral Medicine,NR 326 - Mental Health Nursing,Inpatient Psych,Archived (Completed),Completed,2023,Fall 2023,108
375148,Chamberlain College of Nursing - Georgia,Emory University Hospital at Wesley Woods,Nursing,Cohort Rotation,6,6,"10871, 10872, 10873, 10874, 10875, 10876",2023-05-12,2023-06-30,07:00:00,15:00:00,48,Fri,ID Missing,No Preceptor Assigned,Psychiatry; Mental Health; Behavioral Medicine,NR 326 - Mental Health Nursing,Inpatient Psych,Archived (Completed),Completed,2023,Spring 2023,99
375215,Chamberlain College of Nursing - Georgia,Emory Saint Joseph's Hospital,Nursing,Cohort Rotation,8,8,"10877, 10878, 10879, 10880, 10881, 10882, 10883, 10884",2023-09-05,2023-10-24,07:00:00,19:00:00,96,Tue,ID Missing,No Preceptor Assigned,MedSurg - Acute Care,NR 325 - Adult Health II,3SW,Archived (Completed),Completed,2023,Fall 2023,116
375216,Chamberlain College of Nursing - Georgia,Emory Saint Joseph's Hospital,Nursing,Cohort Rotation,8,8,"10169, 10170, 10165, 10172, 10173, 10174, 10162, 10161",2023-09-06,2023-10-26,07:00:00,19:00:00,96,Thu,ID Missing,No Preceptor Assigned,MedSurg - Acute Care,NR 325 - Adult Health II,5W,Archived (Completed),Completed,2023,Fall 2023,119
375217,Chamberlain College of Nursing - Georgia,Emory Saint Joseph's Hospital,Nursing,Cohort Rotation,8,8,"10153, 10154, 10155, 10157, 10158, 10159, 10160, 10105",2023-09-05,2023-10-24,07:00:00,19:00:00,96,Tue,ID Missing,No Preceptor Assigned,MedSurg - Acute Care,NR 325 - Adult Health II,5W,Archived (Completed),Completed,2023,Fall 2023,116
375218,Chamberlain College of Nursing - Georgia,Emory Saint Joseph's Hospital,Nursing,Cohort Rotation,7,8,"10175, 10176, 10177, 10178, 10179, 10180, 10181",2023-09-09,2023-10-28,07:00:00,19:00:00,96,Sat,"ID Missing, ID Missing",No Preceptor Assigned,MedSurg - Acute Care,NR 325 - Adult Health II,3S,Archived (Completed),Completed,2023,Fall 2023,123
375219,Chamberlain College of Nursing - Georgia,Emory Saint Joseph's Hospital,Nursing,Cohort Rotation,8,8,"10885, 10886, 10887, 10888, 10889, 10890, 10891, 10892",2023-10-31,2023-12-19,07:00:00,19:00:00,96,Tue,ID Missing,No Preceptor Assigned,MedSurg - Acute Care,NR 324 - Adult Health I,3SW GI medicine/bariatrics,Archived (Completed),Completed,2023,Fall 2023,133
375220,Chamberlain College of Nursing - Georgia,Emory Saint Joseph's Hospital,Nursing,Cohort Rotation,8,8,"10893, 10894, 10895, 10896, 10897, 10898, 10899, 10900",2023-11-02,2023-12-14,07:00:00,19:00:00,96,Thu,ID Missing,No Preceptor Assigned,MedSurg - Acute Care,NR 324 - Adult Health I,5W internal medicine,Archived (Completed),Completed,2023,Fall 2023,139
375221,Chamberlain College of Nursing - Georgia,Emory Saint Joseph's Hospital,Nursing,Cohort Rotation,7,8,"10901, 10902, 10903, 10904, 10905, 10906, 10907",2023-10-31,2023-12-19,07:00:00,19:00:00,96,Tue,ID Missing,No Preceptor Assigned,MedSurg - Acute Care,NR 324 - Adult Health I,5W internal medicine,Archived (Completed),Completed,2023,Fall 2023,133
375222,Chamberlain College of Nursing - Georgia,Emory Saint Joseph's Hospital,Nursing,Cohort Rotation,7,8,"10908, 10909, 10910, 10911, 10912, 10913, 10914",2023-11-04,2023-12-16,07:00:00,19:00:00,96,Sat,"ID Missing, ID Missing",No Preceptor Assigned,MedSurg - Acute Care,NR 324 - Adult Health I,3S GI surgery,Archived (Completed),Completed,2023,Fall 2023,144
375223,Chamberlain College of Nursing - Georgia,Emory Saint Joseph's Hospital,Nursing,Cohort Rotation,0,8,No Students Assigned,2023-09-07,2023-10-26,07:00:00,15:00:00,48,Thu,ID Missing,No Preceptor Assigned,Fundamentals,NR 226 - Fundamentals - Patient Care,4W,Archived (Withdrawn),Withdrawn,2023,Fall 2023,120
375224,Chamberlain College of Nursing - Georgia,Emory Saint Joseph's Hospital,Nursing,Cohort Rotation,8,8,"10885, 10892, 10915, 10890, 10888, 10889, 10891, 10886",2023-09-08,2023-10-27,07:00:00,15:00:00,48,Fri,ID Missing,No Preceptor Assigned,Fundamentals,NR 226 - Fundamentals - Patient Care,5E,Archived (Completed),Completed,2023,Fall 2023,122
375225,Chamberlain College of Nursing - Georgia,Emory Saint Joseph's Hospital,Nursing,Cohort Rotation,8,8,"10916, 10917, 10918, 10919, 10900, 10920, 10921, 10922",2023-09-09,2023-10-28,07:00:00,15:00:00,48,Sat,ID Missing,No Preceptor Assigned,Fundamentals,NR 226 - Fundamentals - Patient Care,4W,Archived (Completed),Completed,2023,Fall 2023,123
375393,Chamberlain College of Nursing - Georgia,Emory Decatur Hospital,Nursing,Cohort Rotation,6,6,"10923, 10924, 10152, 10925, 10734, 10151",2023-09-08,2023-10-27,07:00:00,15:00:00,48,Fri,ID Missing,No Preceptor Assigned,Psychiatry; Mental Health; Behavioral Medicine,NR 326 - Mental Health Nursing,Behavioral Health (acute) - 1800,Archived (Completed),Completed,2023,Fall 2023,122
375394,Chamberlain College of Nursing - Georgia,Emory Saint Joseph's Hospital,Nursing,Precepted Rotation,1,1,10926,2023-07-10,2023-09-02,00:00:00,23:59:00,48,"Mon, Thu, Fri",ID Missing,ID Missing,MedSurg - Acute Care,NR 452 - Senior Practicum - Capstone Course,6W,Archived (Completed),Completed,2023,Fall 2023,104
375395,Chamberlain College of Nursing - Georgia,Emory Saint Joseph's Hospital,Nursing,Precepted Rotation,1,1,10927,2023-07-10,2023-09-02,00:00:00,23:59:00,48,"Mon, Thu, Fri",ID Missing,ID Missing,MedSurg - Acute Care,NR 452 - Senior Practicum - Capstone Course,3E,Archived (Completed),Completed,2023,Fall 2023,104
375414,Chamberlain College of Nursing - Georgia,Emory Decatur Hospital,Nursing,Cohort Rotation,6,6,"10928, 10929, 10863, 10930, 10117, 10931",2023-11-03,2023-12-15,07:00:00,15:00:00,48,Fri,ID Missing,No Preceptor Assigned,Psychiatry; Mental Health; Behavioral Medicine,NR 326 - Mental Health Nursing,Behavioral Health (acute) - 1800,Archived (Completed),Completed,2023,Fall 2023,142
375427,Chamberlain College of Nursing - Georgia,Emory University Hospital at Wesley Woods,Nursing,Cohort Rotation,0,6,No Students Assigned,2023-09-08,2023-09-29,07:00:00,19:00:00,48,Fri,ID Missing,No Preceptor Assigned,Psychiatry; Mental Health; Behavioral Medicine,NR 326 - Mental Health Nursing,Inpatient Psych,Archived (Withdrawn),Withdrawn,2023,Fall 2023,121
375428,Chamberlain College of Nursing - Georgia,Emory University Hospital At Wesley Woods,Nursing,Cohort Rotation,6,6,"10059, 10932, 10933, 10934, 10124, 10125",2023-11-03,2023-12-15,07:00:00,15:00:00,48,Fri,ID Missing,No Preceptor Assigned,Psychiatry; Mental Health; Behavioral Medicine,NR 326 - Mental Health Nursing,Inpatient Psych,Archived (Completed),Completed,2023,Fall 2023,142
375451,Chamberlain College of Nursing - Georgia,Emory University Hospital Midtown,Nursing,Cohort Rotation,0,8,No Students Assigned,2023-09-05,2023-10-24,07:00:00,19:00:00,96,Tue,ID Missing,No Preceptor Assigned,MedSurg - Acute Care,NR 325 - Adult Health II,22: Med/Surg,Archived (Withdrawn),Withdrawn,2023,Fall 2023,116
375452,Chamberlain College of Nursing - Georgia,Emory University Hospital Midtown,Nursing,Cohort Rotation,8,8,"10855, 10163, 10164, 10166, 10856, 10857, 10858, 10859",2023-09-07,2023-10-26,07:00:00,19:00:00,96,Thu,ID Missing,No Preceptor Assigned,MedSurg - Acute Care,NR 325 - Adult Health II,22: Med/Surg,Archived (Completed),Completed,2023,Fall 2023,120
375453,Chamberlain College of Nursing - Georgia,Emory University Hospital Midtown,Nursing,Cohort Rotation,8,8,"10935, 10936, 10937, 10938, 10939, 10940, 10941, 10942",2023-10-31,2023-12-19,07:00:00,19:00:00,96,Tue,ID Missing,No Preceptor Assigned,MedSurg - Acute Care,NR 324 - Adult Health I,22: Med/Surg,Archived (Completed),Completed,2023,Fall 2023,133
375454,Chamberlain College of Nursing - Georgia,Emory University Hospital Midtown,Nursing,Cohort Rotation,0,8,No Students Assigned,2023-11-02,2023-12-14,07:00:00,19:00:00,96,Thu,ID Missing,No Preceptor Assigned,MedSurg - Acute Care,NR 324 - Adult Health I,22: Med/Surg,Archived (Completed),Completed,2023,Fall 2023,139
375849,Emory University - SON Pre-licensure,Emory Decatur Hospital,Nursing,Precepted Rotation,1,1,10943,2023-02-01,2023-03-01,00:00:00,23:59:00,60,"Mon, Tue, Wed, Sat, Sun",ID Missing,3003,Practicum,NRSG 431 - Clinical Practicum IV,ICU,Archived (Completed),Completed,2023,Spring 2023,255
375857,Grand Canyon University,Emory Hillandale Hospital,Nursing,Precepted Rotation,1,1,10944,2023-04-03,2023-06-11,00:00:00,23:59:00,100,,2014,3012,MedSurg - Acute Care,NRS-493 - Professional Capstone and Practicum,5th floor - med surg,Archived (Completed),Completed,2023,Spring 2023,460
375983,Georgia State University - Perimeter College,Emory Long Term Acute Care Hospital,Nursing,Cohort Rotation,0,6,No Students Assigned,2023-09-21,2023-10-19,07:00:00,19:00:00,60,Thu,ID Missing,No Preceptor Assigned,MedSurg - Acute Care,NURS 1921 - Fundamentals,LTAC,Archived (Withdrawn),Withdrawn,2023,Fall 2023,430
375984,Georgia State University - Perimeter College,Emory Long Term Acute Care Hospital,Nursing,Cohort Rotation,0,6,No Students Assigned,2023-10-26,2023-11-30,07:00:00,19:00:00,60,Thu,ID Missing,No Preceptor Assigned,MedSurg - Acute Care,NURS 1921 - Fundamentals,LTAC,Archived (Withdrawn),Withdrawn,2023,Fall 2023,433
375985,Georgia State University - Perimeter College,Emory Long Term Acute Care Hospital,Nursing,Cohort Rotation,6,6,"10945, 10219, 10946, 10947, 10948, 10949",2023-09-29,2023-11-17,07:00:00,19:00:00,96,Fri,ID Missing,No Preceptor Assigned,MedSurg - Acute Care,NURS 1930 - Intermediate Concepts of Nursing,LTAC,Archived (Completed),Completed,2023,Fall 2023,432
375988,Georgia State University - Perimeter College,Emory Decatur Hospital,Nursing,Cohort Rotation,0,6,No Students Assigned,2023-09-21,2023-10-19,07:00:00,19:00:00,60,Thu,ID Missing,No Preceptor Assigned,MedSurg - Acute Care,NURS 1921 - Fundamentals,Inpatient Rehab,Archived (Withdrawn),Withdrawn,2023,Fall 2023,430
375989,Georgia State University - Perimeter College,Emory Decatur Hospital,Nursing,Cohort Rotation,0,6,No Students Assigned,2023-10-26,2023-11-30,07:00:00,19:00:00,60,Thu,ID Missing,No Preceptor Assigned,MedSurg - Acute Care,NURS 1921 - Fundamentals,Inpatient Rehab,Archived (Withdrawn),Withdrawn,2023,Fall 2023,433
375990,Georgia State University - Perimeter College,Emory Decatur Hospital,Nursing,Cohort Rotation,0,6,No Students Assigned,2023-09-22,2023-10-20,07:00:00,19:00:00,60,Fri,ID Missing,No Preceptor Assigned,MedSurg - Acute Care,NURS 1921 - Fundamentals,Inpatient Rehab,Archived (Denied),Denied,2023,Fall 2023,431
375991,Georgia State University - Perimeter College,Emory Decatur Hospital,Nursing,Cohort Rotation,0,6,No Students Assigned,2023-10-27,2023-12-01,07:00:00,19:00:00,60,Fri,ID Missing,No Preceptor Assigned,MedSurg - Acute Care,NURS 1921 - Fundamentals,Inpatient Rehab,Archived (Denied),Denied,2023,Fall 2023,434
377397,Auburn University - College of Nursing - BSN,Emory Saint Joseph's Hospital,Nursing,Precepted Rotation,1,1,10950,2023-06-10,2023-07-29,00:00:00,23:59:00,212,,ID Missing,No Preceptor Assigned,Practicum,NURS 4921 - Nursing Practice Preceptorship-Senior Practicum,2SW,Archived (Completed),Completed,2023,Spring 2023,1
377406,Auburn University - College of Nursing - BSN,Emory University Hospital Midtown,Nursing,Precepted Rotation,1,1,10951,2023-06-10,2023-07-29,00:00:00,23:59:00,212,,ID Missing,No Preceptor Assigned,Practicum,NURS 4921 - Nursing Practice Preceptorship-Senior Practicum,31: ICU,Archived (Completed),Completed,2023,Spring 2023,1
377887,Emory University - SON Pre-licensure,Emory University Hospital at Wesley Woods,Nursing,Precepted Rotation,1,1,10952,2023-03-13,2023-05-03,00:00:00,23:59:00,132,"Mon, Tue, Wed, Sat, Sun",2009,ID Missing,Practicum,NRSG 431 - Clinical Practicum IV,Inpatient Psych,Archived (Completed),Completed,2023,Spring 2023,256
379424,Emory University - SON Pre-licensure,Emory Johns Creek Hospital,Nursing,Precepted Rotation,1,1,10803,2023-03-13,2023-05-03,00:00:00,23:59:00,132,"Mon, Tue, Wed, Sat, Sun",2008,ID Missing,Practicum,NRSG 648 MN - Transitions to Nursing Practice,ICU: critical care,Archived (Completed),Completed,2023,Spring 2023,256
379640,Chamberlain College of Nursing - Georgia,Emory Saint Joseph's Hospital,Nursing,Precepted Rotation,1,1,10926,2023-05-08,2023-06-30,00:00:00,23:59:00,96,"Mon, Thu, Fri",ID Missing,ID Missing,MedSurg - Acute Care,NR 446 - Senior Practicum - Collaborative Healthcare,6W,Archived (Completed),Completed,2023,Spring 2023,92
379641,Chamberlain College of Nursing - Georgia,Emory Saint Joseph's Hospital,Nursing,Precepted Rotation,1,1,10927,2023-05-08,2023-06-30,00:00:00,23:59:00,96,"Mon, Thu, Fri",ID Missing,ID Missing,MedSurg - Acute Care,NR 446 - Senior Practicum - Collaborative Healthcare,3E,Archived (Completed),Completed,2023,Spring 2023,92
379654,Emory University - SON Pre-licensure,Emory Saint Joseph's Hospital,Nursing,Precepted Rotation,1,1,10801,2023-03-13,2023-05-03,00:00:00,23:59:00,132,"Sat, Sun",ID Missing,ID Missing,Practicum,NRSG 648 MN - Transitions to Nursing Practice,2SW,Archived (Completed),Completed,2023,Spring 2023,256
379935,Emory University - SON Pre-licensure,"Emory Offsite locations - The Emory Clinic, Ambulatory Surgery Centers and the Emory Specialty Assocs",Nursing,Precepted Rotation,1,1,10755,2023-03-13,2023-05-03,00:00:00,23:59:00,24,Tue,ID Missing,ID Missing,Ambulatory,NRSG 676 MN - Care Transitions Practicum,Other (see comments),Archived (Completed),Completed,2023,Spring 2023,256
379936,Emory University - SON Pre-licensure,"Emory Offsite locations - The Emory Clinic, Ambulatory Surgery Centers and the Emory Specialty Assocs",Nursing,Precepted Rotation,1,1,10693,2023-03-13,2023-05-03,00:00:00,23:59:00,24,Tue,ID Missing,ID Missing,Ambulatory,NRSG 676 MN - Care Transitions Practicum,Other (see comments),Archived (Completed),Completed,2023,Spring 2023,256
379937,Emory University - SON Pre-licensure,"Emory Offsite locations - The Emory Clinic, Ambulatory Surgery Centers and the Emory Specialty Assocs",Nursing,Precepted Rotation,1,1,10697,2023-03-13,2023-05-03,00:00:00,23:59:00,24,Tue,ID Missing,ID Missing,Ambulatory,NRSG 676 MN - Care Transitions Practicum,Other (see comments),Archived (Completed),Completed,2023,Spring 2023,256
379939,Emory University - SON Pre-licensure,"Emory Offsite locations - The Emory Clinic, Ambulatory Surgery Centers and the Emory Specialty Assocs",Nursing,Precepted Rotation,1,1,10679,2023-03-13,2023-05-03,00:00:00,23:59:00,24,Wed,ID Missing,ID Missing,Ambulatory,NRSG 676 MN - Care Transitions Practicum,Other (see comments),Archived (Completed),Completed,2023,Spring 2023,256
379940,Emory University - SON Pre-licensure,"Emory Offsite locations - The Emory Clinic, Ambulatory Surgery Centers and the Emory Specialty Assocs",Nursing,Precepted Rotation,1,1,10765,2023-03-13,2023-05-03,00:00:00,23:59:00,24,Wed,ID Missing,ID Missing,Ambulatory,NRSG 676 MN - Care Transitions Practicum,Other (see comments),Archived (Completed),Completed,2023,Spring 2023,256
379941,Emory University - SON Pre-licensure,"Emory Offsite locations - The Emory Clinic, Ambulatory Surgery Centers and the Emory Specialty Assocs",Nursing,Precepted Rotation,1,1,10778,2023-03-13,2023-05-03,00:00:00,23:59:00,24,Tue,ID Missing,ID Missing,Ambulatory,NRSG 676 MN - Care Transitions Practicum,Other (see comments),Archived (Completed),Completed,2023,Spring 2023,256
379943,Emory University - SON Pre-licensure,"Emory Offsite locations - The Emory Clinic, Ambulatory Surgery Centers and the Emory Specialty Assocs",Nursing,Precepted Rotation,1,1,10690,2023-03-13,2023-05-03,00:00:00,23:59:00,24,Tue,ID Missing,ID Missing,Ambulatory,NRSG 676 MN - Care Transitions Practicum,Other (see comments),Archived (Completed),Completed,2023,Spring 2023,256
379956,Emory University - SON Pre-licensure,"Emory Offsite locations - The Emory Clinic, Ambulatory Surgery Centers and the Emory Specialty Assocs",Nursing,Precepted Rotation,1,1,10692,2023-03-13,2023-05-03,00:00:00,23:59:00,24,Wed,ID Missing,ID Missing,Ambulatory,NRSG 676 MN - Care Transitions Practicum,Other (see comments),Archived (Completed),Completed,2023,Spring 2023,256
379960,Emory University - SON Pre-licensure,"Emory Offsite locations - The Emory Clinic, Ambulatory Surgery Centers and the Emory Specialty Assocs",Nursing,Precepted Rotation,1,1,10756,2023-03-13,2023-05-03,00:00:00,23:59:00,24,Tue,ID Missing,ID Missing,Ambulatory,NRSG 676 MN - Care Transitions Practicum,Other (see comments),Archived (Completed),Completed,2023,Spring 2023,256
379964,Emory University - SON Pre-licensure,"Emory Offsite locations - The Emory Clinic, Ambulatory Surgery Centers and the Emory Specialty Assocs",Nursing,Precepted Rotation,1,1,10766,2023-03-13,2023-05-03,00:00:00,23:59:00,24,Tue,ID Missing,ID Missing,Ambulatory,NRSG 676 MN - Care Transitions Practicum,Other (see comments),Archived (Completed),Completed,2023,Spring 2023,256
379966,Emory University - SON Pre-licensure,"Emory Offsite locations - The Emory Clinic, Ambulatory Surgery Centers and the Emory Specialty Assocs",Nursing,Precepted Rotation,1,1,10677,2023-03-13,2023-05-03,00:00:00,23:59:00,24,Wed,ID Missing,ID Missing,Ambulatory,NRSG 676 MN - Care Transitions Practicum,Other (see comments),Archived (Completed),Completed,2023,Spring 2023,256
379969,Emory University - SON Pre-licensure,"Emory Offsite locations - The Emory Clinic, Ambulatory Surgery Centers and the Emory Specialty Assocs",Nursing,Precepted Rotation,1,1,10768,2023-03-13,2023-05-03,00:00:00,23:59:00,24,Wed,ID Missing,ID Missing,Ambulatory,NRSG 676 MN - Care Transitions Practicum,Other (see comments),Archived (Completed),Completed,2023,Spring 2023,256
379975,Emory University - SON Pre-licensure,"Emory Offsite locations - The Emory Clinic, Ambulatory Surgery Centers and the Emory Specialty Assocs",Nursing,Precepted Rotation,1,1,10740,2023-03-13,2023-05-03,00:00:00,23:59:00,24,Wed,ID Missing,ID Missing,Ambulatory,NRSG 676 MN - Care Transitions Practicum,Other (see comments),Archived (Completed),Completed,2023,Spring 2023,256
379977,Emory University - SON Pre-licensure,"Emory Offsite locations - The Emory Clinic, Ambulatory Surgery Centers and the Emory Specialty Assocs",Nursing,Precepted Rotation,1,1,10562,2023-03-13,2023-05-03,00:00:00,23:59:00,24,Tue,ID Missing,ID Missing,Ambulatory,NRSG 676 MN - Care Transitions Practicum,Other (see comments),Archived (Completed),Completed,2023,Spring 2023,256
379987,Emory University - SON Pre-licensure,"Emory Offsite locations - The Emory Clinic, Ambulatory Surgery Centers and the Emory Specialty Assocs",Nursing,Precepted Rotation,1,1,10777,2023-03-13,2023-05-03,00:00:00,23:59:00,24,Tue,ID Missing,ID Missing,Ambulatory,NRSG 676 MN - Care Transitions Practicum,Other (see comments),Archived (Completed),Completed,2023,Spring 2023,256
379990,Emory University - SON Pre-licensure,"Emory Offsite locations - The Emory Clinic, Ambulatory Surgery Centers and the Emory Specialty Assocs",Nursing,Precepted Rotation,1,1,10684,2023-03-13,2023-05-03,00:00:00,23:59:00,24,Tue,ID Missing,ID Missing,Ambulatory,NRSG 676 MN - Care Transitions Practicum,Other (see comments),Archived (Completed),Completed,2023,Spring 2023,256
379991,Emory University - SON Pre-licensure,"Emory Offsite locations - The Emory Clinic, Ambulatory Surgery Centers and the Emory Specialty Assocs",Nursing,Precepted Rotation,1,1,10767,2023-03-13,2023-05-03,00:00:00,23:59:00,24,Wed,ID Missing,ID Missing,Ambulatory,NRSG 676 MN - Care Transitions Practicum,Other (see comments),Archived (Completed),Completed,2023,Spring 2023,256
380030,Emory University - SON Pre-licensure,"Emory Offsite locations - The Emory Clinic, Ambulatory Surgery Centers and the Emory Specialty Assocs",Nursing,Precepted Rotation,1,1,10688,2023-03-13,2023-05-03,00:00:00,23:59:00,24,Wed,ID Missing,ID Missing,Ambulatory,NRSG 676 MN - Care Transitions Practicum,Other (see comments),Archived (Completed),Completed,2023,Spring 2023,256
380256,Emory University - SON Pre-licensure,"Emory Offsite locations - The Emory Clinic, Ambulatory Surgery Centers and the Emory Specialty Assocs",Nursing,Precepted Rotation,1,1,10702,2023-03-13,2023-05-03,00:00:00,23:59:00,24,Tue,ID Missing,ID Missing,Ambulatory,NRSG 676 MN - Care Transitions Practicum,Other (see comments),Archived (Completed),Completed,2023,Spring 2023,256
380258,Emory University - SON Pre-licensure,"Emory Offsite locations - The Emory Clinic, Ambulatory Surgery Centers and the Emory Specialty Assocs",Nursing,Precepted Rotation,1,1,10680,2023-03-13,2023-05-03,00:00:00,23:59:00,24,Wed,ID Missing,ID Missing,Ambulatory,NRSG 676 MN - Care Transitions Practicum,Other (see comments),Archived (Completed),Completed,2023,Spring 2023,256
380260,Emory University - SON Pre-licensure,"Emory Offsite locations - The Emory Clinic, Ambulatory Surgery Centers and the Emory Specialty Assocs",Nursing,Precepted Rotation,1,1,10685,2023-03-13,2023-05-03,00:00:00,23:59:00,24,Tue,ID Missing,ID Missing,Ambulatory,NRSG 676 MN - Care Transitions Practicum,Other (see comments),Archived (Completed),Completed,2023,Spring 2023,256
380263,Emory University - SON Pre-licensure,"Emory Offsite locations - The Emory Clinic, Ambulatory Surgery Centers and the Emory Specialty Assocs",Nursing,Precepted Rotation,1,1,10739,2023-03-13,2023-05-03,00:00:00,23:59:00,24,Wed,ID Missing,ID Missing,Ambulatory,NRSG 676 MN - Care Transitions Practicum,Other (see comments),Archived (Completed),Completed,2023,Spring 2023,256
380268,Emory University - SON Pre-licensure,"Emory Offsite locations - The Emory Clinic, Ambulatory Surgery Centers and the Emory Specialty Assocs",Nursing,Precepted Rotation,1,1,10953,2023-03-13,2023-05-03,00:00:00,23:59:00,24,Wed,ID Missing,ID Missing,Ambulatory,NRSG 676 MN - Care Transitions Practicum,Other (see comments),Archived (Completed),Completed,2023,Spring 2023,256
380270,Emory University - SON Pre-licensure,"Emory Offsite locations - The Emory Clinic, Ambulatory Surgery Centers and the Emory Specialty Assocs",Nursing,Precepted Rotation,1,1,10788,2023-03-13,2023-05-03,00:00:00,23:59:00,24,Wed,ID Missing,ID Missing,Ambulatory,NRSG 676 MN - Care Transitions Practicum,Other (see comments),Archived (Completed),Completed,2023,Spring 2023,256
380271,Emory University - SON Pre-licensure,"Emory Offsite locations - The Emory Clinic, Ambulatory Surgery Centers and the Emory Specialty Assocs",Nursing,Precepted Rotation,1,1,10785,2023-03-13,2023-05-03,00:00:00,23:59:00,24,Tue,ID Missing,ID Missing,Ambulatory,NRSG 676 MN - Care Transitions Practicum,Other (see comments),Archived (Completed),Completed,2023,Spring 2023,256
380272,Emory University - SON Pre-licensure,"Emory Offsite locations - The Emory Clinic, Ambulatory Surgery Centers and the Emory Specialty Assocs",Nursing,Precepted Rotation,1,1,10743,2023-03-13,2023-05-03,00:00:00,23:59:00,24,Tue,ID Missing,ID Missing,Ambulatory,NRSG 676 MN - Care Transitions Practicum,Other (see comments),Archived (Completed),Completed,2023,Spring 2023,256
380273,Emory University - SON Pre-licensure,"Emory Offsite locations - The Emory Clinic, Ambulatory Surgery Centers and the Emory Specialty Assocs",Nursing,Precepted Rotation,1,1,10698,2023-03-13,2023-05-03,00:00:00,23:59:00,24,Tue,ID Missing,ID Missing,Ambulatory,NRSG 676 MN - Care Transitions Practicum,Other (see comments),Archived (Completed),Completed,2023,Spring 2023,256
380277,Emory University - SON Pre-licensure,"Emory Offsite locations - The Emory Clinic, Ambulatory Surgery Centers and the Emory Specialty Assocs",Nursing,Precepted Rotation,1,1,10753,2023-03-13,2023-05-03,00:00:00,23:59:00,24,Tue,ID Missing,ID Missing,Ambulatory,NRSG 676 MN - Care Transitions Practicum,Other (see comments),Archived (Completed),Completed,2023,Spring 2023,256
380278,Emory University - SON Pre-licensure,"Emory Offsite locations - The Emory Clinic, Ambulatory Surgery Centers and the Emory Specialty Assocs",Nursing,Precepted Rotation,1,1,10699,2023-03-13,2023-05-03,00:00:00,23:59:00,24,Wed,ID Missing,ID Missing,Ambulatory,NRSG 676 MN - Care Transitions Practicum,Other (see comments),Archived (Completed),Completed,2023,Spring 2023,256
380280,Emory University - SON Pre-licensure,"Emory Offsite locations - The Emory Clinic, Ambulatory Surgery Centers and the Emory Specialty Assocs",Nursing,Precepted Rotation,1,1,10682,2023-03-13,2023-05-03,00:00:00,23:59:00,24,Wed,ID Missing,ID Missing,Ambulatory,NRSG 676 MN - Care Transitions Practicum,Other (see comments),Archived (Completed),Completed,2023,Spring 2023,256
380281,Emory University - SON Pre-licensure,"Emory Offsite locations - The Emory Clinic, Ambulatory Surgery Centers and the Emory Specialty Assocs",Nursing,Precepted Rotation,0,1,No Students Assigned,2023-03-13,2023-05-03,00:00:00,23:59:00,24,Wed,ID Missing,ID Missing,Ambulatory,NRSG 676 MN - Care Transitions Practicum,Other (see comments),Archived (Completed),Completed,2023,Spring 2023,256
380283,Emory University - SON Pre-licensure,"Emory Offsite locations - The Emory Clinic, Ambulatory Surgery Centers and the Emory Specialty Assocs",Nursing,Precepted Rotation,1,1,10747,2023-03-13,2023-05-03,00:00:00,23:59:00,24,Tue,ID Missing,ID Missing,Ambulatory,NRSG 676 MN - Care Transitions Practicum,Other (see comments),Archived (Completed),Completed,2023,Spring 2023,256
381159,Emory University - SON Pre-licensure,"Emory Offsite locations - The Emory Clinic, Ambulatory Surgery Centers and the Emory Specialty Assocs",Nursing,Precepted Rotation,1,1,10954,2023-03-13,2023-05-03,00:00:00,23:59:00,24,Tue,ID Missing,ID Missing,Ambulatory,NRSG 432 - Ambulatory Care,Other (see comments),Archived (Completed),Completed,2023,Spring 2023,256
381165,Emory University - SON Pre-licensure,"Emory Offsite locations - The Emory Clinic, Ambulatory Surgery Centers and the Emory Specialty Assocs",Nursing,Precepted Rotation,1,1,10955,2023-03-13,2023-05-03,00:00:00,23:59:00,24,Tue,ID Missing,ID Missing,Ambulatory,NRSG 432 - Ambulatory Care,Other (see comments),Archived (Completed),Completed,2023,Spring 2023,256
381167,Emory University - SON Pre-licensure,"Emory Offsite locations - The Emory Clinic, Ambulatory Surgery Centers and the Emory Specialty Assocs",Nursing,Precepted Rotation,1,1,10956,2023-03-13,2023-05-03,00:00:00,23:59:00,24,Tue,ID Missing,ID Missing,Ambulatory,NRSG 432 - Ambulatory Care,Other (see comments),Archived (Completed),Completed,2023,Spring 2023,256
381169,Emory University - SON Pre-licensure,"Emory Offsite locations - The Emory Clinic, Ambulatory Surgery Centers and the Emory Specialty Assocs",Nursing,Precepted Rotation,1,1,10957,2023-03-13,2023-05-03,00:00:00,23:59:00,24,Tue,ID Missing,ID Missing,Ambulatory,NRSG 432 - Ambulatory Care,Other (see comments),Archived (Completed),Completed,2023,Spring 2023,256
381173,Emory University - SON Pre-licensure,"Emory Offsite locations - The Emory Clinic, Ambulatory Surgery Centers and the Emory Specialty Assocs",Nursing,Precepted Rotation,1,1,10958,2023-03-13,2023-05-03,00:00:00,23:59:00,24,Tue,ID Missing,ID Missing,Ambulatory,NRSG 432 - Ambulatory Care,Other (see comments),Archived (Completed),Completed,2023,Spring 2023,256
381176,Hope College of Arts & Sciences,Emory Saint Joseph's Hospital,Nursing,Precepted Rotation,1,1,10959,2023-03-03,2023-08-01,00:00:00,23:59:00,120,,2015,3013,Neonatal ICU,HCAS-NUR 4220C - Advanced Medical Surgical Nursing,5E,Archived (Completed),Completed,2023,Spring 2023,471
381177,Emory University - SON Pre-licensure,"Emory Offsite locations - The Emory Clinic, Ambulatory Surgery Centers and the Emory Specialty Assocs",Nursing,Precepted Rotation,1,1,10960,2023-03-13,2023-05-03,00:00:00,23:59:00,24,Tue,ID Missing,ID Missing,Ambulatory,NRSG 432 - Ambulatory Care,Other (see comments),Archived (Completed),Completed,2023,Spring 2023,256
381181,Emory University - SON Pre-licensure,"Emory Offsite locations - The Emory Clinic, Ambulatory Surgery Centers and the Emory Specialty Assocs",Nursing,Precepted Rotation,1,1,10691,2023-03-13,2023-05-03,00:00:00,23:59:00,24,Tue,ID Missing,ID Missing,Ambulatory,NRSG 432 - Ambulatory Care,Other (see comments),Archived (Completed),Completed,2023,Spring 2023,256
381184,Emory University - SON Pre-licensure,"Emory Offsite locations - The Emory Clinic, Ambulatory Surgery Centers and the Emory Specialty Assocs",Nursing,Precepted Rotation,1,1,10961,2023-03-13,2023-05-03,00:00:00,23:59:00,24,Tue,ID Missing,ID Missing,Ambulatory,NRSG 432 - Ambulatory Care,Other (see comments),Archived (Completed),Completed,2023,Spring 2023,256
381186,Hope College of Arts & Sciences,Emory Saint Joseph's Hospital,Nursing,Precepted Rotation,1,1,10962,2023-03-03,2023-08-05,00:00:00,23:59:00,120,,2015,3013,Pediatrics,NUR 2030C - Maternity & Newborn Nursing,5W,Archived (Completed),Completed,2023,Spring 2023,472
381187,Emory University - SON Pre-licensure,"Emory Offsite locations - The Emory Clinic, Ambulatory Surgery Centers and the Emory Specialty Assocs",Nursing,Precepted Rotation,1,1,10963,2023-03-13,2023-05-03,00:00:00,23:59:00,24,Tue,ID Missing,ID Missing,Ambulatory,NRSG 432 - Ambulatory Care,Other (see comments),Archived (Completed),Completed,2023,Spring 2023,256
381190,Emory University - SON Pre-licensure,"Emory Offsite locations - The Emory Clinic, Ambulatory Surgery Centers and the Emory Specialty Assocs",Nursing,Precepted Rotation,1,1,10700,2023-03-13,2023-05-03,00:00:00,23:59:00,24,Tue,ID Missing,ID Missing,Ambulatory,NRSG 432 - Ambulatory Care,Other (see comments),Archived (Completed),Completed,2023,Spring 2023,256
381198,Emory University - SON Pre-licensure,"Emory Offsite locations - The Emory Clinic, Ambulatory Surgery Centers and the Emory Specialty Assocs",Nursing,Precepted Rotation,1,1,10695,2023-03-13,2023-05-03,00:00:00,23:59:00,24,Tue,ID Missing,ID Missing,Ambulatory,NRSG 432 - Ambulatory Care,Other (see comments),Archived (Completed),Completed,2023,Spring 2023,256
381205,Emory University - SON Pre-licensure,"Emory Offsite locations - The Emory Clinic, Ambulatory Surgery Centers and the Emory Specialty Assocs",Nursing,Precepted Rotation,1,1,10764,2023-03-13,2023-05-03,00:00:00,23:59:00,24,Wed,2012,ID Missing,Ambulatory,NRSG 432 - Ambulatory Care,Other (see comments),Archived (Completed),Completed,2023,Spring 2023,256
381210,Emory University - SON Pre-licensure,"Emory Offsite locations - The Emory Clinic, Ambulatory Surgery Centers and the Emory Specialty Assocs",Nursing,Precepted Rotation,1,1,10964,2023-03-13,2023-05-03,00:00:00,23:59:00,24,Wed,ID Missing,ID Missing,Ambulatory,NRSG 432 - Ambulatory Care,Other (see comments),Archived (Completed),Completed,2023,Spring 2023,256
381220,Emory University - SON Pre-licensure,"Emory Offsite locations - The Emory Clinic, Ambulatory Surgery Centers and the Emory Specialty Assocs",Nursing,Precepted Rotation,1,1,10718,2023-03-13,2023-05-03,00:00:00,23:59:00,24,Wed,ID Missing,ID Missing,Ambulatory,NRSG 432 - Ambulatory Care,Other (see comments),Archived (Completed),Completed,2023,Spring 2023,256
381227,Emory University - SON Pre-licensure,"Emory Offsite locations - The Emory Clinic, Ambulatory Surgery Centers and the Emory Specialty Assocs",Nursing,Precepted Rotation,1,1,10965,2023-03-13,2023-05-03,00:00:00,23:59:00,24,Wed,2012,ID Missing,Ambulatory,NRSG 432 - Ambulatory Care,Other (see comments),Archived (Completed),Completed,2023,Spring 2023,256
381235,Emory University - SON Pre-licensure,"Emory Offsite locations - The Emory Clinic, Ambulatory Surgery Centers and the Emory Specialty Assocs",Nursing,Precepted Rotation,1,1,10966,2023-03-13,2023-05-03,00:00:00,23:59:00,24,Wed,ID Missing,ID Missing,Ambulatory,NRSG 432 - Ambulatory Care,Other (see comments),Archived (Completed),Completed,2023,Spring 2023,256
381312,Emory University - SON Pre-licensure,"Emory Offsite locations - The Emory Clinic, Ambulatory Surgery Centers and the Emory Specialty Assocs",Nursing,Precepted Rotation,1,1,10789,2023-03-13,2023-05-03,00:00:00,23:59:00,24,Tue,ID Missing,ID Missing,Ambulatory,NRSG 676 MN - Care Transitions Practicum,Other (see comments),Archived (Completed),Completed,2023,Spring 2023,256
381314,Emory University - SON Pre-licensure,"Emory Offsite locations - The Emory Clinic, Ambulatory Surgery Centers and the Emory Specialty Assocs",Nursing,Precepted Rotation,1,1,10681,2023-03-13,2023-05-03,00:00:00,23:59:00,24,Wed,2012,ID Missing,Ambulatory,NRSG 432 - Ambulatory Care,Other (see comments),Archived (Completed),Completed,2023,Spring 2023,256
381324,Emory University - SON Pre-licensure,"Emory Offsite locations - The Emory Clinic, Ambulatory Surgery Centers and the Emory Specialty Assocs",Nursing,Precepted Rotation,1,1,10701,2023-03-13,2023-05-03,00:00:00,23:59:00,24,Wed,ID Missing,ID Missing,Ambulatory,NRSG 432 - Ambulatory Care,Other (see comments),Archived (Completed),Completed,2023,Spring 2023,256
381325,Emory University - SON Pre-licensure,"Emory Offsite locations - The Emory Clinic, Ambulatory Surgery Centers and the Emory Specialty Assocs",Nursing,Precepted Rotation,1,1,10736,2023-03-13,2023-05-03,00:00:00,23:59:00,24,Wed,ID Missing,ID Missing,Ambulatory,NRSG 432 - Ambulatory Care,Other (see comments),Archived (Completed),Completed,2023,Spring 2023,256
381326,Emory University - SON Pre-licensure,"Emory Offsite locations - The Emory Clinic, Ambulatory Surgery Centers and the Emory Specialty Assocs",Nursing,Precepted Rotation,1,1,10967,2023-03-13,2023-05-03,00:00:00,23:59:00,24,Wed,2012,ID Missing,Ambulatory,NRSG 432 - Ambulatory Care,Other (see comments),Archived (Completed),Completed,2023,Spring 2023,256
381327,Emory University - SON Pre-licensure,"Emory Offsite locations - The Emory Clinic, Ambulatory Surgery Centers and the Emory Specialty Assocs",Nursing,Precepted Rotation,1,1,10968,2023-03-13,2023-05-03,00:00:00,23:59:00,24,Wed,ID Missing,ID Missing,Ambulatory,NRSG 432 - Ambulatory Care,Other (see comments),Archived (Completed),Completed,2023,Spring 2023,256
381328,Emory University - SON Pre-licensure,"Emory Offsite locations - The Emory Clinic, Ambulatory Surgery Centers and the Emory Specialty Assocs",Nursing,Precepted Rotation,1,1,10969,2023-03-13,2023-05-03,00:00:00,23:59:00,24,Wed,2012,ID Missing,Ambulatory,NRSG 432 - Ambulatory Care,Other (see comments),Archived (Completed),Completed,2023,Spring 2023,256
381554,Grand Canyon University,"Emory Offsite locations - The Emory Clinic, Ambulatory Surgery Centers and the Emory Specialty Assocs",Nursing,Precepted Rotation,1,1,10970,2023-09-04,2023-11-12,00:00:00,23:59:00,100,,2016,3014,Practicum,NRS-493 - Professional Capstone and Practicum,Other (see comments),Archived (Completed),Completed,2023,Fall 2023,462
381895,Kennesaw State University - Nursing,"Emory Offsite locations - The Emory Clinic, Ambulatory Surgery Centers and the Emory Specialty Assocs",Nursing,Precepted Rotation,1,2,10971,2023-05-17,2023-06-16,00:00:00,23:59:00,96,"Wed, Thu, Fri",ID Missing,No Preceptor Assigned,Community,4412 - Community Health,Other (see comments),Archived (Completed),Completed,2023,Spring 2023,485
381896,Kennesaw State University - Nursing,"Emory Offsite locations - The Emory Clinic, Ambulatory Surgery Centers and the Emory Specialty Assocs",Nursing,Precepted Rotation,1,2,10972,2023-06-21,2023-07-21,00:00:00,23:59:00,96,"Wed, Thu, Fri",ID Missing,No Preceptor Assigned,Community,4412 - Community Health,Other (see comments),Archived (Completed),Completed,2023,Spring 2023,488
382320,Emory University - SON Pre-licensure,Emory University Hospital Midtown,Nursing,Cohort Rotation,6,6,"10289, 10429, 10439, 10451, 10464, 10308",2023-05-16,2023-06-20,07:00:00,19:00:00,60,Tue,ID Missing,No Preceptor Assigned,Perinatal - OB,NRSG 392 Practicum - Maternity Practicum,Maternity,Archived (Completed),Completed,2023,Spring 2023,274
382324,Emory University - SON Pre-licensure,Emory University Hospital Midtown,Nursing,Cohort Rotation,6,6,"10292, 10446, 10421, 10290, 10291, 10316",2023-05-17,2023-06-21,07:00:00,19:00:00,60,Wed,ID Missing,No Preceptor Assigned,Perinatal - OB,NRSG 392 Practicum - Maternity Practicum,Maternity,Archived (Completed),Completed,2023,Spring 2023,275
382326,Emory University - SON Pre-licensure,Emory University Hospital Midtown,Nursing,Cohort Rotation,6,6,"10467, 10343, 10475, 10311, 10483, 10973",2023-05-20,2023-06-24,07:00:00,19:00:00,60,Sat,ID Missing,No Preceptor Assigned,Perinatal - OB,NRSG 392 Practicum - Maternity Practicum,Maternity,Archived (Completed),Completed,2023,Spring 2023,277
382329,Emory University - SON Pre-licensure,Emory Decatur Hospital,Nursing,Cohort Rotation,4,6,"10447, 10332, 10279, 10281",2023-05-16,2023-06-20,07:00:00,19:00:00,60,Tue,ID Missing,No Preceptor Assigned,Perinatal - OB,NRSG 392 Practicum - Maternity Practicum,Mother/Baby,Archived (Completed),Completed,2023,Spring 2023,274
382330,Emory University - SON Pre-licensure,Emory Decatur Hospital,Nursing,Cohort Rotation,6,6,"10283, 10342, 10288, 10436, 10295, 10335",2023-05-17,2023-06-21,07:00:00,19:00:00,60,Wed,ID Missing,No Preceptor Assigned,Perinatal - OB,NRSG 392 Practicum - Maternity Practicum,Mother/Baby,Archived (Completed),Completed,2023,Spring 2023,275
382332,Emory University - SON,Emory Decatur Hospital,Nursing,Cohort Rotation,0,6,No Students Assigned,2023-05-20,2023-06-24,07:00:00,19:00:00,60,Sat,ID Missing,No Preceptor Assigned,Perinatal - OB,NRSG 392 Practicum - Maternity Practicum,Mother/Baby,Archived (Withdrawn),Withdrawn,2023,Spring 2023,224
382343,Emory University - SON Pre-licensure,Emory Johns Creek Hospital,Nursing,Cohort Rotation,6,6,"10473, 10341, 10474, 10472, 10470, 10423",2023-05-16,2023-06-20,07:00:00,19:00:00,60,Tue,ID Missing,No Preceptor Assigned,Perinatal - OB,NRSG 392 Practicum - Maternity Practicum,"Maternity: M/B, L&D, NICU",Archived (Completed),Completed,2023,Spring 2023,274
382347,Emory University - SON Pre-licensure,Emory Johns Creek Hospital,Nursing,Cohort Rotation,6,6,"10441, 10457, 10460, 10438, 10440, 10435",2023-05-17,2023-06-21,07:00:00,19:00:00,60,Wed,ID Missing,No Preceptor Assigned,Perinatal - OB,NRSG 392 Practicum - Maternity Practicum,"Maternity: M/B, L&D, NICU",Archived (Completed),Completed,2023,Spring 2023,275
382519,Kennesaw State University - Nursing,Emory Saint Joseph's Hospital,Nursing,Cohort Rotation,4,8,"10974, 10975, 10976, 10977",2023-06-15,2023-07-21,07:00:00,15:00:00,96,"Thu, Fri",ID Missing,No Preceptor Assigned,MedSurg - Acute Care,3313 - Adult Health,4S,Archived (Completed),Completed,2023,Spring 2023,487
382528,Georgia Baptist College of Nursing of Mercer University - Undergraduate Nursing,Emory Saint Joseph's Hospital,Nursing,Cohort Rotation,0,8,No Students Assigned,2023-10-25,2023-12-13,07:00:00,13:00:00,36,Wed,ID Missing,No Preceptor Assigned,Fundamentals,NUR 313 - Fundamentals,6E,Archived (Withdrawn),Withdrawn,2023,Fall 2023,406
382529,Georgia Baptist College of Nursing of Mercer University - Undergraduate Nursing,Emory Saint Joseph's Hospital,Nursing,Cohort Rotation,8,8,"10978, 10070, 10979, 10980, 10071, 10981, 10982, 10983",2023-09-07,2023-12-14,07:00:00,19:00:00,132,Thu,ID Missing,No Preceptor Assigned,MedSurg - Acute Care,NUR 408 - High Acuity Adult,6W pulmonary thoracic,Archived (Completed),Completed,2023,Fall 2023,403
382564,Georgia Baptist College of Nursing of Mercer University - Undergraduate Nursing,Emory University Hospital Midtown,Nursing,Cohort Rotation,4,8,"10984, 10067, 10985, 10986",2023-09-01,2023-09-22,07:00:00,19:00:00,40,Fri,ID Missing,No Preceptor Assigned,Perinatal - OB,NUR 407 - Care of the Childbearing Family,42/54: Mother/Baby,Archived (Completed),Completed,2023,Fall 2023,402
382565,Georgia Baptist College of Nursing of Mercer University - Undergraduate Nursing,Emory University Hospital Midtown,Nursing,Cohort Rotation,4,8,"10987, 10988, 10989, 10990",2023-09-29,2023-10-20,07:00:00,19:00:00,40,Fri,ID Missing,No Preceptor Assigned,Perinatal - OB,NUR 407 - Care of the Childbearing Family,42/54: Mother/Baby,Archived (Completed),Completed,2023,Fall 2023,404
382566,Georgia Baptist College of Nursing of Mercer University - Undergraduate Nursing,Emory University Hospital Midtown,Nursing,Cohort Rotation,4,8,"10991, 10072, 10992, 10993",2023-10-27,2023-12-08,07:00:00,19:00:00,40,Fri,ID Missing,No Preceptor Assigned,Perinatal - OB,NUR 407 - Care of the Childbearing Family,42/54: Mother/Baby,Archived (Completed),Completed,2023,Fall 2023,407
383059,Emory University - SON Pre-licensure,Emory University Hospital Midtown,Nursing,Precepted Rotation,1,1,10800,2023-03-13,2023-05-03,00:00:00,23:59:00,132,"Mon, Tue, Fri, Sat, Sun",ID Missing,ID Missing,Practicum,NRSG 648 MN - Transitions to Nursing Practice,31: Ortho/Neuro,Archived (Completed),Completed,2023,Spring 2023,256
383360,Emory University - SON Pre-licensure,Emory Decatur Hospital,Nursing,Cohort Rotation,6,8,"10994, 10995, 10996, 10997, 10998, 10999",2023-06-15,2023-07-27,07:00:00,19:00:00,60,Thu,ID Missing,No Preceptor Assigned,Fundamentals,527 MN - Foundation of Nursing Practice,Cardiac Telemetry - 2400,Archived (Completed),Completed,2023,Spring 2023,283
383361,Emory University - SON Pre-licensure,Emory Decatur Hospital,Nursing,Cohort Rotation,8,8,"11000, 11001, 11002, 11003, 11004, 11005, 11006, 11007",2023-06-15,2023-07-27,07:00:00,19:00:00,60,Thu,ID Missing,No Preceptor Assigned,Fundamentals,527 MN - Foundation of Nursing Practice,Surgical Oncology - 4200,Archived (Completed),Completed,2023,Spring 2023,283
383362,Emory University - SON Pre-licensure,Emory Hillandale Hospital,Nursing,Cohort Rotation,8,8,"11008, 11009, 11010, 11011, 11012, 11013, 11014, 11015",2023-06-15,2023-07-27,07:00:00,19:00:00,60,Thu,ID Missing,No Preceptor Assigned,Fundamentals,527 MN - Foundation of Nursing Practice,4th floor - telemetry,Archived (Completed),Completed,2023,Spring 2023,283
383363,Emory University - SON Pre-licensure,Emory Hillandale Hospital,Nursing,Cohort Rotation,8,8,"11016, 11017, 11018, 11019, 11020, 11021, 11022, 11023",2023-06-15,2023-07-27,07:00:00,19:00:00,60,Thu,ID Missing,No Preceptor Assigned,Fundamentals,527 MN - Foundation of Nursing Practice,3rd floor - med surg,Archived (Completed),Completed,2023,Spring 2023,283
383365,Emory University - SON Pre-licensure,Emory Johns Creek Hospital,Nursing,Cohort Rotation,5,8,"11024, 11025, 11026, 11027, 11028",2023-06-15,2023-07-27,07:00:00,19:00:00,60,Thu,ID Missing,No Preceptor Assigned,Fundamentals,527 MN - Foundation of Nursing Practice,6W oncology,Archived (Completed),Completed,2023,Spring 2023,283
383367,Emory University - SON Pre-licensure,Emory Saint Joseph's Hospital,Nursing,Cohort Rotation,8,8,"11029, 11030, 11031, 11032, 11033, 11034, 11035, 11036",2023-06-15,2023-07-27,07:00:00,19:00:00,60,Thu,ID Missing,No Preceptor Assigned,Fundamentals,527 MN - Foundation of Nursing Practice,4E,Archived (Completed),Completed,2023,Spring 2023,283
383368,Emory University - SON Pre-licensure,Emory University Hospital,Nursing,Cohort Rotation,8,8,"11037, 11038, 11039, 11040, 11041, 11042, 11043, 11044",2023-06-15,2023-07-27,07:00:00,19:00:00,60,Thu,ID Missing,No Preceptor Assigned,Fundamentals,527 MN - Foundation of Nursing Practice,7T: Surgical,Archived (Completed),Completed,2023,Spring 2023,283
383369,Emory University - SON Pre-licensure,Emory University Hospital,Nursing,Cohort Rotation,0,8,No Students Assigned,2023-06-16,2023-07-27,07:00:00,19:00:00,60,Thu,ID Missing,No Preceptor Assigned,Fundamentals,527 MN - Foundation of Nursing Practice,9E: Neuroscience,Archived (Completed),Completed,2023,Spring 2023,284
383371,Emory University - SON Pre-licensure,Emory University Hospital,Nursing,Cohort Rotation,8,8,"11045, 11046, 11047, 11048, 11049, 11050, 11051, 11052",2023-06-15,2023-07-27,07:00:00,19:00:00,60,Thu,ID Missing,No Preceptor Assigned,Fundamentals,527 MN - Foundation of Nursing Practice,6G: Medical,Archived (Completed),Completed,2023,Spring 2023,283
383372,Emory University - SON Pre-licensure,Emory University Orthopaedics and Spine Hospital,Nursing,Cohort Rotation,0,8,No Students Assigned,2023-06-15,2023-07-27,07:00:00,19:00:00,8,Thu,ID Missing,No Preceptor Assigned,Fundamentals,527 MN - Foundation of Nursing Practice,2-4 floors: Orthopaedics,Archived (Completed),Completed,2023,Spring 2023,283
383373,Emory University - SON Pre-licensure,Emory University Hospital Midtown,Nursing,Cohort Rotation,8,8,"11053, 11054, 11055, 11056, 11057, 11058, 11059, 11060",2023-06-15,2023-07-27,07:00:00,19:00:00,60,Thu,ID Missing,No Preceptor Assigned,Fundamentals,527 MN - Foundation of Nursing Practice,21: General Surgery,Archived (Completed),Completed,2023,Spring 2023,283
383375,Emory University - SON Pre-licensure,Emory Decatur Hospital,Nursing,Cohort Rotation,8,8,"11061, 10106, 11062, 11063, 11064, 11065, 11066, 11067",2023-06-16,2023-07-28,07:00:00,19:00:00,60,Fri,ID Missing,No Preceptor Assigned,Fundamentals,527 MN - Foundation of Nursing Practice,Cardiac Telemetry - 2400,Archived (Completed),Completed,2023,Spring 2023,285
383376,Emory University - SON Pre-licensure,Emory Decatur Hospital,Nursing,Cohort Rotation,8,8,"11068, 11069, 11070, 11071, 11072, 11073, 11074, 11075",2023-06-16,2023-07-28,07:00:00,19:00:00,60,Fri,ID Missing,No Preceptor Assigned,Fundamentals,527 MN - Foundation of Nursing Practice,Stroke Telemetry - 4400,Archived (Completed),Completed,2023,Spring 2023,285
383377,Emory University - SON Pre-licensure,Emory Johns Creek Hospital,Nursing,Cohort Rotation,8,8,"11076, 11077, 11078, 11079, 11080, 11081, 11082, 11083",2023-06-16,2023-07-28,07:00:00,19:00:00,60,Fri,ID Missing,No Preceptor Assigned,Fundamentals,527 MN - Foundation of Nursing Practice,6W oncology,Archived (Completed),Completed,2023,Spring 2023,285
383379,Emory University - SON Pre-licensure,Emory Saint Joseph's Hospital,Nursing,Cohort Rotation,8,8,"11084, 11085, 11086, 11087, 11088, 11089, 11090, 11091",2023-06-16,2023-07-28,07:00:00,19:00:00,60,Fri,ID Missing,No Preceptor Assigned,Fundamentals,527 MN - Foundation of Nursing Practice,4E,Archived (Completed),Completed,2023,Spring 2023,285
383382,Emory University - SON Pre-licensure,Emory Saint Joseph's Hospital,Nursing,Cohort Rotation,8,8,"11092, 11093, 11094, 11095, 11096, 11097, 11098, 11099",2023-06-16,2023-07-28,07:00:00,19:00:00,60,Fri,ID Missing,No Preceptor Assigned,Fundamentals,527 MN - Foundation of Nursing Practice,6E,Archived (Completed),Completed,2023,Spring 2023,285
383384,Emory University - SON Pre-licensure,Emory University Hospital,Nursing,Cohort Rotation,8,8,"11100, 11101, 11102, 11103, 11104, 11105, 11106, 11107",2023-06-16,2023-07-28,07:00:00,19:00:00,60,Fri,ID Missing,No Preceptor Assigned,Fundamentals,527 MN - Foundation of Nursing Practice,6T: Transplant,Archived (Completed),Completed,2023,Spring 2023,285
383387,Emory University - SON Pre-licensure,Emory University Hospital,Nursing,Cohort Rotation,8,8,"11108, 11109, 11110, 11111, 11112, 11113, 11114, 11115",2023-06-16,2023-07-28,07:00:00,19:00:00,60,Fri,ID Missing,No Preceptor Assigned,Fundamentals,527 MN - Foundation of Nursing Practice,7T: Surgical,Archived (Completed),Completed,2023,Spring 2023,285
383389,Emory University - SON Pre-licensure,Emory University Hospital,Nursing,Cohort Rotation,0,8,No Students Assigned,2023-06-16,2023-07-28,07:00:00,19:00:00,60,Fri,ID Missing,No Preceptor Assigned,Fundamentals,527 MN - Foundation of Nursing Practice,9E: Neuroscience,Archived (Completed),Completed,2023,Spring 2023,285
383390,Emory University - SON Pre-licensure,Emory University Hospital Midtown,Nursing,Cohort Rotation,0,8,No Students Assigned,2023-06-16,2023-07-28,07:00:00,19:00:00,60,Fri,ID Missing,No Preceptor Assigned,Fundamentals,527 MN - Foundation of Nursing Practice,31: Ortho/Neuro,Archived (Completed),Completed,2023,Spring 2023,285
383391,Emory University - SON Pre-licensure,Emory University Hospital,Nursing,Cohort Rotation,8,8,"11116, 11117, 11118, 11119, 11120, 11121, 11122, 11123",2023-06-16,2023-07-28,07:00:00,19:00:00,60,Fri,ID Missing,No Preceptor Assigned,Fundamentals,527 MN - Foundation of Nursing Practice,6G: Medical,Archived (Completed),Completed,2023,Spring 2023,285
383392,Emory University - SON Pre-licensure,Emory University Hospital Midtown,Nursing,Cohort Rotation,7,8,"11124, 11125, 11126, 11127, 11128, 11129, 11130",2023-06-16,2023-07-28,07:00:00,19:00:00,60,Fri,"ID Missing, ID Missing",No Preceptor Assigned,Fundamentals,527 MN - Foundation of Nursing Practice,21: General Surgery,Archived (Completed),Completed,2023,Spring 2023,285
383394,Emory University - SON Pre-licensure,Emory Saint Joseph's Hospital,Nursing,Cohort Rotation,6,8,"10398, 10364, 10420, 10367, 10376, 10363",2023-05-18,2023-08-03,07:00:00,19:00:00,60,Thu,ID Missing,No Preceptor Assigned,Other (see comments),NRSG 391 Practicum - Adult and Geriatric Practicum,3S,Archived (Completed),Completed,2023,Spring 2023,276
383404,Emory University - SON Pre-licensure,Emory University Hospital,Nursing,Cohort Rotation,6,8,"10381, 10415, 10405, 10390, 10395, 10391",2023-05-18,2023-08-03,07:00:00,19:00:00,60,Thu,ID Missing,No Preceptor Assigned,Other (see comments),NRSG 391 - Adult and Geriatric Practicum,6T: Transplant,Archived (Completed),Completed,2023,Spring 2023,276
383412,Emory University - SON Pre-licensure,Emory University Hospital,Nursing,Cohort Rotation,6,8,"10357, 10401, 10413, 10416, 10417, 10358",2023-05-18,2023-08-03,07:00:00,19:00:00,60,Thu,"ID Missing, ID Missing",No Preceptor Assigned,Other (see comments),NRSG 391 - Adult and Geriatric Practicum,3G: Neurosciences,Archived (Completed),Completed,2023,Spring 2023,276
383414,Emory University - SON Pre-licensure,Emory University Hospital Midtown,Nursing,Cohort Rotation,6,8,"10370, 10371, 10365, 10399, 10389, 11131",2023-05-18,2023-08-03,07:00:00,19:00:00,60,Thu,ID Missing,No Preceptor Assigned,Other (see comments),NRSG 391 - Adult and Geriatric Practicum,31: Ortho/Neuro,Archived (Completed),Completed,2023,Spring 2023,276
383416,Emory University - SON Pre-licensure,Emory Saint Joseph's Hospital,Nursing,Cohort Rotation,6,8,"10368, 10377, 10396, 10400, 10353, 10361",2023-05-18,2023-08-03,07:00:00,19:00:00,60,Thu,ID Missing,No Preceptor Assigned,Other (see comments),NRSG 391 - Adult and Geriatric Practicum,3W,Archived (Completed),Completed,2023,Spring 2023,276
383418,Emory University - SON Pre-licensure,Emory Saint Joseph's Hospital,Nursing,Cohort Rotation,6,8,"10404, 10386, 10403, 10402, 10412, 10414",2023-05-13,2023-08-05,07:00:00,19:00:00,60,Sat,ID Missing,No Preceptor Assigned,Other (see comments),NRSG 391 - Adult and Geriatric Practicum,3W,Archived (Completed),Completed,2023,Spring 2023,273
383419,Emory University - SON Pre-licensure,Emory University Hospital,Nursing,Cohort Rotation,6,8,"10380, 10362, 10383, 10385, 10360, 10359",2023-05-13,2023-08-05,07:00:00,19:00:00,60,Sat,ID Missing,No Preceptor Assigned,Other (see comments),NRSG 391 - Adult and Geriatric Practicum,7T: Surgical,Archived (Completed),Completed,2023,Spring 2023,273
383420,Emory University - SON Pre-licensure,Emory University Hospital Midtown,Nursing,Cohort Rotation,5,8,"10397, 10375, 10408, 10373, 10392",2023-05-13,2023-08-05,07:00:00,19:00:00,60,Sat,ID Missing,No Preceptor Assigned,Other (see comments),NRSG 391 - Adult and Geriatric Practicum,41: Med Cardiology,Archived (Completed),Completed,2023,Spring 2023,273
383426,Emory University - SON Pre-licensure,Emory University Hospital Midtown,Nursing,Cohort Rotation,4,8,"10535, 10534, 10536, 11132",2023-05-13,2023-08-05,07:00:00,19:00:00,60,Sat,"ID Missing, ID Missing",No Preceptor Assigned,Other (see comments),NRSG 391 - Adult and Geriatric Practicum,72: Med/Surg,Archived (Completed),Completed,2023,Spring 2023,273
383429,Emory University - SON Pre-licensure,Emory Saint Joseph's Hospital,Nursing,Cohort Rotation,4,8,"10394, 10366, 10379, 10387",2023-05-13,2023-08-05,07:00:00,19:00:00,60,Sat,ID Missing,No Preceptor Assigned,Other (see comments),NRSG 391 - Adult and Geriatric Practicum,6W,Archived (Completed),Completed,2023,Spring 2023,273
383437,Emory University - SON Pre-licensure,Emory University Hospital,Nursing,Cohort Rotation,0,8,No Students Assigned,2023-05-13,2023-08-05,07:00:00,19:00:00,60,Sat,ID Missing,No Preceptor Assigned,Other (see comments),NRSG 391 - Adult and Geriatric Practicum,3G: Neurosciences,Archived (Completed),Completed,2023,Spring 2023,273
384417,Georgia Baptist College of Nursing of Mercer University - Undergraduate Nursing,Emory Saint Joseph's Hospital,Nursing,Cohort Rotation,7,8,"11133, 11134, 11135, 11136, 11137, 11138, 11139",2023-10-24,2023-12-12,07:00:00,13:00:00,36,Tue,ID Missing,No Preceptor Assigned,Fundamentals,NUR 313 - Fundamentals,6W pulmonary thoracic,Archived (Completed),Completed,2023,Fall 2023,405
384657,Emory University - SON Pre-licensure,Emory University Hospital Midtown,Nursing,Cohort Rotation,4,6,"10306, 10484, 10476, 10285",2023-06-27,2023-08-01,07:00:00,19:00:00,60,Tue,ID Missing,No Preceptor Assigned,Perinatal - OB,NRSG 392 Practicum - Maternity Practicum,Maternity,Archived (Completed),Completed,2023,Spring 2023,287
384658,Emory University - SON Pre-licensure,Emory University Hospital Midtown,Nursing,Cohort Rotation,6,6,"10331, 10434, 10479, 10422, 10454, 10477",2023-06-28,2023-08-02,07:00:00,19:00:00,60,Wed,ID Missing,No Preceptor Assigned,Perinatal - OB,NRSG 392 Practicum - Maternity Practicum,Maternity,Archived (Completed),Completed,2023,Spring 2023,288
384659,Emory University - SON Pre-licensure,Emory University Hospital Midtown,Nursing,Cohort Rotation,3,6,"10307, 10471, 10340",2023-07-01,2023-08-05,07:00:00,19:00:00,60,Sat,ID Missing,No Preceptor Assigned,Perinatal - OB,NRSG 392 Practicum - Maternity Practicum,Maternity,Archived (Completed),Completed,2023,Fall 2023,289
384661,Emory University - SON Pre-licensure,Emory Decatur Hospital,Nursing,Cohort Rotation,6,6,"10478, 10428, 10469, 10482, 10458, 10445",2023-06-27,2023-08-01,07:00:00,19:00:00,60,Tue,ID Missing,No Preceptor Assigned,Perinatal - OB,NRSG 392 Practicum - Maternity Practicum,Mother/Baby,Archived (Completed),Completed,2023,Spring 2023,287
384662,Emory University - SON Pre-licensure,Emory Decatur Hospital,Nursing,Cohort Rotation,4,6,"10273, 10455, 10465, 10278",2023-06-28,2023-08-02,07:00:00,19:00:00,60,Wed,ID Missing,No Preceptor Assigned,Perinatal - OB,NRSG 392 Practicum - Maternity Practicum,Mother/Baby,Archived (Completed),Completed,2023,Spring 2023,288
384663,Emory University - SON,Emory Decatur Hospital,Nursing,Cohort Rotation,0,6,No Students Assigned,2023-07-01,2023-08-05,07:00:00,19:00:00,60,Sat,ID Missing,No Preceptor Assigned,Perinatal - OB,NRSG 392 Practicum - Maternity Practicum,Mother/Baby,Archived (Withdrawn),Withdrawn,2023,Fall 2023,226
384664,Emory University - SON Pre-licensure,Emory Johns Creek Hospital,Nursing,Cohort Rotation,5,6,"10327, 10462, 10323, 10333, 10325",2023-06-27,2023-08-01,07:00:00,19:00:00,60,Tue,ID Missing,No Preceptor Assigned,Perinatal - OB,NRSG 392 Practicum - Maternity Practicum,"Maternity: M/B, L&D, NICU",Archived (Completed),Completed,2023,Spring 2023,287
384665,Emory University - SON Pre-licensure,Emory Johns Creek Hospital,Nursing,Cohort Rotation,5,6,"10277, 10322, 10317, 10324, 10336",2023-06-28,2023-08-02,07:00:00,19:00:00,60,Wed,ID Missing,No Preceptor Assigned,Perinatal - OB,NRSG 392 Practicum - Maternity Practicum,"Maternity: M/B, L&D, NICU",Archived (Completed),Completed,2023,Spring 2023,288
384852,Emory University - SON Pre-licensure,Emory University Hospital at Wesley Woods,Nursing,Cohort Rotation,8,8,"10406, 10378, 10409, 10405, 10286, 11140, 10420, 11131",2023-05-22,2023-05-29,07:00:00,19:00:00,24,Mon,ID Missing,No Preceptor Assigned,Psychiatry; Mental Health; Behavioral Medicine,NRSG 393 - Mental Health Practicum,Inpatient Psych,Archived (Completed),Completed,2023,Spring 2023,278
384855,Emory University - SON Pre-licensure,Emory Decatur Hospital,Nursing,Cohort Rotation,6,6,"10381, 10415, 10411, 10391, 10390, 10395",2023-05-22,2023-05-29,07:00:00,19:00:00,24,Mon,ID Missing,No Preceptor Assigned,Psychiatry; Mental Health; Behavioral Medicine,NRSG 393 - Mental Health Practicum,Behavioral Health (acute) - 1800,Archived (Completed),Completed,2023,Spring 2023,278
384859,Emory University - SON Pre-licensure,Emory University Hospital at Wesley Woods,Nursing,Cohort Rotation,8,8,"10397, 10375, 10408, 10373, 10392, 10286, 11140, 11131",2023-06-05,2023-06-12,07:00:00,19:00:00,24,Mon,ID Missing,No Preceptor Assigned,Psychiatry; Mental Health; Behavioral Medicine,NRSG 393 - Mental Health Practicum,Inpatient Psych,Archived (Completed),Completed,2023,Spring 2023,280
384862,Emory University - SON Pre-licensure,Emory Decatur Hospital,Nursing,Cohort Rotation,6,6,"10404, 10386, 10403, 10402, 10412, 10414",2023-05-24,2023-05-31,07:00:00,19:00:00,24,Wed,ID Missing,No Preceptor Assigned,Psychiatry; Mental Health; Behavioral Medicine,NRSG 393 Practicum - Mental Health Practicum,Behavioral Health (acute) - 1800,Archived (Completed),Completed,2023,Spring 2023,279
384866,Emory University - SON Pre-licensure,Emory University Hospital at Wesley Woods,Nursing,Cohort Rotation,6,6,"10359, 10398, 10364, 10367, 10376, 10361",2023-06-07,2023-06-14,07:00:00,19:00:00,24,Wed,ID Missing,No Preceptor Assigned,Psychiatry; Mental Health; Behavioral Medicine,NRSG 393 - Mental Health Practicum,Inpatient Psych,Archived (Completed),Completed,2023,Spring 2023,281
384869,Emory University - SON Pre-licensure,Emory Decatur Hospital,Nursing,Cohort Rotation,4,6,"10394, 10366, 10379, 10387",2023-06-07,2023-06-14,07:00:00,19:00:00,24,Wed,ID Missing,No Preceptor Assigned,Psychiatry; Mental Health; Behavioral Medicine,NRSG 393 - Mental Health Practicum,Behavioral Health (acute) - 1800,Archived (Completed),Completed,2023,Spring 2023,281
384875,Emory University - SON Pre-licensure,Emory University Hospital at Wesley Woods,Nursing,Cohort Rotation,5,6,"10370, 10371, 10365, 10389, 10399",2023-07-03,2023-07-10,07:00:00,19:00:00,24,Mon,ID Missing,No Preceptor Assigned,Psychiatry; Mental Health; Behavioral Medicine,NRSG 393 Practicum - Mental Health Practicum,Inpatient Psych,Archived (Completed),Completed,2023,Fall 2023,290
384876,Emory University - SON Pre-licensure,Emory Decatur Hospital,Nursing,Cohort Rotation,6,6,"10357, 10401, 10413, 10416, 10417, 10358",2023-07-03,2023-07-10,07:00:00,19:00:00,24,Mon,ID Missing,No Preceptor Assigned,Psychiatry; Mental Health; Behavioral Medicine,NRSG 393 - Mental Health Practicum,Behavioral Health (acute) - 1800,Archived (Completed),Completed,2023,Fall 2023,290
384878,Emory University - SON Pre-licensure,Emory University Hospital at Wesley Woods,Nursing,Cohort Rotation,6,6,"10368, 10419, 10377, 10400, 10353, 10396",2023-07-17,2023-07-24,07:00:00,19:00:00,6,Wed,ID Missing,No Preceptor Assigned,Psychiatry; Mental Health; Behavioral Medicine,NRSG 393 - Mental Health Practicum,Inpatient Psych,Archived (Completed),Completed,2023,Fall 2023,292
384879,Emory University - SON Pre-licensure,Emory University Hospital at Wesley Woods,Nursing,Cohort Rotation,5,8,"10356, 10354, 10410, 10369, 10355",2023-07-19,2023-07-26,07:00:00,19:00:00,24,Wed,ID Missing,No Preceptor Assigned,Psychiatry; Mental Health; Behavioral Medicine,NRSG 393 - Mental Health Practicum,Inpatient Psych,Archived (Completed),Completed,2023,Fall 2023,293
384881,Emory University - SON Pre-licensure,Emory Decatur Hospital,Nursing,Cohort Rotation,6,6,"10382, 10384, 10374, 10418, 10388, 10407",2023-07-19,2023-07-26,07:00:00,19:00:00,24,Wed,ID Missing,No Preceptor Assigned,Psychiatry; Mental Health; Behavioral Medicine,NRSG 393 - Mental Health Practicum,Behavioral Health (acute) - 1800,Archived (Completed),Completed,2023,Fall 2023,293
384883,Emory University - SON,Emory Decatur Hospital,Nursing,Cohort Rotation,0,6,No Students Assigned,2023-07-23,2023-07-30,07:00:00,19:00:00,24,Sun,ID Missing,No Preceptor Assigned,Psychiatry; Mental Health; Behavioral Medicine,NRSG 393 - Mental Health Practicum,Behavioral Health,Archived (Withdrawn),Withdrawn,2023,Fall 2023,227
385093,Grand Canyon University,Emory University Hospital Midtown,Nursing,Precepted Rotation,1,1,11141,2023-04-17,2023-06-25,00:00:00,23:59:00,100,,2017,3015,Observation,NRS-493 - Professional Capstone and Practicum,62: Renal,Archived (Denied),Denied,2023,Spring 2023,461
385134,Emory University - SON Pre-licensure,Emory Johns Creek Hospital,Nursing,Cohort Rotation,6,8,"11142, 11143, 11144, 11145, 11146, 11147",2023-12-01,2023-12-16,07:00:00,19:00:00,96,,ID Missing,No Preceptor Assigned,MedSurg - Acute Care,NRSG 360D - Acute and Chronic Care II Adult and Geriatric Practicum,3rd floor: med-surg,Archived (Completed),Completed,2023,Fall 2023,322
385136,Emory University - SON,Emory Johns Creek Hospital,Nursing,Cohort Rotation,0,8,No Students Assigned,2023-12-01,2023-12-16,07:00:00,19:00:00,96,,ID Missing,No Preceptor Assigned,MedSurg - Acute Care,NRSG 360D - Acute and Chronic Care II Adult and Geriatric Practicum,4th floor: med-surg,Archived (Withdrawn),Withdrawn,2023,Fall 2023,236
385138,Emory University - SON Pre-licensure,Emory Johns Creek Hospital,Nursing,Cohort Rotation,6,8,"11148, 11149, 11150, 11151, 11152, 11153",2023-12-01,2023-12-16,00:00:00,23:59:00,96,,"ID Missing, ID Missing, ID Missing",No Preceptor Assigned,MedSurg - Acute Care,NRSG 360D - Acute and Chronic Care II Adult and Geriatric Practicum,6N: medical cardiology,Archived (Completed),Completed,2023,Fall 2023,322
385139,Emory University - SON Pre-licensure,Emory University Hospital,Nursing,Cohort Rotation,5,8,"11154, 11155, 11156, 11157, 11158",2023-12-01,2023-12-16,07:00:00,19:00:00,96,,ID Missing,No Preceptor Assigned,MedSurg - Acute Care,NRSG 360D - Acute and Chronic Care II Adult and Geriatric Practicum,7T: Surgical,Archived (Completed),Completed,2023,Fall 2023,322
385141,Emory University - SON Pre-licensure,Emory University Hospital Midtown,Nursing,Cohort Rotation,5,8,"11159, 11160, 11161, 11162, 11163",2023-12-01,2023-12-16,07:00:00,19:00:00,96,,"ID Missing, ID Missing, ID Missing",No Preceptor Assigned,MedSurg - Acute Care,NRSG 360D - Acute and Chronic Care II Adult and Geriatric Practicum,72: Med/Surg,Archived (Completed),Completed,2023,Fall 2023,322
385145,Emory University - SON Pre-licensure,Emory Saint Joseph's Hospital,Nursing,Cohort Rotation,5,8,"11164, 11165, 11166, 11167, 11168",2023-12-01,2023-12-16,00:00:00,23:59:00,96,,"ID Missing, ID Missing, ID Missing",No Preceptor Assigned,MedSurg - Acute Care,NRSG 360D - Acute and Chronic Care II Adult and Geriatric Practicum,3E heart failure,Archived (Completed),Completed,2023,Fall 2023,322
385146,Emory University - SON,Emory Saint Joseph's Hospital,Nursing,Cohort Rotation,0,8,No Students Assigned,2023-12-01,2023-12-16,00:00:00,23:59:00,96,,ID Missing,No Preceptor Assigned,MedSurg - Acute Care,NRSG 360D - Acute and Chronic Care II Adult and Geriatric Practicum,3W,Archived (Denied),Denied,2023,Fall 2023,236
385739,Emory University - SON Pre-licensure,"Emory Offsite locations - The Emory Clinic, Ambulatory Surgery Centers and the Emory Specialty Assocs",Nursing,Precepted Rotation,1,1,10776,2023-03-13,2023-05-03,00:00:00,23:59:00,24,Wed,ID Missing,ID Missing,Ambulatory,NRSG 432 - Ambulatory Care,Other (see comments),Archived (Completed),Completed,2023,Spring 2023,256
385821,Chamberlain College of Nursing - Georgia,Emory University Hospital Midtown,Nursing,Precepted Rotation,1,1,11169,2023-05-08,2023-06-30,00:00:00,23:59:00,96,"Mon, Thu, Fri",ID Missing,No Preceptor Assigned,Practicum,NR 446 - Senior Practicum - Collaborative Healthcare,L&D (DEU),Archived (Completed),Completed,2023,Spring 2023,92
385822,Chamberlain College of Nursing - Georgia,Emory University Hospital Midtown,Nursing,Precepted Rotation,1,1,11169,2023-07-10,2023-08-02,00:00:00,23:59:00,48,"Mon, Thu, Fri",ID Missing,No Preceptor Assigned,Practicum,NR 452 - Senior Practicum - Capstone Course,L&D (DEU),Archived (Completed),Completed,2023,Fall 2023,102
385823,Chamberlain College of Nursing - Georgia,Emory University Hospital Midtown,Nursing,Precepted Rotation,1,1,10042,2023-05-08,2023-06-30,00:00:00,23:59:00,96,"Mon, Thu, Fri",ID Missing,No Preceptor Assigned,Practicum,NR 446 - Senior Practicum - Collaborative Healthcare,71 ICU: Med/Pulmonary,Archived (Completed),Completed,2023,Spring 2023,92
385824,Chamberlain College of Nursing - Georgia,Emory University Hospital Midtown,Nursing,Precepted Rotation,1,1,10042,2023-07-10,2023-08-02,00:00:00,23:59:00,48,"Mon, Thu, Fri",ID Missing,No Preceptor Assigned,Practicum,NR 452 - Senior Practicum - Capstone Course,71 ICU: Med/Pulmonary,Archived (Completed),Completed,2023,Fall 2023,102
385833,Chamberlain College of Nursing - Georgia,Emory Decatur Hospital,Nursing,Precepted Rotation,1,1,11170,2023-05-08,2023-06-30,00:00:00,23:59:00,96,"Mon, Thu, Fri",ID Missing,No Preceptor Assigned,Practicum,NR 446 - Senior Practicum - Collaborative Healthcare,ICU - 2500,Archived (Completed),Completed,2023,Spring 2023,92
385834,Chamberlain College of Nursing - Georgia,Emory Decatur Hospital,Nursing,Precepted Rotation,1,1,11170,2023-07-10,2023-08-02,00:00:00,23:59:00,48,"Mon, Thu, Fri",ID Missing,No Preceptor Assigned,Practicum,NR 452 - Senior Practicum - Capstone Course,ICU - 2500,Archived (Completed),Completed,2023,Fall 2023,102
385841,Chamberlain College of Nursing - Georgia,Emory Decatur Hospital,Nursing,Precepted Rotation,1,1,11171,2023-05-08,2023-06-30,00:00:00,23:59:00,96,Mon,ID Missing,No Preceptor Assigned,Practicum,NR 446 - Senior Practicum - Collaborative Healthcare,Stroke Telemetry - 4400,Archived (Completed),Completed,2023,Spring 2023,92
385842,Chamberlain College of Nursing - Georgia,Emory Decatur Hospital,Nursing,Precepted Rotation,1,1,11171,2023-07-10,2023-08-02,00:00:00,23:59:00,48,"Mon, Thu, Fri",ID Missing,No Preceptor Assigned,Practicum,NR 452 - Senior Practicum - Capstone Course,Stroke Telemetry - 4400,Archived (Completed),Completed,2023,Fall 2023,102
386557,Emory University - SON Pre-licensure,Emory Decatur Hospital,Nursing,Cohort Rotation,5,6,"10406, 10378, 10409, 10411, 10419",2023-05-18,2023-08-03,07:00:00,19:00:00,60,Thu,ID Missing,No Preceptor Assigned,Other (see comments),NRSG 391 - Adult and Geriatric Practicum,General Medical - 4500,Archived (Completed),Completed,2023,Spring 2023,276
387234,Kennesaw State University - Nursing,Emory Saint Joseph's Hospital,Nursing,Cohort Rotation,8,8,"11172, 11173, 11174, 11175, 11176, 11177, 11178, 11179",2023-10-04,2023-11-19,06:30:00,13:00:00,46,Fri,ID Missing,No Preceptor Assigned,MedSurg - Acute Care,3209 - Holistic Nursing,4S,Archived (Completed),Completed,2023,Fall 2023,492
387269,Kennesaw State University - Nursing,Emory Saint Joseph's Hospital,Nursing,Cohort Rotation,7,8,"11180, 11181, 11182, 11183, 11184, 11185, 11186",2023-09-05,2023-12-03,06:30:00,15:00:00,96,Thu,ID Missing,No Preceptor Assigned,MedSurg - Acute Care,3313 - Adult Health,4S ortho,Archived (Completed),Completed,2023,Fall 2023,489
387541,Emory University - SON Pre-licensure,Emory University Hospital,Nursing,Cohort Rotation,4,6,"11187, 10461, 11188, 10449",2023-05-18,2023-08-03,07:00:00,19:00:00,60,Thu,"ID Missing, ID Missing, ID Missing",No Preceptor Assigned,Other (see comments),NRSG 391 - Adult and Geriatric Practicum,9T: Bone Marrow Transplant,Archived (Completed),Completed,2023,Spring 2023,276
387543,Emory University - SON Pre-licensure,Emory Decatur Hospital,Nursing,Cohort Rotation,5,6,"10356, 10354, 10410, 10369, 10355",2023-05-13,2023-08-05,07:00:00,19:00:00,60,Sat,ID Missing,No Preceptor Assigned,Other (see comments),NRSG 391 - Adult and Geriatric Practicum,Stroke Telemetry - 4400,Archived (Completed),Completed,2023,Spring 2023,273
387545,Emory University - SON Pre-licensure,Emory University Hospital,Nursing,Cohort Rotation,6,6,"10382, 10384, 10374, 10418, 10388, 10407",2023-05-13,2023-08-05,07:00:00,19:00:00,60,Sat,ID Missing,No Preceptor Assigned,Other (see comments),NRSG 391 - Adult and Geriatric Practicum,9T: Bone Marrow Transplant,Archived (Completed),Completed,2023,Spring 2023,273
388224,Kennesaw State University - Nursing,Emory Saint Joseph's Hospital,Nursing,Precepted Rotation,1,1,11189,2023-09-18,2023-12-09,00:00:00,23:59:00,144,,ID Missing,No Preceptor Assigned,Practicum,4419 - Nursing Leadership Practicum,5E internal medicine,Archived (Completed),Completed,2023,Fall 2023,491
388225,Kennesaw State University - Nursing,Emory Saint Joseph's Hospital,Nursing,Precepted Rotation,0,1,No Students Assigned,2023-09-05,2023-12-09,00:00:00,23:59:00,144,,ID Missing,No Preceptor Assigned,Practicum,4419 - Nursing Leadership Practicum,2E,Archived (Denied),Denied,2023,Fall 2023,490
388226,Kennesaw State University - Nursing,Emory Saint Joseph's Hospital,Nursing,Precepted Rotation,0,1,No Students Assigned,2023-09-05,2023-12-09,00:00:00,23:59:00,144,,ID Missing,No Preceptor Assigned,Practicum,4419 - Nursing Leadership Practicum,2S,Archived (Denied),Denied,2023,Fall 2023,490
388227,Kennesaw State University - Nursing,Emory Saint Joseph's Hospital,Nursing,Precepted Rotation,0,1,No Students Assigned,2023-09-05,2023-12-09,00:00:00,23:59:00,144,,ID Missing,No Preceptor Assigned,Practicum,4419 - Nursing Leadership Practicum,4S,Archived (Denied),Denied,2023,Fall 2023,490
388228,Kennesaw State University - Nursing,Emory Saint Joseph's Hospital,Nursing,Precepted Rotation,0,1,No Students Assigned,2023-09-05,2023-12-09,00:00:00,23:59:00,144,,ID Missing,No Preceptor Assigned,Practicum,4419 - Nursing Leadership Practicum,4W,Archived (Denied),Denied,2023,Fall 2023,490
388229,Kennesaw State University - Nursing,Emory Saint Joseph's Hospital,Nursing,Precepted Rotation,0,1,No Students Assigned,2023-09-05,2023-12-09,00:00:00,23:59:00,144,,ID Missing,No Preceptor Assigned,Practicum,4419 - Nursing Leadership Practicum,3E,Archived (Denied),Denied,2023,Fall 2023,490
388230,Kennesaw State University - Nursing,Emory Decatur Hospital,Nursing,Precepted Rotation,0,1,No Students Assigned,2023-09-05,2023-12-09,00:00:00,23:59:00,144,,ID Missing,No Preceptor Assigned,Practicum,4419 - Nursing Leadership Practicum,ICU,Archived (Denied),Denied,2023,Fall 2023,490
388231,Kennesaw State University - Nursing,Emory Decatur Hospital,Nursing,Precepted Rotation,0,1,No Students Assigned,2023-09-05,2023-12-09,00:00:00,23:59:00,144,,ID Missing,No Preceptor Assigned,Practicum,4419 - Nursing Leadership Practicum,L&D,Archived (Denied),Denied,2023,Fall 2023,490
388232,Kennesaw State University - Nursing,Emory Decatur Hospital,Nursing,Precepted Rotation,0,1,No Students Assigned,2023-09-05,2023-12-09,00:00:00,23:59:00,144,,ID Missing,No Preceptor Assigned,Practicum,4419 - Nursing Leadership Practicum,Mother/Baby,Archived (Denied),Denied,2023,Fall 2023,490
388233,Kennesaw State University - Nursing,Emory Decatur Hospital,Nursing,Precepted Rotation,0,1,No Students Assigned,2023-09-05,2023-12-09,00:00:00,23:59:00,144,,ID Missing,No Preceptor Assigned,Practicum,4419 - Nursing Leadership Practicum,General Medical,Archived (Denied),Denied,2023,Fall 2023,490
388234,Kennesaw State University - Nursing,Emory Decatur Hospital,Nursing,Precepted Rotation,0,1,No Students Assigned,2023-09-05,2023-12-09,00:00:00,23:59:00,144,,ID Missing,No Preceptor Assigned,Practicum,4419 - Nursing Leadership Practicum,Ortho/Spine,Archived (Denied),Denied,2023,Fall 2023,490
388235,Kennesaw State University - Nursing,Emory Decatur Hospital,Nursing,Precepted Rotation,0,1,No Students Assigned,2023-09-05,2023-12-09,00:00:00,23:59:00,144,,ID Missing,No Preceptor Assigned,Practicum,4419 - Nursing Leadership Practicum,Cardiac Telemetry,Archived (Denied),Denied,2023,Fall 2023,490
388660,Georgia Gwinnett College,Emory Decatur Hospital,Nursing,Cohort Rotation,0,6,No Students Assigned,2023-10-17,2023-11-14,07:00:00,15:00:00,32,Tue,ID Missing,No Preceptor Assigned,Psychiatry; Mental Health; Behavioral Medicine,NURS 4020 - Wellness & Illness III,Behavioral Health,Archived (Denied),Denied,2023,Fall 2023,417
388661,Georgia Gwinnett College,Emory Decatur Hospital,Nursing,Cohort Rotation,0,6,No Students Assigned,2023-10-30,2023-11-27,07:00:00,15:00:00,32,Mon,ID Missing,No Preceptor Assigned,Psychiatry; Mental Health; Behavioral Medicine,NURS 4020 - Wellness & Illness III,Behavioral Health,Archived (Withdrawn),Withdrawn,2023,Fall 2023,418
389371,Emory University - SON Pre-licensure,Emory University Hospital at Wesley Woods,Nursing,Precepted Rotation,1,1,10761,2023-05-12,2023-06-21,00:00:00,23:59:00,132,"Mon, Thu, Fri, Sat, Sun",2009,ID Missing,Practicum,NRSG 648 MN - Transitions to Nursing Practice,Inpatient Psych,Archived (Completed),Completed,2023,Spring 2023,272
389373,Emory University - SON Pre-licensure,Emory Johns Creek Hospital,Nursing,Precepted Rotation,1,1,10636,2023-05-12,2023-06-21,00:00:00,23:59:00,132,"Mon, Thu, Fri, Sat, Sun",2008,ID Missing,Practicum,NRSG 648 MN - Transitions to Nursing Practice,ED: emergency,Archived (Completed),Completed,2023,Spring 2023,272
389374,Emory University - SON,Emory Johns Creek Hospital,Nursing,Precepted Rotation,0,1,No Students Assigned,2023-05-12,2023-06-21,00:00:00,23:59:00,132,"Mon, Thu, Fri, Sat, Sun",ID Missing,ID Missing,Practicum,NRSG 648 MN - Transitions to Nursing Practice,ED: emergency,Archived (Withdrawn),Withdrawn,2023,Spring 2023,223
389375,Emory University - SON,Emory Johns Creek Hospital,Nursing,Precepted Rotation,0,1,No Students Assigned,2023-05-12,2023-06-21,00:00:00,23:59:00,132,"Wed, Thu, Fri, Sat, Sun",ID Missing,ID Missing,Practicum,NRSG 648 MN - Transitions to Nursing Practice,"Maternity: M/B, L&D, NICU",Archived (Withdrawn),Withdrawn,2023,Spring 2023,223
389377,Emory University - SON,Emory Johns Creek Hospital,Nursing,Precepted Rotation,0,1,No Students Assigned,2023-05-12,2023-06-21,00:00:00,23:59:00,132,"Wed, Thu, Fri, Sat, Sun",ID Missing,ID Missing,Practicum,NRSG 648 MN - Transitions to Nursing Practice,"Maternity: M/B, L&D, NICU",Archived (Withdrawn),Withdrawn,2023,Spring 2023,223
389378,Emory University - SON,Emory Johns Creek Hospital,Nursing,Precepted Rotation,0,1,No Students Assigned,2023-05-12,2023-06-21,00:00:00,23:59:00,132,"Mon, Thu, Fri, Sat, Sun",ID Missing,ID Missing,Practicum,NRSG 648 MN - Transitions to Nursing Practice,ICU: critical care,Archived (Withdrawn),Withdrawn,2023,Spring 2023,223
389380,Emory University - SON Pre-licensure,Emory Saint Joseph's Hospital,Nursing,Precepted Rotation,1,1,10558,2023-05-12,2023-06-21,00:00:00,23:59:00,132,"Mon, Thu, Fri, Sat, Sun",2018,3016,Practicum,NRSG 648 MN - Transitions to Nursing Practice,2SW,Archived (Completed),Completed,2023,Spring 2023,272
389381,Emory University - SON,Emory Saint Joseph's Hospital,Nursing,Precepted Rotation,0,1,No Students Assigned,2023-05-12,2023-06-21,00:00:00,23:59:00,132,"Wed, Thu, Fri, Sat, Sun",ID Missing,ID Missing,Practicum,NRSG 648 MN - Transitions to Nursing Practice,2SW,Archived (Withdrawn),Withdrawn,2023,Spring 2023,223
389382,Emory University - SON Pre-licensure,Emory University Hospital,Nursing,Precepted Rotation,1,1,10570,2023-05-12,2023-06-21,00:00:00,23:59:00,132,"Mon, Thu, Fri, Sat, Sun",2009,ID Missing,Practicum,NRSG 648 MN - Transitions to Nursing Practice,3G: Neurosciences,Archived (Completed),Completed,2023,Spring 2023,272
389383,Emory University - SON,Emory University Hospital,Nursing,Precepted Rotation,0,1,No Students Assigned,2023-05-12,2023-06-21,00:00:00,23:59:00,132,"Fri, Sat, Sun",ID Missing,ID Missing,Practicum,NRSG 648 MN - Transitions to Nursing Practice,3G: Neurosciences,Archived (Withdrawn),Withdrawn,2023,Spring 2023,223
389384,Emory University - SON Pre-licensure,Emory University Hospital,Nursing,Precepted Rotation,1,1,11190,2023-05-12,2023-06-21,00:00:00,23:59:00,132,"Mon, Thu, Fri, Sat, Sun",2019,"3017, ID Missing, ID Missing, ID Missing, ID Missing, ID Missing",Practicum,NRSG 648 MN - Transitions to Nursing Practice,ED: Emergency,Archived (Completed),Completed,2023,Spring 2023,272
389385,Emory University - SON Pre-licensure,Emory University Hospital,Nursing,Precepted Rotation,1,1,10762,2023-05-12,2023-06-21,00:00:00,23:59:00,132,"Wed, Thu, Fri, Sat, Sun",2019,"ID Missing, ID Missing, ID Missing, ID Missing, ID Missing, ID Missing, ID Missing",Practicum,NRSG 648 MN - Transitions to Nursing Practice,ED: Emergency,Archived (Completed),Completed,2023,Spring 2023,272
389386,Emory University - SON Pre-licensure,Emory University Hospital,Nursing,Precepted Rotation,1,1,10663,2023-05-12,2023-06-21,00:00:00,23:59:00,132,"Wed, Thu, Fri, Sat, Sun",2020,"3018, ID Missing, ID Missing",Practicum,NRSG 648 MN - Transitions to Nursing Practice,5E: CVICU,Archived (Completed),Completed,2023,Spring 2023,272
389387,Emory University - SON Pre-licensure,Emory University Hospital,Nursing,Precepted Rotation,1,1,11191,2023-05-12,2023-06-21,00:00:00,23:59:00,132,"Mon, Thu, Fri, Sat, Sun",2019,ID Missing,Practicum,NRSG 648 MN - Transitions to Nursing Practice,5T North:  MICU,Archived (Completed),Completed,2023,Spring 2023,272
389389,Emory University - SON Pre-licensure,Emory University Hospital,Nursing,Precepted Rotation,1,1,10727,2023-05-12,2023-06-21,00:00:00,23:59:00,132,"Wed, Thu, Fri, Sat, Sun",2019,ID Missing,Practicum,NRSG 648 MN - Transitions to Nursing Practice,5T North:  MICU,Archived (Completed),Completed,2023,Spring 2023,272
389390,Emory University - SON Pre-licensure,Emory University Hospital,Nursing,Precepted Rotation,1,1,11192,2023-05-12,2023-06-21,00:00:00,23:59:00,132,"Wed, Thu, Fri, Sat, Sun",2019,ID Missing,Practicum,NRSG 648 MN - Transitions to Nursing Practice,5T South:  SICU,Archived (Completed),Completed,2023,Spring 2023,272
389391,Emory University - SON Pre-licensure,Emory University Hospital,Nursing,Precepted Rotation,1,1,10759,2023-05-12,2023-06-21,00:00:00,23:59:00,132,"Wed, Thu, Fri, Sat, Sun",2019,ID Missing,Practicum,NRSG 648 MN - Transitions to Nursing Practice,5T South:  SICU,Archived (Completed),Completed,2023,Spring 2023,272
389392,Emory University - SON Pre-licensure,Emory University Hospital,Nursing,Precepted Rotation,0,1,No Students Assigned,2023-05-12,2023-06-21,00:00:00,23:59:00,132,"Mon, Thu, Fri, Sat, Sun",ID Missing,ID Missing,Practicum,NRSG 648 MN - Transitions to Nursing Practice,-no preference-,Archived (Completed),Completed,2023,Spring 2023,272
389394,Emory University - SON Pre-licensure,Emory University Hospital Midtown,Nursing,Precepted Rotation,1,1,10628,2023-05-12,2023-06-21,00:00:00,23:59:00,132,"Mon, Thu, Fri, Sat, Sun",2012,"ID Missing, ID Missing, ID Missing",Practicum,NRSG 648 MN - Transitions to Nursing Practice,Nurseries (DEU): NICU,Archived (Completed),Completed,2023,Spring 2023,272
389396,Emory University - SON Pre-licensure,Emory University Hospital Midtown,Nursing,Precepted Rotation,1,1,10668,2023-05-12,2023-06-21,00:00:00,23:59:00,132,"Mon, Thu, Fri, Sat, Sun",2012,"ID Missing, ID Missing, ID Missing",Practicum,NRSG 648 MN - Transitions to Nursing Practice,Nurseries (DEU): NICU,Archived (Completed),Completed,2023,Spring 2023,272
389397,Emory University - SON Pre-licensure,Emory University Hospital Midtown,Nursing,Precepted Rotation,1,1,10729,2023-05-12,2023-06-21,00:00:00,23:59:00,132,"Mon, Thu, Fri, Sat, Sun",2020,ID Missing,Practicum,NRSG 648 MN - Transitions to Nursing Practice,-no preference-,Archived (Completed),Completed,2023,Spring 2023,272
389398,Emory University - SON Pre-licensure,Emory University Hospital Midtown,Nursing,Precepted Rotation,1,1,10646,2023-05-12,2023-06-21,00:00:00,23:59:00,132,"Mon, Thu, Fri, Sat, Sun",2020,ID Missing,Practicum,NRSG 648 MN - Transitions to Nursing Practice,-no preference-,Archived (Completed),Completed,2023,Spring 2023,272
389399,Emory University - SON Pre-licensure,Emory University Hospital Midtown,Nursing,Precepted Rotation,1,1,10652,2023-05-12,2023-06-21,00:00:00,23:59:00,132,"Mon, Thu, Fri, Sat, Sun",2020,"ID Missing, ID Missing, ID Missing",Practicum,NRSG 648 MN - Transitions to Nursing Practice,41 ICU: Med Cardiology,Archived (Completed),Completed,2023,Spring 2023,272
389400,Emory University - SON Pre-licensure,Emory University Hospital Midtown,Nursing,Precepted Rotation,1,1,10802,2023-05-12,2023-06-21,00:00:00,23:59:00,132,"Wed, Thu, Fri, Sat, Sun",2020,ID Missing,Practicum,NRSG 648 MN - Transitions to Nursing Practice,31: ICU,Archived (Completed),Completed,2023,Spring 2023,272
389401,Emory University - SON Pre-licensure,Emory University Hospital Midtown,Nursing,Precepted Rotation,1,1,10670,2023-05-12,2023-06-21,00:00:00,23:59:00,132,"Wed, Thu, Fri, Sat, Sun",2020,ID Missing,Practicum,NRSG 648 MN - Transitions to Nursing Practice,-no preference-,Archived (Completed),Completed,2023,Spring 2023,272
389402,Emory University - SON Pre-licensure,Emory University Hospital Midtown,Nursing,Precepted Rotation,1,1,10667,2023-05-12,2023-06-21,00:00:00,23:59:00,132,"Wed, Thu, Fri, Sat, Sun",2020,ID Missing,Practicum,NRSG 648 MN - Transitions to Nursing Practice,-no preference-,Archived (Completed),Completed,2023,Spring 2023,272
389403,Emory University - SON Pre-licensure,Emory Decatur Hospital,Nursing,Precepted Rotation,1,1,10547,2023-05-12,2023-06-21,00:00:00,23:59:00,132,"Mon, Thu, Fri, Sat, Sun",2018,ID Missing,Practicum,NRSG 648 MN - Transitions to Nursing Practice,Emergency Dept- North Decatur,Archived (Completed),Completed,2023,Spring 2023,272
389404,Emory University - SON Pre-licensure,Emory Decatur Hospital,Nursing,Precepted Rotation,1,1,10660,2023-05-12,2023-06-21,00:00:00,23:59:00,132,"Mon, Thu, Fri, Sat, Sun",2018,ID Missing,Practicum,NRSG 648 MN - Transitions to Nursing Practice,Emergency Dept- North Decatur,Archived (Completed),Completed,2023,Spring 2023,272
389405,Emory University - SON,Emory Decatur Hospital,Nursing,Precepted Rotation,0,1,No Students Assigned,2023-05-12,2023-06-21,00:00:00,23:59:00,132,"Mon, Thu, Fri, Sat, Sun",ID Missing,ID Missing,Practicum,NRSG 648 MN - Transitions to Nursing Practice,PACU,Archived (Withdrawn),Withdrawn,2023,Spring 2023,223
389406,Emory University - SON Pre-licensure,Emory Decatur Hospital,Nursing,Precepted Rotation,1,1,10631,2023-05-12,2023-06-21,00:00:00,23:59:00,132,"Fri, Sat, Sun",2009,"ID Missing, ID Missing, ID Missing",Practicum,NRSG 648 MN - Transitions to Nursing Practice,Mother/Baby,Archived (Completed),Completed,2023,Spring 2023,272
389407,Emory University - SON Pre-licensure,Emory Decatur Hospital,Nursing,Precepted Rotation,1,1,11193,2023-05-12,2023-06-21,00:00:00,23:59:00,132,"Fri, Sat, Sun",2009,"ID Missing, ID Missing, ID Missing",Practicum,NRSG 648 MN - Transitions to Nursing Practice,Mother/Baby,Archived (Completed),Completed,2023,Spring 2023,272
389408,Emory University - SON Pre-licensure,Emory Decatur Hospital,Nursing,Precepted Rotation,1,1,11194,2023-05-12,2023-06-21,00:00:00,23:59:00,132,"Mon, Thu, Fri, Sat, Sun",2021,3019,Practicum,NRSG 648 MN - Transitions to Nursing Practice,NICU,Archived (Completed),Completed,2023,Spring 2023,272
389409,Emory University - SON Pre-licensure,Emory Decatur Hospital,Nursing,Precepted Rotation,1,1,10648,2023-05-12,2023-06-21,00:00:00,23:59:00,132,"Mon, Thu, Fri, Sat, Sun",2021,ID Missing,Practicum,NRSG 648 MN - Transitions to Nursing Practice,NICU,Archived (Completed),Completed,2023,Spring 2023,272
389411,Emory University - SON,Emory Decatur Hospital,Nursing,Precepted Rotation,0,1,No Students Assigned,2023-05-12,2023-06-21,00:00:00,23:59:00,132,"Mon, Thu, Fri, Sat, Sun",ID Missing,ID Missing,Practicum,NRSG 648 MN - Transitions to Nursing Practice,ICU,Archived (Withdrawn),Withdrawn,2023,Spring 2023,223
389412,Emory University - SON,Emory Decatur Hospital,Nursing,Precepted Rotation,0,1,No Students Assigned,2023-05-12,2023-06-21,00:00:00,23:59:00,132,"Mon, Thu, Fri, Sat, Sun",ID Missing,ID Missing,Practicum,NRSG 648 MN - Transitions to Nursing Practice,ICU,Archived (Withdrawn),Withdrawn,2023,Spring 2023,223
389413,Emory University - SON Pre-licensure,Emory Decatur Hospital,Nursing,Precepted Rotation,1,1,11195,2023-05-12,2023-06-21,00:00:00,23:59:00,132,"Mon, Thu, Fri, Sat, Sun",2009,ID Missing,Practicum,NRSG 648 MN - Transitions to Nursing Practice,Behavioral Health (acute) - 1800,Archived (Completed),Completed,2023,Spring 2023,272
389414,Emory University - SON,Emory Hillandale Hospital,Nursing,Precepted Rotation,0,1,No Students Assigned,2023-05-12,2023-06-21,00:00:00,23:59:00,132,"Mon, Thu, Fri, Sat, Sun",ID Missing,ID Missing,Practicum,NRSG 648 MN - Transitions to Nursing Practice,Emergency Dept,Archived (Withdrawn),Withdrawn,2023,Spring 2023,223
389415,Emory University - SON,Emory Hillandale Hospital,Nursing,Precepted Rotation,0,1,No Students Assigned,2023-05-12,2023-06-21,00:00:00,23:59:00,132,"Mon, Thu, Fri, Sat, Sun",ID Missing,ID Missing,Practicum,NRSG 648 MN - Transitions to Nursing Practice,Emergency Dept,Archived (Withdrawn),Withdrawn,2023,Spring 2023,223
389457,Emory University - SON Pre-licensure,Emory University Hospital at Wesley Woods,Nursing,Precepted Rotation,1,1,10563,2023-06-26,2023-07-31,00:00:00,23:59:00,132,"Mon, Thu, Fri, Sat, Sun",2008,ID Missing,Practicum,NRSG 648 MN - Transitions to Nursing Practice,Inpatient Psych,Archived (Completed),Completed,2023,Spring 2023,286
389459,Emory University - SON Pre-licensure,Emory Johns Creek Hospital,Nursing,Precepted Rotation,1,1,10661,2023-06-26,2023-07-31,00:00:00,23:59:00,132,"Mon, Thu, Fri, Sat, Sun",2019,ID Missing,Practicum,NRSG 648 MN - Transitions to Nursing Practice,ED: emergency,Archived (Completed),Completed,2023,Spring 2023,286
389461,Emory University - SON Pre-licensure,Emory Johns Creek Hospital,Nursing,Precepted Rotation,1,1,10427,2023-06-26,2023-07-31,00:00:00,23:59:00,132,"Mon, Thu, Fri, Sat, Sun",2019,"ID Missing, ID Missing, ID Missing",Practicum,NRSG 648 MN - Transitions to Nursing Practice,ED: emergency,Archived (Completed),Completed,2023,Spring 2023,286
389466,Emory University - SON Pre-licensure,Emory Johns Creek Hospital,Nursing,Precepted Rotation,1,1,10664,2023-06-26,2023-07-31,00:00:00,23:59:00,132,"Wed, Thu, Fri, Sat, Sun",2019,"ID Missing, ID Missing",Practicum,NRSG 648 MN - Transitions to Nursing Practice,"Maternity: M/B, L&D, NICU",Archived (Completed),Completed,2023,Spring 2023,286
389467,Emory University - SON Pre-licensure,Emory Johns Creek Hospital,Nursing,Precepted Rotation,0,1,No Students Assigned,2023-06-26,2023-07-31,00:00:00,23:59:00,132,"Wed, Thu, Fri, Sat, Sun",ID Missing,ID Missing,Practicum,NRSG 648 MN - Transitions to Nursing Practice,"Maternity: M/B, L&D, NICU",Archived (Completed),Completed,2023,Spring 2023,286
389470,Emory University - SON Pre-licensure,Emory Johns Creek Hospital,Nursing,Precepted Rotation,1,1,10542,2023-06-26,2023-07-31,00:00:00,23:59:00,132,"Mon, Thu, Fri, Sat, Sun",2019,"ID Missing, ID Missing",Practicum,NRSG 648 MN - Transitions to Nursing Practice,ICU: critical care,Archived (Completed),Completed,2023,Spring 2023,286
389486,Emory University - SON Pre-licensure,Emory Saint Joseph's Hospital,Nursing,Precepted Rotation,1,1,11196,2023-06-26,2023-07-31,00:00:00,23:59:00,132,"Mon, Thu, Fri, Sat, Sun",ID Missing,ID Missing,Practicum,NRSG 648 MN - Transitions to Nursing Practice,2SW,Archived (Completed),Completed,2023,Spring 2023,286
389489,Emory University - SON Pre-licensure,Emory Saint Joseph's Hospital,Nursing,Precepted Rotation,1,1,10629,2023-06-26,2023-07-31,00:00:00,23:59:00,132,"Wed, Thu, Fri, Sat, Sun",ID Missing,ID Missing,Practicum,NRSG 648 MN - Transitions to Nursing Practice,2SW,Archived (Completed),Completed,2023,Spring 2023,286
389493,Emory University - SON Pre-licensure,Emory University Hospital,Nursing,Precepted Rotation,1,1,11140,2023-06-26,2023-07-31,00:00:00,23:59:00,132,"Mon, Thu, Fri, Sat, Sun",2019,"ID Missing, ID Missing",Practicum,NRSG 648 MN - Transitions to Nursing Practice,ED: Emergency,Archived (Completed),Completed,2023,Spring 2023,286
389494,Emory University - SON Pre-licensure,Emory University Hospital,Nursing,Precepted Rotation,0,1,No Students Assigned,2023-06-26,2023-07-31,00:00:00,23:59:00,132,"Wed, Thu, Fri, Sat, Sun",ID Missing,ID Missing,Practicum,NRSG 648 MN - Transitions to Nursing Practice,ED: Emergency,Archived (Completed),Completed,2023,Spring 2023,286
389496,Emory University - SON Pre-licensure,Emory University Hospital,Nursing,Precepted Rotation,1,1,11197,2023-06-26,2023-07-31,00:00:00,23:59:00,132,"Wed, Thu, Fri, Sat, Sun",2019,"ID Missing, ID Missing, 3018",Practicum,NRSG 648 MN - Transitions to Nursing Practice,5E: CVICU,Archived (Completed),Completed,2023,Spring 2023,286
389497,Emory University - SON Pre-licensure,Emory University Hospital,Nursing,Precepted Rotation,1,1,11198,2023-06-26,2023-07-31,00:00:00,23:59:00,132,"Mon, Thu, Fri, Sat, Sun",2019,ID Missing,Practicum,NRSG 648 MN - Transitions to Nursing Practice,5T North:  MICU,Archived (Completed),Completed,2023,Spring 2023,286
389498,Emory University - SON Pre-licensure,Emory University Hospital,Nursing,Precepted Rotation,0,1,No Students Assigned,2023-06-26,2023-07-31,00:00:00,23:59:00,132,"Wed, Thu, Fri, Sat, Sun",ID Missing,ID Missing,Practicum,NRSG 648 MN - Transitions to Nursing Practice,5T North:  MICU,Archived (Completed),Completed,2023,Spring 2023,286
389499,Emory University - SON Pre-licensure,Emory University Hospital,Nursing,Precepted Rotation,1,1,11199,2023-06-26,2023-07-31,00:00:00,23:59:00,132,"Wed, Thu, Fri, Sat, Sun",2009,"ID Missing, ID Missing, ID Missing",Practicum,NRSG 648 MN - Transitions to Nursing Practice,5T South:  SICU,Archived (Completed),Completed,2023,Spring 2023,286
389500,Emory University - SON Pre-licensure,Emory University Hospital,Nursing,Precepted Rotation,1,1,10641,2023-06-26,2023-07-31,00:00:00,23:59:00,132,"Wed, Thu, Fri, Sat, Sun",2008,"ID Missing, ID Missing",Practicum,NRSG 648 MN - Transitions to Nursing Practice,5T South:  SICU,Archived (Completed),Completed,2023,Spring 2023,286
389501,Emory University - SON Pre-licensure,Emory University Hospital,Nursing,Precepted Rotation,1,1,10657,2023-06-26,2023-07-31,00:00:00,23:59:00,132,"Mon, Thu, Fri, Sat, Sun",2008,ID Missing,Practicum,NRSG 648 MN - Transitions to Nursing Practice,-no preference-,Archived (Completed),Completed,2023,Spring 2023,286
389508,Emory University - SON Pre-licensure,Emory University Hospital Midtown,Nursing,Precepted Rotation,1,1,10757,2023-06-26,2023-07-31,00:00:00,23:59:00,132,"Mon, Thu, Fri, Sat, Sun",ID Missing,ID Missing,Practicum,NRSG 648 MN - Transitions to Nursing Practice,Nurseries (DEU): NICU,Archived (Completed),Completed,2023,Spring 2023,286
389509,Emory University - SON Pre-licensure,Emory University Hospital Midtown,Nursing,Precepted Rotation,0,1,No Students Assigned,2023-06-26,2023-07-31,00:00:00,23:59:00,132,"Mon, Thu, Fri, Sat, Sun",ID Missing,ID Missing,Practicum,NRSG 648 MN - Transitions to Nursing Practice,Nurseries (DEU): NICU,Archived (Completed),Completed,2023,Spring 2023,286
389510,Emory University - SON Pre-licensure,Emory University Hospital Midtown,Nursing,Precepted Rotation,0,1,No Students Assigned,2023-06-26,2023-07-31,00:00:00,23:59:00,132,"Mon, Thu, Fri, Sat, Sun",ID Missing,ID Missing,Practicum,NRSG 648 MN - Transitions to Nursing Practice,-no preference-,Archived (Completed),Completed,2023,Spring 2023,286
389512,Emory University - SON Pre-licensure,Emory University Hospital Midtown,Nursing,Precepted Rotation,0,1,No Students Assigned,2023-06-26,2023-07-31,00:00:00,23:59:00,132,"Mon, Thu, Fri, Sat, Sun",ID Missing,ID Missing,Practicum,NRSG 648 MN - Transitions to Nursing Practice,-no preference-,Archived (Completed),Completed,2023,Spring 2023,286
389513,Emory University - SON Pre-licensure,Emory University Hospital Midtown,Nursing,Precepted Rotation,0,1,No Students Assigned,2023-06-26,2023-07-31,00:00:00,23:59:00,132,"Mon, Thu, Fri, Sat, Sun",ID Missing,ID Missing,Practicum,NRSG 648 MN - Transitions to Nursing Practice,41 ICU: Med Cardiology,Archived (Completed),Completed,2023,Spring 2023,286
389516,Emory University - SON Pre-licensure,Emory University Hospital Midtown,Nursing,Precepted Rotation,0,1,No Students Assigned,2023-06-26,2023-07-31,00:00:00,23:59:00,132,"Wed, Thu, Fri, Sat, Sun",ID Missing,ID Missing,Practicum,NRSG 648 MN - Transitions to Nursing Practice,31: ICU,Archived (Completed),Completed,2023,Spring 2023,286
389517,Emory University - SON Pre-licensure,Emory University Hospital Midtown,Nursing,Precepted Rotation,1,1,10758,2023-06-26,2023-07-31,00:00:00,23:59:00,132,"Wed, Thu, Fri, Sat, Sun",2018,"ID Missing, ID Missing",Practicum,NRSG 648 MN - Transitions to Nursing Practice,-no preference-,Archived (Completed),Completed,2023,Spring 2023,286
389519,Emory University - SON Pre-licensure,Emory University Hospital Midtown,Nursing,Precepted Rotation,0,1,No Students Assigned,2023-06-26,2023-07-31,00:00:00,23:59:00,132,"Wed, Thu, Fri, Sat, Sun",ID Missing,ID Missing,Practicum,NRSG 648 MN - Transitions to Nursing Practice,-no preference-,Archived (Completed),Completed,2023,Spring 2023,286
389521,Emory University - SON Pre-licensure,Emory University Hospital Midtown,Nursing,Precepted Rotation,1,1,10647,2023-05-12,2023-06-21,00:00:00,23:59:00,132,"Mon, Thu, Fri, Sat, Sun",2021,ID Missing,Practicum,NRSG 648 MN - Transitions to Nursing Practice,ED: Emergency,Archived (Completed),Completed,2023,Spring 2023,272
389523,Emory University - SON Pre-licensure,Emory Decatur Hospital,Nursing,Precepted Rotation,1,1,10760,2023-06-26,2023-07-31,00:00:00,23:59:00,132,"Mon, Thu, Fri, Sat, Sun",2018,ID Missing,Practicum,NRSG 648 MN - Transitions to Nursing Practice,Emergency Dept- North Decatur,Archived (Completed),Completed,2023,Spring 2023,286
389525,Emory University - SON Pre-licensure,Emory Decatur Hospital,Nursing,Precepted Rotation,1,1,10573,2023-06-26,2023-07-31,00:00:00,23:59:00,132,"Mon, Thu, Fri, Sat, Sun",2018,ID Missing,Practicum,NRSG 648 MN - Transitions to Nursing Practice,Emergency Dept- North Decatur,Archived (Completed),Completed,2023,Spring 2023,286
389526,Emory University - SON Pre-licensure,Emory Decatur Hospital,Nursing,Precepted Rotation,0,1,No Students Assigned,2023-06-26,2023-07-31,00:00:00,23:59:00,132,"Mon, Thu, Fri, Sat, Sun",ID Missing,ID Missing,Practicum,NRSG 648 MN - Transitions to Nursing Practice,PACU,Archived (Completed),Completed,2023,Spring 2023,286
389528,Emory University - SON Pre-licensure,Emory Decatur Hospital,Nursing,Precepted Rotation,1,1,10584,2023-06-26,2023-07-31,00:00:00,23:59:00,132,"Fri, Sat, Sun",2009,"ID Missing, ID Missing",Practicum,NRSG 648 MN - Transitions to Nursing Practice,Mother/Baby,Archived (Completed),Completed,2023,Spring 2023,286
389529,Emory University - SON Pre-licensure,Emory Decatur Hospital,Nursing,Precepted Rotation,1,1,11200,2023-06-26,2023-07-31,00:00:00,23:59:00,132,"Fri, Sat, Sun",2009,"ID Missing, ID Missing",Practicum,NRSG 648 MN - Transitions to Nursing Practice,Mother/Baby,Archived (Completed),Completed,2023,Spring 2023,286
389531,Emory University - SON Pre-licensure,Emory Decatur Hospital,Nursing,Precepted Rotation,1,1,10569,2023-06-26,2023-07-31,00:00:00,23:59:00,132,"Mon, Thu, Fri, Sat, Sun",2018,ID Missing,Practicum,NRSG 648 MN - Transitions to Nursing Practice,NICU,Archived (Completed),Completed,2023,Spring 2023,286
389533,Emory University - SON,Emory Decatur Hospital,Nursing,Precepted Rotation,1,1,10656,2023-06-26,2023-07-31,00:00:00,23:59:00,132,"Mon, Thu, Fri, Sat, Sun",ID Missing,ID Missing,Practicum,NRSG 648 MN - Transitions to Nursing Practice,NICU,Archived (Denied),Denied,2023,Spring 2023,225
389536,Emory University - SON Pre-licensure,Emory Decatur Hospital,Nursing,Precepted Rotation,1,1,10567,2023-06-26,2023-07-31,00:00:00,23:59:00,132,"Mon, Thu, Fri, Sat, Sun",2018,"3007, ID Missing",Practicum,NRSG 648 MN - Transitions to Nursing Practice,ICU - 2500,Archived (Completed),Completed,2023,Spring 2023,286
389537,Emory University - SON Pre-licensure,Emory Decatur Hospital,Nursing,Precepted Rotation,1,1,10581,2023-06-26,2023-07-31,00:00:00,23:59:00,132,"Mon, Thu, Fri, Sat, Sun",2018,"3007, ID Missing",Practicum,NRSG 648 MN - Transitions to Nursing Practice,ICU - 2500,Archived (Completed),Completed,2023,Spring 2023,286
389538,Emory University - SON Pre-licensure,Emory Decatur Hospital,Nursing,Precepted Rotation,1,1,10639,2023-06-26,2023-07-31,00:00:00,23:59:00,132,"Mon, Thu, Fri, Sat, Sun",2009,"ID Missing, ID Missing",Practicum,NRSG 648 MN - Transitions to Nursing Practice,Behavioral Health (acute) - 1800,Archived (Completed),Completed,2023,Spring 2023,286
389539,Emory University - SON Pre-licensure,Emory Hillandale Hospital,Nursing,Precepted Rotation,0,1,No Students Assigned,2023-06-26,2023-07-31,00:00:00,23:59:00,132,"Mon, Thu, Fri, Sat, Sun",ID Missing,ID Missing,Practicum,NRSG 648 MN - Transitions to Nursing Practice,Emergency Dept,Archived (Completed),Completed,2023,Spring 2023,286
389540,Emory University - SON Pre-licensure,Emory Hillandale Hospital,Nursing,Precepted Rotation,0,1,No Students Assigned,2023-06-26,2023-07-31,00:00:00,23:59:00,132,"Mon, Thu, Fri, Sat, Sun",ID Missing,ID Missing,Practicum,NRSG 648 MN - Transitions to Nursing Practice,Emergency Dept,Archived (Completed),Completed,2023,Spring 2023,286
389778,Emory University - SON Pre-licensure,Emory University Hospital,Nursing,Precepted Rotation,1,1,11201,2023-05-12,2023-06-21,00:00:00,23:59:00,132,"Mon, Thu, Fri, Sat, Sun",2019,ID Missing,Practicum,NRSG 648 MN - Transitions to Nursing Practice,9T: Bone Marrow Transplant,Archived (Completed),Completed,2023,Spring 2023,272
389779,Emory University - SON Pre-licensure,Emory University Hospital,Nursing,Precepted Rotation,1,1,10725,2023-05-12,2023-06-21,00:00:00,23:59:00,132,"Mon, Thu, Fri, Sat, Sun",2019,ID Missing,Practicum,NRSG 648 MN - Transitions to Nursing Practice,9T: Bone Marrow Transplant,Archived (Completed),Completed,2023,Spring 2023,272
389780,Emory University - SON Pre-licensure,Emory University Hospital,Nursing,Precepted Rotation,0,1,No Students Assigned,2023-06-26,2023-07-31,00:00:00,23:59:00,132,"Mon, Thu, Fri, Sat, Sun",ID Missing,ID Missing,Practicum,NRSG 648 MN - Transitions to Nursing Practice,9T: Bone Marrow Transplant,Archived (Completed),Completed,2023,Spring 2023,286
389781,Emory University - SON Pre-licensure,Emory University Hospital,Nursing,Precepted Rotation,0,1,No Students Assigned,2023-06-26,2023-07-31,00:00:00,23:59:00,132,"Mon, Thu, Fri, Sat, Sun",ID Missing,ID Missing,Practicum,NRSG 648 MN - Transitions to Nursing Practice,9T: Bone Marrow Transplant,Archived (Completed),Completed,2023,Spring 2023,286
389926,Emory University - SON Pre-licensure,Emory Saint Joseph's Hospital,Nursing,Precepted Rotation,1,1,11202,2023-05-12,2023-06-21,00:00:00,23:59:00,132,"Mon, Thu, Fri, Sat, Sun",2018,ID Missing,Practicum,NRSG 648 MN - Transitions to Nursing Practice,2W,Archived (Completed),Completed,2023,Spring 2023,272
389945,Emory University - SON Pre-licensure,Emory Saint Joseph's Hospital,Nursing,Precepted Rotation,1,1,10572,2023-05-12,2023-06-21,00:00:00,23:59:00,132,"Mon, Thu, Fri, Sat, Sun",2018,ID Missing,Practicum,NRSG 648 MN - Transitions to Nursing Practice,OR,Archived (Completed),Completed,2023,Spring 2023,272
389946,Emory University - SON,Emory Saint Joseph's Hospital,Nursing,Precepted Rotation,0,1,No Students Assigned,2023-05-12,2023-06-21,00:00:00,23:59:00,132,"Mon, Thu, Fri, Sat, Sun",ID Missing,ID Missing,Practicum,NRSG 648 MN - Transitions to Nursing Practice,OR,Archived (Withdrawn),Withdrawn,2023,Spring 2023,223
389948,Emory University - SON Pre-licensure,Emory Saint Joseph's Hospital,Nursing,Precepted Rotation,1,1,11203,2023-06-26,2023-07-31,00:00:00,23:59:00,132,"Mon, Thu, Fri, Sat, Sun",ID Missing,ID Missing,Practicum,NRSG 648 MN - Transitions to Nursing Practice,OR,Archived (Completed),Completed,2023,Spring 2023,286
389949,Emory University - SON,Emory Saint Joseph's Hospital,Nursing,Precepted Rotation,0,1,No Students Assigned,2023-06-26,2023-07-31,00:00:00,23:59:00,132,"Mon, Thu, Fri, Sat, Sun",ID Missing,ID Missing,Practicum,NRSG 648 MN - Transitions to Nursing Practice,OR,Archived (Withdrawn),Withdrawn,2023,Spring 2023,225
389997,Emory University - SON Pre-licensure,Emory University Orthopaedics and Spine Hospital,Nursing,Precepted Rotation,1,1,10666,2023-05-12,2023-06-21,00:00:00,23:59:00,132,"Mon, Thu, Fri, Sat, Sun",2018,ID Missing,Practicum,NRSG 648 MN - Transitions to Nursing Practice,2-4 floors: Orthopaedics,Archived (Completed),Completed,2023,Spring 2023,272
389998,Emory University - SON Pre-licensure,Emory University Orthopaedics and Spine Hospital,Nursing,Precepted Rotation,1,1,11204,2023-06-26,2023-07-31,00:00:00,23:59:00,132,"Mon, Thu, Fri, Sat, Sun",2019,ID Missing,Practicum,NRSG 648 MN - Transitions to Nursing Practice,2-4 floors: Orthopaedics,Archived (Completed),Completed,2023,Spring 2023,286
390241,Chamberlain College of Nursing - Georgia,Emory Johns Creek Hospital,Nursing,Precepted Rotation,1,1,11205,2023-05-08,2023-08-04,00:00:00,23:59:00,144,,ID Missing,No Preceptor Assigned,Practicum,NR 446/452 - Colaborative and Capstone - Senior Practicum,OR,Archived (Completed),Completed,2023,Spring 2023,93
390243,Chamberlain College of Nursing - Georgia,Emory Saint Joseph's Hospital,Nursing,Precepted Rotation,1,1,11206,2023-05-08,2023-08-04,00:00:00,23:59:00,144,,ID Missing,No Preceptor Assigned,Practicum,NR 446/452 - Colaborative and Capstone - Senior Practicum,OR,Archived (Completed),Completed,2023,Spring 2023,93
390245,Chamberlain College of Nursing - Georgia,Emory Saint Joseph's Hospital,Nursing,Precepted Rotation,1,1,11207,2023-05-08,2023-08-04,00:00:00,23:59:00,144,,ID Missing,No Preceptor Assigned,Practicum,NR 446/452 - Colaborative and Capstone - Senior Practicum,OR,Archived (Completed),Completed,2023,Spring 2023,93
390246,Chamberlain College of Nursing - Georgia,Emory Saint Joseph's Hospital,Nursing,Precepted Rotation,1,1,11208,2023-05-08,2023-08-04,00:00:00,23:59:00,144,,ID Missing,No Preceptor Assigned,Practicum,NR 446/452 - Colaborative and Capstone - Senior Practicum,OR,Archived (Completed),Completed,2023,Spring 2023,93
390247,Chamberlain College of Nursing - Georgia,Emory Saint Joseph's Hospital,Nursing,Precepted Rotation,1,1,11209,2023-05-08,2023-08-04,00:00:00,23:59:00,144,,ID Missing,No Preceptor Assigned,Practicum,NR 446/452 - Colaborative and Capstone - Senior Practicum,OR,Archived (Completed),Completed,2023,Spring 2023,93
390248,Chamberlain College of Nursing - Georgia,Emory University Hospital,Nursing,Precepted Rotation,1,1,11210,2023-05-08,2023-08-04,00:00:00,23:59:00,144,,ID Missing,No Preceptor Assigned,Practicum,NR 446/452 - Colaborative and Capstone - Senior Practicum,OR,Archived (Completed),Completed,2023,Spring 2023,93
390251,Chamberlain College of Nursing - Georgia,Emory Hillandale Hospital,Nursing,Precepted Rotation,1,1,11211,2023-05-08,2023-08-04,00:00:00,23:59:00,144,,ID Missing,No Preceptor Assigned,Practicum,NR 446/452 - Colaborative and Capstone - Senior Practicum,-no preference-,Archived (Completed),Completed,2023,Spring 2023,93
390252,Chamberlain College of Nursing - Georgia,Emory University Hospital Midtown,Nursing,Precepted Rotation,0,1,No Students Assigned,2023-05-08,2023-08-04,00:00:00,23:59:00,144,,ID Missing,No Preceptor Assigned,Practicum,NR 446/452 - Colaborative and Capstone - Senior Practicum,OR: Surgery,Archived (Withdrawn),Withdrawn,2023,Spring 2023,93
390310,Chamberlain College of Nursing - Georgia,Emory Decatur Hospital,Nursing,Precepted Rotation,1,1,11212,2023-05-08,2023-08-04,00:00:00,23:59:00,144,,ID Missing,No Preceptor Assigned,Practicum,NR 446/452 - Colaborative and Capstone - Senior Practicum,-no preference-,Archived (Completed),Completed,2023,Spring 2023,93
390312,Chamberlain College of Nursing - Georgia,Emory Decatur Hospital,Nursing,Precepted Rotation,1,1,10253,2023-05-08,2023-08-04,00:00:00,23:59:00,144,,ID Missing,No Preceptor Assigned,Practicum,NR 446/452 - Colaborative and Capstone - Senior Practicum,-no preference-,Archived (Completed),Completed,2023,Spring 2023,93
390373,Emory University - SON Pre-licensure,Emory University Hospital,Nursing,Precepted Rotation,1,1,10724,2023-05-12,2023-06-21,00:00:00,23:59:00,132,"Wed, Thu, Fri, Sat, Sun",2009,ID Missing,Practicum,NRSG 648 MN - Transitions to Nursing Practice,2D ICU: Neuro,Archived (Completed),Completed,2023,Spring 2023,272
390375,Emory University - SON Pre-licensure,Emory University Hospital,Nursing,Precepted Rotation,1,1,10561,2023-06-26,2023-07-31,00:00:00,23:59:00,132,"Mon, Thu, Fri, Sat, Sun",2009,ID Missing,Practicum,NRSG 648 MN - Transitions to Nursing Practice,2D ICU: Neuro,Archived (Completed),Completed,2023,Spring 2023,286
390376,Emory University - SON Pre-licensure,Emory Saint Joseph's Hospital,Nursing,Precepted Rotation,1,1,10537,2023-05-12,2023-06-21,00:00:00,23:59:00,132,"Mon, Thu, Fri, Sat, Sun",2018,"ID Missing, ID Missing, ID Missing",Practicum,NRSG 648 MN - Transitions to Nursing Practice,3E,Archived (Completed),Completed,2023,Spring 2023,272
390380,Emory University - SON Pre-licensure,Emory University Hospital,Nursing,Precepted Rotation,1,1,10726,2023-05-12,2023-06-21,00:00:00,23:59:00,132,"Wed, Thu, Fri, Sat, Sun",2020,ID Missing,Practicum,NRSG 648 MN - Transitions to Nursing Practice,-no preference-,Archived (Completed),Completed,2023,Spring 2023,272
390382,Emory University - SON Pre-licensure,Emory University Hospital,Nursing,Precepted Rotation,1,1,10583,2023-06-26,2023-07-31,00:00:00,23:59:00,132,"Wed, Thu, Fri, Sat, Sun",2009,ID Missing,Practicum,NRSG 648 MN - Transitions to Nursing Practice,-no preference-,Archived (Completed),Completed,2023,Spring 2023,286
390527,Emory University - SON Pre-licensure,Emory University Hospital at Wesley Woods,Nursing,Precepted Rotation,1,1,11213,2023-05-12,2023-06-21,00:00:00,23:59:00,132,"Mon, Thu, Fri, Sat, Sun",2009,ID Missing,Practicum,NRSG 648 MN - Transitions to Nursing Practice,Inpatient Psych,Archived (Completed),Completed,2023,Spring 2023,272
390528,Emory University - SON Pre-licensure,Emory University Hospital at Wesley Woods,Nursing,Precepted Rotation,0,1,No Students Assigned,2023-06-26,2023-07-31,00:00:00,23:59:00,132,"Mon, Thu, Fri, Sat, Sun",ID Missing,ID Missing,Practicum,NRSG 648 MN - Transitions to Nursing Practice,Inpatient Psych,Archived (Completed),Completed,2023,Spring 2023,286
390649,Emory University - SON Pre-licensure,Emory University Hospital Midtown,Nursing,Precepted Rotation,1,1,11214,2023-05-12,2023-06-21,00:00:00,23:59:00,132,"Mon, Thu, Fri, Sat, Sun",2021,ID Missing,Practicum,NRSG 648 MN - Transitions to Nursing Practice,11: CV Surgery SD,Archived (Completed),Completed,2023,Spring 2023,272
390662,Emory University - SON Pre-licensure,Emory University Hospital Midtown,Nursing,Precepted Rotation,0,1,No Students Assigned,2023-06-26,2023-07-31,00:00:00,23:59:00,132,"Mon, Thu, Fri, Sat, Sun",ID Missing,ID Missing,Practicum,NRSG 648 MN - Transitions to Nursing Practice,11: CV Surgery SD,Archived (Completed),Completed,2023,Spring 2023,286
390694,Emory University - SON,Emory University Hospital Midtown,Nursing,Precepted Rotation,1,1,10584,2023-05-12,2023-06-21,00:00:00,23:59:00,132,"Mon, Thu, Fri, Sat, Sun",ID Missing,ID Missing,Practicum,NRSG 648 MN - Transitions to Nursing Practice,42/54: Mother/Baby,Archived (Withdrawn),Withdrawn,2023,Spring 2023,223
390696,Emory University - SON Pre-licensure,Emory University Hospital Midtown,Nursing,Precepted Rotation,1,1,10560,2023-05-12,2023-06-21,00:00:00,23:59:00,132,"Mon, Thu, Fri, Sat, Sun",2021,"ID Missing, ID Missing, ID Missing",Practicum,NRSG 648 MN - Transitions to Nursing Practice,42/54: Mother/Baby,Archived (Completed),Completed,2023,Spring 2023,272
390697,Emory University - SON Pre-licensure,Emory University Hospital Midtown,Nursing,Precepted Rotation,1,1,10545,2023-06-26,2023-07-31,00:00:00,23:59:00,132,"Mon, Thu, Fri, Sat, Sun",2018,"ID Missing, ID Missing",Practicum,NRSG 648 MN - Transitions to Nursing Practice,42/54: Mother/Baby,Archived (Completed),Completed,2023,Spring 2023,286
390698,Emory University - SON Pre-licensure,Emory University Hospital Midtown,Nursing,Precepted Rotation,1,1,10692,2023-06-26,2023-07-31,00:00:00,23:59:00,132,"Mon, Thu, Fri, Sat, Sun",2018,"ID Missing, ID Missing, ID Missing",Practicum,NRSG 648 MN - Transitions to Nursing Practice,42/54: Mother/Baby,Archived (Completed),Completed,2023,Spring 2023,286
390849,Chamberlain College of Nursing - Georgia,Emory University Hospital,Nursing,Precepted Rotation,1,1,11215,2023-05-08,2023-08-04,00:00:00,23:59:00,144,,ID Missing,No Preceptor Assigned,Practicum,NR 446/452 - Colaborative and Capstone - Senior Practicum,PACU: Post Op,Archived (Completed),Completed,2023,Spring 2023,93
390920,Emory University - SON Pre-licensure,Emory University Hospital Midtown,Nursing,Precepted Rotation,1,1,10582,2023-05-12,2023-06-21,00:00:00,23:59:00,132,"Mon, Thu, Fri, Sat, Sun",2021,ID Missing,Practicum,NRSG 648 MN - Transitions to Nursing Practice,ED: Emergency,Archived (Completed),Completed,2023,Spring 2023,272
390927,Emory University - SON Pre-licensure,Emory University Hospital Midtown,Nursing,Precepted Rotation,1,1,10763,2023-06-26,2023-07-31,00:00:00,23:59:00,132,"Mon, Thu, Fri, Sat, Sun",ID Missing,ID Missing,Practicum,NRSG 648 MN - Transitions to Nursing Practice,ED: Emergency,Archived (Completed),Completed,2023,Spring 2023,286
390928,Emory University - SON Pre-licensure,Emory University Hospital Midtown,Nursing,Precepted Rotation,1,1,10637,2023-06-26,2023-07-31,00:00:00,23:59:00,132,"Mon, Thu, Fri, Sat, Sun",ID Missing,ID Missing,Practicum,NRSG 648 MN - Transitions to Nursing Practice,ED: Emergency,Archived (Completed),Completed,2023,Spring 2023,286
390939,Georgia Gwinnett College,Emory University Hospital at Wesley Woods,Nursing,Cohort Rotation,0,8,No Students Assigned,2023-10-17,2023-11-14,07:00:00,15:00:00,32,"Mon, Tue, Sat, Sun",ID Missing,No Preceptor Assigned,Psychiatry; Mental Health; Behavioral Medicine,NURS 4020 - Wellness & Illness III,Inpatient Psych,Archived (Completed),Completed,2023,Fall 2023,417
390941,Georgia Gwinnett College,Emory University Hospital at Wesley Woods,Nursing,Cohort Rotation,0,8,No Students Assigned,2023-10-30,2023-11-27,07:00:00,15:00:00,32,"Mon, Tue, Sat, Sun",ID Missing,No Preceptor Assigned,Psychiatry; Mental Health; Behavioral Medicine,NURS 4020 - Wellness & Illness III,Inpatient Psych,Archived (Denied),Denied,2023,Fall 2023,418
390945,Emory University - SON Pre-licensure,Emory Decatur Hospital,Nursing,Cohort Rotation,6,6,"10380, 10363, 10362, 10383, 10385, 10360",2023-07-05,2023-07-12,07:00:00,19:00:00,24,Wed,ID Missing,No Preceptor Assigned,Psychiatry; Mental Health; Behavioral Medicine,NRSG 393 - Mental Health Practicum,Behavioral Health (acute) - 1800,Archived (Completed),Completed,2023,Fall 2023,291
391094,Emory University - SON Pre-licensure,Emory University Hospital,Nursing,Precepted Rotation,0,1,No Students Assigned,2023-06-26,2023-07-31,00:00:00,23:59:00,132,"Fri, Sat, Sun",ID Missing,ID Missing,Practicum,NRSG 648 MN - Transitions to Nursing Practice,8T North: Oncology,Archived (Completed),Completed,2023,Spring 2023,286
391098,Emory University - SON Pre-licensure,Emory University Hospital,Nursing,Precepted Rotation,1,1,10553,2023-06-26,2023-07-31,00:00:00,23:59:00,132,"Fri, Sat, Sun",2009,ID Missing,Practicum,NRSG 648 MN - Transitions to Nursing Practice,8T South: Hematology/Leukemia,Archived (Completed),Completed,2023,Spring 2023,286
391202,Kennesaw State University - Nursing,Emory University Hospital,Nursing,Precepted Rotation,1,1,11216,2023-06-05,2023-07-28,00:00:00,23:59:00,168,,ID Missing,No Preceptor Assigned,Practicum,4417 - Clinical Practicum,PACU: Post Op,Archived (Completed),Completed,2023,Spring 2023,486
391504,Emory University - SON Pre-licensure,Emory University Hospital at Wesley Woods,Nursing,Cohort Rotation,4,6,"11187, 10461, 11188, 10449",2023-07-23,2023-07-30,07:00:00,19:00:00,24,Sun,ID Missing,No Preceptor Assigned,Psychiatry; Mental Health; Behavioral Medicine,NRSG 393 Practicum - Mental Health Practicum,Inpatient Psych,Archived (Completed),Completed,2023,Fall 2023,294
391506,Emory University - SON Pre-licensure,Emory University Hospital at Wesley Woods,Nursing,Cohort Rotation,3,8,"10286, 11140, 11131",2023-06-11,2023-06-18,07:00:00,19:00:00,24,Sun,ID Missing,No Preceptor Assigned,Psychiatry; Mental Health; Behavioral Medicine,NRSG 393 Practicum - Mental Health Practicum,Inpatient Psych,Archived (Completed),Completed,2023,Spring 2023,282
391552,Emory University - SON Pre-licensure,Emory Saint Joseph's Hospital,Nursing,Precepted Rotation,1,1,10587,2023-05-12,2023-06-21,00:00:00,23:59:00,132,"Mon, Thu, Fri, Sat, Sun",2018,ID Missing,Practicum,NRSG 648 MN - Transitions to Nursing Practice,ED,Archived (Completed),Completed,2023,Spring 2023,272
393050,University of North Georgia - Nursing,Emory Johns Creek Hospital,Nursing,Cohort Rotation,5,5,"11217, 11218, 11219, 11220, 11221",2023-09-01,2023-11-10,06:30:00,18:30:00,72,Fri,ID Missing,No Preceptor Assigned,Perinatal - OB,N3804 - Nursing Care of the Childbearing Family,"Maternity: M/B, L&D, NICU",Archived (Completed),Completed,2023,Fall 2023,537
393051,University of North Georgia - Nursing,Emory Johns Creek Hospital,Nursing,Cohort Rotation,4,6,"11222, 11223, 11224, 11225",2023-09-08,2023-11-17,06:30:00,18:30:00,72,Fri,ID Missing,No Preceptor Assigned,Perinatal - OB,N3804 - Nursing Care of the Childbearing Family,"Maternity: M/B, L&D, NICU",Archived (Completed),Completed,2023,Fall 2023,538
393237,Kennesaw State University - Nursing,"Emory Offsite locations - The Emory Clinic, Ambulatory Surgery Centers and the Emory Specialty Assocs",Nursing,Precepted Rotation,1,1,11226,2023-05-17,2023-06-16,00:00:00,23:59:00,96,"Wed, Thu, Fri",ID Missing,No Preceptor Assigned,Community,4412 - Community Health,Other (see comments),Archived (Completed),Completed,2023,Spring 2023,485
393238,Kennesaw State University - Nursing,"Emory Offsite locations - The Emory Clinic, Ambulatory Surgery Centers and the Emory Specialty Assocs",Nursing,Precepted Rotation,1,1,11227,2023-06-21,2023-07-21,00:00:00,23:59:00,96,"Wed, Thu, Fri",ID Missing,No Preceptor Assigned,Community,4412 - Community Health,Other (see comments),Archived (Completed),Completed,2023,Spring 2023,488
395159,Georgia State University - SON - Undergraduate,Emory Decatur Hospital,Nursing,Cohort Rotation,6,6,"11228, 11229, 11230, 11231, 11232, 11233",2023-08-20,2023-10-08,06:30:00,19:00:00,84,Sat,ID Missing,No Preceptor Assigned,MedSurg - Acute Care,NURS 3510 - Med Surg,General Surgery - 3400,Archived (Completed),Completed,2023,Fall 2023,445
395212,University of North Georgia - Nursing,Emory Johns Creek Hospital,Nursing,Cohort Rotation,5,6,"11234, 11235, 11236, 11237, 11238",2023-08-28,2023-10-02,06:30:00,18:30:00,72,Mon,ID Missing,No Preceptor Assigned,MedSurg - Acute Care,N3705 - Adult Health I,3rd floor: med-surg,Archived (Completed),Completed,2023,Fall 2023,536
395213,University of North Georgia - Nursing,Emory Johns Creek Hospital,Nursing,Cohort Rotation,5,6,"11234, 11235, 11236, 11237, 11239",2023-10-23,2023-12-04,06:30:00,18:30:00,72,Mon,ID Missing,No Preceptor Assigned,MedSurg - Acute Care,N4405 - Adult Health II,3rd floor: med-surg,Archived (Completed),Completed,2023,Fall 2023,539
395259,Georgia State University - SON - Undergraduate,Emory Decatur Hospital,Nursing,Cohort Rotation,5,6,"11240, 11241, 11242, 11243, 11244",2023-10-14,2023-12-05,00:00:00,23:59:00,84,Sat,ID Missing,No Preceptor Assigned,MedSurg - Acute Care,NURS 3510 - Med Surg,General Surgery - 3400,Archived (Completed),Completed,2023,Fall 2023,450
395529,Georgia State University - SON - Undergraduate,Emory Decatur Hospital,Nursing,Cohort Rotation,0,6,No Students Assigned,2023-08-22,2023-10-03,07:00:00,19:00:00,12,Tue,ID Missing,No Preceptor Assigned,Perinatal - OB,NURS 3610 - Childbearing,Mother/Baby,Archived (Denied),Denied,2023,Fall 2023,446
395530,Georgia State University - SON - Undergraduate,Emory Decatur Hospital,Nursing,Cohort Rotation,0,6,No Students Assigned,2023-08-22,2023-10-03,07:00:00,19:00:00,12,Tue,ID Missing,No Preceptor Assigned,Perinatal - OB,NURS 3610 - Childbearing,L&D,Archived (Denied),Denied,2023,Fall 2023,446
395532,Georgia State University - SON - Undergraduate,Emory Decatur Hospital,Nursing,Cohort Rotation,0,6,No Students Assigned,2023-08-22,2023-10-03,07:00:00,19:00:00,12,Tue,ID Missing,No Preceptor Assigned,Perinatal - OB,NURS 3610 - Childbearing,NICU,Archived (Denied),Denied,2023,Fall 2023,446
395797,Emory University - SON Pre-licensure,"Emory Offsite locations - The Emory Clinic, Ambulatory Surgery Centers and the Emory Specialty Assocs",Nursing,Precepted Rotation,1,1,10563,2023-05-12,2023-06-21,00:00:00,23:59:00,24,Thu,ID Missing,ID Missing,Ambulatory,NRSG 676 MN - Care Transitions Practicum,Other (see comments),Archived (Completed),Completed,2023,Spring 2023,272
395799,Emory University - SON Pre-licensure,"Emory Offsite locations - The Emory Clinic, Ambulatory Surgery Centers and the Emory Specialty Assocs",Nursing,Precepted Rotation,1,1,10539,2023-05-12,2023-06-21,00:00:00,23:59:00,24,Thu,ID Missing,ID Missing,Ambulatory,NRSG 676 MN - Care Transitions Practicum,Other (see comments),Archived (Completed),Completed,2023,Spring 2023,272
395800,Emory University - SON Pre-licensure,"Emory Offsite locations - The Emory Clinic, Ambulatory Surgery Centers and the Emory Specialty Assocs",Nursing,Precepted Rotation,1,1,10624,2023-05-12,2023-06-21,00:00:00,23:59:00,24,Thu,ID Missing,ID Missing,Ambulatory,NRSG 676 MN - Care Transitions Practicum,Other (see comments),Archived (Completed),Completed,2023,Spring 2023,272
395801,Emory University - SON Pre-licensure,"Emory Offsite locations - The Emory Clinic, Ambulatory Surgery Centers and the Emory Specialty Assocs",Nursing,Precepted Rotation,1,1,11140,2023-05-12,2023-06-21,00:00:00,23:59:00,24,Thu,ID Missing,ID Missing,Ambulatory,NRSG 676 MN - Care Transitions Practicum,Other (see comments),Archived (Completed),Completed,2023,Spring 2023,272
395802,Emory University - SON Pre-licensure,"Emory Offsite locations - The Emory Clinic, Ambulatory Surgery Centers and the Emory Specialty Assocs",Nursing,Precepted Rotation,1,1,10286,2023-05-12,2023-06-21,00:00:00,23:59:00,24,Thu,ID Missing,ID Missing,Ambulatory,NRSG 676 MN - Care Transitions Practicum,Other (see comments),Archived (Completed),Completed,2023,Spring 2023,272
395803,Emory University - SON Pre-licensure,"Emory Offsite locations - The Emory Clinic, Ambulatory Surgery Centers and the Emory Specialty Assocs",Nursing,Precepted Rotation,1,1,10564,2023-05-12,2023-06-21,00:00:00,23:59:00,24,Thu,ID Missing,ID Missing,Ambulatory,NRSG 676 MN - Care Transitions Practicum,Other (see comments),Archived (Completed),Completed,2023,Spring 2023,272
395804,Emory University - SON Pre-licensure,"Emory Offsite locations - The Emory Clinic, Ambulatory Surgery Centers and the Emory Specialty Assocs",Nursing,Precepted Rotation,1,1,10545,2023-05-12,2023-06-21,00:00:00,23:59:00,24,Thu,ID Missing,ID Missing,Ambulatory,NRSG 676 MN - Care Transitions Practicum,Other (see comments),Archived (Completed),Completed,2023,Spring 2023,272
395805,Emory University - SON Pre-licensure,"Emory Offsite locations - The Emory Clinic, Ambulatory Surgery Centers and the Emory Specialty Assocs",Nursing,Precepted Rotation,1,1,11245,2023-05-12,2023-06-21,00:00:00,23:59:00,24,Thu,ID Missing,ID Missing,Ambulatory,NRSG 676 MN - Care Transitions Practicum,Other (see comments),Archived (Completed),Completed,2023,Spring 2023,272
395806,Emory University - SON Pre-licensure,"Emory Offsite locations - The Emory Clinic, Ambulatory Surgery Centers and the Emory Specialty Assocs",Nursing,Precepted Rotation,1,1,10574,2023-05-12,2023-06-21,00:00:00,23:59:00,24,Thu,ID Missing,ID Missing,Ambulatory,NRSG 676 MN - Care Transitions Practicum,Other (see comments),Archived (Completed),Completed,2023,Spring 2023,272
395807,Emory University - SON Pre-licensure,"Emory Offsite locations - The Emory Clinic, Ambulatory Surgery Centers and the Emory Specialty Assocs",Nursing,Precepted Rotation,1,1,11246,2023-05-12,2023-06-21,00:00:00,23:59:00,24,Thu,ID Missing,ID Missing,Ambulatory,NRSG 676 MN - Care Transitions Practicum,Other (see comments),Archived (Completed),Completed,2023,Spring 2023,272
395808,Emory University - SON Pre-licensure,"Emory Offsite locations - The Emory Clinic, Ambulatory Surgery Centers and the Emory Specialty Assocs",Nursing,Precepted Rotation,1,1,10653,2023-05-12,2023-06-21,00:00:00,23:59:00,24,Thu,ID Missing,ID Missing,Ambulatory,NRSG 676 MN - Care Transitions Practicum,Other (see comments),Archived (Completed),Completed,2023,Spring 2023,272
395809,Emory University - SON Pre-licensure,"Emory Offsite locations - The Emory Clinic, Ambulatory Surgery Centers and the Emory Specialty Assocs",Nursing,Precepted Rotation,1,1,10554,2023-05-12,2023-06-21,00:00:00,23:59:00,24,Thu,ID Missing,ID Missing,Ambulatory,NRSG 676 MN - Care Transitions Practicum,Other (see comments),Archived (Completed),Completed,2023,Spring 2023,272
395810,Emory University - SON Pre-licensure,"Emory Offsite locations - The Emory Clinic, Ambulatory Surgery Centers and the Emory Specialty Assocs",Nursing,Precepted Rotation,1,1,10639,2023-05-12,2023-06-21,00:00:00,23:59:00,24,Thu,ID Missing,ID Missing,Ambulatory,NRSG 676 MN - Care Transitions Practicum,Other (see comments),Archived (Completed),Completed,2023,Spring 2023,272
395811,Emory University - SON Pre-licensure,"Emory Offsite locations - The Emory Clinic, Ambulatory Surgery Centers and the Emory Specialty Assocs",Nursing,Precepted Rotation,1,1,10579,2023-05-12,2023-06-21,00:00:00,23:59:00,24,Thu,ID Missing,ID Missing,Ambulatory,NRSG 676 MN - Care Transitions Practicum,Other (see comments),Archived (Completed),Completed,2023,Spring 2023,272
395813,Emory University - SON Pre-licensure,"Emory Offsite locations - The Emory Clinic, Ambulatory Surgery Centers and the Emory Specialty Assocs",Nursing,Precepted Rotation,1,1,10661,2023-05-12,2023-06-21,00:00:00,23:59:00,24,Thu,ID Missing,ID Missing,Ambulatory,NRSG 676 MN - Care Transitions Practicum,Other (see comments),Archived (Completed),Completed,2023,Spring 2023,272
395814,Emory University - SON Pre-licensure,"Emory Offsite locations - The Emory Clinic, Ambulatory Surgery Centers and the Emory Specialty Assocs",Nursing,Precepted Rotation,1,1,10730,2023-05-12,2023-06-21,00:00:00,23:59:00,24,Thu,ID Missing,ID Missing,Ambulatory,NRSG 676 MN - Care Transitions Practicum,Other (see comments),Archived (Completed),Completed,2023,Spring 2023,272
395815,Emory University - SON Pre-licensure,"Emory Offsite locations - The Emory Clinic, Ambulatory Surgery Centers and the Emory Specialty Assocs",Nursing,Precepted Rotation,1,1,11247,2023-05-12,2023-06-21,00:00:00,23:59:00,24,Thu,ID Missing,ID Missing,Ambulatory,NRSG 676 MN - Care Transitions Practicum,Other (see comments),Archived (Completed),Completed,2023,Spring 2023,272
395816,Emory University - SON Pre-licensure,"Emory Offsite locations - The Emory Clinic, Ambulatory Surgery Centers and the Emory Specialty Assocs",Nursing,Precepted Rotation,1,1,10659,2023-05-12,2023-06-21,00:00:00,23:59:00,24,Thu,ID Missing,ID Missing,Ambulatory,NRSG 676 MN - Care Transitions Practicum,Other (see comments),Archived (Completed),Completed,2023,Spring 2023,272
395817,Emory University - SON Pre-licensure,"Emory Offsite locations - The Emory Clinic, Ambulatory Surgery Centers and the Emory Specialty Assocs",Nursing,Precepted Rotation,1,1,11248,2023-05-12,2023-06-21,00:00:00,23:59:00,24,Thu,ID Missing,ID Missing,Ambulatory,NRSG 676 MN - Care Transitions Practicum,Other (see comments),Archived (Completed),Completed,2023,Spring 2023,272
395820,Emory University - SON Pre-licensure,"Emory Offsite locations - The Emory Clinic, Ambulatory Surgery Centers and the Emory Specialty Assocs",Nursing,Precepted Rotation,1,1,11204,2023-05-12,2023-06-21,00:00:00,23:59:00,24,Thu,ID Missing,ID Missing,Ambulatory,NRSG 676 MN - Care Transitions Practicum,Other (see comments),Archived (Completed),Completed,2023,Spring 2023,272
395821,Emory University - SON Pre-licensure,"Emory Offsite locations - The Emory Clinic, Ambulatory Surgery Centers and the Emory Specialty Assocs",Nursing,Precepted Rotation,1,1,10654,2023-05-12,2023-06-21,00:00:00,23:59:00,24,Thu,ID Missing,ID Missing,Ambulatory,NRSG 676 MN - Care Transitions Practicum,Other (see comments),Archived (Completed),Completed,2023,Spring 2023,272
395822,Emory University - SON Pre-licensure,"Emory Offsite locations - The Emory Clinic, Ambulatory Surgery Centers and the Emory Specialty Assocs",Nursing,Precepted Rotation,1,1,10763,2023-05-12,2023-06-21,00:00:00,23:59:00,24,,ID Missing,ID Missing,Ambulatory,NRSG 676 MN - Care Transitions Practicum,Other (see comments),Archived (Completed),Completed,2023,Spring 2023,272
395823,Emory University - SON Pre-licensure,"Emory Offsite locations - The Emory Clinic, Ambulatory Surgery Centers and the Emory Specialty Assocs",Nursing,Precepted Rotation,1,1,10656,2023-05-12,2023-06-21,00:00:00,23:59:00,24,Thu,ID Missing,ID Missing,Ambulatory,NRSG 676 MN - Care Transitions Practicum,Other (see comments),Archived (Completed),Completed,2023,Spring 2023,272
395824,Emory University - SON Pre-licensure,"Emory Offsite locations - The Emory Clinic, Ambulatory Surgery Centers and the Emory Specialty Assocs",Nursing,Precepted Rotation,1,1,10635,2023-05-12,2023-06-21,00:00:00,23:59:00,24,Thu,ID Missing,ID Missing,Ambulatory,NRSG 676 MN - Care Transitions Practicum,Other (see comments),Archived (Completed),Completed,2023,Spring 2023,272
395825,Emory University - SON Pre-licensure,"Emory Offsite locations - The Emory Clinic, Ambulatory Surgery Centers and the Emory Specialty Assocs",Nursing,Precepted Rotation,1,1,10585,2023-05-12,2023-06-21,00:00:00,23:59:00,24,Thu,ID Missing,ID Missing,Ambulatory,NRSG 676 MN - Care Transitions Practicum,Other (see comments),Archived (Completed),Completed,2023,Spring 2023,272
395826,Emory University - SON Pre-licensure,"Emory Offsite locations - The Emory Clinic, Ambulatory Surgery Centers and the Emory Specialty Assocs",Nursing,Precepted Rotation,1,1,11249,2023-05-12,2023-06-21,00:00:00,23:59:00,24,Thu,ID Missing,ID Missing,Ambulatory,NRSG 676 MN - Care Transitions Practicum,Other (see comments),Archived (Completed),Completed,2023,Spring 2023,272
395827,Emory University - SON Pre-licensure,"Emory Offsite locations - The Emory Clinic, Ambulatory Surgery Centers and the Emory Specialty Assocs",Nursing,Precepted Rotation,0,1,No Students Assigned,2023-05-12,2023-06-21,00:00:00,23:59:00,24,Thu,ID Missing,ID Missing,Ambulatory,NRSG 676 MN - Care Transitions Practicum,Other (see comments),Archived (Completed),Completed,2023,Spring 2023,272
395828,Emory University - SON Pre-licensure,"Emory Offsite locations - The Emory Clinic, Ambulatory Surgery Centers and the Emory Specialty Assocs",Nursing,Precepted Rotation,1,1,10633,2023-05-12,2023-06-21,00:00:00,23:59:00,24,Thu,ID Missing,ID Missing,Ambulatory,NRSG 676 MN - Care Transitions Practicum,Other (see comments),Archived (Completed),Completed,2023,Spring 2023,272
395829,Emory University - SON Pre-licensure,"Emory Offsite locations - The Emory Clinic, Ambulatory Surgery Centers and the Emory Specialty Assocs",Nursing,Precepted Rotation,1,1,11199,2023-05-12,2023-06-21,00:00:00,23:59:00,24,Thu,ID Missing,ID Missing,Ambulatory,NRSG 676 MN - Care Transitions Practicum,Other (see comments),Archived (Completed),Completed,2023,Spring 2023,272
395830,Emory University - SON Pre-licensure,"Emory Offsite locations - The Emory Clinic, Ambulatory Surgery Centers and the Emory Specialty Assocs",Nursing,Precepted Rotation,1,1,11250,2023-05-12,2023-06-21,00:00:00,23:59:00,24,Thu,ID Missing,ID Missing,Ambulatory,NRSG 676 MN - Care Transitions Practicum,Other (see comments),Archived (Completed),Completed,2023,Spring 2023,272
395831,Emory University - SON Pre-licensure,"Emory Offsite locations - The Emory Clinic, Ambulatory Surgery Centers and the Emory Specialty Assocs",Nursing,Precepted Rotation,1,1,10580,2023-05-12,2023-06-21,00:00:00,23:59:00,24,Thu,ID Missing,ID Missing,Ambulatory,NRSG 676 MN - Care Transitions Practicum,Other (see comments),Archived (Completed),Completed,2023,Spring 2023,272
395832,Emory University - SON Pre-licensure,"Emory Offsite locations - The Emory Clinic, Ambulatory Surgery Centers and the Emory Specialty Assocs",Nursing,Precepted Rotation,1,1,10542,2023-05-12,2023-06-21,00:00:00,23:59:00,24,Thu,ID Missing,ID Missing,Ambulatory,NRSG 676 MN - Care Transitions Practicum,Other (see comments),Archived (Completed),Completed,2023,Spring 2023,272
395834,Emory University - SON Pre-licensure,"Emory Offsite locations - The Emory Clinic, Ambulatory Surgery Centers and the Emory Specialty Assocs",Nursing,Precepted Rotation,1,1,10561,2023-05-12,2023-06-21,00:00:00,23:59:00,24,Thu,ID Missing,ID Missing,Ambulatory,NRSG 676 MN - Care Transitions Practicum,Other (see comments),Archived (Completed),Completed,2023,Spring 2023,272
395835,Emory University - SON Pre-licensure,"Emory Offsite locations - The Emory Clinic, Ambulatory Surgery Centers and the Emory Specialty Assocs",Nursing,Precepted Rotation,1,1,10559,2023-05-12,2023-06-21,00:00:00,23:59:00,24,Thu,ID Missing,ID Missing,Ambulatory,NRSG 676 MN - Care Transitions Practicum,Other (see comments),Archived (Completed),Completed,2023,Spring 2023,272
395836,Emory University - SON Pre-licensure,"Emory Offsite locations - The Emory Clinic, Ambulatory Surgery Centers and the Emory Specialty Assocs",Nursing,Precepted Rotation,1,1,10581,2023-05-12,2023-06-21,00:00:00,23:59:00,24,Fri,ID Missing,ID Missing,Ambulatory,NRSG 676 MN - Care Transitions Practicum,Other (see comments),Archived (Completed),Completed,2023,Spring 2023,272
395837,Emory University - SON Pre-licensure,"Emory Offsite locations - The Emory Clinic, Ambulatory Surgery Centers and the Emory Specialty Assocs",Nursing,Precepted Rotation,1,1,10548,2023-05-12,2023-06-21,00:00:00,23:59:00,24,Fri,ID Missing,ID Missing,Ambulatory,NRSG 676 MN - Care Transitions Practicum,Other (see comments),Archived (Completed),Completed,2023,Spring 2023,272
395838,Emory University - SON Pre-licensure,"Emory Offsite locations - The Emory Clinic, Ambulatory Surgery Centers and the Emory Specialty Assocs",Nursing,Precepted Rotation,1,1,10549,2023-05-12,2023-06-21,00:00:00,23:59:00,24,,ID Missing,ID Missing,Ambulatory,NRSG 676 MN - Care Transitions Practicum,Other (see comments),Archived (Completed),Completed,2023,Spring 2023,272
395839,Emory University - SON Pre-licensure,"Emory Offsite locations - The Emory Clinic, Ambulatory Surgery Centers and the Emory Specialty Assocs",Nursing,Precepted Rotation,1,1,10565,2023-05-12,2023-06-21,00:00:00,23:59:00,24,,ID Missing,ID Missing,Ambulatory,NRSG 676 MN - Care Transitions Practicum,Other (see comments),Archived (Completed),Completed,2023,Spring 2023,272
395840,Emory University - SON Pre-licensure,"Emory Offsite locations - The Emory Clinic, Ambulatory Surgery Centers and the Emory Specialty Assocs",Nursing,Precepted Rotation,1,1,10728,2023-05-12,2023-06-21,00:00:00,23:59:00,24,Fri,ID Missing,ID Missing,Ambulatory,NRSG 676 MN - Care Transitions Practicum,Other (see comments),Archived (Completed),Completed,2023,Spring 2023,272
395841,Emory University - SON Pre-licensure,"Emory Offsite locations - The Emory Clinic, Ambulatory Surgery Centers and the Emory Specialty Assocs",Nursing,Precepted Rotation,1,1,10573,2023-05-12,2023-06-21,00:00:00,23:59:00,24,Fri,ID Missing,ID Missing,Ambulatory,NRSG 676 MN - Care Transitions Practicum,Other (see comments),Archived (Completed),Completed,2023,Spring 2023,272
395842,Emory University - SON Pre-licensure,"Emory Offsite locations - The Emory Clinic, Ambulatory Surgery Centers and the Emory Specialty Assocs",Nursing,Precepted Rotation,1,1,11251,2023-05-12,2023-06-21,00:00:00,23:59:00,24,,ID Missing,ID Missing,Ambulatory,NRSG 676 MN - Care Transitions Practicum,Other (see comments),Archived (Completed),Completed,2023,Spring 2023,272
395843,Emory University - SON Pre-licensure,"Emory Offsite locations - The Emory Clinic, Ambulatory Surgery Centers and the Emory Specialty Assocs",Nursing,Precepted Rotation,0,1,No Students Assigned,2023-05-12,2023-06-21,00:00:00,23:59:00,24,,ID Missing,ID Missing,Ambulatory,NRSG 676 MN - Care Transitions Practicum,Other (see comments),Archived (Completed),Completed,2023,Spring 2023,272
395844,Emory University - SON Pre-licensure,"Emory Offsite locations - The Emory Clinic, Ambulatory Surgery Centers and the Emory Specialty Assocs",Nursing,Precepted Rotation,1,1,10427,2023-05-12,2023-06-21,00:00:00,23:59:00,24,Fri,ID Missing,ID Missing,Ambulatory,NRSG 676 MN - Care Transitions Practicum,Other (see comments),Archived (Completed),Completed,2023,Spring 2023,272
395845,Emory University - SON Pre-licensure,"Emory Offsite locations - The Emory Clinic, Ambulatory Surgery Centers and the Emory Specialty Assocs",Nursing,Precepted Rotation,1,1,11203,2023-05-12,2023-06-21,00:00:00,23:59:00,24,Fri,ID Missing,ID Missing,Ambulatory,NRSG 676 MN - Care Transitions Practicum,Other (see comments),Archived (Completed),Completed,2023,Spring 2023,272
395847,Emory University - SON Pre-licensure,"Emory Offsite locations - The Emory Clinic, Ambulatory Surgery Centers and the Emory Specialty Assocs",Nursing,Precepted Rotation,1,1,10629,2023-05-12,2023-06-21,00:00:00,23:59:00,24,Fri,ID Missing,ID Missing,Ambulatory,NRSG 676 MN - Care Transitions Practicum,Other (see comments),Archived (Completed),Completed,2023,Spring 2023,272
395848,Emory University - SON Pre-licensure,"Emory Offsite locations - The Emory Clinic, Ambulatory Surgery Centers and the Emory Specialty Assocs",Nursing,Precepted Rotation,1,1,10584,2023-05-12,2023-06-21,00:00:00,23:59:00,24,Fri,ID Missing,ID Missing,Ambulatory,NRSG 676 MN - Care Transitions Practicum,Other (see comments),Archived (Completed),Completed,2023,Spring 2023,272
395849,Emory University - SON Pre-licensure,"Emory Offsite locations - The Emory Clinic, Ambulatory Surgery Centers and the Emory Specialty Assocs",Nursing,Precepted Rotation,1,1,11200,2023-05-12,2023-06-21,00:00:00,23:59:00,24,Fri,ID Missing,ID Missing,Ambulatory,NRSG 676 MN - Care Transitions Practicum,Other (see comments),Archived (Completed),Completed,2023,Spring 2023,272
395851,Emory University - SON Pre-licensure,"Emory Offsite locations - The Emory Clinic, Ambulatory Surgery Centers and the Emory Specialty Assocs",Nursing,Precepted Rotation,1,1,10637,2023-05-12,2023-06-21,00:00:00,23:59:00,24,Fri,ID Missing,ID Missing,Ambulatory,NRSG 676 MN - Care Transitions Practicum,Other (see comments),Archived (Completed),Completed,2023,Spring 2023,272
395852,Emory University - SON Pre-licensure,"Emory Offsite locations - The Emory Clinic, Ambulatory Surgery Centers and the Emory Specialty Assocs",Nursing,Precepted Rotation,1,1,10645,2023-05-12,2023-06-21,00:00:00,23:59:00,24,Fri,ID Missing,ID Missing,Ambulatory,NRSG 676 MN - Care Transitions Practicum,Other (see comments),Archived (Completed),Completed,2023,Spring 2023,272
395853,Emory University - SON Pre-licensure,"Emory Offsite locations - The Emory Clinic, Ambulatory Surgery Centers and the Emory Specialty Assocs",Nursing,Precepted Rotation,1,1,10655,2023-05-12,2023-06-21,00:00:00,23:59:00,24,Fri,ID Missing,ID Missing,Ambulatory,NRSG 676 MN - Care Transitions Practicum,Other (see comments),Archived (Completed),Completed,2023,Spring 2023,272
395854,Emory University - SON Pre-licensure,"Emory Offsite locations - The Emory Clinic, Ambulatory Surgery Centers and the Emory Specialty Assocs",Nursing,Precepted Rotation,1,1,10657,2023-05-12,2023-06-21,00:00:00,23:59:00,24,Fri,ID Missing,ID Missing,Ambulatory,NRSG 676 MN - Care Transitions Practicum,Other (see comments),Archived (Completed),Completed,2023,Spring 2023,272
395855,Emory University - SON Pre-licensure,"Emory Offsite locations - The Emory Clinic, Ambulatory Surgery Centers and the Emory Specialty Assocs",Nursing,Precepted Rotation,1,1,11252,2023-05-12,2023-06-21,00:00:00,23:59:00,24,Fri,ID Missing,ID Missing,Ambulatory,NRSG 676 MN - Care Transitions Practicum,Other (see comments),Archived (Completed),Completed,2023,Spring 2023,272
395856,Emory University - SON Pre-licensure,"Emory Offsite locations - The Emory Clinic, Ambulatory Surgery Centers and the Emory Specialty Assocs",Nursing,Precepted Rotation,1,1,10640,2023-05-12,2023-06-21,00:00:00,23:59:00,24,Fri,ID Missing,ID Missing,Ambulatory,NRSG 676 MN - Care Transitions Practicum,Other (see comments),Archived (Completed),Completed,2023,Spring 2023,272
395857,Emory University - SON Pre-licensure,"Emory Offsite locations - The Emory Clinic, Ambulatory Surgery Centers and the Emory Specialty Assocs",Nursing,Precepted Rotation,1,1,10671,2023-05-12,2023-06-21,00:00:00,23:59:00,24,Fri,ID Missing,ID Missing,Ambulatory,NRSG 676 MN - Care Transitions Practicum,Other (see comments),Archived (Completed),Completed,2023,Spring 2023,272
395999,Georgia State University - SON - Undergraduate,Emory Decatur Hospital,Nursing,Cohort Rotation,0,6,No Students Assigned,2023-10-10,2023-11-28,07:00:00,19:00:00,12,Tue,ID Missing,No Preceptor Assigned,Perinatal - OB,NURS 3610 - Childbearing,Mother/Baby,Archived (Denied),Denied,2023,Fall 2023,448
396001,Georgia State University - SON - Undergraduate,Emory Decatur Hospital,Nursing,Cohort Rotation,0,6,No Students Assigned,2023-10-10,2023-11-28,07:00:00,19:00:00,12,Tue,ID Missing,No Preceptor Assigned,Perinatal - OB,NURS 3610 - Childbearing,L&D,Archived (Denied),Denied,2023,Fall 2023,448
396003,Georgia State University - SON - Undergraduate,Emory Decatur Hospital,Nursing,Cohort Rotation,0,6,No Students Assigned,2023-10-10,2023-11-28,07:00:00,19:00:00,12,Tue,ID Missing,No Preceptor Assigned,Perinatal - OB,NURS 3610 - Childbearing,NICU,Archived (Denied),Denied,2023,Fall 2023,448
399090,Chamberlain College of Nursing - Georgia,Emory Decatur Hospital,Nursing,Cohort Rotation,0,6,No Students Assigned,2023-09-04,2023-10-23,07:00:00,15:00:00,48,Mon,ID Missing,No Preceptor Assigned,Psychiatry; Mental Health; Behavioral Medicine,NR 326 - Mental Health Nursing,Behavioral Health,Archived (Denied),Denied,2023,Fall 2023,113
399095,Chamberlain College of Nursing - Georgia,Emory Decatur Hospital,Nursing,Cohort Rotation,0,6,No Students Assigned,2023-09-06,2023-10-25,07:00:00,13:00:00,48,Wed,ID Missing,No Preceptor Assigned,Psychiatry; Mental Health; Behavioral Medicine,NR 326 - Mental Health Nursing,Behavioral Health,Archived (Denied),Denied,2023,Fall 2023,118
399096,Chamberlain College of Nursing - Georgia,Emory Decatur Hospital,Nursing,Cohort Rotation,0,6,No Students Assigned,2023-10-30,2023-12-18,07:00:00,13:00:00,48,Mon,ID Missing,No Preceptor Assigned,Psychiatry; Mental Health; Behavioral Medicine,NR 326 - Mental Health Nursing,Behavioral Health,Archived (Denied),Denied,2023,Fall 2023,131
399097,Chamberlain College of Nursing - Georgia,Emory Decatur Hospital,Nursing,Cohort Rotation,0,6,No Students Assigned,2023-11-01,2023-12-20,07:00:00,13:00:00,48,Wed,ID Missing,No Preceptor Assigned,Psychiatry; Mental Health; Behavioral Medicine,NR 326 - Mental Health Nursing,Behavioral Health,Archived (Denied),Denied,2023,Fall 2023,136
399104,Chamberlain College of Nursing - Georgia,Emory University Hospital at Wesley Woods,Nursing,Cohort Rotation,0,6,No Students Assigned,2023-09-04,2023-10-23,07:00:00,13:00:00,48,Mon,ID Missing,No Preceptor Assigned,Psychiatry; Mental Health; Behavioral Medicine,NR 326 - Mental Health Nursing,Inpatient Psych,Archived (Denied),Denied,2023,Fall 2023,113
399108,Chamberlain College of Nursing - Georgia,Emory University Hospital at Wesley Woods,Nursing,Cohort Rotation,0,6,No Students Assigned,2023-09-06,2023-10-25,07:00:00,13:00:00,48,Wed,ID Missing,No Preceptor Assigned,Psychiatry; Mental Health; Behavioral Medicine,NR 326 - Mental Health Nursing,Inpatient Psych,Archived (Denied),Denied,2023,Fall 2023,118
399111,Chamberlain College of Nursing - Georgia,Emory University Hospital at Wesley Woods,Nursing,Cohort Rotation,0,6,No Students Assigned,2023-10-30,2023-12-18,07:00:00,13:00:00,48,Mon,ID Missing,No Preceptor Assigned,Psychiatry; Mental Health; Behavioral Medicine,NR 326 - Mental Health Nursing,Inpatient Psych,Archived (Denied),Denied,2023,Fall 2023,131
399112,Chamberlain College of Nursing - Georgia,Emory University Hospital at Wesley Woods,Nursing,Cohort Rotation,0,6,No Students Assigned,2023-11-01,2023-12-20,07:00:00,13:00:00,48,Wed,ID Missing,No Preceptor Assigned,Psychiatry; Mental Health; Behavioral Medicine,NR 326 - Mental Health Nursing,Inpatient Psych,Archived (Denied),Denied,2023,Fall 2023,136
399129,Chamberlain College of Nursing - Georgia,Emory Decatur Hospital,Nursing,Cohort Rotation,6,6,"11253, 11254, 11255, 11256, 11257, 10126",2023-09-06,2023-09-27,07:00:00,13:00:00,48,Wed,ID Missing,No Preceptor Assigned,Critical/Intensive Care,NR341 - Complex Adult Health,ICU - 2500,Archived (Completed),Completed,2023,Fall 2023,117
399132,Chamberlain College of Nursing - Georgia,Emory Decatur Hospital,Nursing,Cohort Rotation,6,6,"10866, 10032, 10102, 11258, 11259, 10104",2023-10-04,2023-10-25,07:00:00,19:00:00,48,Wed,ID Missing,No Preceptor Assigned,Critical/Intensive Care,NR341 - Complex Adult Health,ICU - 2500,Archived (Completed),Completed,2023,Fall 2023,125
399143,Chamberlain College of Nursing - Georgia,Emory Decatur Hospital,Nursing,Cohort Rotation,0,6,No Students Assigned,2023-09-08,2023-09-29,07:00:00,19:00:00,48,Fri,ID Missing,No Preceptor Assigned,Critical/Intensive Care,NR341 - Complex Adult Health,ICU,Archived (Denied),Denied,2023,Fall 2023,121
399144,Chamberlain College of Nursing - Georgia,Emory Decatur Hospital,Nursing,Cohort Rotation,0,6,No Students Assigned,2023-10-06,2023-10-27,07:00:00,19:00:00,48,Fri,ID Missing,No Preceptor Assigned,Critical/Intensive Care,NR341 - Complex Adult Health,ICU,Archived (Denied),Denied,2023,Fall 2023,126
399149,Chamberlain College of Nursing - Georgia,Emory Decatur Hospital,Nursing,Cohort Rotation,5,6,"10153, 10157, 10884, 10180, 11260",2023-11-01,2023-11-15,07:00:00,19:00:00,48,Wed,ID Missing,No Preceptor Assigned,Critical/Intensive Care,NR341 - Complex Adult Health,ICU - 2500,Archived (Completed),Completed,2023,Fall 2023,134
399150,Chamberlain College of Nursing - Georgia,Emory Decatur Hospital,Nursing,Cohort Rotation,0,6,No Students Assigned,2023-11-22,2023-12-06,07:00:00,19:00:00,48,Wed,ID Missing,No Preceptor Assigned,Critical/Intensive Care,NR341 - Complex Adult Health,ICU - 2500,Archived (Completed),Completed,2023,Fall 2023,146
399151,Chamberlain College of Nursing - Georgia,Emory Decatur Hospital,Nursing,Cohort Rotation,0,6,No Students Assigned,2023-11-03,2023-11-17,07:00:00,19:00:00,48,Fri,ID Missing,No Preceptor Assigned,Critical/Intensive Care,NR341 - Complex Adult Health,ICU,Archived (Denied),Denied,2023,Fall 2023,140
399152,Chamberlain College of Nursing - Georgia,Emory Decatur Hospital,Nursing,Cohort Rotation,0,6,No Students Assigned,2023-11-24,2023-12-08,07:00:00,19:00:00,48,Fri,ID Missing,No Preceptor Assigned,Critical/Intensive Care,NR341 - Complex Adult Health,ICU,Archived (Denied),Denied,2023,Fall 2023,147
399609,Herzing University,Emory University Hospital,Nursing,Precepted Rotation,1,1,11261,2023-09-20,2023-12-13,00:00:00,23:59:00,135,,ID Missing,No Preceptor Assigned,Practicum,NSG 425 - BSN Practicum,4G: Telemetry,Archived (Completed),Completed,2023,Fall 2023,467
399695,Chamberlain College of Nursing - Georgia,Emory Decatur Hospital,Nursing,Cohort Rotation,0,8,No Students Assigned,2023-09-07,2023-10-26,07:00:00,19:00:00,96,Thu,ID Missing,No Preceptor Assigned,MedSurg - Acute Care,NR 446 - Collaborative Health,General Medical,Archived (Denied),Denied,2023,Fall 2023,120
399696,Chamberlain College of Nursing - Georgia,Emory Decatur Hospital,Nursing,Cohort Rotation,0,8,No Students Assigned,2023-09-08,2023-10-27,07:00:00,19:00:00,96,Fri,ID Missing,No Preceptor Assigned,MedSurg - Acute Care,NR 446 - Collaborative Health,General Medical,Archived (Denied),Denied,2023,Fall 2023,122
400175,Emory University - SON,Emory University Hospital Midtown,Nursing,Cohort Rotation,0,5,No Students Assigned,2023-12-01,2023-12-16,07:00:00,19:00:00,96,,ID Missing,No Preceptor Assigned,MedSurg - Acute Care,NRSG 356D - Acute and Chronic I Care Clinical Practicum Adult and Geriatric Populations,22: Med/Surg,Archived (Withdrawn),Withdrawn,2023,Fall 2023,236
402602,Georgia State University - SON - Undergraduate,Emory University Hospital at Wesley Woods,Nursing,Cohort Rotation,0,8,No Students Assigned,2023-08-24,2023-10-05,06:30:00,14:30:00,10,Thu,ID Missing,No Preceptor Assigned,Practicum,NURS 3810 - Mental Health,-no preference-,Archived (Completed),Completed,2023,Fall 2023,447
402603,Georgia State University - SON - Undergraduate,Emory University Hospital At Wesley Woods,Nursing,Cohort Rotation,5,8,"11262, 11263, 11264, 11265, 11266",2023-10-12,2023-11-30,06:30:00,14:30:00,10,Thu,ID Missing,No Preceptor Assigned,Practicum,NURS 3810 - Mental Health,-no preference-,Archived (Completed),Completed,2023,Fall 2023,449
402622,Brenau University,Emory University Hospital,Nursing,Precepted Rotation,1,1,11267,2023-08-21,2023-12-04,00:00:00,23:59:00,120,,ID Missing,No Preceptor Assigned,Practicum,NG 445 - Transition to Practice/Capstone Practicum,MICU,Archived (Completed),Completed,2023,Fall 2023,9
403807,Emory University - SON Pre-licensure,"Emory Offsite locations - The Emory Clinic, Ambulatory Surgery Centers and the Emory Specialty Assocs",Nursing,Precepted Rotation,1,1,10537,2023-06-26,2023-07-31,00:00:00,23:59:00,24,Thu,ID Missing,ID Missing,Ambulatory,NRSG 676 MN - Care Transitions Practicum,Other (see comments),Archived (Completed),Completed,2023,Spring 2023,286
403809,Emory University - SON Pre-licensure,"Emory Offsite locations - The Emory Clinic, Ambulatory Surgery Centers and the Emory Specialty Assocs",Nursing,Precepted Rotation,1,1,11195,2023-06-26,2023-07-31,00:00:00,23:59:00,24,Thu,ID Missing,ID Missing,Ambulatory,NRSG 676 MN - Care Transitions Practicum,Other (see comments),Archived (Completed),Completed,2023,Spring 2023,286
403811,Emory University - SON Pre-licensure,"Emory Offsite locations - The Emory Clinic, Ambulatory Surgery Centers and the Emory Specialty Assocs",Nursing,Precepted Rotation,1,1,11190,2023-06-26,2023-07-31,00:00:00,23:59:00,24,Thu,ID Missing,ID Missing,Ambulatory,NRSG 676 MN - Care Transitions Practicum,Other (see comments),Archived (Completed),Completed,2023,Spring 2023,286
403813,Emory University - SON Pre-licensure,"Emory Offsite locations - The Emory Clinic, Ambulatory Surgery Centers and the Emory Specialty Assocs",Nursing,Precepted Rotation,0,1,No Students Assigned,2023-06-26,2023-07-31,00:00:00,23:59:00,24,Thu,ID Missing,ID Missing,Ambulatory,NRSG 676 MN - Care Transitions Practicum,Other (see comments),Archived (Completed),Completed,2023,Spring 2023,286
403815,Emory University - SON Pre-licensure,"Emory Offsite locations - The Emory Clinic, Ambulatory Surgery Centers and the Emory Specialty Assocs",Nursing,Precepted Rotation,0,1,No Students Assigned,2023-06-26,2023-07-31,00:00:00,23:59:00,24,Thu,ID Missing,ID Missing,Ambulatory,NRSG 676 MN - Care Transitions Practicum,Other (see comments),Archived (Completed),Completed,2023,Spring 2023,286
403817,Emory University - SON Pre-licensure,"Emory Offsite locations - The Emory Clinic, Ambulatory Surgery Centers and the Emory Specialty Assocs",Nursing,Precepted Rotation,1,1,11268,2023-06-26,2023-07-31,00:00:00,23:59:00,24,Thu,ID Missing,ID Missing,Ambulatory,NRSG 676 MN - Care Transitions Practicum,Other (see comments),Archived (Completed),Completed,2023,Spring 2023,286
403821,Emory University - SON Pre-licensure,"Emory Offsite locations - The Emory Clinic, Ambulatory Surgery Centers and the Emory Specialty Assocs",Nursing,Precepted Rotation,1,1,10634,2023-06-26,2023-07-31,00:00:00,23:59:00,24,Thu,ID Missing,ID Missing,Ambulatory,NRSG 676 MN - Care Transitions Practicum,Other (see comments),Archived (Completed),Completed,2023,Spring 2023,286
403823,Emory University - SON Pre-licensure,"Emory Offsite locations - The Emory Clinic, Ambulatory Surgery Centers and the Emory Specialty Assocs",Nursing,Precepted Rotation,1,1,10586,2023-06-26,2023-07-31,00:00:00,23:59:00,24,Thu,ID Missing,ID Missing,Ambulatory,NRSG 676 MN - Care Transitions Practicum,Other (see comments),Archived (Completed),Completed,2023,Spring 2023,286
403835,Emory University - SON Pre-licensure,"Emory Offsite locations - The Emory Clinic, Ambulatory Surgery Centers and the Emory Specialty Assocs",Nursing,Precepted Rotation,1,1,10547,2023-06-26,2023-07-31,00:00:00,23:59:00,24,Thu,ID Missing,ID Missing,Ambulatory,NRSG 676 MN - Care Transitions Practicum,Other (see comments),Archived (Completed),Completed,2023,Spring 2023,286
403836,Emory University - SON Pre-licensure,"Emory Offsite locations - The Emory Clinic, Ambulatory Surgery Centers and the Emory Specialty Assocs",Nursing,Precepted Rotation,1,1,10544,2023-06-26,2023-07-31,00:00:00,23:59:00,24,Thu,ID Missing,ID Missing,Ambulatory,NRSG 676 MN - Care Transitions Practicum,Other (see comments),Archived (Completed),Completed,2023,Spring 2023,286
403838,Emory University - SON Pre-licensure,"Emory Offsite locations - The Emory Clinic, Ambulatory Surgery Centers and the Emory Specialty Assocs",Nursing,Precepted Rotation,1,1,10644,2023-06-26,2023-07-31,00:00:00,23:59:00,24,Thu,ID Missing,ID Missing,Ambulatory,NRSG 676 MN - Care Transitions Practicum,Other (see comments),Archived (Completed),Completed,2023,Spring 2023,286
403840,Emory University - SON Pre-licensure,"Emory Offsite locations - The Emory Clinic, Ambulatory Surgery Centers and the Emory Specialty Assocs",Nursing,Precepted Rotation,1,1,10628,2023-06-26,2023-07-31,00:00:00,23:59:00,24,Thu,ID Missing,ID Missing,Ambulatory,NRSG 676 MN - Care Transitions Practicum,Other (see comments),Archived (Completed),Completed,2023,Spring 2023,286
403844,Emory University - SON Pre-licensure,"Emory Offsite locations - The Emory Clinic, Ambulatory Surgery Centers and the Emory Specialty Assocs",Nursing,Precepted Rotation,1,1,10725,2023-06-26,2023-07-31,00:00:00,23:59:00,24,Thu,ID Missing,ID Missing,Ambulatory,NRSG 676 MN - Care Transitions Practicum,Other (see comments),Archived (Completed),Completed,2023,Spring 2023,286
403846,Emory University - SON Pre-licensure,"Emory Offsite locations - The Emory Clinic, Ambulatory Surgery Centers and the Emory Specialty Assocs",Nursing,Precepted Rotation,1,1,11194,2023-06-26,2023-07-31,00:00:00,23:59:00,24,Thu,ID Missing,ID Missing,Ambulatory,NRSG 676 MN - Care Transitions Practicum,Other (see comments),Archived (Completed),Completed,2023,Spring 2023,286
403848,Emory University - SON Pre-licensure,"Emory Offsite locations - The Emory Clinic, Ambulatory Surgery Centers and the Emory Specialty Assocs",Nursing,Precepted Rotation,1,1,10576,2023-06-26,2023-07-31,00:00:00,23:59:00,24,Thu,ID Missing,ID Missing,Ambulatory,NRSG 676 MN - Care Transitions Practicum,Other (see comments),Archived (Completed),Completed,2023,Spring 2023,286
403904,Emory University - SON Pre-licensure,"Emory Offsite locations - The Emory Clinic, Ambulatory Surgery Centers and the Emory Specialty Assocs",Nursing,Precepted Rotation,1,1,10660,2023-06-26,2023-07-31,00:00:00,23:59:00,24,Thu,ID Missing,ID Missing,Ambulatory,NRSG 676 MN - Care Transitions Practicum,Other (see comments),Archived (Completed),Completed,2023,Spring 2023,286
403905,Emory University - SON Pre-licensure,"Emory Offsite locations - The Emory Clinic, Ambulatory Surgery Centers and the Emory Specialty Assocs",Nursing,Precepted Rotation,1,1,10668,2023-06-26,2023-07-31,00:00:00,23:59:00,24,Thu,ID Missing,ID Missing,Ambulatory,NRSG 676 MN - Care Transitions Practicum,Other (see comments),Archived (Completed),Completed,2023,Spring 2023,286
403908,Emory University - SON Pre-licensure,"Emory Offsite locations - The Emory Clinic, Ambulatory Surgery Centers and the Emory Specialty Assocs",Nursing,Precepted Rotation,1,1,10669,2023-06-26,2023-07-31,00:00:00,23:59:00,24,Thu,ID Missing,ID Missing,Ambulatory,NRSG 676 MN - Care Transitions Practicum,Other (see comments),Archived (Completed),Completed,2023,Spring 2023,286
403909,Emory University - SON Pre-licensure,"Emory Offsite locations - The Emory Clinic, Ambulatory Surgery Centers and the Emory Specialty Assocs",Nursing,Precepted Rotation,1,1,10731,2023-06-26,2023-07-31,00:00:00,23:59:00,24,Thu,ID Missing,ID Missing,Ambulatory,NRSG 676 MN - Care Transitions Practicum,Other (see comments),Archived (Completed),Completed,2023,Spring 2023,286
403912,Emory University - SON Pre-licensure,"Emory Offsite locations - The Emory Clinic, Ambulatory Surgery Centers and the Emory Specialty Assocs",Nursing,Precepted Rotation,1,1,10575,2023-06-26,2023-07-31,00:00:00,23:59:00,24,Thu,ID Missing,ID Missing,Ambulatory,NRSG 676 MN - Care Transitions Practicum,Other (see comments),Archived (Completed),Completed,2023,Spring 2023,286
403914,Emory University - SON Pre-licensure,"Emory Offsite locations - The Emory Clinic, Ambulatory Surgery Centers and the Emory Specialty Assocs",Nursing,Precepted Rotation,1,1,10627,2023-06-26,2023-07-31,00:00:00,23:59:00,24,Thu,ID Missing,ID Missing,Ambulatory,NRSG 676 MN - Care Transitions Practicum,Other (see comments),Archived (Completed),Completed,2023,Spring 2023,286
403915,Emory University - SON Pre-licensure,"Emory Offsite locations - The Emory Clinic, Ambulatory Surgery Centers and the Emory Specialty Assocs",Nursing,Precepted Rotation,1,1,10647,2023-06-26,2023-07-31,00:00:00,23:59:00,24,Thu,ID Missing,ID Missing,Ambulatory,NRSG 676 MN - Care Transitions Practicum,Other (see comments),Archived (Completed),Completed,2023,Spring 2023,286
403916,Emory University - SON Pre-licensure,"Emory Offsite locations - The Emory Clinic, Ambulatory Surgery Centers and the Emory Specialty Assocs",Nursing,Precepted Rotation,1,1,10546,2023-06-26,2023-07-31,00:00:00,23:59:00,24,Fri,ID Missing,ID Missing,Ambulatory,NRSG 676 MN - Care Transitions Practicum,Other (see comments),Archived (Completed),Completed,2023,Spring 2023,286
403918,Emory University - SON Pre-licensure,"Emory Offsite locations - The Emory Clinic, Ambulatory Surgery Centers and the Emory Specialty Assocs",Nursing,Precepted Rotation,1,1,11269,2023-06-26,2023-07-31,00:00:00,23:59:00,24,Fri,ID Missing,ID Missing,Ambulatory,NRSG 676 MN - Care Transitions Practicum,Other (see comments),Archived (Completed),Completed,2023,Spring 2023,286
403919,Emory University - SON Pre-licensure,"Emory Offsite locations - The Emory Clinic, Ambulatory Surgery Centers and the Emory Specialty Assocs",Nursing,Precepted Rotation,1,1,10568,2023-06-26,2023-07-31,00:00:00,23:59:00,24,Fri,ID Missing,ID Missing,Ambulatory,NRSG 676 MN - Care Transitions Practicum,Other (see comments),Archived (Completed),Completed,2023,Spring 2023,286
403920,Emory University - SON Pre-licensure,"Emory Offsite locations - The Emory Clinic, Ambulatory Surgery Centers and the Emory Specialty Assocs",Nursing,Precepted Rotation,1,1,10648,2023-06-26,2023-07-31,00:00:00,23:59:00,24,Fri,ID Missing,ID Missing,Ambulatory,NRSG 676 MN - Care Transitions Practicum,Other (see comments),Archived (Completed),Completed,2023,Spring 2023,286
403922,Emory University - SON Pre-licensure,"Emory Offsite locations - The Emory Clinic, Ambulatory Surgery Centers and the Emory Specialty Assocs",Nursing,Precepted Rotation,1,1,10626,2023-06-26,2023-07-31,00:00:00,23:59:00,24,Fri,ID Missing,ID Missing,Ambulatory,NRSG 676 MN - Care Transitions Practicum,Other (see comments),Archived (Completed),Completed,2023,Spring 2023,286
403923,Emory University - SON Pre-licensure,"Emory Offsite locations - The Emory Clinic, Ambulatory Surgery Centers and the Emory Specialty Assocs",Nursing,Precepted Rotation,1,1,10663,2023-06-26,2023-07-31,00:00:00,23:59:00,24,Fri,ID Missing,ID Missing,Ambulatory,NRSG 676 MN - Care Transitions Practicum,Other (see comments),Archived (Completed),Completed,2023,Spring 2023,286
403925,Emory University - SON Pre-licensure,"Emory Offsite locations - The Emory Clinic, Ambulatory Surgery Centers and the Emory Specialty Assocs",Nursing,Precepted Rotation,1,1,11192,2023-06-26,2023-07-31,00:00:00,23:59:00,24,Fri,ID Missing,ID Missing,Ambulatory,NRSG 676 MN - Care Transitions Practicum,Other (see comments),Archived (Completed),Completed,2023,Spring 2023,286
403926,Emory University - SON Pre-licensure,"Emory Offsite locations - The Emory Clinic, Ambulatory Surgery Centers and the Emory Specialty Assocs",Nursing,Precepted Rotation,1,1,10727,2023-06-26,2023-07-31,00:00:00,23:59:00,24,Fri,ID Missing,ID Missing,Ambulatory,NRSG 676 MN - Care Transitions Practicum,Other (see comments),Archived (Completed),Completed,2023,Spring 2023,286
403927,Emory University - SON Pre-licensure,"Emory Offsite locations - The Emory Clinic, Ambulatory Surgery Centers and the Emory Specialty Assocs",Nursing,Precepted Rotation,1,1,11191,2023-06-26,2023-07-31,00:00:00,23:59:00,24,Fri,ID Missing,ID Missing,Ambulatory,NRSG 676 MN - Care Transitions Practicum,Other (see comments),Archived (Completed),Completed,2023,Spring 2023,286
403928,Emory University - SON Pre-licensure,"Emory Offsite locations - The Emory Clinic, Ambulatory Surgery Centers and the Emory Specialty Assocs",Nursing,Precepted Rotation,1,1,10761,2023-06-26,2023-07-31,00:00:00,23:59:00,24,Fri,ID Missing,ID Missing,Ambulatory,NRSG 676 MN - Care Transitions Practicum,Other (see comments),Archived (Completed),Completed,2023,Spring 2023,286
403929,Emory University - SON Pre-licensure,"Emory Offsite locations - The Emory Clinic, Ambulatory Surgery Centers and the Emory Specialty Assocs",Nursing,Precepted Rotation,1,1,10538,2023-06-26,2023-07-31,00:00:00,23:59:00,24,"Mon, Thu",ID Missing,ID Missing,Ambulatory,NRSG 676 MN - Care Transitions Practicum,Other (see comments),Archived (Completed),Completed,2023,Spring 2023,286
403930,Emory University - SON Pre-licensure,"Emory Offsite locations - The Emory Clinic, Ambulatory Surgery Centers and the Emory Specialty Assocs",Nursing,Precepted Rotation,1,1,10642,2023-06-26,2023-07-31,00:00:00,23:59:00,24,"Mon, Thu",ID Missing,ID Missing,Ambulatory,NRSG 676 MN - Care Transitions Practicum,Other (see comments),Archived (Completed),Completed,2023,Spring 2023,286
403931,Emory University - SON Pre-licensure,"Emory Offsite locations - The Emory Clinic, Ambulatory Surgery Centers and the Emory Specialty Assocs",Nursing,Precepted Rotation,1,1,10670,2023-06-26,2023-07-31,00:00:00,23:59:00,24,"Mon, Thu",ID Missing,ID Missing,Ambulatory,NRSG 676 MN - Care Transitions Practicum,Other (see comments),Archived (Completed),Completed,2023,Spring 2023,286
403932,Emory University - SON Pre-licensure,"Emory Offsite locations - The Emory Clinic, Ambulatory Surgery Centers and the Emory Specialty Assocs",Nursing,Precepted Rotation,1,1,10572,2023-06-26,2023-07-31,00:00:00,23:59:00,24,"Mon, Thu",ID Missing,ID Missing,Ambulatory,NRSG 676 MN - Care Transitions Practicum,Other (see comments),Archived (Completed),Completed,2023,Spring 2023,286
403933,Emory University - SON Pre-licensure,"Emory Offsite locations - The Emory Clinic, Ambulatory Surgery Centers and the Emory Specialty Assocs",Nursing,Precepted Rotation,1,1,11270,2023-06-26,2023-07-31,00:00:00,23:59:00,24,"Mon, Thu",ID Missing,ID Missing,Ambulatory,NRSG 676 MN - Care Transitions Practicum,Other (see comments),Archived (Completed),Completed,2023,Spring 2023,286
403934,Emory University - SON Pre-licensure,"Emory Offsite locations - The Emory Clinic, Ambulatory Surgery Centers and the Emory Specialty Assocs",Nursing,Precepted Rotation,1,1,10551,2023-06-26,2023-07-31,00:00:00,23:59:00,24,"Mon, Thu",ID Missing,ID Missing,Ambulatory,NRSG 676 MN - Care Transitions Practicum,Other (see comments),Archived (Completed),Completed,2023,Spring 2023,286
403935,Emory University - SON Pre-licensure,"Emory Offsite locations - The Emory Clinic, Ambulatory Surgery Centers and the Emory Specialty Assocs",Nursing,Precepted Rotation,1,1,10552,2023-06-26,2023-07-31,00:00:00,23:59:00,24,"Mon, Thu",ID Missing,ID Missing,Ambulatory,NRSG 676 MN - Care Transitions Practicum,Other (see comments),Archived (Completed),Completed,2023,Spring 2023,286
403936,Emory University - SON Pre-licensure,"Emory Offsite locations - The Emory Clinic, Ambulatory Surgery Centers and the Emory Specialty Assocs",Nursing,Precepted Rotation,1,1,10729,2023-06-26,2023-07-31,00:00:00,23:59:00,24,"Mon, Thu",ID Missing,ID Missing,Ambulatory,NRSG 676 MN - Care Transitions Practicum,Other (see comments),Archived (Completed),Completed,2023,Spring 2023,286
403937,Emory University - SON Pre-licensure,"Emory Offsite locations - The Emory Clinic, Ambulatory Surgery Centers and the Emory Specialty Assocs",Nursing,Precepted Rotation,1,1,10666,2023-06-26,2023-07-31,00:00:00,23:59:00,24,"Mon, Thu",ID Missing,ID Missing,Ambulatory,NRSG 676 MN - Care Transitions Practicum,Other (see comments),Archived (Completed),Completed,2023,Spring 2023,286
403939,Emory University - SON Pre-licensure,"Emory Offsite locations - The Emory Clinic, Ambulatory Surgery Centers and the Emory Specialty Assocs",Nursing,Precepted Rotation,1,1,10665,2023-06-26,2023-07-31,00:00:00,23:59:00,24,"Mon, Thu",ID Missing,ID Missing,Ambulatory,NRSG 676 MN - Care Transitions Practicum,Other (see comments),Archived (Completed),Completed,2023,Spring 2023,286
403940,Emory University - SON Pre-licensure,"Emory Offsite locations - The Emory Clinic, Ambulatory Surgery Centers and the Emory Specialty Assocs",Nursing,Precepted Rotation,1,1,10557,2023-06-26,2023-07-31,00:00:00,23:59:00,24,"Mon, Thu",ID Missing,ID Missing,Ambulatory,NRSG 676 MN - Care Transitions Practicum,Other (see comments),Archived (Completed),Completed,2023,Spring 2023,286
404074,Emory University - SON Pre-licensure,"Emory Offsite locations - The Emory Clinic, Ambulatory Surgery Centers and the Emory Specialty Assocs",Nursing,Precepted Rotation,1,1,10541,2023-06-26,2023-07-31,00:00:00,23:59:00,24,"Mon, Thu",ID Missing,ID Missing,Ambulatory,NRSG 676 MN - Care Transitions Practicum,Other (see comments),Archived (Completed),Completed,2023,Spring 2023,286
404077,Emory University - SON Pre-licensure,"Emory Offsite locations - The Emory Clinic, Ambulatory Surgery Centers and the Emory Specialty Assocs",Nursing,Precepted Rotation,1,1,11214,2023-06-26,2023-07-31,00:00:00,23:59:00,24,"Mon, Thu",ID Missing,ID Missing,Ambulatory,NRSG 676 MN - Care Transitions Practicum,Other (see comments),Archived (Completed),Completed,2023,Spring 2023,286
404085,Emory University - SON Pre-licensure,"Emory Offsite locations - The Emory Clinic, Ambulatory Surgery Centers and the Emory Specialty Assocs",Nursing,Precepted Rotation,1,1,10650,2023-06-26,2023-07-31,00:00:00,23:59:00,24,"Mon, Thu",ID Missing,ID Missing,Ambulatory,NRSG 676 MN - Care Transitions Practicum,Other (see comments),Archived (Completed),Completed,2023,Spring 2023,286
404087,Emory University - SON Pre-licensure,"Emory Offsite locations - The Emory Clinic, Ambulatory Surgery Centers and the Emory Specialty Assocs",Nursing,Precepted Rotation,1,1,10565,2023-06-26,2023-07-31,00:00:00,23:59:00,24,"Mon, Thu","ID Missing, ID Missing",ID Missing,Ambulatory,NRSG 676 MN - Care Transitions Practicum,Other (see comments),Archived (Completed),Completed,2023,Spring 2023,286
404098,Emory University - SON Pre-licensure,"Emory Offsite locations - The Emory Clinic, Ambulatory Surgery Centers and the Emory Specialty Assocs",Nursing,Precepted Rotation,1,1,10566,2023-06-26,2023-07-31,00:00:00,23:59:00,24,"Mon, Thu",ID Missing,ID Missing,Ambulatory,NRSG 676 MN - Care Transitions Practicum,Other (see comments),Archived (Completed),Completed,2023,Spring 2023,286
404100,Emory University - SON Pre-licensure,"Emory Offsite locations - The Emory Clinic, Ambulatory Surgery Centers and the Emory Specialty Assocs",Nursing,Precepted Rotation,1,1,10570,2023-06-26,2023-07-31,00:00:00,23:59:00,24,"Mon, Thu",ID Missing,ID Missing,Ambulatory,NRSG 676 MN - Care Transitions Practicum,Other (see comments),Archived (Completed),Completed,2023,Spring 2023,286
404105,Emory University - SON Pre-licensure,"Emory Offsite locations - The Emory Clinic, Ambulatory Surgery Centers and the Emory Specialty Assocs",Nursing,Precepted Rotation,1,1,10662,2023-06-26,2023-07-31,00:00:00,23:59:00,24,"Mon, Thu",ID Missing,ID Missing,Ambulatory,NRSG 676 MN - Care Transitions Practicum,Other (see comments),Archived (Completed),Completed,2023,Spring 2023,286
404109,Emory University - SON Pre-licensure,"Emory Offsite locations - The Emory Clinic, Ambulatory Surgery Centers and the Emory Specialty Assocs",Nursing,Precepted Rotation,1,1,10652,2023-06-26,2023-07-31,00:00:00,23:59:00,24,"Mon, Thu",ID Missing,ID Missing,Ambulatory,NRSG 676 MN - Care Transitions Practicum,Other (see comments),Archived (Completed),Completed,2023,Spring 2023,286
404111,Emory University - SON Pre-licensure,"Emory Offsite locations - The Emory Clinic, Ambulatory Surgery Centers and the Emory Specialty Assocs",Nursing,Precepted Rotation,1,1,11271,2023-06-26,2023-07-31,00:00:00,23:59:00,24,"Mon, Thu",ID Missing,ID Missing,Ambulatory,NRSG 676 MN - Care Transitions Practicum,Other (see comments),Archived (Completed),Completed,2023,Spring 2023,286
404112,Emory University - SON Pre-licensure,"Emory Offsite locations - The Emory Clinic, Ambulatory Surgery Centers and the Emory Specialty Assocs",Nursing,Precepted Rotation,1,1,10550,2023-06-26,2023-07-31,00:00:00,23:59:00,24,"Thu, Fri",ID Missing,ID Missing,Ambulatory,NRSG 676 MN - Care Transitions Practicum,Other (see comments),Archived (Completed),Completed,2023,Spring 2023,286
404114,Emory University - SON Pre-licensure,"Emory Offsite locations - The Emory Clinic, Ambulatory Surgery Centers and the Emory Specialty Assocs",Nursing,Precepted Rotation,1,1,11272,2023-06-26,2023-07-31,00:00:00,23:59:00,24,"Thu, Fri",ID Missing,ID Missing,Ambulatory,NRSG 676 MN - Care Transitions Practicum,Other (see comments),Archived (Completed),Completed,2023,Spring 2023,286
404116,Emory University - SON Pre-licensure,"Emory Offsite locations - The Emory Clinic, Ambulatory Surgery Centers and the Emory Specialty Assocs",Nursing,Precepted Rotation,1,1,10667,2023-06-26,2023-07-31,00:00:00,23:59:00,24,"Thu, Fri",ID Missing,ID Missing,Ambulatory,NRSG 676 MN - Care Transitions Practicum,Other (see comments),Archived (Completed),Completed,2023,Spring 2023,286
404119,Emory University - SON Pre-licensure,"Emory Offsite locations - The Emory Clinic, Ambulatory Surgery Centers and the Emory Specialty Assocs",Nursing,Precepted Rotation,1,1,10543,2023-06-26,2023-07-31,00:00:00,23:59:00,24,"Thu, Fri",ID Missing,ID Missing,Ambulatory,NRSG 676 MN - Care Transitions Practicum,Other (see comments),Archived (Completed),Completed,2023,Spring 2023,286
404121,Emory University - SON Pre-licensure,"Emory Offsite locations - The Emory Clinic, Ambulatory Surgery Centers and the Emory Specialty Assocs",Nursing,Precepted Rotation,1,1,11201,2023-06-26,2023-07-31,00:00:00,23:59:00,24,"Thu, Fri",ID Missing,ID Missing,Ambulatory,NRSG 676 MN - Care Transitions Practicum,Other (see comments),Archived (Completed),Completed,2023,Spring 2023,286
404122,Emory University - SON Pre-licensure,"Emory Offsite locations - The Emory Clinic, Ambulatory Surgery Centers and the Emory Specialty Assocs",Nursing,Precepted Rotation,1,1,10638,2023-06-26,2023-07-31,00:00:00,23:59:00,24,"Thu, Fri",ID Missing,ID Missing,Ambulatory,NRSG 676 MN - Care Transitions Practicum,Other (see comments),Archived (Completed),Completed,2023,Spring 2023,286
404124,Emory University - SON Pre-licensure,"Emory Offsite locations - The Emory Clinic, Ambulatory Surgery Centers and the Emory Specialty Assocs",Nursing,Precepted Rotation,1,1,10632,2023-06-26,2023-07-31,00:00:00,23:59:00,24,"Thu, Fri",ID Missing,ID Missing,Ambulatory,NRSG 676 MN - Care Transitions Practicum,Other (see comments),Archived (Completed),Completed,2023,Spring 2023,286
404125,Emory University - SON Pre-licensure,"Emory Offsite locations - The Emory Clinic, Ambulatory Surgery Centers and the Emory Specialty Assocs",Nursing,Precepted Rotation,1,1,11202,2023-06-26,2023-07-31,00:00:00,23:59:00,24,"Thu, Fri",ID Missing,ID Missing,Ambulatory,NRSG 676 MN - Care Transitions Practicum,Other (see comments),Archived (Completed),Completed,2023,Spring 2023,286
404319,Columbus State University - Nursing,Emory University Hospital Midtown,Nursing,Precepted Rotation,1,1,11273,2023-10-10,2023-11-30,00:00:00,23:59:00,45,,ID Missing,ID Missing,MedSurg - Acute Care,4698 - Senior Project RN,61: Med-Surg,Archived (Completed),Completed,2023,Fall 2023,209
404356,Emory University - SON Pre-licensure,Emory Hillandale Hospital,Nursing,Cohort Rotation,7,7,"11000, 11047, 11048, 11062, 11111, 11066, 11123",2023-08-22,2023-10-03,07:00:00,19:00:00,60,Tue,ID Missing,No Preceptor Assigned,Other (see comments),NRSG 391 - Adult and Geriatric Practicum,4th floor - telemetry,Archived (Completed),Completed,2023,Fall 2023,297
404357,Emory University - SON Pre-licensure,Emory Saint Joseph's Hospital,Nursing,Cohort Rotation,7,7,"11082, 11091, 11129, 11021, 11026, 11125, 10998",2023-08-22,2023-10-03,07:00:00,19:00:00,60,Tue,ID Missing,No Preceptor Assigned,Other (see comments),NRSG 391 - Adult and Geriatric Practicum,4W,Archived (Completed),Completed,2023,Fall 2023,297
404358,Emory University - SON Pre-licensure,Emory University Hospital,Nursing,Cohort Rotation,7,7,"11078, 11036, 11079, 11107, 11017, 11113, 11011",2023-08-22,2023-10-03,07:00:00,19:00:00,60,Tue,ID Missing,No Preceptor Assigned,Other (see comments),NRSG 391 - Adult and Geriatric Practicum,6E: CV Stepdown/Heart Transplant,Archived (Completed),Completed,2023,Fall 2023,297
404359,Emory University - SON Pre-licensure,Emory University Hospital Midtown,Nursing,Cohort Rotation,7,7,"11094, 11108, 11065, 11112, 11018, 11085, 11050",2023-08-22,2023-10-03,07:00:00,19:00:00,60,Tue,ID Missing,No Preceptor Assigned,Other (see comments),NRSG 391 - Adult and Geriatric Practicum,51: Med-Surg,Archived (Completed),Completed,2023,Fall 2023,297
404363,Emory University - SON Pre-licensure,Emory Johns Creek Hospital,Nursing,Cohort Rotation,7,7,"11067, 11114, 11087, 11032, 11043, 11099, 11080",2023-08-23,2023-10-11,07:00:00,19:00:00,60,Wed,ID Missing,No Preceptor Assigned,Other (see comments),NRSG 391 - Adult and Geriatric Practicum,4th floor: med-surg,Archived (Completed),Completed,2023,Fall 2023,300
404364,Emory University - SON Pre-licensure,Emory Saint Joseph's Hospital,Nursing,Cohort Rotation,7,7,"11061, 11045, 11024, 11002, 11126, 11041, 11075",2023-08-23,2023-10-11,07:00:00,19:00:00,60,Wed,ID Missing,No Preceptor Assigned,Other (see comments),NRSG 391 - Adult and Geriatric Practicum,3W,Archived (Completed),Completed,2023,Fall 2023,300
404365,Emory University - SON Pre-licensure,Emory University Hospital,Nursing,Cohort Rotation,7,7,"11019, 11029, 11086, 11120, 11030, 11042, 11088",2023-08-23,2023-10-11,07:00:00,19:00:00,60,Wed,ID Missing,No Preceptor Assigned,Other (see comments),NRSG 391 - Adult and Geriatric Practicum,7T: Surgical,Archived (Completed),Completed,2023,Fall 2023,300
404367,Emory University - SON Pre-licensure,Emory Johns Creek Hospital,Nursing,Cohort Rotation,4,7,"11068, 11071, 11069, 10418",2023-08-26,2023-10-14,07:00:00,19:00:00,60,Sat,ID Missing,No Preceptor Assigned,Other (see comments),NRSG 391 - Adult and Geriatric Practicum,6W oncology,Archived (Completed),Completed,2023,Fall 2023,302
404368,Emory University - SON Pre-licensure,Emory University Hospital,Nursing,Cohort Rotation,6,7,"11009, 11116, 11130, 11090, 10499, 11119",2023-08-26,2023-10-14,07:00:00,19:00:00,60,Sat,"ID Missing, ID Missing",No Preceptor Assigned,Other (see comments),NRSG 391 - Adult and Geriatric Practicum,6E: CV Stepdown/Heart Transplant,Archived (Completed),Completed,2023,Fall 2023,302
404369,Emory University - SON Pre-licensure,Emory University Hospital,Nursing,Cohort Rotation,4,7,"11058, 11095, 11098, 10389",2023-08-26,2023-10-14,07:00:00,19:00:00,60,Sat,ID Missing,No Preceptor Assigned,Other (see comments),NRSG 391 - Adult and Geriatric Practicum,7T: Surgical,Archived (Completed),Completed,2023,Fall 2023,302
404395,Emory University - SON Pre-licensure,Emory Hillandale Hospital,Nursing,Cohort Rotation,6,7,"11013, 11046, 11092, 11057, 11110, 11121",2023-10-17,2023-12-05,07:00:00,19:00:00,60,Tue,ID Missing,No Preceptor Assigned,Other (see comments),NRSG 391 - Adult and Geriatric Practicum,4th floor - telemetry,Archived (Completed),Completed,2023,Fall 2023,318
404396,Emory University - SON Pre-licensure,Emory Saint Joseph's Hospital,Nursing,Cohort Rotation,6,7,"11073, 11083, 11059, 11012, 11020, 11044",2023-10-17,2023-12-05,07:00:00,19:00:00,60,Tue,ID Missing,No Preceptor Assigned,Other (see comments),NRSG 391 - Adult and Geriatric Practicum,4W renal and urology,Archived (Completed),Completed,2023,Fall 2023,318
404397,Emory University - SON Pre-licensure,Emory University Hospital,Nursing,Cohort Rotation,7,7,"10106, 11001, 10997, 11003, 10996, 11093, 11084",2023-10-17,2023-12-05,07:00:00,19:00:00,60,Tue,"ID Missing, ID Missing",No Preceptor Assigned,Perinatal - OB,NRSG 391 - Adult and Geriatric Practicum,6E: CV Stepdown/Heart Transplant,Archived (Completed),Completed,2023,Fall 2023,318
404398,Emory University - SON Pre-licensure,Emory University Hospital Midtown,Nursing,Cohort Rotation,6,7,"11081, 11097, 11101, 11007, 11124, 11039",2023-10-17,2023-12-05,00:00:00,23:59:00,60,Tue,ID Missing,No Preceptor Assigned,Other (see comments),NRSG 391 - Adult and Geriatric Practicum,51: Med-Surg,Archived (Completed),Completed,2023,Fall 2023,318
404399,Emory University - SON Pre-licensure,Emory Johns Creek Hospital,Nursing,Cohort Rotation,7,7,"11070, 11028, 11100, 11010, 11096, 11109, 10414",2023-10-11,2023-12-06,07:00:00,19:00:00,60,Wed,ID Missing,No Preceptor Assigned,Other (see comments),NRSG 391 - Adult and Geriatric Practicum,4th floor: med-surg,Archived (Completed),Completed,2023,Fall 2023,313
404400,Emory University - SON Pre-licensure,Emory Saint Joseph's Hospital,Nursing,Cohort Rotation,7,7,"11076, 11072, 11034, 11274, 11035, 10345, 10337",2023-10-11,2023-12-06,07:00:00,19:00:00,60,Wed,ID Missing,No Preceptor Assigned,Other (see comments),NRSG 391 - Adult and Geriatric Practicum,3W cardiology,Archived (Completed),Completed,2023,Fall 2023,313
404401,Emory University - SON Pre-licensure,Emory University Hospital,Nursing,Cohort Rotation,7,7,"10995, 11031, 11122, 11051, 11040, 11127, 11128",2023-10-11,2023-12-06,07:00:00,19:00:00,60,Wed,ID Missing,No Preceptor Assigned,Other (see comments),NRSG 391 - Adult and Geriatric Practicum,7T: Surgical,Archived (Completed),Completed,2023,Fall 2023,313
404402,Emory University - SON Pre-licensure,Emory University Hospital Midtown,Nursing,Cohort Rotation,7,7,"11074, 11103, 11060, 11006, 11105, 11025, 11106",2023-10-11,2023-12-06,07:00:00,19:00:00,60,Wed,ID Missing,No Preceptor Assigned,Other (see comments),NRSG 391 - Adult and Geriatric Practicum,51: Med-Surg,Archived (Completed),Completed,2023,Fall 2023,313
404408,Emory University - SON Pre-licensure,Emory Johns Creek Hospital,Nursing,Cohort Rotation,6,7,"11052, 11104, 11118, 11022, 11027, 10994",2023-10-14,2023-12-09,07:00:00,19:00:00,60,Sat,ID Missing,No Preceptor Assigned,Perinatal - OB,NRSG 391 - Adult and Geriatric Practicum,6W oncology/hospice,Archived (Completed),Completed,2023,Fall 2023,315
404409,Emory University - SON Pre-licensure,Emory University Hospital,Nursing,Cohort Rotation,6,7,"11056, 11115, 11038, 11015, 11033, 11037",2023-10-14,2023-12-09,07:00:00,19:00:00,60,Sat,"ID Missing, ID Missing",No Preceptor Assigned,Other (see comments),NRSG 391 - Adult and Geriatric Practicum,6E: CV Stepdown/Heart Transplant,Archived (Completed),Completed,2023,Fall 2023,315
404412,Emory University - SON Pre-licensure,Emory University Hospital,Nursing,Cohort Rotation,5,7,"11077, 11063, 11054, 11055, 10611",2023-10-14,2023-12-09,07:00:00,19:00:00,60,Sat,ID Missing,No Preceptor Assigned,Other (see comments),NRSG 391 - Adult and Geriatric Practicum,7T: Surgical,Archived (Completed),Completed,2023,Fall 2023,315
404423,Emory University - SON Pre-licensure,Emory University Hospital Midtown,Nursing,Cohort Rotation,6,6,"10604, 10529, 10605, 10606, 10614, 10615",2023-08-22,2023-10-03,07:00:00,19:00:00,60,Tue,ID Missing,No Preceptor Assigned,Perinatal - OB,NRSG 392 - Maternity Practicum,42/54: Mother/Baby,Archived (Completed),Completed,2023,Fall 2023,297
404424,Emory University - SON Pre-licensure,Emory University Hospital Midtown,Nursing,Cohort Rotation,5,6,"10357, 10386, 10406, 10359, 10403",2023-08-23,2023-10-11,07:00:00,19:00:00,60,Wed,2004,No Preceptor Assigned,Perinatal - OB,NRSG 392 - Maternity Practicum,42/54: Mother/Baby,Archived (Completed),Completed,2023,Fall 2023,300
404427,Emory University - SON Pre-licensure,Emory University Hospital Midtown,Nursing,Cohort Rotation,6,6,"10523, 10616, 10519, 10601, 10525, 10517",2023-10-17,2023-12-05,07:00:00,19:00:00,60,Tue,"ID Missing, ID Missing",No Preceptor Assigned,Perinatal - OB,NRSG 392 - Maternity Practicum,42/54: Mother/Baby,Archived (Completed),Completed,2023,Fall 2023,318
404429,Emory University - SON Pre-licensure,Emory University Hospital Midtown,Nursing,Cohort Rotation,4,6,"10536, 10408, 10374, 10384",2023-10-18,2023-12-06,07:00:00,19:00:00,60,Wed,2004,No Preceptor Assigned,Perinatal - OB,NRSG 392 - Maternity Practicum,42/54: Mother/Baby,Archived (Completed),Completed,2023,Fall 2023,319
404971,Emory University - SON Pre-licensure,Emory University Hospital Midtown,Nursing,Cohort Rotation,6,8,"10365, 10370, 10400, 10371, 10419, 11132",2023-08-21,2023-10-02,07:00:00,19:00:00,60,Mon,ID Missing,No Preceptor Assigned,Perinatal - OB,NRSG 392 - Maternity Practicum,42/54: Mother/Baby,Archived (Completed),Completed,2023,Fall 2023,296
404974,Emory University - SON Pre-licensure,Emory University Hospital Midtown,Nursing,Cohort Rotation,5,8,"10390, 10405, 10415, 10396, 10394",2023-08-24,2023-10-12,07:00:00,19:00:00,60,Thu,ID Missing,No Preceptor Assigned,Perinatal - OB,NRSG 392 - Maternity Practicum,42/54: Mother/Baby,Archived (Completed),Completed,2023,Fall 2023,301
404975,Emory University - SON Pre-licensure,Emory University Hospital Midtown,Nursing,Cohort Rotation,4,8,"11275, 10522, 10526, 10607",2023-08-26,2023-10-14,07:00:00,19:00:00,60,Sat,ID Missing,No Preceptor Assigned,Perinatal - OB,NRSG 392 - Maternity Practicum,42/54: Mother/Baby,Archived (Completed),Completed,2023,Fall 2023,302
404976,Emory University - SON Pre-licensure,Emory Decatur Hospital,Nursing,Cohort Rotation,5,6,"10377, 10381, 10387, 10388, 10410",2023-08-21,2023-10-02,07:00:00,19:00:00,60,Mon,ID Missing,No Preceptor Assigned,Perinatal - OB,NRSG 392 - Maternity Practicum,Mother/Baby,Archived (Completed),Completed,2023,Fall 2023,296
404977,Emory University - SON Pre-licensure,Emory Decatur Hospital,Nursing,Cohort Rotation,5,6,"10383, 10367, 10356, 10368, 10373",2023-08-23,2023-10-04,07:00:00,19:00:00,60,Wed,ID Missing,No Preceptor Assigned,Perinatal - OB,NRSG 392 - Maternity Practicum,Mother/Baby,Archived (Completed),Completed,2023,Fall 2023,299
404978,Emory University - SON Pre-licensure,Emory Decatur Hospital,Nursing,Cohort Rotation,5,6,"10409, 10395, 10382, 10411, 11131",2023-08-24,2023-10-12,07:00:00,19:00:00,60,Thu,ID Missing,No Preceptor Assigned,Perinatal - OB,NRSG 392 - Maternity Practicum,Mother/Baby,Archived (Completed),Completed,2023,Fall 2023,301
404983,Emory University - SON Pre-licensure,Emory Johns Creek Hospital,Nursing,Cohort Rotation,4,6,"10398, 10357, 10361, 10369",2023-08-23,2023-10-11,07:00:00,19:00:00,60,Wed,ID Missing,No Preceptor Assigned,Perinatal - OB,NRSG 392 - Maternity Practicum,"Maternity: M/B, L&D, NICU",Archived (Completed),Completed,2023,Fall 2023,300
404984,Emory University - SON,Emory Johns Creek Hospital,Nursing,Cohort Rotation,0,6,No Students Assigned,2023-08-26,2023-10-14,07:00:00,19:00:00,60,Sat,ID Missing,No Preceptor Assigned,Perinatal - OB,NRSG 392 - Maternity Practicum,"Maternity: M/B, L&D, NICU",Archived (Denied),Denied,2023,Fall 2023,230
404986,Emory University - SON Pre-licensure,Emory University Hospital Midtown,Nursing,Cohort Rotation,6,8,"10399, 10416, 10401, 10413, 10376, 10463",2023-10-16,2023-12-04,07:00:00,19:00:00,60,Mon,ID Missing,No Preceptor Assigned,Perinatal - OB,NRSG 392 - Maternity Practicum,42/54: Mother/Baby,Archived (Completed),Completed,2023,Fall 2023,316
404988,Emory University - SON Pre-licensure,Emory University Hospital Midtown,Nursing,Cohort Rotation,5,8,"10366, 10417, 10355, 10392, 10362",2023-10-12,2023-12-07,07:00:00,19:00:00,60,Thu,"ID Missing, ID Missing",No Preceptor Assigned,Perinatal - OB,NRSG 392 - Maternity Practicum,42/54: Mother/Baby,Archived (Completed),Completed,2023,Fall 2023,314
404990,Emory University - SON Pre-licensure,Emory University Hospital Midtown,Nursing,Cohort Rotation,3,8,"11188, 10354, 10397",2023-10-14,2023-12-09,07:00:00,19:00:00,60,Sat,ID Missing,No Preceptor Assigned,Perinatal - OB,NRSG 392 - Maternity Practicum,42/54: Mother/Baby,Archived (Completed),Completed,2023,Fall 2023,315
404992,Emory University - SON Pre-licensure,Emory Decatur Hospital,Nursing,Cohort Rotation,3,6,"10463, 10535, 10449",2023-10-16,2023-12-04,07:00:00,19:00:00,60,Mon,ID Missing,No Preceptor Assigned,Perinatal - OB,NRSG 392 - Maternity Practicum,Mother/Baby,Archived (Completed),Completed,2023,Fall 2023,316
404993,Emory University - SON Pre-licensure,Emory Decatur Hospital,Nursing,Cohort Rotation,4,6,"10363, 10402, 10404, 10461",2023-10-11,2023-12-06,07:00:00,19:00:00,60,Wed,ID Missing,No Preceptor Assigned,Perinatal - OB,NRSG 392 - Maternity Practicum,Mother/Baby,Archived (Completed),Completed,2023,Fall 2023,313
405004,Emory University - SON Pre-licensure,Emory Decatur Hospital,Nursing,Cohort Rotation,5,6,"10364, 10375, 10353, 10376, 10378",2023-10-12,2023-12-07,07:00:00,19:00:00,60,Thu,ID Missing,No Preceptor Assigned,Perinatal - OB,NRSG 392 - Maternity Practicum,Mother/Baby,Archived (Completed),Completed,2023,Fall 2023,314
405014,Emory University - SON Pre-licensure,Emory Johns Creek Hospital,Nursing,Cohort Rotation,4,6,"10379, 10358, 10420, 10360",2023-10-11,2023-12-06,07:00:00,19:00:00,60,Wed,ID Missing,No Preceptor Assigned,Perinatal - OB,NRSG 392 - Maternity Practicum,"Maternity: M/B, L&D, NICU",Archived (Completed),Completed,2023,Fall 2023,313
405019,Emory University - SON,Emory Johns Creek Hospital,Nursing,Cohort Rotation,0,6,No Students Assigned,2023-10-14,2023-12-09,07:00:00,19:00:00,60,Sat,ID Missing,No Preceptor Assigned,Perinatal - OB,NRSG 392 - Maternity Practicum,"Maternity: M/B, L&D, NICU",Archived (Denied),Denied,2023,Fall 2023,234
405022,Emory University - SON Pre-licensure,Emory University Hospital at Wesley Woods,Nursing,Cohort Rotation,7,8,"11276, 10620, 10517, 10502, 10610, 10499, 10523",2023-08-22,2023-10-13,07:00:00,19:00:00,60,Tue,ID Missing,No Preceptor Assigned,Psychiatry; Mental Health; Behavioral Medicine,NRSG 393 - Mental Health Practicum,Inpatient Psych,Archived (Completed),Completed,2023,Fall 2023,298
405024,Emory University - SON Pre-licensure,Emory University Hospital at Wesley Woods,Nursing,Cohort Rotation,7,8,"10516, 10609, 10519, 10525, 10518, 10493, 10513",2023-08-26,2023-10-14,07:00:00,19:00:00,60,Sat,ID Missing,No Preceptor Assigned,Psychiatry; Mental Health; Behavioral Medicine,NRSG 392 - Maternity Practicum,Inpatient Psych,Archived (Completed),Completed,2023,Fall 2023,302
405030,Emory University - SON Pre-licensure,Emory Decatur Hospital,Nursing,Cohort Rotation,5,6,"10623, 10509, 11277, 10491, 10510",2023-08-23,2023-10-11,07:00:00,19:00:00,60,Wed,ID Missing,No Preceptor Assigned,Psychiatry; Mental Health; Behavioral Medicine,NRSG 393 - Mental Health Practicum,Behavioral Health (acute) - 1800,Archived (Completed),Completed,2023,Fall 2023,300
405032,Emory University - SON Pre-licensure,Emory Decatur Hospital,Nursing,Cohort Rotation,2,6,"10500, 10501",2023-08-27,2023-10-15,07:00:00,19:00:00,60,Sun,ID Missing,No Preceptor Assigned,Psychiatry; Mental Health; Behavioral Medicine,NRSG 393 - Mental Health Practicum,Behavioral Health (acute) - 1800,Archived (Completed),Completed,2023,Fall 2023,303
405036,Emory University - SON Pre-licensure,Emory University Hospital At Wesley Woods,Nursing,Cohort Rotation,6,6,"10604, 10529, 10506, 10614, 10527, 10522",2023-10-17,2023-12-05,07:00:00,19:00:00,60,Tue,ID Missing,No Preceptor Assigned,Psychiatry; Mental Health; Behavioral Medicine,NRSG 393 - Mental Health Practicum,Inpatient Psych,Archived (Completed),Completed,2023,Fall 2023,318
405039,Emory University - SON Pre-licensure,Emory University Hospital At Wesley Woods,Nursing,Cohort Rotation,3,6,"10494, 10606, 10615",2023-10-14,2023-12-09,07:00:00,19:00:00,60,Sat,ID Missing,No Preceptor Assigned,Psychiatry; Mental Health; Behavioral Medicine,NRSG 393 - Mental Health Practicum,Inpatient Psych,Archived (Completed),Completed,2023,Fall 2023,315
405042,Emory University - SON Pre-licensure,Emory Decatur Hospital,Nursing,Cohort Rotation,6,6,"10611, 10496, 10507, 10345, 10618, 10526",2023-10-11,2023-12-06,07:00:00,19:00:00,60,Wed,ID Missing,No Preceptor Assigned,Psychiatry; Mental Health; Behavioral Medicine,NRSG 393 - Mental Health Practicum,Behavioral Health (acute) - 1800,Archived (Completed),Completed,2023,Fall 2023,313
405045,Emory University - SON Pre-licensure,Emory Decatur Hospital,Nursing,Cohort Rotation,5,6,"10524, 10487, 10528, 10621, 10508",2023-10-22,2023-12-10,07:00:00,19:00:00,60,Sun,ID Missing,No Preceptor Assigned,Psychiatry; Mental Health; Behavioral Medicine,NRSG 393 - Mental Health Practicum,Behavioral Health (acute) - 1800,Archived (Completed),Completed,2023,Fall 2023,320
405055,Emory University - SON Pre-licensure,Emory University Hospital at Wesley Woods,Nursing,Cohort Rotation,5,8,"10106, 11001, 11038, 11015, 11033",2023-08-23,2023-10-04,07:00:00,19:00:00,60,Wed,ID Missing,No Preceptor Assigned,Psychiatry; Mental Health; Behavioral Medicine,NRSG 393 - Mental Health Practicum,Inpatient Psych,Archived (Completed),Completed,2023,Fall 2023,299
405069,Emory University - SON Pre-licensure,Emory University Hospital at Wesley Woods,Nursing,Cohort Rotation,4,8,"11023, 11127, 11128, 11056",2023-08-27,2023-10-15,07:00:00,19:00:00,60,Sun,ID Missing,No Preceptor Assigned,Psychiatry; Mental Health; Behavioral Medicine,NRSG 393 - Mental Health Practicum,Inpatient Psych,Archived (Completed),Completed,2023,Fall 2023,303
405078,Emory University - SON Pre-licensure,Emory Decatur Hospital,Nursing,Cohort Rotation,6,6,"11052, 11104, 11118, 11022, 11027, 10994",2023-08-22,2023-10-03,07:00:00,19:00:00,60,Tue,ID Missing,No Preceptor Assigned,Psychiatry; Mental Health; Behavioral Medicine,NRSG 393 - Mental Health Practicum,Behavioral Health (acute) - 1800,Archived (Completed),Completed,2023,Fall 2023,297
405089,Emory University - SON Pre-licensure,Emory Decatur Hospital,Nursing,Cohort Rotation,6,6,"11074, 11103, 11059, 11060, 11006, 10463",2023-08-26,2023-10-14,07:00:00,19:00:00,60,Sat,ID Missing,No Preceptor Assigned,Psychiatry; Mental Health; Behavioral Medicine,NRSG 393 - Mental Health Practicum,Behavioral Health (acute) - 1800,Archived (Completed),Completed,2023,Fall 2023,302
405096,Emory University - SON Pre-licensure,Emory University Hospital At Wesley Woods,Nursing,Cohort Rotation,8,8,"11000, 11082, 11047, 11048, 11062, 11078, 10393, 11129",2023-10-18,2023-12-06,07:00:00,19:00:00,60,Wed,ID Missing,No Preceptor Assigned,Psychiatry; Mental Health; Behavioral Medicine,NRSG 393 - Mental Health Practicum,Inpatient Psych,Archived (Completed),Completed,2023,Fall 2023,319
405100,Emory University - SON Pre-licensure,Emory University Hospital At Wesley Woods,Nursing,Cohort Rotation,5,8,"11053, 11064, 11016, 11065, 11123",2023-10-22,2023-12-10,07:00:00,19:00:00,60,Sun,ID Missing,No Preceptor Assigned,Psychiatry; Mental Health; Behavioral Medicine,NRSG 393 - Mental Health Practicum,Inpatient Psych,Archived (Completed),Completed,2023,Fall 2023,320
405101,Emory University - SON Pre-licensure,Emory Decatur Hospital,Nursing,Cohort Rotation,6,6,"11061, 11099, 11045, 11024, 11002, 11069",2023-10-17,2023-12-05,07:00:00,19:00:00,60,Tue,ID Missing,No Preceptor Assigned,Psychiatry; Mental Health; Behavioral Medicine,NRSG 393 - Mental Health Practicum,Behavioral Health (acute) - 1800,Archived (Completed),Completed,2023,Fall 2023,318
405103,Emory University - SON Pre-licensure,Emory Decatur Hospital,Nursing,Cohort Rotation,5,6,"11120, 11041, 10998, 11036, 11066",2023-10-14,2023-12-09,07:00:00,19:00:00,60,Sat,ID Missing,No Preceptor Assigned,Psychiatry; Mental Health; Behavioral Medicine,NRSG 393 - Mental Health Practicum,Behavioral Health (acute) - 1800,Archived (Completed),Completed,2023,Fall 2023,315
405500,Emory University - SON Pre-licensure,Emory Decatur Hospital,Nursing,Cohort Rotation,8,8,"11278, 11279, 11280, 11281, 11282, 11283, 11284, 11285",2023-09-20,2023-12-06,07:00:00,19:00:00,60,Wed,ID Missing,No Preceptor Assigned,Fundamentals,527 MN - Foundation of Nursing Practice,Cardiac Telemetry - 2400,Archived (Completed),Completed,2023,Fall 2023,307
405501,Emory University - SON,Emory University Orthopaedics and Spine Hospital,Nursing,Cohort Rotation,0,8,No Students Assigned,2023-09-20,2023-12-06,07:00:00,19:00:00,60,Wed,ID Missing,No Preceptor Assigned,Fundamentals,527 MN - Foundation of Nursing Practice,-no preference-,Archived (Withdrawn),Withdrawn,2023,Fall 2023,231
405502,Emory University - SON Pre-licensure,Emory University Hospital,Nursing,Cohort Rotation,6,8,"11286, 11287, 11288, 11289, 11290, 11291",2023-09-20,2023-12-06,07:00:00,19:00:00,60,Wed,ID Missing,No Preceptor Assigned,Fundamentals,527 MN - Foundation of Nursing Practice,3G: Neurosciences,Archived (Completed),Completed,2023,Fall 2023,307
405503,Emory University - SON Pre-licensure,Emory University Hospital,Nursing,Cohort Rotation,8,8,"11292, 11293, 11294, 11295, 11296, 11297, 11286, 11287",2023-09-20,2023-12-06,07:00:00,19:00:00,60,Wed,ID Missing,No Preceptor Assigned,Fundamentals,527 MN - Foundation of Nursing Practice,6G: Medical,Archived (Completed),Completed,2023,Fall 2023,307
405506,Emory University - SON Pre-licensure,Emory University Hospital,Nursing,Cohort Rotation,8,8,"11298, 11299, 11300, 11301, 11302, 11303, 11288, 11289",2023-09-20,2023-12-06,07:00:00,19:00:00,60,Wed,ID Missing,No Preceptor Assigned,Perinatal - OB,527 MN - Foundation of Nursing Practice,9E: Neuroscience,Archived (Completed),Completed,2023,Fall 2023,307
405507,Emory University - SON Pre-licensure,Emory University Hospital Midtown,Nursing,Cohort Rotation,8,8,"11304, 11305, 11306, 11307, 11308, 11309, 11290, 11291",2023-09-20,2023-12-06,07:00:00,19:00:00,60,Wed,ID Missing,No Preceptor Assigned,Fundamentals,527 MN - Foundation of Nursing Practice,21: General Surgery,Archived (Completed),Completed,2023,Fall 2023,307
405508,Emory University - SON,Emory University Hospital Midtown,Nursing,Cohort Rotation,0,8,No Students Assigned,2023-09-20,2023-12-06,07:00:00,19:00:00,60,Wed,ID Missing,No Preceptor Assigned,Fundamentals,527 MN - Foundation of Nursing Practice,62: Renal,Archived (Denied),Denied,2023,Fall 2023,231
405509,Emory University - SON Pre-licensure,Emory Saint Joseph's Hospital,Nursing,Cohort Rotation,7,8,"11310, 11311, 11312, 11313, 11314, 11315, 11316",2023-09-20,2023-12-06,07:00:00,19:00:00,60,Wed,ID Missing,No Preceptor Assigned,Fundamentals,527 MN - Foundation of Nursing Practice,3S GI surgery,Archived (Completed),Completed,2023,Fall 2023,307
405511,Emory University - SON Pre-licensure,Emory Saint Joseph's Hospital,Nursing,Cohort Rotation,5,8,"11317, 11318, 11319, 11320, 11321",2023-09-20,2023-12-06,07:00:00,19:00:00,60,Wed,ID Missing,No Preceptor Assigned,Fundamentals,527 MN - Foundation of Nursing Practice,5W internal medicine,Archived (Completed),Completed,2023,Fall 2023,307
405514,Emory University - SON,Emory Saint Joseph's Hospital,Nursing,Cohort Rotation,0,8,No Students Assigned,2023-09-20,2023-12-06,07:00:00,19:00:00,60,Wed,ID Missing,No Preceptor Assigned,Fundamentals,527 MN - Foundation of Nursing Practice,4S,Archived (Withdrawn),Withdrawn,2023,Fall 2023,231
405516,Emory University - SON Pre-licensure,Emory Decatur Hospital,Nursing,Cohort Rotation,7,8,"11322, 11323, 11324, 11325, 11326, 11327, 11328",2023-09-22,2023-12-08,07:00:00,19:00:00,60,Fri,ID Missing,No Preceptor Assigned,Fundamentals,527 MN - Foundation of Nursing Practice,Cardiac Telemetry - 2400,Archived (Completed),Completed,2023,Fall 2023,310
405517,Emory University - SON Pre-licensure,Emory Decatur Hospital,Nursing,Cohort Rotation,8,8,"11329, 11330, 11331, 11332, 11333, 11334, 11335, 11336",2023-09-22,2023-12-08,07:00:00,19:00:00,60,Fri,"ID Missing, ID Missing",No Preceptor Assigned,Fundamentals,527 MN - Foundation of Nursing Practice,Surgical Oncology - 4200,Archived (Completed),Completed,2023,Fall 2023,310
405518,Emory University - SON Pre-licensure,Emory Decatur Hospital,Nursing,Cohort Rotation,7,8,"11337, 11338, 11339, 11340, 11341, 11342, 11343",2023-09-22,2023-12-08,07:00:00,23:59:00,60,Fri,ID Missing,No Preceptor Assigned,Fundamentals,527 MN - Foundation of Nursing Practice,Stroke Telemetry - 4400,Archived (Completed),Completed,2023,Fall 2023,310
405519,Emory University - SON,Emory University Orthopaedics and Spine Hospital,Nursing,Cohort Rotation,0,8,No Students Assigned,2023-09-22,2023-12-08,07:00:00,19:00:00,60,Fri,ID Missing,No Preceptor Assigned,Fundamentals,527 MN - Foundation of Nursing Practice,2-4 floors: Orthopaedics,Archived (Denied),Denied,2023,Fall 2023,232
405521,Emory University - SON Pre-licensure,Emory University Hospital,Nursing,Cohort Rotation,8,8,"11344, 11345, 11346, 11347, 11348, 11349, 11350, 11351",2023-09-22,2023-12-08,07:00:00,19:00:00,60,Fri,ID Missing,No Preceptor Assigned,Fundamentals,527 MN - Foundation of Nursing Practice,6T: Transplant,Archived (Completed),Completed,2023,Fall 2023,310
405522,Emory University - SON Pre-licensure,Emory University Hospital Midtown,Nursing,Cohort Rotation,8,8,"11352, 11353, 11354, 11355, 11356, 11357, 11358, 11359",2023-09-22,2023-12-08,07:00:00,19:00:00,60,Fri,ID Missing,No Preceptor Assigned,Fundamentals,527 MN - Foundation of Nursing Practice,21: General Surgery,Archived (Completed),Completed,2023,Fall 2023,310
405523,Emory University - SON Pre-licensure,Emory University Hospital Midtown,Nursing,Cohort Rotation,8,8,"11360, 11361, 11362, 11363, 11364, 11365, 11366, 11367",2023-09-22,2023-12-08,07:00:00,19:00:00,60,Fri,"2004, ID Missing",No Preceptor Assigned,Fundamentals,527 MN - Foundation of Nursing Practice,41: Med Cardiology,Archived (Completed),Completed,2023,Fall 2023,310
405524,Emory University - SON,Emory University Hospital Midtown,Nursing,Cohort Rotation,0,8,No Students Assigned,2023-09-22,2023-12-08,07:00:00,19:00:00,60,Fri,ID Missing,No Preceptor Assigned,Fundamentals,527 MN - Foundation of Nursing Practice,72: Med/Surg,Archived (Denied),Denied,2023,Fall 2023,232
405525,Emory University - SON Pre-licensure,Emory Johns Creek Hospital,Nursing,Cohort Rotation,6,8,"11368, 11369, 11370, 11371, 11372, 11373",2023-09-22,2023-12-08,07:00:00,19:00:00,60,Fri,ID Missing,No Preceptor Assigned,Fundamentals,527 MN - Foundation of Nursing Practice,6W oncology/hospice,Archived (Completed),Completed,2023,Fall 2023,310
405526,Emory University - SON Pre-licensure,Emory Saint Joseph's Hospital,Nursing,Cohort Rotation,7,8,"11374, 11375, 11376, 11377, 11378, 11379, 11380",2023-09-23,2023-12-09,07:00:00,19:00:00,60,Sat,ID Missing,No Preceptor Assigned,Fundamentals,527 MN - Foundation of Nursing Practice,5W internal medicine,Archived (Completed),Completed,2023,Fall 2023,311
405527,Emory University - SON Pre-licensure,Emory University Hospital,Nursing,Cohort Rotation,6,8,"11381, 11382, 11383, 11378, 11379, 11351",2023-09-23,2023-12-09,07:00:00,19:00:00,60,Sat,ID Missing,No Preceptor Assigned,Fundamentals,527 MN - Foundation of Nursing Practice,9T: Bone Marrow Transplant,Archived (Completed),Completed,2023,Fall 2023,311
405528,Emory University - SON Pre-licensure,Emory University Hospital Midtown,Nursing,Cohort Rotation,7,8,"11384, 11385, 11386, 11387, 11381, 11382, 11383",2023-09-23,2023-12-09,07:00:00,19:00:00,60,Sat,ID Missing,No Preceptor Assigned,Fundamentals,527 MN - Foundation of Nursing Practice,41: Med Cardiology,Archived (Completed),Completed,2023,Fall 2023,311
405555,Emory University - SON Pre-licensure,Emory Decatur Hospital,Nursing,Cohort Rotation,6,8,"11388, 11389, 11390, 11391, 11392, 11393",2023-09-21,2023-12-07,07:00:00,19:00:00,60,Thu,ID Missing,No Preceptor Assigned,Fundamentals,527 MN - Foundation of Nursing Practice,Cardiac Telemetry - 2400,Archived (Completed),Completed,2023,Fall 2023,309
405557,Emory University - SON Pre-licensure,Emory Decatur Hospital,Nursing,Cohort Rotation,7,8,"11394, 11395, 11396, 11397, 11398, 11399, 11400",2023-09-21,2023-12-07,07:00:00,19:00:00,60,Thu,ID Missing,No Preceptor Assigned,Fundamentals,527 MN - Foundation of Nursing Practice,Surgical Oncology - 4200,Archived (Completed),Completed,2023,Fall 2023,309
405560,Emory University - SON Pre-licensure,Emory Decatur Hospital,Nursing,Cohort Rotation,6,8,"11401, 11402, 11403, 11404, 11405, 11406",2023-09-21,2023-12-07,07:00:00,19:00:00,60,Thu,ID Missing,No Preceptor Assigned,Fundamentals,527 MN - Foundation of Nursing Practice,Stroke Telemetry - 4400,Archived (Completed),Completed,2023,Fall 2023,309
405562,Emory University - SON Pre-licensure,Emory University Orthopaedics And Spine Hospital,Nursing,Cohort Rotation,6,8,"11407, 11408, 11409, 11410, 11411, 11412",2023-09-21,2023-12-07,07:00:00,19:00:00,60,Thu,ID Missing,No Preceptor Assigned,Perinatal - OB,527 MN - Foundation of Nursing Practice,2-4 floors: Orthopaedics,Archived (Completed),Completed,2023,Fall 2023,309
405563,Emory University - SON Pre-licensure,Emory Hillandale Hospital,Nursing,Cohort Rotation,6,8,"11413, 11414, 11415, 11416, 11417, 11418",2023-09-21,2023-12-07,07:00:00,19:00:00,60,Thu,ID Missing,No Preceptor Assigned,Fundamentals,527 MN - Foundation of Nursing Practice,3rd floor - med surg,Archived (Completed),Completed,2023,Fall 2023,309
405565,Emory University - SON Pre-licensure,Emory Hillandale Hospital,Nursing,Cohort Rotation,5,8,"11419, 11420, 11421, 11422, 11423",2023-09-21,2023-12-07,07:00:00,19:00:00,60,Thu,ID Missing,No Preceptor Assigned,Fundamentals,527 MN - Foundation of Nursing Practice,4th floor - telemetry,Archived (Completed),Completed,2023,Fall 2023,309
405567,Emory University - SON Pre-licensure,Emory University Hospital,Nursing,Cohort Rotation,8,8,"11424, 11425, 11426, 11427, 11428, 11429, 11430, 11431",2023-09-21,2023-12-07,07:00:00,19:00:00,60,Thu,ID Missing,No Preceptor Assigned,Fundamentals,527 MN - Foundation of Nursing Practice,6T: Transplant,Archived (Completed),Completed,2023,Fall 2023,309
405569,Emory University - SON Pre-licensure,Emory University Hospital Midtown,Nursing,Cohort Rotation,8,8,"11432, 11433, 11434, 11435, 11436, 11437, 11438, 11439",2023-09-21,2023-12-07,07:00:00,19:00:00,60,Thu,ID Missing,No Preceptor Assigned,Fundamentals,527 MN - Foundation of Nursing Practice,31: Ortho/Neuro,Archived (Completed),Completed,2023,Fall 2023,309
405570,Emory University - SON Pre-licensure,Emory Saint Joseph's Hospital,Nursing,Cohort Rotation,6,8,"11440, 11441, 11442, 11443, 11444, 11445",2023-09-21,2023-12-07,07:00:00,19:00:00,60,Thu,ID Missing,No Preceptor Assigned,Fundamentals,527 MN - Foundation of Nursing Practice,4E neurovascular,Archived (Completed),Completed,2023,Fall 2023,309
405573,Emory University - SON Pre-licensure,Emory Johns Creek Hospital,Nursing,Cohort Rotation,5,8,"11446, 11447, 11448, 11449, 11450",2023-09-21,2023-12-07,07:00:00,19:00:00,60,Thu,ID Missing,No Preceptor Assigned,Fundamentals,527 MN - Foundation of Nursing Practice,6W oncology/hospice,Archived (Completed),Completed,2023,Fall 2023,309
405605,Emory University - SON Pre-licensure,Emory Decatur Hospital,Nursing,Cohort Rotation,8,8,"11451, 11452, 11453, 11454, 11455, 11456, 11457, 11458",2023-09-22,2023-12-08,07:00:00,19:00:00,60,Fri,ID Missing,No Preceptor Assigned,Fundamentals,527 MN - Foundation of Nursing Practice,Inpatient Rehab - 3600,Archived (Completed),Completed,2023,Fall 2023,310
405606,Emory University - SON,Emory Decatur Hospital,Nursing,Cohort Rotation,0,8,No Students Assigned,2023-09-22,2023-12-08,07:00:00,19:00:00,60,Fri,ID Missing,No Preceptor Assigned,Fundamentals,527 MN - Foundation of Nursing Practice,General Medical,Archived (Denied),Denied,2023,Fall 2023,232
405625,Emory University - SON Pre-licensure,Emory Saint Joseph's Hospital,Nursing,Cohort Rotation,8,8,"11459, 11460, 11461, 11462, 11463, 11464, 11465, 11466",2023-09-22,2023-12-08,07:00:00,19:00:00,60,Fri,ID Missing,No Preceptor Assigned,Fundamentals,527 MN - Foundation of Nursing Practice,4E neurovascular,Archived (Completed),Completed,2023,Fall 2023,310
405635,Emory University - SON,Emory University Hospital,Nursing,Cohort Rotation,0,8,No Students Assigned,2023-09-22,2023-12-08,07:00:00,19:00:00,60,Fri,ID Missing,No Preceptor Assigned,Fundamentals,527 MN - Foundation of Nursing Practice,3G: Neurosciences,Archived (Denied),Denied,2023,Fall 2023,232
405637,Emory University - SON Pre-licensure,Emory University Hospital,Nursing,Cohort Rotation,8,8,"11467, 11468, 11469, 11470, 11471, 11472, 11473, 11474",2023-09-22,2023-12-08,07:00:00,19:00:00,60,Fri,ID Missing,No Preceptor Assigned,Fundamentals,527 MN - Foundation of Nursing Practice,6G: Medical,Archived (Completed),Completed,2023,Fall 2023,310
405642,Emory University - SON Pre-licensure,Emory University Hospital,Nursing,Cohort Rotation,8,8,"11475, 11476, 11477, 11478, 11479, 11480, 11481, 11482",2023-09-22,2023-12-08,07:00:00,19:00:00,60,Fri,ID Missing,No Preceptor Assigned,Fundamentals,527 MN - Foundation of Nursing Practice,9E: Neuroscience,Archived (Completed),Completed,2023,Fall 2023,310
405643,Emory University - SON Pre-licensure,Emory University Hospital Midtown,Nursing,Cohort Rotation,8,8,"11483, 11484, 11485, 11486, 11487, 11488, 11489, 11490",2023-09-22,2023-12-08,07:00:00,19:00:00,60,Fri,"ID Missing, ID Missing",No Preceptor Assigned,Fundamentals,527 MN - Foundation of Nursing Practice,31: Ortho/Neuro,Archived (Completed),Completed,2023,Fall 2023,310
405645,Emory University - SON Pre-licensure,Emory University Hospital Midtown,Nursing,Cohort Rotation,8,8,"11491, 11492, 11493, 11494, 11495, 11496, 11497, 11498",2023-09-22,2023-12-08,07:00:00,19:00:00,60,Fri,"ID Missing, ID Missing",No Preceptor Assigned,Fundamentals,527 MN - Foundation of Nursing Practice,51: Med-Surg,Archived (Completed),Completed,2023,Fall 2023,310
405646,Emory University - SON Pre-licensure,Emory Saint Joseph's Hospital,Nursing,Cohort Rotation,8,8,"11499, 11500, 11501, 11502, 11503, 11504, 11505, 11506",2023-09-22,2023-12-08,07:00:00,19:00:00,60,Fri,ID Missing,No Preceptor Assigned,Fundamentals,527 MN - Foundation of Nursing Practice,6E internal medicine,Archived (Completed),Completed,2023,Fall 2023,310
405647,Emory University - SON Pre-licensure,Emory Hillandale Hospital,Nursing,Cohort Rotation,8,8,"11507, 11508, 11509, 11510, 11511, 11512, 11513, 11514",2023-09-22,2023-12-08,07:00:00,19:00:00,60,Fri,ID Missing,No Preceptor Assigned,Fundamentals,527 MN - Foundation of Nursing Practice,5th floor - med surg,Archived (Completed),Completed,2023,Fall 2023,310
405648,Emory University - SON,Emory University Hospital Midtown,Nursing,Cohort Rotation,0,8,No Students Assigned,2023-09-23,2023-12-09,07:00:00,19:00:00,60,Sat,ID Missing,No Preceptor Assigned,Fundamentals,527 MN - Foundation of Nursing Practice,62: Renal,Archived (Denied),Denied,2023,Fall 2023,233
405650,Emory University - SON,Emory University Hospital Midtown,Nursing,Cohort Rotation,0,8,No Students Assigned,2023-09-23,2023-12-09,07:00:00,19:00:00,60,Sat,ID Missing,No Preceptor Assigned,Fundamentals,527 MN - Foundation of Nursing Practice,72: Med/Surg,Archived (Denied),Denied,2023,Fall 2023,233
405651,Emory University - SON,Emory University Orthopaedics and Spine Hospital,Nursing,Cohort Rotation,0,8,No Students Assigned,2023-09-23,2023-12-09,07:00:00,19:00:00,60,Sat,ID Missing,No Preceptor Assigned,Fundamentals,527 MN - Foundation of Nursing Practice,2-4 floors: Orthopaedics,Archived (Denied),Denied,2023,Fall 2023,233
407287,Emory University - SON Pre-licensure,Emory Johns Creek Hospital,Nursing,Cohort Rotation,6,8,"11515, 11516, 11517, 11518, 11519, 11520",2024-04-28,2024-05-18,07:00:00,19:00:00,96,,"ID Missing, ID Missing, ID Missing",No Preceptor Assigned,MedSurg - Acute Care,NRSG 356D - Acute and Chronic I Care Clinical Practicum Adult and Geriatric Populations,3rd floor: med-surg,Archived (Completed),Completed,2024,Spring 2024,339
407301,Emory University - SON Pre-licensure,Emory Johns Creek Hospital,Nursing,Cohort Rotation,0,8,No Students Assigned,2024-04-28,2024-05-18,00:00:00,23:59:00,96,,ID Missing,No Preceptor Assigned,MedSurg - Acute Care,NRSG 356D - Acute and Chronic I Care Clinical Practicum Adult and Geriatric Populations,4th floor: med-surg,Archived (Withdrawn),Withdrawn,2024,Spring 2024,339
407303,Emory University - SON Pre-licensure,Emory Johns Creek Hospital,Nursing,Cohort Rotation,6,96,"11154, 11521, 11522, 11523, 11524, 11525",2024-04-28,2024-05-18,07:00:00,19:00:00,96,,"ID Missing, ID Missing",No Preceptor Assigned,MedSurg - Acute Care,NRSG 356D - Acute and Chronic I Care Clinical Practicum Adult and Geriatric Populations,6N: medical cardiology,Archived (Completed),Completed,2024,Spring 2024,339
407304,Emory University - SON Pre-licensure,Emory University Hospital,Nursing,Cohort Rotation,6,8,"11526, 11527, 11528, 11529, 11530, 11531",2024-04-28,2024-05-18,00:00:00,23:59:00,96,,ID Missing,No Preceptor Assigned,MedSurg - Acute Care,NRSG 356D - Acute and Chronic I Care Clinical Practicum Adult and Geriatric Populations,7T: Surgical,Archived (Completed),Completed,2024,Spring 2024,339
407305,Emory University - SON Pre-licensure,Emory Saint Joseph's Hospital,Nursing,Cohort Rotation,0,8,No Students Assigned,2024-04-28,2024-05-18,07:00:00,19:00:00,96,,ID Missing,No Preceptor Assigned,MedSurg - Acute Care,NRSG 356D - Acute and Chronic I Care Clinical Practicum Adult and Geriatric Populations,3E,Archived (Withdrawn),Withdrawn,2024,Spring 2024,339
407306,Emory University - SON Pre-licensure,Emory Saint Joseph's Hospital,Nursing,Cohort Rotation,0,8,No Students Assigned,2024-04-28,2024-05-18,07:00:00,19:00:00,96,,ID Missing,No Preceptor Assigned,MedSurg - Acute Care,NRSG 356D - Acute and Chronic I Care Clinical Practicum Adult and Geriatric Populations,3W,Archived (Withdrawn),Withdrawn,2024,Spring 2024,339
407307,Emory University - SON Pre-licensure,Emory University Hospital Midtown,Nursing,Cohort Rotation,5,5,"11532, 11533, 11534, 11535, 11536",2024-04-28,2024-05-18,07:00:00,19:00:00,96,,"ID Missing, ID Missing, ID Missing, ID Missing",No Preceptor Assigned,MedSurg - Acute Care,NRSG 356D - Acute and Chronic I Care Clinical Practicum Adult and Geriatric Populations,72: Med/Surg,Archived (Completed),Completed,2024,Spring 2024,339
407308,Emory University - SON Pre-licensure,Emory University Hospital Midtown,Nursing,Cohort Rotation,0,5,No Students Assigned,2024-04-28,2024-05-18,07:00:00,19:00:00,96,,ID Missing,No Preceptor Assigned,MedSurg - Acute Care,NRSG 356D - Acute and Chronic I Care Clinical Practicum Adult and Geriatric Populations,22: Med/Surg,Archived (Denied),Denied,2024,Spring 2024,339
408358,Emory University - SON Pre-licensure,Emory Johns Creek Hospital,Nursing,Precepted Rotation,1,1,10310,2023-08-23,2023-10-11,00:00:00,23:59:00,132,"Wed, Thu, Fri, Sat, Sun",ID Missing,ID Missing,Practicum,NRSG 648 MN - Transitions to Nursing Practice,"Maternity: M/B, L&D, NICU",Archived (Completed),Completed,2023,Fall 2023,300
408365,Emory University - SON Pre-licensure,Emory Johns Creek Hospital,Nursing,Precepted Rotation,1,1,10306,2023-08-23,2023-10-11,00:00:00,23:59:00,132,"Wed, Thu, Fri, Sat, Sun",ID Missing,ID Missing,Practicum,NRSG 648 MN - Transitions to Nursing Practice,"Maternity: M/B, L&D, NICU",Archived (Completed),Completed,2023,Fall 2023,300
408367,Emory University - SON Pre-licensure,Emory Johns Creek Hospital,Nursing,Precepted Rotation,1,1,10315,2023-08-23,2023-10-11,00:00:00,23:59:00,132,"Wed, Thu, Fri, Sat, Sun",ID Missing,ID Missing,Practicum,NRSG 648 MN - Transitions to Nursing Practice,"Maternity: M/B, L&D, NICU",Archived (Completed),Completed,2023,Fall 2023,300
408369,Emory University - SON Pre-licensure,Emory University Hospital,Nursing,Precepted Rotation,1,1,10472,2023-08-23,2023-10-11,00:00:00,23:59:00,132,"Mon, Thu, Fri, Sat, Sun",2012,"ID Missing, ID Missing, ID Missing, ID Missing",Practicum,NRSG 648 MN - Transitions to Nursing Practice,ED: Emergency,Archived (Completed),Completed,2023,Fall 2023,300
408372,Emory University - SON Pre-licensure,Emory University Hospital,Nursing,Precepted Rotation,1,1,10469,2023-08-23,2023-10-11,00:00:00,23:59:00,132,"Wed, Thu, Fri, Sat, Sun",2020,"ID Missing, ID Missing",Practicum,NRSG 648 MN - Transitions to Nursing Practice,2D ICU: Neuro,Archived (Completed),Completed,2023,Fall 2023,300
408374,Emory University - SON Pre-licensure,Emory University Hospital,Nursing,Precepted Rotation,1,1,10335,2023-08-23,2023-10-11,00:00:00,23:59:00,132,"Wed, Thu, Fri, Sat, Sun",2020,"ID Missing, ID Missing",Practicum,NRSG 648 MN - Transitions to Nursing Practice,5T North:  MICU,Archived (Completed),Completed,2023,Fall 2023,300
408377,Emory University - SON Pre-licensure,Emory University Hospital Midtown,Nursing,Precepted Rotation,1,1,10450,2023-08-23,2023-10-11,00:00:00,23:59:00,132,"Wed, Thu, Fri, Sat, Sun",2021,ID Missing,Practicum,NRSG 648 MN - Transitions to Nursing Practice,-no preference-,Archived (Completed),Completed,2023,Fall 2023,300
408381,Emory University - SON Pre-licensure,Emory University Hospital Midtown,Nursing,Precepted Rotation,1,1,10476,2023-08-23,2023-10-11,00:00:00,23:59:00,132,"Wed, Thu, Fri, Sat, Sun",2021,ID Missing,Practicum,NRSG 648 MN - Transitions to Nursing Practice,-no preference-,Archived (Completed),Completed,2023,Fall 2023,300
408385,Emory University - SON Pre-licensure,Emory Decatur Hospital,Nursing,Precepted Rotation,1,1,10441,2023-08-23,2023-10-11,00:00:00,23:59:00,132,"Wed, Thu, Fri, Sat, Sun",2018,ID Missing,Practicum,NRSG 648 MN - Transitions to Nursing Practice,NICU,Archived (Completed),Completed,2023,Fall 2023,300
408392,Emory University - SON Pre-licensure,Emory Decatur Hospital,Nursing,Precepted Rotation,1,1,10322,2023-08-23,2023-10-11,00:00:00,23:59:00,132,"Wed, Thu, Fri, Sat, Sun",2018,ID Missing,Practicum,NRSG 648 MN - Transitions to Nursing Practice,NICU,Archived (Completed),Completed,2023,Fall 2023,300
408395,Emory University - SON Pre-licensure,Emory University Hospital,Nursing,Precepted Rotation,1,1,10442,2023-08-23,2023-10-11,00:00:00,23:59:00,132,"Mon, Thu, Fri, Sat, Sun",ID Missing,ID Missing,Practicum,NRSG 648 MN - Transitions to Nursing Practice,5T North:  MICU,Archived (Completed),Completed,2023,Fall 2023,300
408401,Emory University - SON Pre-licensure,Emory University Hospital,Nursing,Precepted Rotation,0,1,No Students Assigned,2023-10-16,2023-12-06,00:00:00,23:59:00,132,"Mon, Thu, Fri, Sat, Sun",ID Missing,ID Missing,Practicum,NRSG 648 MN - Transitions to Nursing Practice,MICU,Archived (Completed),Completed,2023,Fall 2023,317
408402,Emory University - SON Pre-licensure,Emory Decatur Hospital,Nursing,Precepted Rotation,1,1,10466,2023-10-16,2023-12-06,00:00:00,23:59:00,132,"Mon, Thu, Fri, Sat, Sun",ID Missing,ID Missing,Practicum,NRSG 648 MN - Transitions to Nursing Practice,NICU,Archived (Completed),Completed,2023,Fall 2023,317
408403,Emory University - SON Pre-licensure,Emory Decatur Hospital,Nursing,Precepted Rotation,1,1,10457,2023-10-16,2023-12-06,00:00:00,23:59:00,132,"Mon, Thu, Fri, Sat, Sun",ID Missing,ID Missing,Practicum,NRSG 648 MN - Transitions to Nursing Practice,NICU,Archived (Completed),Completed,2023,Fall 2023,317
408404,Emory University - SON Pre-licensure,Emory Johns Creek Hospital,Nursing,Precepted Rotation,1,1,10447,2023-10-16,2023-12-06,00:00:00,23:59:00,132,"Wed, Thu, Fri, Sat, Sun",ID Missing,ID Missing,Practicum,NRSG 648 MN - Transitions to Nursing Practice,"Maternity: M/B, L&D, NICU",Archived (Completed),Completed,2023,Fall 2023,317
408420,Emory University - SON Pre-licensure,Emory Johns Creek Hospital,Nursing,Precepted Rotation,0,1,No Students Assigned,2023-10-16,2023-12-06,00:00:00,23:59:00,132,"Wed, Thu, Fri, Sat, Sun",ID Missing,ID Missing,Practicum,NRSG 648 MN - Transitions to Nursing Practice,"Maternity: M/B, L&D, NICU",Archived (Completed),Completed,2023,Fall 2023,317
408421,Emory University - SON Pre-licensure,Emory Johns Creek Hospital,Nursing,Precepted Rotation,0,1,No Students Assigned,2023-10-16,2023-12-06,00:00:00,23:59:00,132,"Wed, Thu, Fri, Sat, Sun",ID Missing,ID Missing,Practicum,NRSG 648 MN - Transitions to Nursing Practice,"Maternity: M/B, L&D, NICU",Archived (Completed),Completed,2023,Fall 2023,317
408422,Emory University - SON Pre-licensure,Emory University Hospital,Nursing,Precepted Rotation,1,1,10278,2023-10-16,2023-12-06,00:00:00,23:59:00,132,"Wed, Thu, Fri, Sat, Sun",ID Missing,ID Missing,Practicum,NRSG 648 MN - Transitions to Nursing Practice,MICU,Archived (Completed),Completed,2023,Fall 2023,317
408424,Emory University - SON Pre-licensure,Emory University Hospital Midtown,Nursing,Precepted Rotation,1,1,10287,2023-10-16,2023-12-06,00:00:00,23:59:00,132,"Wed, Thu, Fri, Sat, Sun",ID Missing,ID Missing,Practicum,NRSG 648 MN - Transitions to Nursing Practice,-no preference-,Archived (Completed),Completed,2023,Fall 2023,317
408425,Emory University - SON Pre-licensure,Emory University Hospital Midtown,Nursing,Precepted Rotation,1,1,10292,2023-10-16,2023-12-06,00:00:00,23:59:00,132,"Wed, Thu, Fri, Sat, Sun",ID Missing,ID Missing,Practicum,NRSG 648 MN - Transitions to Nursing Practice,-no preference-,Archived (Completed),Completed,2023,Fall 2023,317
408427,Emory University - SON Pre-licensure,Emory University Hospital,Nursing,Precepted Rotation,1,1,10334,2023-10-16,2023-12-06,00:00:00,23:59:00,132,"Mon, Thu, Fri, Sat, Sun",ID Missing,ID Missing,Practicum,NRSG 648 MN - Transitions to Nursing Practice,ED: Emergency,Archived (Completed),Completed,2023,Fall 2023,317
408430,Emory University - SON Pre-licensure,Emory University Hospital,Nursing,Precepted Rotation,0,1,No Students Assigned,2023-10-16,2023-12-06,00:00:00,23:59:00,132,"Mon, Thu, Fri, Sat, Sun",ID Missing,ID Missing,Practicum,NRSG 648 MN - Transitions to Nursing Practice,2D ICU: Neuro,Archived (Completed),Completed,2023,Fall 2023,317
408431,Emory University - SON Pre-licensure,Emory University Hospital,Nursing,Precepted Rotation,1,1,10326,2023-10-16,2023-12-06,00:00:00,23:59:00,132,"Mon, Thu, Fri, Sat, Sun",ID Missing,ID Missing,Practicum,NRSG 648 MN - Transitions to Nursing Practice,CVICU,Archived (Completed),Completed,2023,Fall 2023,317
408432,Emory University - SON Pre-licensure,Emory University Hospital,Nursing,Precepted Rotation,1,1,10445,2023-08-23,2023-10-11,00:00:00,23:59:00,132,"Mon, Thu, Fri, Sat, Sun",2020,"ID Missing, 3018",Practicum,NRSG 648 MN - Transitions to Nursing Practice,5E: CVICU,Archived (Completed),Completed,2023,Fall 2023,300
408435,Emory University - SON Pre-licensure,Emory University Hospital Midtown,Nursing,Precepted Rotation,1,1,10464,2023-08-23,2023-10-11,00:00:00,23:59:00,132,"Mon, Thu, Fri, Sat, Sun",2021,ID Missing,Practicum,NRSG 648 MN - Transitions to Nursing Practice,Nurseries (DEU): NICU,Archived (Completed),Completed,2023,Fall 2023,300
408437,Emory University - SON Pre-licensure,Emory University Hospital Midtown,Nursing,Precepted Rotation,1,1,10323,2023-08-23,2023-10-11,00:00:00,23:59:00,132,"Mon, Thu, Fri, Sat, Sun",2021,ID Missing,Practicum,NRSG 648 MN - Transitions to Nursing Practice,Nurseries (DEU): NICU,Archived (Completed),Completed,2023,Fall 2023,300
408439,Emory University - SON Pre-licensure,Emory University Hospital Midtown,Nursing,Precepted Rotation,1,1,10336,2023-10-16,2023-12-06,00:00:00,23:59:00,132,"Mon, Thu, Fri, Sat, Sun",ID Missing,ID Missing,Practicum,NRSG 648 MN - Transitions to Nursing Practice,Nurseries (DEU): NICU,Archived (Completed),Completed,2023,Fall 2023,317
408440,Emory University - SON Pre-licensure,Emory University Hospital Midtown,Nursing,Precepted Rotation,1,1,10456,2023-10-16,2023-12-06,00:00:00,23:59:00,132,"Mon, Thu, Fri, Sat, Sun",ID Missing,ID Missing,Practicum,NRSG 648 MN - Transitions to Nursing Practice,Nurseries (DEU): NICU,Archived (Completed),Completed,2023,Fall 2023,317
408441,Emory University - SON Pre-licensure,Emory University Hospital Midtown,Nursing,Precepted Rotation,1,1,10428,2023-08-23,2023-10-11,00:00:00,23:59:00,132,"Mon, Thu, Fri, Sat, Sun",2021,"ID Missing, ID Missing, ID Missing",Practicum,NRSG 648 MN - Transitions to Nursing Practice,31: ICU,Archived (Completed),Completed,2023,Fall 2023,300
408443,Emory University - SON Pre-licensure,Emory University Hospital Midtown,Nursing,Precepted Rotation,0,1,No Students Assigned,2023-08-23,2023-10-11,00:00:00,23:59:00,132,"Mon, Thu, Fri, Sat, Sun",ID Missing,ID Missing,Practicum,NRSG 648 MN - Transitions to Nursing Practice,31: ICU,Archived (Completed),Completed,2023,Fall 2023,300
408444,Emory University - SON Pre-licensure,Emory University Hospital Midtown,Nursing,Precepted Rotation,1,1,10429,2023-10-16,2023-12-06,00:00:00,23:59:00,132,"Mon, Thu, Fri, Sat, Sun",ID Missing,ID Missing,Practicum,NRSG 648 MN - Transitions to Nursing Practice,31: ICU,Archived (Completed),Completed,2023,Fall 2023,317
408445,Emory University - SON Pre-licensure,Emory University Hospital Midtown,Nursing,Precepted Rotation,1,1,10438,2023-10-16,2023-12-06,00:00:00,23:59:00,132,"Mon, Thu, Fri, Sat, Sun",ID Missing,ID Missing,Practicum,NRSG 648 MN - Transitions to Nursing Practice,31: ICU,Archived (Completed),Completed,2023,Fall 2023,317
408447,Emory University - SON Pre-licensure,Emory Decatur Hospital,Nursing,Precepted Rotation,1,1,10477,2023-08-23,2023-10-11,00:00:00,23:59:00,132,"Mon, Thu, Fri, Sat, Sun",2018,ID Missing,Practicum,NRSG 648 MN - Transitions to Nursing Practice,Mother/Baby,Archived (Completed),Completed,2023,Fall 2023,300
408448,Emory University - SON Pre-licensure,Emory Decatur Hospital,Nursing,Precepted Rotation,1,1,10484,2023-08-23,2023-10-11,00:00:00,23:59:00,132,"Mon, Thu, Fri, Sat, Sun",2018,"ID Missing, ID Missing, ID Missing",Practicum,NRSG 648 MN - Transitions to Nursing Practice,Mother/Baby,Archived (Completed),Completed,2023,Fall 2023,300
408450,Emory University - SON Pre-licensure,Emory Decatur Hospital,Nursing,Precepted Rotation,0,1,No Students Assigned,2023-10-16,2023-12-06,00:00:00,23:59:00,132,"Mon, Thu, Fri, Sat, Sun",ID Missing,ID Missing,Practicum,NRSG 648 MN - Transitions to Nursing Practice,Mother/Baby,Archived (Completed),Completed,2023,Fall 2023,317
408452,Emory University - SON Pre-licensure,Emory Decatur Hospital,Nursing,Precepted Rotation,1,1,10316,2023-10-16,2023-12-06,00:00:00,23:59:00,132,"Mon, Thu, Fri, Sat, Sun",ID Missing,ID Missing,Practicum,NRSG 648 MN - Transitions to Nursing Practice,Mother/Baby,Archived (Completed),Completed,2023,Fall 2023,317
408453,Emory University - SON Pre-licensure,Emory Decatur Hospital,Nursing,Precepted Rotation,1,1,10344,2023-08-23,2023-10-11,00:00:00,23:59:00,132,"Mon, Thu, Fri, Sat, Sun",2018,ID Missing,Practicum,NRSG 648 MN - Transitions to Nursing Practice,ICU - 2500,Archived (Completed),Completed,2023,Fall 2023,300
408455,Emory University - SON Pre-licensure,Emory Decatur Hospital,Nursing,Precepted Rotation,1,1,10285,2023-08-23,2023-10-11,00:00:00,23:59:00,132,"Mon, Thu, Fri, Sat, Sun",2018,ID Missing,Practicum,NRSG 648 MN - Transitions to Nursing Practice,ICU - 2500,Archived (Completed),Completed,2023,Fall 2023,300
408456,Emory University - SON Pre-licensure,Emory Decatur Hospital,Nursing,Precepted Rotation,0,1,No Students Assigned,2023-10-16,2023-12-06,00:00:00,23:59:00,132,"Mon, Thu, Fri, Sat, Sun",ID Missing,ID Missing,Practicum,NRSG 648 MN - Transitions to Nursing Practice,ICU - 2500,Archived (Completed),Completed,2023,Fall 2023,317
408458,Emory University - SON Pre-licensure,Emory Decatur Hospital,Nursing,Precepted Rotation,0,1,No Students Assigned,2023-10-16,2023-12-06,00:00:00,23:59:00,132,"Mon, Thu, Fri, Sat, Sun",ID Missing,ID Missing,Practicum,NRSG 648 MN - Transitions to Nursing Practice,ICU - 2500,Archived (Completed),Completed,2023,Fall 2023,317
408460,Emory University - SON Pre-licensure,Emory Hillandale Hospital,Nursing,Precepted Rotation,0,1,No Students Assigned,2023-08-23,2023-10-11,00:00:00,23:59:00,132,"Mon, Thu, Fri, Sat, Sun",ID Missing,ID Missing,Practicum,NRSG 648 MN - Transitions to Nursing Practice,Emergency Dept,Archived (Completed),Completed,2023,Fall 2023,300
408463,Emory University - SON Pre-licensure,Emory Hillandale Hospital,Nursing,Precepted Rotation,0,1,No Students Assigned,2023-08-23,2023-10-11,00:00:00,23:59:00,132,"Mon, Thu, Fri, Sat, Sun",ID Missing,ID Missing,Practicum,NRSG 648 MN - Transitions to Nursing Practice,Emergency Dept,Archived (Completed),Completed,2023,Fall 2023,300
408465,Emory University - SON Pre-licensure,Emory Hillandale Hospital,Nursing,Precepted Rotation,0,1,No Students Assigned,2023-10-16,2023-12-06,00:00:00,23:59:00,132,"Mon, Thu, Fri, Sat, Sun",ID Missing,ID Missing,Practicum,NRSG 648 MN - Transitions to Nursing Practice,Emergency Dept,Archived (Completed),Completed,2023,Fall 2023,317
408466,Emory University - SON Pre-licensure,Emory Hillandale Hospital,Nursing,Precepted Rotation,0,1,No Students Assigned,2023-10-16,2023-12-06,00:00:00,23:59:00,132,"Mon, Thu, Fri, Sat, Sun",ID Missing,ID Missing,Practicum,NRSG 648 MN - Transitions to Nursing Practice,Emergency Dept,Archived (Completed),Completed,2023,Fall 2023,317
408601,Emory University - SON Pre-licensure,Emory Johns Creek Hospital,Nursing,Precepted Rotation,1,1,10448,2023-08-23,2023-10-11,00:00:00,23:59:00,132,"Wed, Thu, Fri, Sat, Sun",ID Missing,ID Missing,Practicum,NRSG 648 MN - Transitions to Nursing Practice,ICU: critical care,Archived (Completed),Completed,2023,Fall 2023,300
408603,Emory University - SON Pre-licensure,Emory Johns Creek Hospital,Nursing,Precepted Rotation,0,1,No Students Assigned,2023-10-16,2023-12-06,00:00:00,23:59:00,132,"Wed, Thu, Fri, Sat, Sun",ID Missing,ID Missing,Practicum,NRSG 648 MN - Transitions to Nursing Practice,ICU: critical care,Archived (Completed),Completed,2023,Fall 2023,317
408606,Emory University - SON,Emory University Hospital Midtown,Nursing,Precepted Rotation,0,1,No Students Assigned,2023-08-23,2023-10-11,00:00:00,23:59:00,132,"Mon, Thu, Fri, Sat, Sun",ID Missing,ID Missing,Practicum,NRSG 648 MN - Transitions to Nursing Practice,31: Ortho/Neuro,Archived (Withdrawn),Withdrawn,2023,Fall 2023,229
408608,Emory University - SON,Emory University Hospital Midtown,Nursing,Precepted Rotation,0,1,No Students Assigned,2023-10-16,2023-12-06,00:00:00,23:59:00,132,"Mon, Thu, Fri, Sat, Sun",ID Missing,ID Missing,Practicum,NRSG 648 MN - Transitions to Nursing Practice,31: Ortho/Neuro,Archived (Withdrawn),Withdrawn,2023,Fall 2023,235
408716,Emory University - SON Pre-licensure,Emory Saint Joseph's Hospital,Nursing,Precepted Rotation,0,1,No Students Assigned,2023-08-23,2023-10-11,00:00:00,23:59:00,132,"Wed, Thu, Fri, Sat, Sun",ID Missing,ID Missing,Practicum,NRSG 648 MN - Transitions to Nursing Practice,2E,Archived (Completed),Completed,2023,Fall 2023,300
408717,Emory University - SON Pre-licensure,Emory Saint Joseph's Hospital,Nursing,Precepted Rotation,0,1,No Students Assigned,2023-10-16,2023-12-06,00:00:00,23:59:00,132,"Wed, Thu, Fri, Sat, Sun",ID Missing,ID Missing,Practicum,NRSG 648 MN - Transitions to Nursing Practice,2E MSICU,Archived (Completed),Completed,2023,Fall 2023,317
409221,Emory University - SON Pre-licensure,Emory Johns Creek Hospital,Nursing,Precepted Rotation,1,1,10312,2023-08-23,2023-10-11,00:00:00,23:59:00,132,"Mon, Thu, Fri, Sat, Sun",ID Missing,ID Missing,Practicum,NRSG 648 MN - Transitions to Nursing Practice,ED: emergency,Archived (Completed),Completed,2023,Fall 2023,300
409224,Emory University - SON Pre-licensure,Emory Saint Joseph's Hospital,Nursing,Precepted Rotation,1,1,10482,2023-08-23,2023-10-11,00:00:00,23:59:00,132,"Mon, Thu, Fri, Sat, Sun",2012,ID Missing,Practicum,NRSG 648 MN - Transitions to Nursing Practice,2SW,Archived (Completed),Completed,2023,Fall 2023,300
409227,Emory University - SON Pre-licensure,Emory Saint Joseph's Hospital,Nursing,Precepted Rotation,1,1,10430,2023-08-23,2023-10-11,00:00:00,23:59:00,132,"Mon, Thu, Fri, Sat, Sun",2012,ID Missing,Practicum,NRSG 648 MN - Transitions to Nursing Practice,2SW,Archived (Completed),Completed,2023,Fall 2023,300
409230,Emory University - SON Pre-licensure,Emory Saint Joseph's Hospital,Nursing,Precepted Rotation,1,1,10297,2023-10-16,2023-12-06,00:00:00,23:59:00,132,"Mon, Thu, Fri, Sat, Sun",ID Missing,ID Missing,Practicum,NRSG 648 MN - Transitions to Nursing Practice,2SW CVICU,Archived (Completed),Completed,2023,Fall 2023,317
409232,Emory University - SON Pre-licensure,Emory Saint Joseph's Hospital,Nursing,Precepted Rotation,1,1,10279,2023-10-16,2023-12-06,00:00:00,23:59:00,132,"Mon, Thu, Fri, Sat, Sun",ID Missing,ID Missing,Practicum,NRSG 648 MN - Transitions to Nursing Practice,2W CCU,Archived (Completed),Completed,2023,Fall 2023,317
409233,Emory University - SON Pre-licensure,Emory University Hospital,Nursing,Precepted Rotation,1,1,10433,2023-08-23,2023-10-11,00:00:00,23:59:00,132,"Wed, Thu, Fri, Sat, Sun",2012,ID Missing,Practicum,NRSG 648 MN - Transitions to Nursing Practice,6E: CV Stepdown/Heart Transplant,Archived (Completed),Completed,2023,Fall 2023,300
409234,Emory University - SON Pre-licensure,Emory University Hospital,Nursing,Precepted Rotation,1,1,10330,2023-08-23,2023-10-11,00:00:00,23:59:00,132,"Mon, Thu, Fri, Sat, Sun",2022,"3020, ID Missing, ID Missing, ID Missing",Practicum,NRSG 648 MN - Transitions to Nursing Practice,ED: Emergency,Archived (Completed),Completed,2023,Fall 2023,300
409235,Emory University - SON Pre-licensure,Emory University Hospital,Nursing,Precepted Rotation,1,1,10284,2023-10-16,2023-12-06,00:00:00,23:59:00,132,"Mon, Thu, Fri, Sat, Sun",ID Missing,ID Missing,Practicum,NRSG 648 MN - Transitions to Nursing Practice,ED: Emergency,Archived (Completed),Completed,2023,Fall 2023,317
409236,Emory University - SON Pre-licensure,Emory University Hospital,Nursing,Precepted Rotation,1,1,10311,2023-08-23,2023-10-11,00:00:00,23:59:00,132,"Wed, Thu, Fri, Sat, Sun",2020,ID Missing,Practicum,NRSG 648 MN - Transitions to Nursing Practice,5T South:  SICU,Archived (Completed),Completed,2023,Fall 2023,300
409237,Emory University - SON Pre-licensure,Emory University Hospital,Nursing,Precepted Rotation,1,1,10273,2023-10-16,2023-12-06,00:00:00,23:59:00,132,"Wed, Thu, Fri, Sat, Sun",ID Missing,ID Missing,Practicum,NRSG 648 MN - Transitions to Nursing Practice,5T South:  SICU,Archived (Completed),Completed,2023,Fall 2023,317
409238,Emory University - SON Pre-licensure,Emory University Hospital,Nursing,Precepted Rotation,1,1,10324,2023-08-23,2023-10-11,00:00:00,23:59:00,132,"Sat, Sun",2020,ID Missing,Practicum,NRSG 648 MN - Transitions to Nursing Practice,9T: Bone Marrow Transplant,Archived (Completed),Completed,2023,Fall 2023,300
409239,Emory University - SON Pre-licensure,Emory University Hospital,Nursing,Precepted Rotation,0,1,No Students Assigned,2023-08-23,2023-10-11,00:00:00,23:59:00,132,"Sat, Sun",ID Missing,ID Missing,Practicum,NRSG 648 MN - Transitions to Nursing Practice,9T: Bone Marrow Transplant,Archived (Completed),Completed,2023,Fall 2023,300
409240,Emory University - SON Pre-licensure,Emory University Hospital,Nursing,Precepted Rotation,1,1,10302,2023-10-16,2023-12-06,00:00:00,23:59:00,132,"Sat, Sun",ID Missing,ID Missing,Practicum,NRSG 648 MN - Transitions to Nursing Practice,9T: Bone Marrow Transplant,Archived (Completed),Completed,2023,Fall 2023,317
409242,Emory University - SON Pre-licensure,Emory University Hospital,Nursing,Precepted Rotation,1,1,10468,2023-10-16,2023-12-06,00:00:00,23:59:00,132,"Sat, Sun",ID Missing,ID Missing,Practicum,NRSG 648 MN - Transitions to Nursing Practice,9T: Bone Marrow Transplant,Archived (Completed),Completed,2023,Fall 2023,317
409243,Emory University - SON Pre-licensure,Emory University Hospital Midtown,Nursing,Precepted Rotation,1,1,10534,2023-08-23,2023-10-11,00:00:00,23:59:00,132,"Wed, Thu, Fri, Sat, Sun",2021,"ID Missing, ID Missing",Practicum,NRSG 648 MN - Transitions to Nursing Practice,42/54: Mother/Baby,Archived (Completed),Completed,2023,Fall 2023,300
409246,Emory University - SON Pre-licensure,Emory University Hospital Midtown,Nursing,Precepted Rotation,1,1,10475,2023-08-23,2023-10-11,00:00:00,23:59:00,132,"Wed, Thu, Fri, Sat, Sun",2021,"ID Missing, ID Missing, ID Missing",Practicum,NRSG 648 MN - Transitions to Nursing Practice,42/54: Mother/Baby,Archived (Completed),Completed,2023,Fall 2023,300
409247,Emory University - SON Pre-licensure,Emory University Hospital Midtown,Nursing,Precepted Rotation,1,1,10289,2023-08-23,2023-10-11,00:00:00,23:59:00,132,"Mon, Thu, Fri, Sat, Sun",2020,ID Missing,Practicum,NRSG 648 MN - Transitions to Nursing Practice,ED: Emergency,Archived (Completed),Completed,2023,Fall 2023,300
409248,Emory University - SON Pre-licensure,Emory University Hospital Midtown,Nursing,Precepted Rotation,1,1,10423,2023-08-23,2023-10-11,00:00:00,23:59:00,132,"Mon, Thu, Fri, Sat, Sun",2020,ID Missing,Practicum,NRSG 648 MN - Transitions to Nursing Practice,ED: Emergency,Archived (Completed),Completed,2023,Fall 2023,300
409250,Emory University - SON Pre-licensure,Emory University Hospital Midtown,Nursing,Precepted Rotation,1,1,11132,2023-10-16,2023-12-06,00:00:00,23:59:00,132,"Mon, Thu, Fri, Sat, Sun",ID Missing,ID Missing,Practicum,NRSG 648 MN - Transitions to Nursing Practice,ED: Emergency,Archived (Completed),Completed,2023,Fall 2023,317
409251,Emory University - SON Pre-licensure,Emory University Hospital Midtown,Nursing,Precepted Rotation,1,1,10329,2023-10-16,2023-12-06,00:00:00,23:59:00,132,"Mon, Thu, Fri, Sat, Sun",ID Missing,ID Missing,Practicum,NRSG 648 MN - Transitions to Nursing Practice,ED: Emergency,Archived (Completed),Completed,2023,Fall 2023,317
409252,Emory University - SON Pre-licensure,Emory Decatur Hospital,Nursing,Precepted Rotation,1,1,10481,2023-08-23,2023-10-11,00:00:00,23:59:00,132,"Wed, Thu, Fri, Sat, Sun",2018,ID Missing,Practicum,NRSG 648 MN - Transitions to Nursing Practice,L&D,Archived (Completed),Completed,2023,Fall 2023,300
409253,Emory University - SON Pre-licensure,Emory Decatur Hospital,Nursing,Precepted Rotation,1,1,10479,2023-10-16,2023-12-06,00:00:00,23:59:00,132,"Wed, Thu, Fri, Sat, Sun",ID Missing,ID Missing,Practicum,NRSG 648 MN - Transitions to Nursing Practice,L&D,Archived (Completed),Completed,2023,Fall 2023,317
409254,Emory University - SON,Emory Decatur Hospital,Nursing,Precepted Rotation,0,1,No Students Assigned,2023-10-16,2023-12-06,00:00:00,23:59:00,132,"Mon, Thu, Fri, Sat, Sun",ID Missing,ID Missing,Practicum,NRSG 648 MN - Transitions to Nursing Practice,Emergency Dept- North Decatur,Archived (Withdrawn),Withdrawn,2023,Fall 2023,235
409255,Emory University - SON Pre-licensure,Emory Decatur Hospital,Nursing,Precepted Rotation,1,1,10341,2023-08-23,2023-10-11,00:00:00,23:59:00,132,"Mon, Thu, Fri, Sat, Sun",2018,ID Missing,Practicum,NRSG 648 MN - Transitions to Nursing Practice,Behavioral Health (acute) - 1800,Archived (Completed),Completed,2023,Fall 2023,300
409257,Emory University - SON Pre-licensure,Emory Decatur Hospital,Nursing,Precepted Rotation,1,1,10340,2023-10-16,2023-12-06,00:00:00,23:59:00,132,"Mon, Thu, Fri, Sat, Sun",ID Missing,ID Missing,Practicum,NRSG 648 MN - Transitions to Nursing Practice,Behavioral Health (acute) - 1800,Archived (Completed),Completed,2023,Fall 2023,317
409360,Emory University - SON Pre-licensure,Emory Saint Joseph's Hospital,Nursing,Precepted Rotation,1,1,10281,2023-08-23,2023-10-11,00:00:00,23:59:00,132,"Mon, Thu, Fri, Sat, Sun",2012,ID Missing,Practicum,NRSG 648 MN - Transitions to Nursing Practice,ED,Archived (Completed),Completed,2023,Fall 2023,300
409371,Emory University - SON Pre-licensure,Emory Saint Joseph's Hospital,Nursing,Precepted Rotation,1,1,10437,2023-10-16,2023-12-06,00:00:00,23:59:00,132,"Mon, Thu, Fri, Sat, Sun",ID Missing,ID Missing,Practicum,NRSG 648 MN - Transitions to Nursing Practice,ED,Archived (Completed),Completed,2023,Fall 2023,317
409374,Emory University - SON Pre-licensure,Emory University Hospital,Nursing,Precepted Rotation,1,1,10565,2023-08-23,2023-10-11,00:00:00,23:59:00,132,"Wed, Thu, Fri, Sat, Sun",2012,ID Missing,Practicum,NRSG 648 MN - Transitions to Nursing Practice,8T North: Oncology,Archived (Completed),Completed,2023,Fall 2023,300
409740,Emory University - SON Pre-licensure,Emory Johns Creek Hospital,Nursing,Precepted Rotation,1,1,10300,2023-08-23,2023-10-11,00:00:00,23:59:00,132,"Mon, Thu, Fri, Sat, Sun",ID Missing,ID Missing,Practicum,NRSG 648 MN - Transitions to Nursing Practice,6N: medical,Archived (Completed),Completed,2023,Fall 2023,300
410869,Georgia Baptist College of Nursing of Mercer University - Undergraduate Nursing - Atlanta,Emory Saint Joseph's Hospital,Nursing,Cohort Rotation,6,8,"11537, 11538, 11539, 11540, 11541, 11542",2024-01-24,2024-04-24,07:00:00,16:00:00,95,Wed,ID Missing,No Preceptor Assigned,MedSurg - Acute Care,NUR 317 - Adult Health,6W pulmonary thoracic,Archived (Completed),Completed,2024,Spring 2024,410
411105,Emory University - SON Pre-licensure,"Emory Offsite locations - The Emory Clinic, Ambulatory Surgery Centers and the Emory Specialty Assocs",Nursing,Precepted Rotation,1,1,11003,2023-08-31,2023-08-31,00:00:00,23:59:00,10,Thu,2023,3021,Other (see comments),PAE 7501 Elective â€“ Card - ,Other (see comments),Archived (Completed),Completed,2023,Fall 2023,304
411106,Emory University - SON Pre-licensure,"Emory Offsite locations - The Emory Clinic, Ambulatory Surgery Centers and the Emory Specialty Assocs",Nursing,Precepted Rotation,1,1,11003,2023-09-14,2023-09-14,00:00:00,23:59:00,10,Thu,2023,ID Missing,Other (see comments),PAE 7501 Elective â€“ Card - ,Rotating with Physician,Archived (Completed),Completed,2023,Fall 2023,306
411109,Emory University - SON Pre-licensure,"Emory Offsite locations - The Emory Clinic, Ambulatory Surgery Centers and the Emory Specialty Assocs",Nursing,Precepted Rotation,1,1,11003,2023-09-28,2023-09-28,00:00:00,23:59:00,10,Thu,2023,ID Missing,Other (see comments),PAE 7501 Elective â€“ Card - ,Rotating with Physician,Archived (Completed),Completed,2023,Fall 2023,312
411528,Emory University - SON Pre-licensure,"Emory Offsite locations - The Emory Clinic, Ambulatory Surgery Centers and the Emory Specialty Assocs",Nursing,Precepted Rotation,1,1,11017,2023-09-07,2023-09-07,00:00:00,23:59:00,10,Thu,2023,3021,Other (see comments),PAE 7501 Elective â€“ Card - ,Other (see comments),Archived (Completed),Completed,2023,Fall 2023,305
411533,Emory University - SON Pre-licensure,"Emory Offsite locations - The Emory Clinic, Ambulatory Surgery Centers and the Emory Specialty Assocs",Nursing,Precepted Rotation,1,1,11017,2023-09-14,2023-09-14,00:00:00,23:59:00,10,Thu,2023,ID Missing,Other (see comments),PAE 7501 Elective â€“ Card - ,-no preference-,Archived (Completed),Completed,2023,Fall 2023,306
411615,Emory University - SON Pre-licensure,"Emory Offsite locations - The Emory Clinic, Ambulatory Surgery Centers and the Emory Specialty Assocs",Nursing,Precepted Rotation,1,1,11017,2023-09-21,2023-09-21,00:00:00,23:59:00,10,Thu,2023,ID Missing,Other (see comments),PAE 7501 Elective â€“ Card - ,Other (see comments),Archived (Completed),Completed,2023,Fall 2023,308
412245,Georgia Baptist College of Nursing of Mercer University - Undergraduate Nursing - Atlanta,Emory University Hospital Midtown,Nursing,Precepted Rotation,1,1,11543,2024-03-13,2024-04-28,00:00:00,23:59:00,125,"Wed, Thu, Fri, Sat, Sun",ID Missing,No Preceptor Assigned,Practicum,NUR 404 - Senior Practicum and Role Transition,61: Med-Surg,Archived (Completed),Completed,2024,Spring 2024,411
412256,Georgia Baptist College of Nursing of Mercer University - Undergraduate Nursing,Emory University Hospital Midtown,Nursing,Precepted Rotation,1,1,10068,2024-01-10,2024-03-10,00:00:00,23:59:00,125,"Wed, Thu, Fri, Sat, Sun",ID Missing,No Preceptor Assigned,Practicum,NUR 404 - Senior Practicum and Role Transition,ED: Emergency,Archived (Completed),Completed,2024,Spring 2024,408
412394,Chamberlain College of Nursing - Georgia,Emory Saint Joseph's Hospital,Nursing,Precepted Rotation,1,1,10255,2023-09-04,2023-11-23,00:00:00,23:59:00,144,,ID Missing,ID Missing,Practicum,NR 446/452 - Colaborative and Capstone - Senior Practicum,OR,Archived (Completed),Completed,2023,Fall 2023,115
412395,Chamberlain College of Nursing - Georgia,Emory Saint Joseph's Hospital,Nursing,Precepted Rotation,1,1,11544,2023-09-04,2023-11-23,00:00:00,23:59:00,144,,ID Missing,ID Missing,Practicum,NR 446/452 - Colaborative and Capstone - Senior Practicum,OR,Archived (Completed),Completed,2023,Fall 2023,115
412396,Chamberlain College of Nursing - Georgia,Emory Saint Joseph's Hospital,Nursing,Precepted Rotation,1,1,11545,2023-09-04,2023-11-23,00:00:00,23:59:00,144,,ID Missing,ID Missing,Practicum,NR 446/452 - Colaborative and Capstone - Senior Practicum,OR,Archived (Completed),Completed,2023,Fall 2023,115
412397,Chamberlain College of Nursing - Georgia,Emory Saint Joseph's Hospital,Nursing,Precepted Rotation,1,1,11546,2023-09-04,2023-11-23,00:00:00,23:59:00,144,,ID Missing,ID Missing,Practicum,NR 446/452 - Colaborative and Capstone - Senior Practicum,OR,Archived (Completed),Completed,2023,Fall 2023,115
412398,Chamberlain College of Nursing - Georgia,Emory Saint Joseph's Hospital,Nursing,Precepted Rotation,1,1,11547,2023-09-04,2023-11-23,00:00:00,23:59:00,144,,ID Missing,ID Missing,Practicum,NR 446/452 - Colaborative and Capstone - Senior Practicum,OR,Archived (Completed),Completed,2023,Fall 2023,115
412572,Georgia Baptist College of Nursing of Mercer University - Undergraduate Nursing - Atlanta,Emory Johns Creek Hospital,Nursing,Precepted Rotation,1,1,11548,2024-03-13,2024-04-28,00:00:00,23:59:00,125,"Wed, Thu, Fri, Sat, Sun",ID Missing,No Preceptor Assigned,Leadership,NUR 404 - Senior Practicum and Role Transition,"Maternity: M/B, L&D, NICU",Archived (Completed),Completed,2024,Spring 2024,411
412643,Walden University,Emory University Hospital Midtown,Nursing,Precepted Rotation,1,1,11549,2023-10-09,2023-11-19,00:00:00,23:59:00,72,,2024,"3022, ID Missing, ID Missing",Other (see comments),4220/4221 - Leadership Competencies in Nursing and Healthcare,-no preference-,Archived (Completed),Completed,2023,Fall 2023,548
412645,Walden University,Emory University Hospital Midtown,Nursing,Precepted Rotation,1,1,11549,2023-08-28,2023-10-08,00:00:00,23:59:00,72,,2024,"3022, ID Missing, ID Missing",Other (see comments),4210/4211 - Role of the Nurse Leader in Population Health,-no preference-,Archived (Completed),Completed,2023,Fall 2023,547
412654,Grand Canyon University,Emory University Hospital,Nursing,Precepted Rotation,1,1,11550,2024-03-28,2024-07-17,00:00:00,23:59:00,200,,2025,3023,Other (see comments),NUR-690 - Nursing Informatics Practicum,-no preference-,Archived (Completed),Completed,2024,Spring 2024,465
413301,Chamberlain College of Nursing - Georgia,Emory University Hospital at Wesley Woods,Nursing,Cohort Rotation,0,6,No Students Assigned,2023-10-06,2023-10-27,07:00:00,19:00:00,48,Fri,ID Missing,No Preceptor Assigned,Psychiatry; Mental Health; Behavioral Medicine,NR 326 - Mental Health Nursing,Inpatient Psych,Archived (Withdrawn),Withdrawn,2023,Fall 2023,126
413580,Emory University - SON Pre-licensure,Emory Decatur Hospital,Nursing,Cohort Rotation,8,8,"11551, 11552, 11553, 11554, 11555, 11556, 11557, 11558",2023-09-20,2023-12-06,07:00:00,19:00:00,60,Wed,"ID Missing, ID Missing",No Preceptor Assigned,Fundamentals,527 MN - Foundation of Nursing Practice,-no preference-,Archived (Completed),Completed,2023,Fall 2023,307
413596,Emory University - SON Pre-licensure,Emory Decatur Hospital,Nursing,Cohort Rotation,0,8,No Students Assigned,2023-09-22,2023-12-08,07:00:00,19:00:00,60,Fri,ID Missing,No Preceptor Assigned,Fundamentals,527 MN - Foundation of Nursing Practice,General Surgery - 3400,Archived (Completed),Completed,2023,Fall 2023,310
413598,Emory University - SON Pre-licensure,Emory Saint Joseph's Hospital,Nursing,Cohort Rotation,7,8,"11559, 11560, 11561, 11562, 11563, 11564, 11565",2023-09-22,2023-12-08,07:00:00,19:00:00,60,Fri,ID Missing,No Preceptor Assigned,Fundamentals,527 MN - Foundation of Nursing Practice,5W internal medicine,Archived (Completed),Completed,2023,Fall 2023,310
413599,Emory University - SON Pre-licensure,Emory Decatur Hospital,Nursing,Cohort Rotation,8,8,"11566, 11567, 11568, 11569, 11570, 11498, 11571, 11572",2023-09-23,2023-12-09,07:00:00,19:00:00,60,Sat,"ID Missing, ID Missing",No Preceptor Assigned,Fundamentals,527 MN - Foundation of Nursing Practice,General Medical - 4500,Archived (Completed),Completed,2023,Fall 2023,311
413600,Emory University - SON Pre-licensure,Emory Saint Joseph's Hospital,Nursing,Cohort Rotation,7,8,"11573, 11574, 11575, 11576, 11577, 11578, 11579",2023-09-23,2023-12-09,07:00:00,19:00:00,60,Sat,ID Missing,No Preceptor Assigned,Fundamentals,527 MN - Foundation of Nursing Practice,5E internal medicine,Archived (Completed),Completed,2023,Fall 2023,311
413821,Emory University - SON Pre-licensure,"Emory Offsite locations - The Emory Clinic, Ambulatory Surgery Centers and the Emory Specialty Assocs",Nursing,Precepted Rotation,1,1,10288,2023-08-23,2023-10-11,00:00:00,23:59:00,24,Thu,ID Missing,ID Missing,Ambulatory,NRSG 676 MN - Care Transitions Practicum,Other (see comments),Archived (Completed),Completed,2023,Fall 2023,300
413829,Emory University - SON Pre-licensure,"Emory Offsite locations - The Emory Clinic, Ambulatory Surgery Centers and the Emory Specialty Assocs",Nursing,Precepted Rotation,1,1,10294,2023-08-23,2023-10-11,00:00:00,23:59:00,24,Thu,ID Missing,ID Missing,Ambulatory,NRSG 676 MN - Care Transitions Practicum,Other (see comments),Archived (Completed),Completed,2023,Fall 2023,300
413831,Emory University - SON Pre-licensure,"Emory Offsite locations - The Emory Clinic, Ambulatory Surgery Centers and the Emory Specialty Assocs",Nursing,Precepted Rotation,1,1,10297,2023-08-23,2023-10-11,00:00:00,23:59:00,24,Thu,ID Missing,ID Missing,Ambulatory,NRSG 676 MN - Care Transitions Practicum,Other (see comments),Archived (Completed),Completed,2023,Fall 2023,300
413836,Emory University - SON Pre-licensure,"Emory Offsite locations - The Emory Clinic, Ambulatory Surgery Centers and the Emory Specialty Assocs",Nursing,Precepted Rotation,1,1,10273,2023-08-23,2023-10-11,00:00:00,23:59:00,24,Fri,ID Missing,ID Missing,Ambulatory,NRSG 676 MN - Care Transitions Practicum,Other (see comments),Archived (Completed),Completed,2023,Fall 2023,300
413841,Emory University - SON Pre-licensure,"Emory Offsite locations - The Emory Clinic, Ambulatory Surgery Centers and the Emory Specialty Assocs",Nursing,Precepted Rotation,1,1,10280,2023-08-23,2023-10-11,00:00:00,23:59:00,24,Thu,ID Missing,ID Missing,Ambulatory,NRSG 676 MN - Care Transitions Practicum,Other (see comments),Archived (Completed),Completed,2023,Fall 2023,300
413845,Emory University - SON Pre-licensure,"Emory Offsite locations - The Emory Clinic, Ambulatory Surgery Centers and the Emory Specialty Assocs",Nursing,Precepted Rotation,1,1,10282,2023-08-23,2023-10-11,00:00:00,23:59:00,24,Thu,ID Missing,ID Missing,Ambulatory,NRSG 676 MN - Care Transitions Practicum,Other (see comments),Archived (Completed),Completed,2023,Fall 2023,300
413848,Emory University - SON Pre-licensure,"Emory Offsite locations - The Emory Clinic, Ambulatory Surgery Centers and the Emory Specialty Assocs",Nursing,Precepted Rotation,1,1,10290,2023-08-23,2023-10-11,00:00:00,23:59:00,24,Thu,ID Missing,ID Missing,Ambulatory,NRSG 676 MN - Care Transitions Practicum,Other (see comments),Archived (Completed),Completed,2023,Fall 2023,300
413856,Emory University - SON Pre-licensure,"Emory Offsite locations - The Emory Clinic, Ambulatory Surgery Centers and the Emory Specialty Assocs",Nursing,Precepted Rotation,1,1,10447,2023-08-23,2023-10-11,00:00:00,23:59:00,24,Thu,ID Missing,ID Missing,Ambulatory,NRSG 676 MN - Care Transitions Practicum,Other (see comments),Archived (Completed),Completed,2023,Fall 2023,300
413859,Emory University - SON Pre-licensure,"Emory Offsite locations - The Emory Clinic, Ambulatory Surgery Centers and the Emory Specialty Assocs",Nursing,Precepted Rotation,1,1,10458,2023-08-23,2023-10-11,00:00:00,23:59:00,24,Thu,ID Missing,ID Missing,Ambulatory,NRSG 676 MN - Care Transitions Practicum,Other (see comments),Archived (Completed),Completed,2023,Fall 2023,300
413862,Emory University - SON Pre-licensure,"Emory Offsite locations - The Emory Clinic, Ambulatory Surgery Centers and the Emory Specialty Assocs",Nursing,Precepted Rotation,1,1,10442,2023-08-23,2023-10-11,00:00:00,23:59:00,24,Thu,ID Missing,ID Missing,Ambulatory,NRSG 676 MN - Care Transitions Practicum,Other (see comments),Archived (Completed),Completed,2023,Fall 2023,300
413866,Emory University - SON Pre-licensure,"Emory Offsite locations - The Emory Clinic, Ambulatory Surgery Centers and the Emory Specialty Assocs",Nursing,Precepted Rotation,1,1,10314,2023-08-23,2023-10-11,00:00:00,23:59:00,24,Fri,ID Missing,ID Missing,Ambulatory,NRSG 676 MN - Care Transitions Practicum,Other (see comments),Archived (Completed),Completed,2023,Fall 2023,300
413868,Emory University - SON Pre-licensure,"Emory Offsite locations - The Emory Clinic, Ambulatory Surgery Centers and the Emory Specialty Assocs",Nursing,Precepted Rotation,1,1,10316,2023-08-23,2023-10-11,00:00:00,23:59:00,24,Thu,ID Missing,ID Missing,Ambulatory,NRSG 676 MN - Care Transitions Practicum,Other (see comments),Archived (Completed),Completed,2023,Fall 2023,300
413875,Emory University - SON Pre-licensure,"Emory Offsite locations - The Emory Clinic, Ambulatory Surgery Centers and the Emory Specialty Assocs",Nursing,Precepted Rotation,1,1,10318,2023-08-23,2023-10-11,00:00:00,23:59:00,24,Thu,ID Missing,ID Missing,Ambulatory,NRSG 676 MN - Care Transitions Practicum,Other (see comments),Archived (Completed),Completed,2023,Fall 2023,300
413877,Emory University - SON Pre-licensure,"Emory Offsite locations - The Emory Clinic, Ambulatory Surgery Centers and the Emory Specialty Assocs",Nursing,Precepted Rotation,0,1,No Students Assigned,2023-08-23,2023-10-11,00:00:00,23:59:00,24,Fri,ID Missing,ID Missing,Ambulatory,NRSG 676 MN - Care Transitions Practicum,Other (see comments),Archived (Completed),Completed,2023,Fall 2023,300
413879,Emory University - SON Pre-licensure,"Emory Offsite locations - The Emory Clinic, Ambulatory Surgery Centers and the Emory Specialty Assocs",Nursing,Precepted Rotation,1,1,10319,2023-08-23,2023-10-11,00:00:00,23:59:00,24,Fri,ID Missing,ID Missing,Ambulatory,NRSG 676 MN - Care Transitions Practicum,Other (see comments),Archived (Completed),Completed,2023,Fall 2023,300
413881,Emory University - SON Pre-licensure,"Emory Offsite locations - The Emory Clinic, Ambulatory Surgery Centers and the Emory Specialty Assocs",Nursing,Precepted Rotation,1,1,10292,2023-08-23,2023-10-11,00:00:00,23:59:00,24,Thu,ID Missing,ID Missing,Ambulatory,NRSG 676 MN - Care Transitions Practicum,Other (see comments),Archived (Completed),Completed,2023,Fall 2023,300
413885,Emory University - SON Pre-licensure,"Emory Offsite locations - The Emory Clinic, Ambulatory Surgery Centers and the Emory Specialty Assocs",Nursing,Precepted Rotation,1,1,10320,2023-08-23,2023-10-11,00:00:00,23:59:00,24,Fri,ID Missing,ID Missing,Ambulatory,NRSG 676 MN - Care Transitions Practicum,Other (see comments),Archived (Completed),Completed,2023,Fall 2023,300
413916,Emory University - SON Pre-licensure,"Emory Offsite locations - The Emory Clinic, Ambulatory Surgery Centers and the Emory Specialty Assocs",Nursing,Precepted Rotation,1,1,10305,2023-08-23,2023-10-11,00:00:00,23:59:00,24,Fri,ID Missing,ID Missing,Ambulatory,NRSG 676 MN - Care Transitions Practicum,Other (see comments),Archived (Completed),Completed,2023,Fall 2023,300
413919,Emory University - SON Pre-licensure,"Emory Offsite locations - The Emory Clinic, Ambulatory Surgery Centers and the Emory Specialty Assocs",Nursing,Precepted Rotation,1,1,10276,2023-08-23,2023-10-11,00:00:00,23:59:00,24,Thu,ID Missing,ID Missing,Ambulatory,NRSG 676 MN - Care Transitions Practicum,Other (see comments),Archived (Completed),Completed,2023,Fall 2023,300
413926,Emory University - SON Pre-licensure,"Emory Offsite locations - The Emory Clinic, Ambulatory Surgery Centers and the Emory Specialty Assocs",Nursing,Precepted Rotation,1,1,10299,2023-08-23,2023-10-11,00:00:00,23:59:00,24,Fri,ID Missing,ID Missing,Ambulatory,NRSG 676 MN - Care Transitions Practicum,Other (see comments),Archived (Completed),Completed,2023,Fall 2023,300
413928,Emory University - SON Pre-licensure,"Emory Offsite locations - The Emory Clinic, Ambulatory Surgery Centers and the Emory Specialty Assocs",Nursing,Precepted Rotation,1,1,10479,2023-08-23,2023-10-11,00:00:00,23:59:00,24,Thu,ID Missing,ID Missing,Ambulatory,NRSG 676 MN - Care Transitions Practicum,Other (see comments),Archived (Completed),Completed,2023,Fall 2023,300
413930,Emory University - SON Pre-licensure,"Emory Offsite locations - The Emory Clinic, Ambulatory Surgery Centers and the Emory Specialty Assocs",Nursing,Precepted Rotation,1,1,10465,2023-08-23,2023-10-11,00:00:00,23:59:00,24,Fri,ID Missing,ID Missing,Ambulatory,NRSG 676 MN - Care Transitions Practicum,Other (see comments),Archived (Completed),Completed,2023,Fall 2023,300
413932,Emory University - SON Pre-licensure,"Emory Offsite locations - The Emory Clinic, Ambulatory Surgery Centers and the Emory Specialty Assocs",Nursing,Precepted Rotation,1,1,10438,2023-08-23,2023-10-11,00:00:00,23:59:00,24,Fri,ID Missing,ID Missing,Ambulatory,NRSG 676 MN - Care Transitions Practicum,Other (see comments),Archived (Completed),Completed,2023,Fall 2023,300
413936,Emory University - SON Pre-licensure,"Emory Offsite locations - The Emory Clinic, Ambulatory Surgery Centers and the Emory Specialty Assocs",Nursing,Precepted Rotation,1,1,10308,2023-08-23,2023-10-11,00:00:00,23:59:00,24,Fri,ID Missing,ID Missing,Ambulatory,NRSG 676 MN - Care Transitions Practicum,Other (see comments),Archived (Completed),Completed,2023,Fall 2023,300
413942,Emory University - SON Pre-licensure,"Emory Offsite locations - The Emory Clinic, Ambulatory Surgery Centers and the Emory Specialty Assocs",Nursing,Precepted Rotation,1,1,10334,2023-08-23,2023-10-11,00:00:00,23:59:00,24,Thu,ID Missing,ID Missing,Ambulatory,NRSG 676 MN - Care Transitions Practicum,Other (see comments),Archived (Completed),Completed,2023,Fall 2023,300
413944,Emory University - SON Pre-licensure,"Emory Offsite locations - The Emory Clinic, Ambulatory Surgery Centers and the Emory Specialty Assocs",Nursing,Precepted Rotation,1,1,10454,2023-08-23,2023-10-11,00:00:00,23:59:00,24,Fri,ID Missing,ID Missing,Ambulatory,NRSG 676 MN - Care Transitions Practicum,Other (see comments),Archived (Completed),Completed,2023,Fall 2023,300
413945,Emory University - SON Pre-licensure,"Emory Offsite locations - The Emory Clinic, Ambulatory Surgery Centers and the Emory Specialty Assocs",Nursing,Precepted Rotation,1,1,10329,2023-08-23,2023-10-11,00:00:00,23:59:00,24,Thu,ID Missing,ID Missing,Ambulatory,NRSG 676 MN - Care Transitions Practicum,Other (see comments),Archived (Completed),Completed,2023,Fall 2023,300
413948,Emory University - SON Pre-licensure,"Emory Offsite locations - The Emory Clinic, Ambulatory Surgery Centers and the Emory Specialty Assocs",Nursing,Precepted Rotation,1,1,10429,2023-08-23,2023-10-11,00:00:00,23:59:00,24,Thu,ID Missing,ID Missing,Ambulatory,NRSG 676 MN - Care Transitions Practicum,Other (see comments),Archived (Completed),Completed,2023,Fall 2023,300
414051,Emory University - SON Pre-licensure,"Emory Offsite locations - The Emory Clinic, Ambulatory Surgery Centers and the Emory Specialty Assocs",Nursing,Precepted Rotation,1,1,10339,2023-08-23,2023-10-11,00:00:00,23:59:00,24,Thu,ID Missing,ID Missing,Ambulatory,NRSG 676 MN - Care Transitions Practicum,Other (see comments),Archived (Completed),Completed,2023,Fall 2023,300
414056,Emory University - SON Pre-licensure,"Emory Offsite locations - The Emory Clinic, Ambulatory Surgery Centers and the Emory Specialty Assocs",Nursing,Precepted Rotation,1,1,10457,2023-08-23,2023-10-11,00:00:00,23:59:00,24,Thu,ID Missing,ID Missing,Ambulatory,NRSG 676 MN - Care Transitions Practicum,Other (see comments),Archived (Completed),Completed,2023,Fall 2023,300
414058,Emory University - SON Pre-licensure,"Emory Offsite locations - The Emory Clinic, Ambulatory Surgery Centers and the Emory Specialty Assocs",Nursing,Precepted Rotation,1,1,10440,2023-08-23,2023-10-11,00:00:00,23:59:00,24,Thu,ID Missing,ID Missing,Ambulatory,NRSG 676 MN - Care Transitions Practicum,Other (see comments),Archived (Completed),Completed,2023,Fall 2023,300
414061,Emory University - SON Pre-licensure,"Emory Offsite locations - The Emory Clinic, Ambulatory Surgery Centers and the Emory Specialty Assocs",Nursing,Precepted Rotation,1,1,10278,2023-08-23,2023-10-11,00:00:00,23:59:00,24,Fri,ID Missing,ID Missing,Ambulatory,NRSG 676 MN - Care Transitions Practicum,Other (see comments),Archived (Completed),Completed,2023,Fall 2023,300
414064,Emory University - SON Pre-licensure,"Emory Offsite locations - The Emory Clinic, Ambulatory Surgery Centers and the Emory Specialty Assocs",Nursing,Precepted Rotation,1,1,10340,2023-08-23,2023-10-11,00:00:00,23:59:00,24,Thu,ID Missing,ID Missing,Ambulatory,NRSG 676 MN - Care Transitions Practicum,Other (see comments),Archived (Completed),Completed,2023,Fall 2023,300
414069,Emory University - SON Pre-licensure,"Emory Offsite locations - The Emory Clinic, Ambulatory Surgery Centers and the Emory Specialty Assocs",Nursing,Precepted Rotation,1,1,10973,2023-08-23,2023-10-11,00:00:00,23:59:00,24,Fri,ID Missing,ID Missing,Ambulatory,NRSG 676 MN - Care Transitions Practicum,Other (see comments),Archived (Completed),Completed,2023,Fall 2023,300
414072,Emory University - SON Pre-licensure,"Emory Offsite locations - The Emory Clinic, Ambulatory Surgery Centers and the Emory Specialty Assocs",Nursing,Precepted Rotation,1,1,10468,2023-08-23,2023-10-11,00:00:00,23:59:00,24,Thu,ID Missing,ID Missing,Ambulatory,NRSG 676 MN - Care Transitions Practicum,Other (see comments),Archived (Completed),Completed,2023,Fall 2023,300
414075,Emory University - SON Pre-licensure,"Emory Offsite locations - The Emory Clinic, Ambulatory Surgery Centers and the Emory Specialty Assocs",Nursing,Precepted Rotation,1,1,10287,2023-08-23,2023-10-11,00:00:00,23:59:00,24,Fri,ID Missing,ID Missing,Ambulatory,NRSG 676 MN - Care Transitions Practicum,Other (see comments),Archived (Completed),Completed,2023,Fall 2023,300
414077,Emory University - SON Pre-licensure,"Emory Offsite locations - The Emory Clinic, Ambulatory Surgery Centers and the Emory Specialty Assocs",Nursing,Precepted Rotation,1,1,10446,2023-08-23,2023-10-11,00:00:00,23:59:00,24,Fri,ID Missing,ID Missing,Ambulatory,NRSG 676 MN - Care Transitions Practicum,Other (see comments),Archived (Completed),Completed,2023,Fall 2023,300
414079,Emory University - SON Pre-licensure,"Emory Offsite locations - The Emory Clinic, Ambulatory Surgery Centers and the Emory Specialty Assocs",Nursing,Precepted Rotation,1,1,10283,2023-08-23,2023-10-11,00:00:00,23:59:00,24,Thu,ID Missing,ID Missing,Ambulatory,NRSG 676 MN - Care Transitions Practicum,Other (see comments),Archived (Completed),Completed,2023,Fall 2023,300
414080,Emory University - SON Pre-licensure,"Emory Offsite locations - The Emory Clinic, Ambulatory Surgery Centers and the Emory Specialty Assocs",Nursing,Precepted Rotation,1,1,10435,2023-08-23,2023-10-11,00:00:00,23:59:00,24,Fri,ID Missing,ID Missing,Ambulatory,NRSG 676 MN - Care Transitions Practicum,Other (see comments),Archived (Completed),Completed,2023,Fall 2023,300
414082,Emory University - SON Pre-licensure,"Emory Offsite locations - The Emory Clinic, Ambulatory Surgery Centers and the Emory Specialty Assocs",Nursing,Precepted Rotation,1,1,10456,2023-08-23,2023-10-11,00:00:00,23:59:00,24,Thu,ID Missing,ID Missing,Ambulatory,NRSG 676 MN - Care Transitions Practicum,Other (see comments),Archived (Completed),Completed,2023,Fall 2023,300
414083,Emory University - SON Pre-licensure,"Emory Offsite locations - The Emory Clinic, Ambulatory Surgery Centers and the Emory Specialty Assocs",Nursing,Precepted Rotation,1,1,10284,2023-08-23,2023-10-11,00:00:00,23:59:00,24,Thu,ID Missing,ID Missing,Ambulatory,NRSG 676 MN - Care Transitions Practicum,Other (see comments),Archived (Completed),Completed,2023,Fall 2023,300
414273,Emory University - SON Pre-licensure,"Emory Offsite locations - The Emory Clinic, Ambulatory Surgery Centers and the Emory Specialty Assocs",Nursing,Precepted Rotation,1,1,10466,2023-08-23,2023-10-11,00:00:00,23:59:00,24,Thu,ID Missing,ID Missing,Ambulatory,NRSG 676 MN - Care Transitions Practicum,Other (see comments),Archived (Completed),Completed,2023,Fall 2023,300
415080,Emory University - SON Pre-licensure,Emory University Hospital Midtown,Nursing,Precepted Rotation,0,1,No Students Assigned,2023-10-16,2023-12-06,00:00:00,23:59:00,132,"Mon, Thu, Fri, Sat, Sun",ID Missing,ID Missing,Practicum,NRSG 648 MN - Transitions to Nursing Practice,42/54: Mother/Baby,Archived (Completed),Completed,2023,Fall 2023,317
415082,Emory University - SON Pre-licensure,Emory University Hospital Midtown,Nursing,Precepted Rotation,1,1,10973,2023-10-16,2023-12-06,00:00:00,23:59:00,132,"Mon, Thu, Fri, Sat, Sun",ID Missing,ID Missing,Practicum,NRSG 648 MN - Transitions to Nursing Practice,42/54: Mother/Baby,Archived (Completed),Completed,2023,Fall 2023,317
415118,Georgia State University - Perimeter College,Emory Long Term Acute Care Hospital,Nursing,Cohort Rotation,5,6,"11580, 11581, 11582, 11583, 11584",2024-01-19,2024-03-08,07:00:00,19:00:00,96,Fri,ID Missing,No Preceptor Assigned,MedSurg - Acute Care,NURS 1930 - Intermediate Concepts of Nursing,LTAC,Archived (Completed),Completed,2024,Spring 2024,435
416474,Chamberlain College of Nursing - Georgia,Emory Saint Joseph's Hospital,Nursing,Cohort Rotation,8,8,"11585, 11586, 11587, 11588, 11589, 11590, 11591, 11592",2024-01-12,2024-02-23,07:00:00,23:59:00,48,Fri,ID Missing,No Preceptor Assigned,MedSurg - Acute Care,NR 226 - Fundamentals - Patient Care,5E internal medicine,Archived (Completed),Completed,2024,Spring 2024,157
416475,Chamberlain College of Nursing - Georgia,Emory Saint Joseph's Hospital,Nursing,Cohort Rotation,8,8,"11593, 11594, 11595, 11596, 11597, 11598, 11599, 11600",2024-01-13,2024-02-24,07:00:00,15:00:00,48,Sat,ID Missing,No Preceptor Assigned,MedSurg - Acute Care,NR 226 - Fundamentals - Patient Care,4W renal and urology,Archived (Completed),Completed,2024,Spring 2024,160
416476,Chamberlain College of Nursing - Atlanta,Emory Saint Joseph's Hospital,Nursing,Cohort Rotation,0,8,No Students Assigned,2024-03-04,2024-04-27,07:00:00,19:00:00,48,Fri,ID Missing,No Preceptor Assigned,MedSurg - Acute Care,NR 226 - Fundamentals - Patient Care,5E internal medicine,Archived (Completed),Completed,2024,Spring 2024,13
416477,Chamberlain College of Nursing - Atlanta,Emory Saint Joseph's Hospital,Nursing,Cohort Rotation,0,8,No Students Assigned,2024-03-04,2024-04-27,07:00:00,19:00:00,48,Sat,ID Missing,No Preceptor Assigned,MedSurg - Acute Care,NR 226 - Fundamentals - Patient Care,4W renal and urology,Archived (Completed),Completed,2024,Spring 2024,13
416478,Chamberlain College of Nursing - Atlanta,Emory Saint Joseph's Hospital,Nursing,Cohort Rotation,7,8,"11601, 11602, 11603, 11604, 11605, 11606, 11607",2024-05-10,2024-06-28,07:00:00,15:00:00,48,Fri,ID Missing,No Preceptor Assigned,MedSurg - Acute Care,NR 226 - Fundamentals - Patient Care,5E internal medicine,Archived (Completed),Completed,2024,Spring 2024,31
416479,Chamberlain College of Nursing - Atlanta,Emory Saint Joseph's Hospital,Nursing,Cohort Rotation,8,8,"11608, 11609, 11610, 11611, 11612, 11613, 11614, 11615",2024-05-11,2024-06-29,07:00:00,15:00:00,48,Sat,ID Missing,No Preceptor Assigned,MedSurg - Acute Care,NR 226 - Fundamentals - Patient Care,4W renal and urology,Archived (Completed),Completed,2024,Spring 2024,32
416480,Chamberlain College of Nursing - Atlanta,Emory Saint Joseph's Hospital,Nursing,Cohort Rotation,7,8,"11616, 11617, 11618, 11619, 11612, 11620, 11621",2024-09-06,2024-10-11,07:00:00,15:00:00,48,Fri,ID Missing,No Preceptor Assigned,Fundamentals,NR 226 - Fundamentals - Patient Care,5E internal medicine,Archived (Completed),Completed,2024,Fall 2024,52
416481,Chamberlain College of Nursing - Atlanta,Emory Saint Joseph's Hospital,Nursing,Cohort Rotation,8,8,"11622, 11623, 11624, 11625, 11626, 11627, 11628, 11629",2024-09-07,2024-10-12,07:00:00,15:00:00,48,Sat,ID Missing,No Preceptor Assigned,Fundamentals,NR 226 - Fundamentals - Patient Care,4W renal and urology,Archived (Completed),Completed,2024,Fall 2024,54
416482,Chamberlain College of Nursing - Georgia,Emory Saint Joseph's Hospital,Nursing,Cohort Rotation,8,8,"10885, 10887, 10888, 10889, 10886, 10890, 10891, 10892",2024-01-09,2024-02-27,07:00:00,19:00:00,96,Tue,ID Missing,No Preceptor Assigned,MedSurg - Acute Care,NR 325 - Adult Health II,3SW GI medicine/bariatrics,Archived (Completed),Completed,2024,Spring 2024,151
416483,Chamberlain College of Nursing - Georgia,Emory Saint Joseph's Hospital,Nursing,Cohort Rotation,7,8,"10905, 10901, 10906, 10902, 10907, 10903, 10904",2024-01-09,2024-02-27,07:00:00,19:00:00,96,Tue,ID Missing,No Preceptor Assigned,MedSurg - Acute Care,NR 325 - Adult Health II,5W internal medicine,Archived (Completed),Completed,2024,Spring 2024,151
416484,Chamberlain College of Nursing - Georgia,Emory Saint Joseph's Hospital,Nursing,Cohort Rotation,8,8,"10893, 10894, 11630, 10895, 10897, 10898, 10899, 10900",2024-01-11,2024-02-29,07:00:00,19:00:00,96,Thu,ID Missing,No Preceptor Assigned,MedSurg - Acute Care,NR 325 - Adult Health II,5W internal medicine,Archived (Completed),Completed,2024,Spring 2024,154
416485,Chamberlain College of Nursing - Georgia,Emory Saint Joseph's Hospital,Nursing,Cohort Rotation,8,8,"10909, 10910, 10911, 10912, 10913, 10914, 11631, 10920",2024-01-13,2024-03-02,07:00:00,19:00:00,96,Sat,ID Missing,No Preceptor Assigned,MedSurg - Acute Care,NR 325 - Adult Health II,3S GI surgery,Archived (Completed),Completed,2024,Spring 2024,161
416486,Chamberlain College of Nursing - Atlanta,Emory Saint Joseph's Hospital,Nursing,Cohort Rotation,7,8,"11632, 11633, 11634, 11635, 11636, 11637, 11638",2024-03-04,2024-04-27,07:00:00,19:00:00,96,Tue,ID Missing,No Preceptor Assigned,MedSurg - Acute Care,NR 324 - Adult Health I,3SW GI medicine/bariatrics,Archived (Completed),Completed,2024,Spring 2024,13
416487,Chamberlain College of Nursing - Atlanta,Emory Saint Joseph's Hospital,Nursing,Cohort Rotation,0,8,No Students Assigned,2024-03-04,2024-04-27,07:00:00,19:00:00,96,Tue,ID Missing,No Preceptor Assigned,MedSurg - Acute Care,NR 324 - Adult Health I,5W internal medicine,Archived (Completed),Completed,2024,Spring 2024,13
416488,Chamberlain College of Nursing - Atlanta,Emory Saint Joseph's Hospital,Nursing,Cohort Rotation,8,8,"11639, 11640, 11641, 11642, 11643, 11644, 11645, 11646",2024-03-04,2024-04-27,07:00:00,19:00:00,96,Thu,"ID Missing, ID Missing",No Preceptor Assigned,MedSurg - Acute Care,NR 324 - Adult Health I,5W internal medicine,Archived (Completed),Completed,2024,Spring 2024,13
416489,Chamberlain College of Nursing - Atlanta,Emory Saint Joseph's Hospital,Nursing,Cohort Rotation,8,8,"11585, 11647, 11648, 11597, 10917, 11649, 11596, 11650",2024-03-04,2024-04-27,07:00:00,19:00:00,96,Sat,ID Missing,No Preceptor Assigned,MedSurg - Acute Care,NR 324 - Adult Health I,3S GI surgery,Archived (Completed),Completed,2024,Spring 2024,13
416490,Chamberlain College of Nursing - Atlanta,Emory Saint Joseph's Hospital,Nursing,Cohort Rotation,7,8,"11638, 11632, 11634, 10915, 11635, 11636, 11633",2024-05-07,2024-06-25,07:00:00,19:00:00,96,Tue,ID Missing,No Preceptor Assigned,MedSurg - Acute Care,NR 325 - Adult Health II,3SW GI medicine/bariatrics,Archived (Completed),Completed,2024,Spring 2024,25
416492,Chamberlain College of Nursing - Atlanta,Emory Saint Joseph's Hospital,Nursing,Cohort Rotation,7,8,"11651, 11652, 11653, 11654, 11655, 11656, 11657",2024-05-07,2024-06-25,07:00:00,19:00:00,96,Tue,ID Missing,No Preceptor Assigned,MedSurg - Acute Care,NR 325 - Adult Health II,5W internal medicine,Archived (Completed),Completed,2024,Spring 2024,25
416493,Chamberlain College of Nursing - Atlanta,Emory Saint Joseph's Hospital,Nursing,Cohort Rotation,7,8,"11639, 11646, 11642, 11643, 11644, 11645, 11658",2024-05-09,2024-06-27,07:00:00,19:00:00,96,Thu,ID Missing,No Preceptor Assigned,MedSurg - Acute Care,NR 325 - Adult Health II,5W internal medicine,Archived (Completed),Completed,2024,Spring 2024,29
416495,Chamberlain College of Nursing - Atlanta,Emory Saint Joseph's Hospital,Nursing,Cohort Rotation,8,8,"11585, 11650, 11647, 11596, 11649, 11597, 10917, 11659",2024-05-11,2024-06-29,07:00:00,19:00:00,96,Sat,ID Missing,No Preceptor Assigned,MedSurg - Acute Care,NR 325 - Adult Health II,3S GI surgery,Archived (Completed),Completed,2024,Spring 2024,32
416505,Chamberlain College of Nursing - Georgia,Emory Saint Joseph's Hospital,Nursing,Cohort Rotation,8,8,"10257, 11660, 10093, 10095, 11661, 11662, 10142, 11663",2024-01-10,2024-02-28,07:00:00,19:00:00,96,Wed,ID Missing,No Preceptor Assigned,MedSurg - Acute Care,NR 446 - Collaborative Health,6E internal medicine,Archived (Completed),Completed,2024,Spring 2024,153
416507,Chamberlain College of Nursing - Georgia,Emory Saint Joseph's Hospital,Nursing,Cohort Rotation,0,8,No Students Assigned,2024-01-12,2024-03-01,07:00:00,19:00:00,96,Fri,ID Missing,No Preceptor Assigned,MedSurg - Acute Care,NR 446 - Collaborative Health,3SW,Archived (Withdrawn),Withdrawn,2024,Spring 2024,158
416509,Chamberlain College of Nursing - Georgia,Emory Saint Joseph's Hospital,Nursing,Cohort Rotation,0,8,No Students Assigned,2024-03-06,2024-03-27,07:00:00,19:00:00,48,Wed,ID Missing,No Preceptor Assigned,MedSurg - Acute Care,NR 452 - Capstone Course,6E,Archived (Withdrawn),Withdrawn,2024,Spring 2024,170
416510,Chamberlain College of Nursing - Atlanta,Emory Saint Joseph's Hospital,Nursing,Cohort Rotation,8,8,"11600, 11664, 11665, 11666, 11667, 11668, 11669, 11670",2024-03-08,2024-04-26,07:00:00,19:00:00,96,Fri,"ID Missing, ID Missing",No Preceptor Assigned,MedSurg - Acute Care,NR 324 - Adult Health I,3SW GI medicine/bariatrics,Archived (Completed),Completed,2024,Spring 2024,19
416511,Chamberlain College of Nursing - Georgia,Emory Saint Joseph's Hospital,Nursing,Cohort Rotation,0,8,No Students Assigned,2024-05-06,2024-06-29,07:00:00,19:00:00,96,Wed,ID Missing,No Preceptor Assigned,MedSurg - Acute Care,NR 446 - Collaborative Health,6W,Archived (Withdrawn),Withdrawn,2024,Spring 2024,182
416513,Chamberlain College of Nursing - Atlanta,Emory Saint Joseph's Hospital,Nursing,Cohort Rotation,8,8,"10147, 11671, 11672, 11673, 11674, 11675, 11676, 11677",2024-07-08,2024-08-31,07:00:00,19:00:00,48,Wed,ID Missing,No Preceptor Assigned,MedSurg - Acute Care,NR 452 - Capstone Course,6W pulmonary thoracic,Archived (Completed),Completed,2024,Fall 2024,34
416514,Chamberlain College of Nursing - Georgia,Emory Saint Joseph's Hospital,Nursing,Cohort Rotation,0,8,No Students Assigned,2024-07-08,2024-08-31,07:00:00,19:00:00,48,Fri,ID Missing,No Preceptor Assigned,MedSurg - Acute Care,NR 452 - Capstone Course,3SW,Archived (Denied),Denied,2024,Fall 2024,191
416533,Chamberlain College of Nursing - Georgia,Emory Decatur Hospital,Nursing,Cohort Rotation,6,6,"11678, 11679, 11680, 11681, 10177, 11682",2024-01-12,2024-02-16,07:00:00,19:00:00,48,Fri,ID Missing,No Preceptor Assigned,MedSurg - Acute Care,NR 326 - Mental Health Nursing,Behavioral Health (acute) - 1800,Archived (Completed),Completed,2024,Spring 2024,156
416534,Chamberlain College of Nursing - Atlanta,Emory Decatur Hospital,Nursing,Cohort Rotation,6,6,"10163, 10118, 11683, 10157, 10169, 11684",2024-03-08,2024-04-12,07:00:00,19:00:00,48,Fri,ID Missing,No Preceptor Assigned,Psychiatry; Mental Health; Behavioral Medicine,NR 326 - Mental Health Nursing,Behavioral Health (acute) - 1800,Archived (Completed),Completed,2024,Spring 2024,17
416535,Chamberlain College of Nursing - Georgia,Emory Decatur Hospital,Nursing,Cohort Rotation,0,8,No Students Assigned,2024-05-06,2024-06-29,07:00:00,19:00:00,48,Fri,ID Missing,No Preceptor Assigned,MedSurg - Acute Care,NR 326 - Mental Health Nursing,Behavioral Health (acute) - 1800,Archived (Withdrawn),Withdrawn,2024,Spring 2024,182
416536,Chamberlain College of Nursing - Atlanta,Emory Decatur Hospital,Nursing,Cohort Rotation,8,8,"11585, 11685, 11686, 11687, 11688, 11689, 11690, 11691",2024-07-26,2024-08-30,07:00:00,19:00:00,48,Fri,ID Missing,No Preceptor Assigned,MedSurg - Acute Care,NR 326 - Mental Health Nursing,Behavioral Health (acute) - 1800,Archived (Completed),Completed,2024,Fall 2024,42
416537,Chamberlain College of Nursing - Georgia,Emory Decatur Hospital,Nursing,Cohort Rotation,6,6,"10928, 11683, 11692, 10169, 10170, 10173",2024-01-10,2024-01-31,07:00:00,19:00:00,48,Wed,ID Missing,No Preceptor Assigned,Critical/Intensive Care,NR341 - Complex Adult Health,ICU - 2500,Archived (Completed),Completed,2024,Spring 2024,152
416538,Chamberlain College of Nursing - Georgia,Emory Decatur Hospital,Nursing,Cohort Rotation,6,6,"10133, 10930, 10858, 11684, 11693, 10174",2024-02-07,2024-02-28,07:00:00,19:00:00,48,Wed,ID Missing,No Preceptor Assigned,Critical/Intensive Care,NR341 - Complex Adult Health,ICU - 2500,Archived (Completed),Completed,2024,Spring 2024,163
416539,Chamberlain College of Nursing - Atlanta,Emory Decatur Hospital,Nursing,Cohort Rotation,6,6,"11694, 11695, 11696, 10886, 11697, 10892",2024-03-06,2024-03-27,07:00:00,19:00:00,48,Wed,ID Missing,No Preceptor Assigned,Critical/Intensive Care,NR341 - Complex Adult Health,ICU - 2500,Archived (Completed),Completed,2024,Spring 2024,15
416540,Chamberlain College of Nursing - Atlanta,Emory Decatur Hospital,Nursing,Cohort Rotation,6,6,"11698, 10903, 11699, 11700, 11701, 11702",2024-04-03,2024-04-24,07:00:00,19:00:00,48,Wed,ID Missing,No Preceptor Assigned,Critical/Intensive Care,NR341 - Complex Adult Health,ICU - 2500,Archived (Completed),Completed,2024,Spring 2024,21
416541,Chamberlain College of Nursing - Atlanta,Emory Decatur Hospital,Nursing,Cohort Rotation,6,6,"10165, 11703, 10160, 11704, 11705, 11706",2024-05-08,2024-05-29,07:00:00,19:00:00,48,Wed,ID Missing,No Preceptor Assigned,Critical/Intensive Care,NR341 - Complex Adult Health,ICU - 2500,Archived (Completed),Completed,2024,Spring 2024,26
416542,Chamberlain College of Nursing - Atlanta,Emory Decatur Hospital,Nursing,Cohort Rotation,6,6,"10164, 11707, 10167, 10158, 11708, 11709",2024-06-05,2024-06-26,07:00:00,19:00:00,48,Wed,ID Missing,No Preceptor Assigned,Critical/Intensive Care,NR341 - Complex Adult Health,ICU - 2500,Archived (Completed),Completed,2024,Spring 2024,33
416543,Chamberlain College of Nursing - Atlanta,Emory Decatur Hospital,Nursing,Cohort Rotation,5,6,"11657, 11634, 11710, 11711, 11712",2024-07-10,2024-07-31,07:00:00,19:00:00,48,Wed,ID Missing,No Preceptor Assigned,Critical/Intensive Care,NR341 - Complex Adult Health,ICU - 2500,Archived (Completed),Completed,2024,Fall 2024,37
416544,Chamberlain College of Nursing - Atlanta,Emory Decatur Hospital,Nursing,Cohort Rotation,6,6,"11713, 11714, 11715, 11716, 11633, 11717",2024-08-07,2024-08-28,07:00:00,19:00:00,48,Wed,ID Missing,No Preceptor Assigned,Critical/Intensive Care,NR341 - Complex Adult Health,ICU - 2500,Archived (Completed),Completed,2024,Fall 2024,43
416549,Chamberlain College of Nursing - Georgia,Emory University Hospital Midtown,Nursing,Cohort Rotation,8,8,"10936, 10937, 10942, 10938, 10939, 10941, 10940, 10935",2024-01-11,2024-02-29,07:00:00,19:00:00,96,Thu,ID Missing,No Preceptor Assigned,MedSurg - Acute Care,NR 325 - Adult Health II,22: Med/Surg,Archived (Completed),Completed,2024,Spring 2024,154
416550,Chamberlain College of Nursing - Atlanta,Emory University Hospital Midtown,Nursing,Cohort Rotation,8,8,"11718, 11719, 11713, 11587, 11720, 11721, 11685, 11722",2024-03-04,2024-04-27,07:00:00,19:00:00,96,Thu,ID Missing,No Preceptor Assigned,MedSurg - Acute Care,NR 324 - Adult Health I,22: Med/Surg,Archived (Completed),Completed,2024,Spring 2024,13
416551,Chamberlain College of Nursing - Atlanta,Emory University Hospital Midtown,Nursing,Cohort Rotation,7,8,"11720, 11722, 11719, 11721, 11685, 11713, 11587",2024-05-09,2024-06-27,07:00:00,19:00:00,96,Thu,ID Missing,No Preceptor Assigned,MedSurg - Acute Care,NR 325 - Adult Health II,22: Med/Surg,Archived (Completed),Completed,2024,Spring 2024,29
416564,Chamberlain College of Nursing - Georgia,Emory Johns Creek Hospital,Nursing,Cohort Rotation,8,8,"11723, 11724, 11725, 11726, 10871, 11727, 11728, 11256",2024-01-13,2024-03-02,07:00:00,19:00:00,96,Sat,ID Missing,No Preceptor Assigned,MedSurg - Acute Care,NR 446 - Collaborative Health,3rd floor: med-surg,Archived (Completed),Completed,2024,Spring 2024,161
416565,Chamberlain College of Nursing - Atlanta,Emory Johns Creek Hospital,Nursing,Cohort Rotation,8,8,"11256, 11728, 11723, 11724, 11660, 11725, 11726, 10871",2024-03-09,2024-03-30,07:00:00,19:00:00,48,Sat,ID Missing,No Preceptor Assigned,MedSurg - Acute Care,NR 452 - Capstone Course,3rd floor: med-surg,Archived (Completed),Completed,2024,Spring 2024,20
416566,Chamberlain College of Nursing - Atlanta,Emory Johns Creek Hospital,Nursing,Cohort Rotation,7,8,"11729, 11730, 11731, 11732, 11727, 10053, 11733",2024-05-11,2024-06-29,07:00:00,19:00:00,96,Sat,ID Missing,No Preceptor Assigned,MedSurg - Acute Care,NR 446 - Collaborative Health,3rd floor: med-surg,Archived (Completed),Completed,2024,Spring 2024,32
416567,Chamberlain College of Nursing - Atlanta,Emory Johns Creek Hospital,Nursing,Cohort Rotation,8,8,"11729, 10152, 10923, 11731, 11732, 11727, 10925, 11734",2024-07-08,2024-08-31,07:00:00,19:00:00,48,Sat,ID Missing,No Preceptor Assigned,MedSurg - Acute Care,NR 452 - Capstone Course,3rd floor: med-surg,Archived (Completed),Completed,2024,Fall 2024,34
417507,University of North Georgia - Nursing,Emory Johns Creek Hospital,Nursing,Cohort Rotation,6,6,"11735, 11736, 11737, 11738, 11739, 11740",2024-01-15,2024-02-19,06:30:00,18:30:00,72,Mon,ID Missing,No Preceptor Assigned,MedSurg - Acute Care,N3705 - Adult Health I,3rd floor: med-surg,Archived (Completed),Completed,2024,Spring 2024,540
417508,University of North Georgia - Nursing,Emory Johns Creek Hospital,Nursing,Cohort Rotation,6,6,"11736, 11735, 11737, 11738, 11739, 11740",2024-03-18,2024-04-22,06:30:00,18:30:00,72,Mon,ID Missing,No Preceptor Assigned,MedSurg - Acute Care,N4405 - Adult Health II,3rd floor: med-surg,Archived (Completed),Completed,2024,Spring 2024,543
417601,Hope College of Arts & Sciences,Emory Johns Creek Hospital,Nursing,Precepted Rotation,1,7,11741,2023-09-05,2023-12-31,00:00:00,23:59:00,120,,2026,3024,MedSurg - Acute Care,HCAS-NUR 4220C - Advanced Medical Surgical Nursing,6N: medical,Archived (Denied),Denied,2023,Fall 2023,473
417607,Hope College of Arts & Sciences,Emory Johns Creek Hospital,Nursing,Precepted Rotation,0,3,No Students Assigned,2023-09-05,2023-12-31,00:00:00,23:59:00,120,,ID Missing,No Preceptor Assigned,Internal Medicine,HCAS-NUR 4220C - Advanced Medical Surgical Nursing,6N: medical,Archived (Denied),Denied,2023,Fall 2023,473
418822,Georgia Baptist College of Nursing of Mercer University - Undergraduate Nursing,Emory Saint Joseph's Hospital,Nursing,Cohort Rotation,0,8,No Students Assigned,2024-01-25,2024-04-25,07:00:00,16:00:00,95,Thu,ID Missing,No Preceptor Assigned,MedSurg - Acute Care,NUR 317 - Adult Health,6W,Archived (Withdrawn),Withdrawn,2024,Spring 2024,409
418825,Georgia State University - SON - Undergraduate,Emory University Hospital At Wesley Woods,Nursing,Cohort Rotation,8,8,"11743, 11744, 11745, 11746, 11747, 11748, 11749, 11750",2024-01-11,2024-01-22,06:30:00,16:30:00,70,Thu,ID Missing,No Preceptor Assigned,Psychiatry; Mental Health; Behavioral Medicine,NURS 3810 - Mental Health,-no preference-,Archived (Completed),Completed,2024,Spring 2024,451
419143,Georgia State University - SON - Undergraduate,Emory University Hospital At Wesley Woods,Nursing,Cohort Rotation,7,8,"11751, 11752, 11753, 11754, 11755, 11756, 11757",2024-02-27,2024-04-16,06:30:00,16:30:00,70,Thu,ID Missing,No Preceptor Assigned,MedSurg - Acute Care,NURS 3810 - Mental Health,-no preference-,Archived (Completed),Completed,2024,Spring 2024,455
419668,Auburn University - College of Nursing - BSN,Emory University Hospital,Nursing,Precepted Rotation,1,1,11758,2024-02-26,2024-04-21,00:00:00,23:59:00,212,,ID Missing,No Preceptor Assigned,Practicum,NURS 4921 - Nursing Practice Preceptorship-Senior Practicum,5ST: SICU,Archived (Completed),Completed,2024,Spring 2024,2
420668,Georgia State University - SON - Undergraduate,Emory Decatur Hospital,Nursing,Cohort Rotation,6,6,"11759, 11760, 11761, 11762, 11763, 11764, 11765",2024-01-13,2024-02-24,07:00:00,19:00:00,84,Sat,ID Missing,No Preceptor Assigned,MedSurg - Acute Care,NURS 3530 - ,General Medical - 4500,Archived (Completed),Completed,2024,Spring 2024,452
420677,Georgia State University - SON - Undergraduate,Emory Decatur Hospital,Nursing,Cohort Rotation,5,6,"11766, 11767, 11768, 11769, 11770",2024-03-16,2024-04-27,07:00:00,19:00:00,84,Sat,ID Missing,No Preceptor Assigned,MedSurg - Acute Care,NURS 3530 - ,Cardiac Telemetry - 2400,Archived (Completed),Completed,2024,Spring 2024,456
422117,Kennesaw State University - Nursing,Emory Saint Joseph's Hospital,Nursing,Cohort Rotation,8,8,"11771, 11772, 11773, 11774, 11775, 11776, 11777, 11778",2024-02-28,2024-04-21,06:30:00,13:00:00,45,Fri,ID Missing,No Preceptor Assigned,Fundamentals,3209 - Holistic Nursing,4S ortho,Archived (Completed),Completed,2024,Spring 2024,495
422171,Kennesaw State University - Nursing,Emory Saint Joseph's Hospital,Nursing,Cohort Rotation,6,8,"11779, 11780, 11781, 11782, 11783, 11784",2024-01-29,2024-04-28,06:30:00,15:00:00,96,Thu,ID Missing,No Preceptor Assigned,MedSurg - Acute Care,3313 - Adult Health,4S ortho,Archived (Completed),Completed,2024,Spring 2024,494
422187,Kennesaw State University - Nursing,"Emory Offsite locations - The Emory Clinic, Ambulatory Surgery Centers and the Emory Specialty Assocs",Nursing,Precepted Rotation,0,1,No Students Assigned,2024-01-17,2024-02-22,00:00:00,23:59:00,96,"Wed, Thu, Fri",ID Missing,No Preceptor Assigned,Community,4412 - Community Health,Other (see comments),Archived (Denied),Denied,2024,Spring 2024,493
422188,Kennesaw State University - Nursing,"Emory Offsite Locations - The Emory Clinic, Ambulatory Surgery Centers And The Emory Specialty Assocs",Nursing,Precepted Rotation,1,1,11785,2024-03-06,2024-04-18,00:00:00,23:59:00,96,"Wed, Thu, Fri",ID Missing,No Preceptor Assigned,Community,4412 - Community Health,Other (see comments),Archived (Completed),Completed,2024,Spring 2024,496
422189,Kennesaw State University - Nursing,"Emory Offsite locations - The Emory Clinic, Ambulatory Surgery Centers and the Emory Specialty Assocs",Nursing,Precepted Rotation,0,1,No Students Assigned,2024-01-17,2024-02-22,00:00:00,23:59:00,96,"Wed, Thu, Fri",ID Missing,No Preceptor Assigned,Community,4412 - Community Health,Other (see comments),Archived (Denied),Denied,2024,Spring 2024,493
422190,Kennesaw State University - Nursing,"Emory Offsite locations - The Emory Clinic, Ambulatory Surgery Centers and the Emory Specialty Assocs",Nursing,Precepted Rotation,0,1,No Students Assigned,2024-03-06,2024-04-18,00:00:00,23:59:00,96,"Wed, Thu, Fri",ID Missing,No Preceptor Assigned,Community,4412 - Community Health,Other (see comments),Archived (Denied),Denied,2024,Spring 2024,496
423166,Emory University - SON Pre-licensure,Emory Johns Creek Hospital,Nursing,Precepted Rotation,1,1,10442,2023-10-16,2023-12-06,00:00:00,23:59:00,132,"Mon, Thu, Fri, Sat, Sun",2008,ID Missing,Practicum,NRSG 648 MN - Transitions to Nursing Practice,ED: emergency and CDU,Archived (Completed),Completed,2023,Fall 2023,317
423310,University of North Georgia - Nursing,Emory Johns Creek Hospital,Nursing,Cohort Rotation,5,5,"11786, 11238, 11787, 11788, 11789",2024-01-19,2024-04-12,06:30:00,18:30:00,72,Fri,ID Missing,No Preceptor Assigned,Perinatal - OB,N3804 - Nursing Care of the Childbearing Family,"Maternity: M/B, L&D, NICU",Archived (Completed),Completed,2024,Spring 2024,541
423311,University of North Georgia - Nursing,Emory Johns Creek Hospital,Nursing,Cohort Rotation,4,5,"11790, 11791, 11792, 11793",2024-01-26,2024-04-05,06:30:00,18:30:00,72,Fri,ID Missing,No Preceptor Assigned,Perinatal - OB,N3804 - Nursing Care of the Childbearing Family,"Maternity: M/B, L&D, NICU",Archived (Completed),Completed,2024,Spring 2024,542
424110,Grand Canyon University,Emory Johns Creek Hospital,Nursing,Precepted Rotation,1,1,11797,2024-01-08,2024-03-17,00:00:00,23:59:00,100,,2028,3025,Observation,NRS-493 - Professional Capstone and Practicum,-no preference-,Archived (Completed),Completed,2024,Spring 2024,464
425152,Brenau University,Emory University Hospital at Wesley Woods,Nursing,Cohort Rotation,0,6,No Students Assigned,2024-01-08,2024-04-15,07:00:00,19:00:00,120,Mon,ID Missing,No Preceptor Assigned,Psychiatry; Mental Health; Behavioral Medicine,NG 308 - Behavioral Health,Inpatient Psych,Archived (Denied),Denied,2024,Spring 2024,10
425153,Brenau University,Emory University Hospital at Wesley Woods,Nursing,Cohort Rotation,0,6,No Students Assigned,2024-01-13,2024-04-20,07:00:00,19:00:00,120,Sat,ID Missing,No Preceptor Assigned,Psychiatry; Mental Health; Behavioral Medicine,NG 308 - Behavioral Health,Inpatient Psych,Archived (Denied),Denied,2024,Spring 2024,11
426679,Emory University - SON Pre-licensure,"Emory Offsite Locations - The Emory Clinic, Ambulatory Surgery Centers And The Emory Specialty Assocs",Nursing,Precepted Rotation,1,1,10317,2023-10-16,2023-12-06,00:00:00,23:59:00,24,Thu,ID Missing,ID Missing,Ambulatory,NRSG 676 MN - Care Transitions Practicum,Other (see comments),Archived (Completed),Completed,2023,Fall 2023,317
426682,Emory University - SON Pre-licensure,"Emory Offsite Locations - The Emory Clinic, Ambulatory Surgery Centers And The Emory Specialty Assocs",Nursing,Precepted Rotation,1,1,10483,2023-10-16,2023-12-06,00:00:00,23:59:00,24,Fri,ID Missing,ID Missing,Ambulatory,NRSG 676 MN - Care Transitions Practicum,Other (see comments),Archived (Completed),Completed,2023,Fall 2023,317
426685,Emory University - SON Pre-licensure,"Emory Offsite Locations - The Emory Clinic, Ambulatory Surgery Centers And The Emory Specialty Assocs",Nursing,Precepted Rotation,1,1,10426,2023-10-16,2023-12-06,00:00:00,23:59:00,24,Fri,ID Missing,ID Missing,Ambulatory,NRSG 676 MN - Care Transitions Practicum,Other (see comments),Archived (Completed),Completed,2023,Fall 2023,317
426687,Emory University - SON Pre-licensure,"Emory Offsite Locations - The Emory Clinic, Ambulatory Surgery Centers And The Emory Specialty Assocs",Nursing,Precepted Rotation,1,1,10450,2023-10-16,2023-12-06,00:00:00,23:59:00,24,Fri,ID Missing,ID Missing,Ambulatory,NRSG 676 MN - Care Transitions Practicum,Other (see comments),Archived (Completed),Completed,2023,Fall 2023,317
426690,Emory University - SON Pre-licensure,"Emory Offsite Locations - The Emory Clinic, Ambulatory Surgery Centers And The Emory Specialty Assocs",Nursing,Precepted Rotation,1,1,10444,2023-10-16,2023-12-06,00:00:00,23:59:00,24,Fri,ID Missing,ID Missing,Ambulatory,NRSG 676 MN - Care Transitions Practicum,Other (see comments),Archived (Completed),Completed,2023,Fall 2023,317
426693,Emory University - SON Pre-licensure,"Emory Offsite Locations - The Emory Clinic, Ambulatory Surgery Centers And The Emory Specialty Assocs",Nursing,Precepted Rotation,1,1,10301,2023-10-16,2023-12-06,00:00:00,23:59:00,24,Fri,ID Missing,ID Missing,Ambulatory,NRSG 676 MN - Care Transitions Practicum,Other (see comments),Archived (Completed),Completed,2023,Fall 2023,317
426698,Emory University - SON Pre-licensure,"Emory Offsite Locations - The Emory Clinic, Ambulatory Surgery Centers And The Emory Specialty Assocs",Nursing,Precepted Rotation,1,1,10300,2023-10-16,2023-12-06,00:00:00,23:59:00,24,Fri,ID Missing,ID Missing,Ambulatory,NRSG 676 MN - Care Transitions Practicum,Other (see comments),Archived (Completed),Completed,2023,Fall 2023,317
426703,Emory University - SON Pre-licensure,"Emory Offsite Locations - The Emory Clinic, Ambulatory Surgery Centers And The Emory Specialty Assocs",Nursing,Precepted Rotation,1,1,10481,2023-10-16,2023-12-06,00:00:00,23:59:00,24,Fri,ID Missing,ID Missing,Ambulatory,NRSG 676 MN - Care Transitions Practicum,Other (see comments),Archived (Completed),Completed,2023,Fall 2023,317
426709,Indiana State University - Online LPN to BSN Track,Emory University Hospital,Nursing,Precepted Rotation,1,1,11798,2024-01-26,2024-05-03,00:00:00,23:59:00,110,,2002,ID Missing,MedSurg - Acute Care,NURS 484 - Reflections on Nursing Practice--Senior Practicum,7G: Medical,Archived (Denied),Denied,2024,Spring 2024,480
426710,Emory University - SON Pre-licensure,"Emory Offsite Locations - The Emory Clinic, Ambulatory Surgery Centers And The Emory Specialty Assocs",Nursing,Precepted Rotation,1,1,10439,2023-10-16,2023-12-06,00:00:00,23:59:00,24,Fri,ID Missing,ID Missing,Ambulatory,NRSG 676 MN - Care Transitions Practicum,Other (see comments),Archived (Completed),Completed,2023,Fall 2023,317
426713,Emory University - SON Pre-licensure,"Emory Offsite Locations - The Emory Clinic, Ambulatory Surgery Centers And The Emory Specialty Assocs",Nursing,Precepted Rotation,1,1,10485,2023-10-16,2023-12-06,00:00:00,23:59:00,24,Fri,ID Missing,ID Missing,Ambulatory,NRSG 676 MN - Care Transitions Practicum,Other (see comments),Archived (Completed),Completed,2023,Fall 2023,317
426717,Emory University - SON Pre-licensure,"Emory Offsite Locations - The Emory Clinic, Ambulatory Surgery Centers And The Emory Specialty Assocs",Nursing,Precepted Rotation,0,1,No Students Assigned,2023-10-16,2023-12-06,00:00:00,23:59:00,24,Fri,ID Missing,ID Missing,Ambulatory,NRSG 676 MN - Care Transitions Practicum,Other (see comments),Archived (Completed),Completed,2023,Fall 2023,317
426734,Emory University - SON Pre-licensure,"Emory Offsite Locations - The Emory Clinic, Ambulatory Surgery Centers And The Emory Specialty Assocs",Nursing,Precepted Rotation,1,1,10289,2023-10-16,2023-12-06,00:00:00,23:59:00,24,Fri,ID Missing,ID Missing,Ambulatory,NRSG 676 MN - Care Transitions Practicum,Other (see comments),Archived (Completed),Completed,2023,Fall 2023,317
426736,Emory University - SON Pre-licensure,"Emory Offsite Locations - The Emory Clinic, Ambulatory Surgery Centers And The Emory Specialty Assocs",Nursing,Precepted Rotation,0,1,No Students Assigned,2023-10-16,2023-12-06,00:00:00,23:59:00,24,Fri,ID Missing,ID Missing,Ambulatory,NRSG 676 MN - Care Transitions Practicum,Other (see comments),Archived (Completed),Completed,2023,Fall 2023,317
426737,Emory University - SON Pre-licensure,"Emory Offsite Locations - The Emory Clinic, Ambulatory Surgery Centers And The Emory Specialty Assocs",Nursing,Precepted Rotation,1,1,10436,2023-10-16,2023-12-06,00:00:00,23:59:00,24,Fri,ID Missing,ID Missing,Ambulatory,NRSG 676 MN - Care Transitions Practicum,Other (see comments),Archived (Completed),Completed,2023,Fall 2023,317
426740,Emory University - SON Pre-licensure,"Emory Offsite Locations - The Emory Clinic, Ambulatory Surgery Centers And The Emory Specialty Assocs",Nursing,Precepted Rotation,1,1,10298,2023-10-16,2023-12-06,00:00:00,23:59:00,24,Fri,ID Missing,ID Missing,Ambulatory,NRSG 676 MN - Care Transitions Practicum,Other (see comments),Archived (Completed),Completed,2023,Fall 2023,317
426744,Emory University - SON Pre-licensure,"Emory Offsite Locations - The Emory Clinic, Ambulatory Surgery Centers And The Emory Specialty Assocs",Nursing,Precepted Rotation,1,1,10323,2023-10-16,2023-12-06,00:00:00,23:59:00,24,Fri,ID Missing,ID Missing,Ambulatory,NRSG 676 MN - Care Transitions Practicum,Other (see comments),Archived (Completed),Completed,2023,Fall 2023,317
426751,Emory University - SON Pre-licensure,"Emory Offsite Locations - The Emory Clinic, Ambulatory Surgery Centers And The Emory Specialty Assocs",Nursing,Precepted Rotation,1,1,10480,2023-10-16,2023-12-06,00:00:00,23:59:00,24,Fri,ID Missing,ID Missing,Ambulatory,NRSG 676 MN - Care Transitions Practicum,Other (see comments),Archived (Completed),Completed,2023,Fall 2023,317
426762,Emory University - SON Pre-licensure,"Emory Offsite Locations - The Emory Clinic, Ambulatory Surgery Centers And The Emory Specialty Assocs",Nursing,Precepted Rotation,1,1,10325,2023-10-16,2023-12-06,00:00:00,23:59:00,24,Fri,ID Missing,ID Missing,Ambulatory,NRSG 676 MN - Care Transitions Practicum,Other (see comments),Archived (Completed),Completed,2023,Fall 2023,317
426763,Emory University - SON Pre-licensure,"Emory Offsite Locations - The Emory Clinic, Ambulatory Surgery Centers And The Emory Specialty Assocs",Nursing,Precepted Rotation,1,1,10434,2023-10-16,2023-12-06,00:00:00,23:59:00,24,Fri,ID Missing,ID Missing,Ambulatory,NRSG 676 MN - Care Transitions Practicum,Other (see comments),Archived (Completed),Completed,2023,Fall 2023,317
426764,Emory University - SON Pre-licensure,"Emory Offsite Locations - The Emory Clinic, Ambulatory Surgery Centers And The Emory Specialty Assocs",Nursing,Precepted Rotation,1,1,10467,2023-10-16,2023-12-06,00:00:00,23:59:00,24,Fri,ID Missing,ID Missing,Ambulatory,NRSG 676 MN - Care Transitions Practicum,Other (see comments),Archived (Completed),Completed,2023,Fall 2023,317
426770,Emory University - SON Pre-licensure,"Emory Offsite Locations - The Emory Clinic, Ambulatory Surgery Centers And The Emory Specialty Assocs",Nursing,Precepted Rotation,1,1,10462,2023-10-16,2023-12-06,00:00:00,23:59:00,24,Fri,ID Missing,ID Missing,Ambulatory,NRSG 676 MN - Care Transitions Practicum,Other (see comments),Archived (Completed),Completed,2023,Fall 2023,317
426771,Emory University - SON Pre-licensure,"Emory Offsite Locations - The Emory Clinic, Ambulatory Surgery Centers And The Emory Specialty Assocs",Nursing,Precepted Rotation,1,1,10331,2023-10-16,2023-12-06,00:00:00,23:59:00,24,Fri,ID Missing,ID Missing,Ambulatory,NRSG 676 MN - Care Transitions Practicum,Other (see comments),Archived (Completed),Completed,2023,Fall 2023,317
426774,Emory University - SON Pre-licensure,"Emory Offsite Locations - The Emory Clinic, Ambulatory Surgery Centers And The Emory Specialty Assocs",Nursing,Precepted Rotation,1,1,10295,2023-10-16,2023-12-06,00:00:00,23:59:00,24,Fri,ID Missing,ID Missing,Ambulatory,NRSG 676 MN - Care Transitions Practicum,Other (see comments),Archived (Completed),Completed,2023,Fall 2023,317
426893,Emory University - SON Pre-licensure,"Emory Offsite Locations - The Emory Clinic, Ambulatory Surgery Centers And The Emory Specialty Assocs",Nursing,Precepted Rotation,1,1,10274,2023-10-16,2023-12-06,00:00:00,23:59:00,24,Thu,ID Missing,ID Missing,Ambulatory,NRSG 676 MN - Care Transitions Practicum,Other (see comments),Archived (Completed),Completed,2023,Fall 2023,317
426894,Emory University - SON Pre-licensure,"Emory Offsite Locations - The Emory Clinic, Ambulatory Surgery Centers And The Emory Specialty Assocs",Nursing,Precepted Rotation,1,1,10303,2023-10-16,2023-12-06,00:00:00,23:59:00,24,Thu,ID Missing,ID Missing,Ambulatory,NRSG 676 MN - Care Transitions Practicum,Other (see comments),Archived (Completed),Completed,2023,Fall 2023,317
426895,Emory University - SON Pre-licensure,"Emory Offsite Locations - The Emory Clinic, Ambulatory Surgery Centers And The Emory Specialty Assocs",Nursing,Precepted Rotation,1,1,10309,2023-10-16,2023-12-06,00:00:00,23:59:00,24,Thu,ID Missing,ID Missing,Ambulatory,NRSG 676 MN - Care Transitions Practicum,Other (see comments),Archived (Completed),Completed,2023,Fall 2023,317
426897,Emory University - SON Pre-licensure,"Emory Offsite Locations - The Emory Clinic, Ambulatory Surgery Centers And The Emory Specialty Assocs",Nursing,Precepted Rotation,1,1,10469,2023-10-16,2023-12-06,00:00:00,23:59:00,24,Thu,ID Missing,ID Missing,Ambulatory,NRSG 676 MN - Care Transitions Practicum,Other (see comments),Archived (Completed),Completed,2023,Fall 2023,317
426898,Emory University - SON Pre-licensure,"Emory Offsite Locations - The Emory Clinic, Ambulatory Surgery Centers And The Emory Specialty Assocs",Nursing,Precepted Rotation,1,1,10470,2023-10-16,2023-12-06,00:00:00,23:59:00,24,Thu,ID Missing,ID Missing,Ambulatory,NRSG 676 MN - Care Transitions Practicum,Other (see comments),Archived (Completed),Completed,2023,Fall 2023,317
426899,Emory University - SON Pre-licensure,"Emory Offsite Locations - The Emory Clinic, Ambulatory Surgery Centers And The Emory Specialty Assocs",Nursing,Precepted Rotation,1,1,10291,2023-10-16,2023-12-06,00:00:00,23:59:00,24,Thu,ID Missing,ID Missing,Ambulatory,NRSG 676 MN - Care Transitions Practicum,Other (see comments),Archived (Completed),Completed,2023,Fall 2023,317
426900,Emory University - SON Pre-licensure,"Emory Offsite Locations - The Emory Clinic, Ambulatory Surgery Centers And The Emory Specialty Assocs",Nursing,Precepted Rotation,1,1,10313,2023-10-16,2023-12-06,00:00:00,23:59:00,24,Thu,ID Missing,ID Missing,Ambulatory,NRSG 676 MN - Care Transitions Practicum,Other (see comments),Archived (Completed),Completed,2023,Fall 2023,317
426902,Emory University - SON Pre-licensure,"Emory Offsite Locations - The Emory Clinic, Ambulatory Surgery Centers And The Emory Specialty Assocs",Nursing,Precepted Rotation,1,1,10275,2023-10-16,2023-12-06,00:00:00,23:59:00,24,Thu,ID Missing,ID Missing,Ambulatory,NRSG 676 MN - Care Transitions Practicum,Other (see comments),Archived (Completed),Completed,2023,Fall 2023,317
426904,Emory University - SON Pre-licensure,"Emory Offsite Locations - The Emory Clinic, Ambulatory Surgery Centers And The Emory Specialty Assocs",Nursing,Precepted Rotation,1,1,10343,2023-10-16,2023-12-06,00:00:00,23:59:00,24,Thu,ID Missing,ID Missing,Ambulatory,NRSG 676 MN - Care Transitions Practicum,Other (see comments),Archived (Completed),Completed,2023,Fall 2023,317
426906,Emory University - SON Pre-licensure,"Emory Offsite Locations - The Emory Clinic, Ambulatory Surgery Centers And The Emory Specialty Assocs",Nursing,Precepted Rotation,1,1,10344,2023-10-16,2023-12-06,00:00:00,23:59:00,24,Thu,ID Missing,ID Missing,Ambulatory,NRSG 676 MN - Care Transitions Practicum,Other (see comments),Archived (Completed),Completed,2023,Fall 2023,317
426907,Emory University - SON Pre-licensure,"Emory Offsite Locations - The Emory Clinic, Ambulatory Surgery Centers And The Emory Specialty Assocs",Nursing,Precepted Rotation,1,1,10471,2023-10-16,2023-12-06,00:00:00,23:59:00,24,Thu,ID Missing,ID Missing,Ambulatory,NRSG 676 MN - Care Transitions Practicum,Other (see comments),Archived (Completed),Completed,2023,Fall 2023,317
426908,Emory University - SON Pre-licensure,"Emory Offsite Locations - The Emory Clinic, Ambulatory Surgery Centers And The Emory Specialty Assocs",Nursing,Precepted Rotation,1,1,10328,2023-10-16,2023-12-06,00:00:00,23:59:00,24,Thu,ID Missing,ID Missing,Ambulatory,NRSG 676 MN - Care Transitions Practicum,Other (see comments),Archived (Completed),Completed,2023,Fall 2023,317
426919,Emory University - SON Pre-licensure,"Emory Offsite Locations - The Emory Clinic, Ambulatory Surgery Centers And The Emory Specialty Assocs",Nursing,Precepted Rotation,1,1,10431,2023-10-16,2023-12-06,00:00:00,23:59:00,24,Thu,ID Missing,ID Missing,Ambulatory,NRSG 676 MN - Care Transitions Practicum,Other (see comments),Archived (Completed),Completed,2023,Fall 2023,317
426920,Emory University - SON Pre-licensure,"Emory Offsite Locations - The Emory Clinic, Ambulatory Surgery Centers And The Emory Specialty Assocs",Nursing,Precepted Rotation,1,1,10324,2023-10-16,2023-12-06,00:00:00,23:59:00,24,Thu,ID Missing,ID Missing,Ambulatory,NRSG 676 MN - Care Transitions Practicum,Other (see comments),Archived (Completed),Completed,2023,Fall 2023,317
426924,Emory University - SON Pre-licensure,"Emory Offsite Locations - The Emory Clinic, Ambulatory Surgery Centers And The Emory Specialty Assocs",Nursing,Precepted Rotation,1,1,10330,2023-10-16,2023-12-06,00:00:00,23:59:00,24,Thu,ID Missing,ID Missing,Ambulatory,NRSG 676 MN - Care Transitions Practicum,Other (see comments),Archived (Completed),Completed,2023,Fall 2023,317
426925,Emory University - SON Pre-licensure,"Emory Offsite Locations - The Emory Clinic, Ambulatory Surgery Centers And The Emory Specialty Assocs",Nursing,Precepted Rotation,1,1,10477,2023-10-16,2023-12-06,00:00:00,23:59:00,24,Thu,ID Missing,ID Missing,Ambulatory,NRSG 676 MN - Care Transitions Practicum,Other (see comments),Archived (Completed),Completed,2023,Fall 2023,317
426930,Emory University - SON Pre-licensure,"Emory Offsite Locations - The Emory Clinic, Ambulatory Surgery Centers And The Emory Specialty Assocs",Nursing,Precepted Rotation,1,1,10341,2023-10-16,2023-12-06,00:00:00,23:59:00,24,Thu,ID Missing,ID Missing,Ambulatory,NRSG 676 MN - Care Transitions Practicum,Other (see comments),Archived (Completed),Completed,2023,Fall 2023,317
426934,Emory University - SON Pre-licensure,"Emory Offsite Locations - The Emory Clinic, Ambulatory Surgery Centers And The Emory Specialty Assocs",Nursing,Precepted Rotation,1,1,10474,2023-10-16,2023-12-06,00:00:00,23:59:00,24,Thu,ID Missing,ID Missing,Ambulatory,NRSG 676 MN - Care Transitions Practicum,Other (see comments),Archived (Completed),Completed,2023,Fall 2023,317
426939,Emory University - SON Pre-licensure,"Emory Offsite Locations - The Emory Clinic, Ambulatory Surgery Centers And The Emory Specialty Assocs",Nursing,Precepted Rotation,1,1,10433,2023-10-16,2023-12-06,00:00:00,23:59:00,24,Thu,ID Missing,ID Missing,Ambulatory,NRSG 676 MN - Care Transitions Practicum,Other (see comments),Archived (Completed),Completed,2023,Fall 2023,317
426941,Emory University - SON Pre-licensure,"Emory Offsite Locations - The Emory Clinic, Ambulatory Surgery Centers And The Emory Specialty Assocs",Nursing,Precepted Rotation,1,1,10281,2023-10-16,2023-12-06,00:00:00,23:59:00,24,Thu,ID Missing,ID Missing,Ambulatory,NRSG 676 MN - Care Transitions Practicum,Other (see comments),Archived (Completed),Completed,2023,Fall 2023,317
426947,Emory University - SON Pre-licensure,"Emory Offsite Locations - The Emory Clinic, Ambulatory Surgery Centers And The Emory Specialty Assocs",Nursing,Precepted Rotation,1,1,10307,2023-10-16,2023-12-06,00:00:00,23:59:00,24,Thu,ID Missing,ID Missing,Ambulatory,NRSG 676 MN - Care Transitions Practicum,Other (see comments),Archived (Completed),Completed,2023,Fall 2023,317
426948,Emory University - SON Pre-licensure,"Emory Offsite Locations - The Emory Clinic, Ambulatory Surgery Centers And The Emory Specialty Assocs",Nursing,Precepted Rotation,1,1,10476,2023-10-16,2023-12-06,00:00:00,23:59:00,24,Thu,ID Missing,ID Missing,Ambulatory,NRSG 676 MN - Care Transitions Practicum,Other (see comments),Archived (Completed),Completed,2023,Fall 2023,317
426949,Emory University - SON Pre-licensure,"Emory Offsite Locations - The Emory Clinic, Ambulatory Surgery Centers And The Emory Specialty Assocs",Nursing,Precepted Rotation,1,1,10478,2023-10-16,2023-12-06,00:00:00,23:59:00,24,Thu,ID Missing,ID Missing,Ambulatory,NRSG 676 MN - Care Transitions Practicum,Other (see comments),Archived (Completed),Completed,2023,Fall 2023,317
426951,Emory University - SON Pre-licensure,"Emory Offsite Locations - The Emory Clinic, Ambulatory Surgery Centers And The Emory Specialty Assocs",Nursing,Precepted Rotation,1,1,10315,2023-10-16,2023-12-06,00:00:00,23:59:00,24,Thu,ID Missing,ID Missing,Ambulatory,NRSG 676 MN - Care Transitions Practicum,Other (see comments),Archived (Completed),Completed,2023,Fall 2023,317
426953,Emory University - SON Pre-licensure,"Emory Offsite Locations - The Emory Clinic, Ambulatory Surgery Centers And The Emory Specialty Assocs",Nursing,Precepted Rotation,1,1,10448,2023-10-16,2023-12-06,00:00:00,23:59:00,24,Thu,ID Missing,ID Missing,Ambulatory,NRSG 676 MN - Care Transitions Practicum,Other (see comments),Archived (Completed),Completed,2023,Fall 2023,317
426958,Emory University - SON Pre-licensure,"Emory Offsite Locations - The Emory Clinic, Ambulatory Surgery Centers And The Emory Specialty Assocs",Nursing,Precepted Rotation,1,1,10293,2023-10-16,2023-12-06,00:00:00,23:59:00,24,Thu,ID Missing,ID Missing,Ambulatory,NRSG 676 MN - Care Transitions Practicum,Other (see comments),Archived (Completed),Completed,2023,Fall 2023,317
426960,Emory University - SON Pre-licensure,"Emory Offsite Locations - The Emory Clinic, Ambulatory Surgery Centers And The Emory Specialty Assocs",Nursing,Precepted Rotation,1,1,10277,2023-10-16,2023-12-06,00:00:00,23:59:00,24,Thu,ID Missing,ID Missing,Ambulatory,NRSG 676 MN - Care Transitions Practicum,Other (see comments),Archived (Completed),Completed,2023,Fall 2023,317
426962,Emory University - SON Pre-licensure,"Emory Offsite Locations - The Emory Clinic, Ambulatory Surgery Centers And The Emory Specialty Assocs",Nursing,Precepted Rotation,1,1,10464,2023-10-16,2023-12-06,00:00:00,23:59:00,24,Thu,ID Missing,ID Missing,Ambulatory,NRSG 676 MN - Care Transitions Practicum,Other (see comments),Archived (Completed),Completed,2023,Fall 2023,317
426965,Emory University - SON Pre-licensure,"Emory Offsite Locations - The Emory Clinic, Ambulatory Surgery Centers And The Emory Specialty Assocs",Nursing,Precepted Rotation,1,1,10534,2023-10-16,2023-12-06,00:00:00,23:59:00,24,Thu,ID Missing,ID Missing,Ambulatory,NRSG 676 MN - Care Transitions Practicum,Other (see comments),Archived (Completed),Completed,2023,Fall 2023,317
426967,Emory University - SON Pre-licensure,"Emory Offsite Locations - The Emory Clinic, Ambulatory Surgery Centers And The Emory Specialty Assocs",Nursing,Precepted Rotation,1,1,10322,2023-10-16,2023-12-06,00:00:00,23:59:00,24,Thu,ID Missing,ID Missing,Ambulatory,NRSG 676 MN - Care Transitions Practicum,Other (see comments),Archived (Completed),Completed,2023,Fall 2023,317
426969,Emory University - SON Pre-licensure,"Emory Offsite Locations - The Emory Clinic, Ambulatory Surgery Centers And The Emory Specialty Assocs",Nursing,Precepted Rotation,1,1,10306,2023-10-16,2023-12-06,00:00:00,23:59:00,24,Thu,ID Missing,ID Missing,Ambulatory,NRSG 676 MN - Care Transitions Practicum,Other (see comments),Archived (Completed),Completed,2023,Fall 2023,317
426975,Emory University - SON Pre-licensure,"Emory Offsite Locations - The Emory Clinic, Ambulatory Surgery Centers And The Emory Specialty Assocs",Nursing,Precepted Rotation,1,1,10472,2023-10-16,2023-12-06,00:00:00,23:59:00,24,Thu,ID Missing,ID Missing,Ambulatory,NRSG 676 MN - Care Transitions Practicum,Other (see comments),Archived (Completed),Completed,2023,Fall 2023,317
426977,Emory University - SON Pre-licensure,"Emory Offsite Locations - The Emory Clinic, Ambulatory Surgery Centers And The Emory Specialty Assocs",Nursing,Precepted Rotation,1,1,10327,2023-10-16,2023-12-06,00:00:00,23:59:00,24,Thu,ID Missing,ID Missing,Ambulatory,NRSG 676 MN - Care Transitions Practicum,Other (see comments),Archived (Completed),Completed,2023,Fall 2023,317
426979,Emory University - SON Pre-licensure,"Emory Offsite Locations - The Emory Clinic, Ambulatory Surgery Centers And The Emory Specialty Assocs",Nursing,Precepted Rotation,1,1,10333,2023-10-16,2023-12-06,00:00:00,23:59:00,24,Thu,ID Missing,ID Missing,Ambulatory,NRSG 676 MN - Care Transitions Practicum,Other (see comments),Archived (Completed),Completed,2023,Fall 2023,317
426980,Emory University - SON Pre-licensure,"Emory Offsite Locations - The Emory Clinic, Ambulatory Surgery Centers And The Emory Specialty Assocs",Nursing,Precepted Rotation,1,1,10455,2023-10-16,2023-12-06,00:00:00,23:59:00,24,Thu,ID Missing,ID Missing,Ambulatory,NRSG 676 MN - Care Transitions Practicum,Other (see comments),Archived (Completed),Completed,2023,Fall 2023,317
426982,Emory University - SON Pre-licensure,"Emory Offsite Locations - The Emory Clinic, Ambulatory Surgery Centers And The Emory Specialty Assocs",Nursing,Precepted Rotation,1,1,10430,2023-10-16,2023-12-06,00:00:00,23:59:00,24,Thu,ID Missing,ID Missing,Ambulatory,NRSG 676 MN - Care Transitions Practicum,Other (see comments),Archived (Completed),Completed,2023,Fall 2023,317
426984,Emory University - SON Pre-licensure,"Emory Offsite Locations - The Emory Clinic, Ambulatory Surgery Centers And The Emory Specialty Assocs",Nursing,Precepted Rotation,1,1,10335,2023-10-16,2023-12-06,00:00:00,23:59:00,24,Thu,ID Missing,ID Missing,Ambulatory,NRSG 676 MN - Care Transitions Practicum,Other (see comments),Archived (Completed),Completed,2023,Fall 2023,317
426988,Emory University - SON Pre-licensure,"Emory Offsite Locations - The Emory Clinic, Ambulatory Surgery Centers And The Emory Specialty Assocs",Nursing,Precepted Rotation,1,1,10441,2023-10-16,2023-12-06,00:00:00,23:59:00,24,Thu,ID Missing,ID Missing,Ambulatory,NRSG 676 MN - Care Transitions Practicum,Other (see comments),Archived (Completed),Completed,2023,Fall 2023,317
426990,Emory University - SON Pre-licensure,"Emory Offsite Locations - The Emory Clinic, Ambulatory Surgery Centers And The Emory Specialty Assocs",Nursing,Precepted Rotation,1,1,10285,2023-10-16,2023-12-06,00:00:00,23:59:00,24,Thu,ID Missing,ID Missing,Ambulatory,NRSG 676 MN - Care Transitions Practicum,Other (see comments),Archived (Completed),Completed,2023,Fall 2023,317
426991,Emory University - SON Pre-licensure,"Emory Offsite Locations - The Emory Clinic, Ambulatory Surgery Centers And The Emory Specialty Assocs",Nursing,Precepted Rotation,1,1,10445,2023-10-16,2023-12-06,00:00:00,23:59:00,24,Thu,ID Missing,ID Missing,Ambulatory,NRSG 676 MN - Care Transitions Practicum,Other (see comments),Archived (Completed),Completed,2023,Fall 2023,317
427546,Indiana State University - Online LPN to BSN Track,Emory Saint Joseph's Hospital,Nursing,Precepted Rotation,0,1,No Students Assigned,2024-01-26,2024-05-03,00:00:00,23:59:00,82,,2002,ID Missing,MedSurg - Acute Care,NURS 324 - Nursing Care of the Adult II,5E,Archived (Denied),Denied,2024,Spring 2024,480
427713,Chamberlain College of Nursing - Georgia,Emory Saint Joseph's Hospital,Nursing,Precepted Rotation,1,1,11799,2023-10-30,2023-11-27,00:00:00,23:59:00,48,,ID Missing,No Preceptor Assigned,Critical/Intensive Care,NR 452 - Capstone Course,2W CCU,Archived (Completed),Completed,2023,Fall 2023,129
428761,Chamberlain College of Nursing - Georgia,Emory Decatur Hospital,Nursing,Precepted Rotation,1,1,11800,2023-10-30,2023-12-15,00:00:00,23:59:00,48,,ID Missing,No Preceptor Assigned,Critical/Intensive Care,NR 452 - Capstone Course,ICU - 2500,Archived (Completed),Completed,2023,Fall 2023,130
428793,Hope College of Arts & Sciences,Emory University Hospital Midtown,Nursing,Precepted Rotation,1,1,11801,2023-10-12,2023-12-31,00:00:00,23:59:00,120,,ID Missing,No Preceptor Assigned,MedSurg - Acute Care,HCAS-NUR 2040C - Complex Medical Surgical Nursing,31: ICU,Archived (Completed),Completed,2023,Fall 2023,474
429965,Emory University - SON Pre-licensure,Emory University Hospital,Nursing,Precepted Rotation,32,32,"11802, 11803, 11804, 11805, 11806, 11807, 11808, 11809, 11810, 11811, 11812, 11813, 11814, 11815, 11816, 11817, 11818, 11819, 11820, 11821, 11822, 11823, 11824, 11825, 11826, 11827, 11828, 11829, 11830, 11831, 11832, 11833",2023-11-03,2023-11-04,00:00:00,23:59:00,12,Fri,ID Missing,No Preceptor Assigned,Observation,NRSG - CAPES,-no preference-,Archived (Completed),Completed,2023,Fall 2023,321
429975,Georgia State University - SON - Undergraduate,Emory Johns Creek Hospital,Nursing,Precepted Rotation,0,1,No Students Assigned,2024-01-23,2024-04-22,00:00:00,23:59:00,168,Tue,ID Missing,No Preceptor Assigned,Practicum,NURS 4610 - Senior Practicum,ED: emergency,Archived (Denied),Denied,2024,Spring 2024,454
429979,Georgia State University - SON - Undergraduate,Emory Johns Creek Hospital,Nursing,Precepted Rotation,0,1,No Students Assigned,2024-01-23,2024-04-22,00:00:00,23:59:00,168,Wed,ID Missing,No Preceptor Assigned,Practicum,NURS 4610 - Senior Practicum,ICU: critical care,Archived (Denied),Denied,2024,Spring 2024,454
429980,Georgia State University - SON - Undergraduate,Emory Saint Joseph's Hospital,Nursing,Precepted Rotation,0,1,No Students Assigned,2024-01-23,2024-04-22,00:00:00,23:59:00,168,Mon,ID Missing,No Preceptor Assigned,Practicum,NURS 4610 - Senior Practicum,2SW,Archived (Denied),Denied,2024,Spring 2024,454
429984,Georgia State University - SON - Undergraduate,Emory Saint Joseph's Hospital,Nursing,Precepted Rotation,0,1,No Students Assigned,2024-01-23,2024-04-22,00:00:00,23:59:00,168,Thu,ID Missing,No Preceptor Assigned,Practicum,NURS 4610 - Senior Practicum,Any Available,Archived (Denied),Denied,2024,Spring 2024,454
429987,Georgia State University - SON - Undergraduate,Emory Saint Joseph's Hospital,Nursing,Precepted Rotation,0,1,No Students Assigned,2024-01-23,2024-04-22,00:00:00,23:59:00,168,Tue,ID Missing,No Preceptor Assigned,Practicum,NURS 4610 - Senior Practicum,Any Available,Archived (Denied),Denied,2024,Spring 2024,454
430902,Emory University - SON Pre-licensure,Emory Saint Joseph's Hospital,Nursing,Cohort Rotation,7,8,"11834, 11835, 11836, 11837, 11838, 11839, 11840",2024-03-21,2024-05-09,07:00:00,17:00:00,60,Thu,ID Missing,No Preceptor Assigned,Fundamentals,527 MN - Foundation of Nursing Practice,4E neurovascular,Archived (Completed),Completed,2024,Spring 2024,333
430905,Emory University - SON,Emory University Hospital,Nursing,Cohort Rotation,0,8,No Students Assigned,2024-03-21,2024-05-09,07:00:00,19:00:00,50,Thu,ID Missing,No Preceptor Assigned,Fundamentals,527 MN - Foundation of Nursing Practice,3G: Neurosciences,Archived (Withdrawn),Withdrawn,2024,Spring 2024,240
430908,Emory University - SON Pre-licensure,Emory University Hospital Midtown,Nursing,Cohort Rotation,6,8,"11841, 11842, 11843, 11844, 11845, 11846",2024-03-21,2024-05-09,07:00:00,17:00:00,60,Thu,ID Missing,No Preceptor Assigned,Fundamentals,527 MN - Foundation of Nursing Practice,31: Ortho/Neuro,Archived (Completed),Completed,2024,Spring 2024,333
430920,Emory University - SON Pre-licensure,Emory University Orthopaedics And Spine Hospital,Nursing,Cohort Rotation,6,8,"11847, 11848, 11849, 11117, 11850, 11851",2024-03-21,2024-05-09,07:00:00,17:00:00,60,Thu,ID Missing,No Preceptor Assigned,Fundamentals,527 MN - Foundation of Nursing Practice,-no preference-,Archived (Completed),Completed,2024,Spring 2024,333
430921,Emory University - SON Pre-licensure,Emory University Hospital,Nursing,Cohort Rotation,8,8,"11852, 11853, 11854, 11855, 11856, 11857, 11858, 11859",2024-03-21,2024-05-09,07:00:00,19:00:00,60,Thu,ID Missing,No Preceptor Assigned,Fundamentals,527 MN - Foundation of Nursing Practice,8T North: Oncology,Archived (Completed),Completed,2024,Spring 2024,333
430922,Emory University - SON Pre-licensure,Emory Decatur Hospital,Nursing,Cohort Rotation,6,8,"11860, 11861, 11862, 11863, 11864, 11865",2024-03-22,2024-05-10,07:00:00,17:00:00,60,Fri,ID Missing,No Preceptor Assigned,Fundamentals,527 MN - Foundation of Nursing Practice,Cardiac Telemetry - 2400,Archived (Completed),Completed,2024,Spring 2024,334
430923,Emory University - SON Pre-licensure,Emory Johns Creek Hospital,Nursing,Cohort Rotation,7,8,"11866, 11867, 11868, 11869, 11870, 11871, 11872",2024-03-22,2024-05-10,07:00:00,19:00:00,60,Fri,ID Missing,No Preceptor Assigned,Fundamentals,527 MN - Foundation of Nursing Practice,6W oncology/hospice,Archived (Completed),Completed,2024,Spring 2024,334
430926,Emory University - SON Pre-licensure,Emory Saint Joseph's Hospital,Nursing,Cohort Rotation,7,8,"11873, 11874, 11875, 11876, 11877, 11878, 11879",2024-03-22,2024-05-10,07:00:00,17:00:00,60,Fri,ID Missing,No Preceptor Assigned,Fundamentals,527 MN - Foundation of Nursing Practice,6E internal medicine,Archived (Completed),Completed,2024,Spring 2024,334
430928,Emory University - SON Pre-licensure,Emory University Hospital,Nursing,Cohort Rotation,7,8,"11880, 11881, 11882, 11883, 11884, 11885, 11886",2024-03-22,2024-05-10,07:00:00,19:00:00,8,Fri,ID Missing,No Preceptor Assigned,Fundamentals,527 MN - Foundation of Nursing Practice,6G: Medical,Archived (Completed),Completed,2024,Spring 2024,334
430929,Emory University - SON,Emory Hillandale Hospital,Nursing,Cohort Rotation,0,8,No Students Assigned,2024-03-22,2024-05-10,07:00:00,17:00:00,60,Fri,ID Missing,No Preceptor Assigned,Fundamentals,527 MN - Foundation of Nursing Practice,Telemetry,Archived (Withdrawn),Withdrawn,2024,Spring 2024,241
430930,Emory University - SON,Emory University Hospital Midtown,Nursing,Cohort Rotation,0,8,No Students Assigned,2024-03-22,2024-05-10,07:00:00,19:00:00,60,Fri,ID Missing,No Preceptor Assigned,Fundamentals,527 MN - Foundation of Nursing Practice,21: General Surgery,Archived (Withdrawn),Withdrawn,2024,Spring 2024,241
430937,Emory University - SON Pre-licensure,Emory Johns Creek Hospital,Nursing,Cohort Rotation,5,8,"11451, 11407, 11415, 11432, 11575",2024-01-16,2024-03-05,07:00:00,19:00:00,60,Tue,ID Missing,No Preceptor Assigned,Other (see comments),NRSG 391 - Adult and Geriatric Practicum,4th floor: med-surg,Archived (Completed),Completed,2024,Spring 2024,323
430939,Emory University - SON Pre-licensure,Emory Saint Joseph's Hospital,Nursing,Cohort Rotation,7,8,"11413, 11482, 11418, 10999, 11507, 11392, 11577",2024-01-16,2024-03-05,00:00:00,23:59:00,60,Tue,ID Missing,No Preceptor Assigned,Other (see comments),NRSG 391 - Adult and Geriatric Practicum,5E internal medicine,Archived (Completed),Completed,2024,Spring 2024,323
430940,Emory University - SON Pre-licensure,Emory University Hospital,Nursing,Cohort Rotation,7,8,"11467, 11475, 11398, 11566, 11567, 11425, 11573",2024-01-16,2024-03-05,07:00:00,19:00:00,60,Tue,ID Missing,No Preceptor Assigned,Other (see comments),NRSG 391 - Adult and Geriatric Practicum,6E: CV Stepdown/Heart Transplant,Archived (Completed),Completed,2024,Spring 2024,323
430941,Emory University - SON Pre-licensure,Emory University Hospital,Nursing,Cohort Rotation,7,8,"11072, 11416, 11510, 11457, 11576, 11490, 11480",2024-01-16,2024-03-05,07:00:00,19:00:00,60,Tue,ID Missing,No Preceptor Assigned,Other (see comments),NRSG 391 - Adult and Geriatric Practicum,9E: Neuroscience,Archived (Completed),Completed,2024,Spring 2024,323
430942,Emory University - SON Pre-licensure,Emory University Hospital Midtown,Nursing,Cohort Rotation,6,8,"11410, 11411, 11454, 11509, 11399, 11391",2024-01-16,2024-03-05,07:00:00,19:00:00,60,Tue,ID Missing,No Preceptor Assigned,Other (see comments),NRSG 391 - Adult and Geriatric Practicum,72: Med/Surg,Archived (Completed),Completed,2024,Spring 2024,323
430943,Emory University - SON Pre-licensure,Emory University Hospital,Nursing,Cohort Rotation,7,8,"11477, 11511, 11488, 11421, 11428, 11406, 11439",2024-01-17,2024-03-06,07:00:00,19:00:00,60,Wed,ID Missing,No Preceptor Assigned,Other (see comments),NRSG 391 - Adult and Geriatric Practicum,10E (DEU): Surgical,Archived (Completed),Completed,2024,Spring 2024,325
430946,Emory University - SON Pre-licensure,Emory University Hospital,Nursing,Cohort Rotation,6,8,"11419, 11433, 11417, 11491, 11471, 11487",2024-01-17,2024-03-06,07:00:00,19:00:00,60,Wed,ID Missing,No Preceptor Assigned,Other (see comments),NRSG 391 - Adult and Geriatric Practicum,6T: Transplant,Archived (Completed),Completed,2024,Spring 2024,325
430947,Emory University - SON Pre-licensure,Emory University Hospital Midtown,Nursing,Cohort Rotation,7,8,"11459, 11463, 11569, 11390, 11512, 11464, 11495",2024-01-17,2024-03-06,07:00:00,19:00:00,60,Wed,2004,No Preceptor Assigned,Other (see comments),NRSG 391 - Adult and Geriatric Practicum,31: Ortho/Neuro,Archived (Completed),Completed,2024,Spring 2024,325
430948,Emory University - SON Pre-licensure,Emory University Hospital Midtown,Nursing,Cohort Rotation,6,8,"11571, 11478, 11440, 11436, 11441, 11442",2024-01-17,2024-03-06,07:00:00,19:00:00,60,Wed,ID Missing,No Preceptor Assigned,Other (see comments),NRSG 391 - Adult and Geriatric Practicum,51: Med-Surg,Archived (Completed),Completed,2024,Spring 2024,325
430949,Emory University - SON Pre-licensure,Emory University Hospital,Nursing,Cohort Rotation,6,8,"11396, 11470, 11422, 11444, 11434, 11437",2024-01-20,2024-03-09,07:00:00,19:00:00,60,Sat,ID Missing,No Preceptor Assigned,Other (see comments),NRSG 391 - Adult and Geriatric Practicum,6E: CV Stepdown/Heart Transplant,Archived (Completed),Completed,2024,Spring 2024,326
430951,Emory University - SON Pre-licensure,Emory Saint Joseph's Hospital,Nursing,Cohort Rotation,0,8,No Students Assigned,2024-01-17,2024-03-06,07:00:00,19:00:00,60,Wed,ID Missing,No Preceptor Assigned,Other (see comments),NRSG 391 - Adult and Geriatric Practicum,4W,Archived (Withdrawn),Withdrawn,2024,Spring 2024,325
430963,Emory University - SON Pre-licensure,Emory Johns Creek Hospital,Nursing,Cohort Rotation,7,8,"11449, 11402, 11499, 11446, 11408, 11500, 11448",2024-03-19,2024-05-07,07:00:00,19:00:00,60,Tue,ID Missing,No Preceptor Assigned,Other (see comments),NRSG 391 - Adult and Geriatric Practicum,4th floor: med-surg,Archived (Completed),Completed,2024,Spring 2024,331
430965,Emory University - SON Pre-licensure,Emory Saint Joseph's Hospital,Nursing,Cohort Rotation,6,8,"11403, 11405, 11461, 11492, 11578, 11427",2024-03-19,2024-05-07,07:00:00,19:00:00,60,Tue,ID Missing,No Preceptor Assigned,Other (see comments),NRSG 391 - Adult and Geriatric Practicum,5E internal medicine,Archived (Completed),Completed,2024,Spring 2024,331
430968,Emory University - SON Pre-licensure,Emory University Hospital,Nursing,Cohort Rotation,8,8,"11514, 11401, 11452, 11426, 11429, 11496, 11481, 11472",2024-03-19,2024-05-07,07:00:00,19:00:00,60,Tue,ID Missing,No Preceptor Assigned,Other (see comments),NRSG 391 - Adult and Geriatric Practicum,6E: CV Stepdown/Heart Transplant,Archived (Completed),Completed,2024,Spring 2024,331
430969,Emory University - SON Pre-licensure,Emory University Hospital,Nursing,Cohort Rotation,8,8,"11468, 11476, 11397, 11502, 11394, 11435, 11438, 11484",2024-03-19,2024-05-07,07:00:00,19:00:00,60,Tue,ID Missing,No Preceptor Assigned,Other (see comments),NRSG 391 - Adult and Geriatric Practicum,9E: Neuroscience,Archived (Completed),Completed,2024,Spring 2024,331
430970,Emory University - SON Pre-licensure,Emory University Hospital Midtown,Nursing,Cohort Rotation,6,8,"11395, 11412, 11466, 11462, 11489, 11431",2024-03-19,2024-05-07,07:00:00,19:00:00,60,Tue,ID Missing,No Preceptor Assigned,Other (see comments),NRSG 391 - Adult and Geriatric Practicum,72: Med/Surg,Archived (Completed),Completed,2024,Spring 2024,331
430971,Emory University - SON Pre-licensure,Emory University Hospital,Nursing,Cohort Rotation,6,8,"11474, 11493, 11570, 11498, 11443, 11503",2024-03-20,2024-05-08,07:00:00,19:00:00,60,Wed,ID Missing,No Preceptor Assigned,Other (see comments),NRSG 391 - Adult and Geriatric Practicum,10E (DEU): Surgical,Archived (Completed),Completed,2024,Spring 2024,332
431008,Emory University - SON Pre-licensure,Emory University Hospital,Nursing,Cohort Rotation,6,8,"11453, 11393, 11460, 11568, 11486, 11409",2024-03-20,2024-05-08,07:00:00,19:00:00,60,Wed,ID Missing,No Preceptor Assigned,Other (see comments),NRSG 391 - Adult and Geriatric Practicum,6T: Transplant,Archived (Completed),Completed,2024,Spring 2024,332
431009,Emory University - SON Pre-licensure,Emory University Hospital Midtown,Nursing,Cohort Rotation,6,8,"11504, 11445, 11505, 11420, 11450, 11423",2024-03-20,2024-05-08,07:00:00,19:00:00,60,Wed,2004,No Preceptor Assigned,Other (see comments),NRSG 391 - Adult and Geriatric Practicum,31: Ortho/Neuro,Archived (Completed),Completed,2024,Spring 2024,332
431012,Emory University - SON Pre-licensure,Emory University Hospital Midtown,Nursing,Cohort Rotation,7,8,"11579, 11501, 11400, 11456, 11508, 11485, 11506",2024-03-20,2024-05-08,07:00:00,19:00:00,60,Wed,ID Missing,No Preceptor Assigned,Other (see comments),NRSG 391 - Adult and Geriatric Practicum,51: Med-Surg,Archived (Completed),Completed,2024,Spring 2024,332
431013,Emory University - SON Pre-licensure,Emory University Hospital,Nursing,Cohort Rotation,5,8,"11458, 11513, 11479, 11430, 11404",2024-03-23,2024-05-11,07:00:00,19:00:00,60,Sat,ID Missing,No Preceptor Assigned,Other (see comments),NRSG 391 - Adult and Geriatric Practicum,6E: CV Stepdown/Heart Transplant,Archived (Completed),Completed,2024,Spring 2024,335
431015,Emory University - SON Pre-licensure,Emory Saint Joseph's Hospital,Nursing,Cohort Rotation,0,8,No Students Assigned,2024-03-20,2024-05-08,07:00:00,19:00:00,60,Wed,ID Missing,No Preceptor Assigned,Other (see comments),NRSG 391 - Adult and Geriatric Practicum,4W,Archived (Withdrawn),Withdrawn,2024,Spring 2024,332
431154,Emory University - SON,Emory Saint Joseph's Hospital,Nursing,Cohort Rotation,0,8,No Students Assigned,2023-01-16,2023-03-05,07:00:00,19:00:00,60,Tue,ID Missing,No Preceptor Assigned,Other (see comments),NRSG 391 - Adult and Geriatric Practicum,6W,Archived (Denied),Denied,2023,Spring 2023,213
431157,Emory University - SON,Emory University Hospital,Nursing,Cohort Rotation,0,8,No Students Assigned,2023-01-16,2023-03-05,07:00:00,19:00:00,60,Tue,ID Missing,No Preceptor Assigned,Other (see comments),NRSG 391 - Adult and Geriatric Practicum,10E (DEU): Surgical,Archived (Denied),Denied,2023,Spring 2023,213
431159,Emory University - SON,Emory University Hospital,Nursing,Cohort Rotation,0,8,No Students Assigned,2023-01-16,2023-03-05,07:00:00,19:00:00,60,Tue,ID Missing,No Preceptor Assigned,Other (see comments),NRSG 391 - Adult and Geriatric Practicum,6G: Medical,Archived (Denied),Denied,2023,Spring 2023,213
431164,Emory University - SON,Emory University Hospital Midtown,Nursing,Cohort Rotation,0,8,No Students Assigned,2023-01-16,2023-03-05,07:00:00,19:00:00,60,Tue,ID Missing,No Preceptor Assigned,Other (see comments),NRSG 391 - Adult and Geriatric Practicum,51: Med-Surg,Archived (Denied),Denied,2023,Spring 2023,213
431165,Emory University - SON,Emory Saint Joseph's Hospital,Nursing,Cohort Rotation,0,8,No Students Assigned,2023-01-17,2023-03-06,07:00:00,19:00:00,60,Wed,ID Missing,No Preceptor Assigned,Other (see comments),NRSG 391 - Adult and Geriatric Practicum,3W,Archived (Denied),Denied,2023,Spring 2023,214
431167,Emory University - SON,Emory University Hospital,Nursing,Cohort Rotation,0,8,No Students Assigned,2023-01-17,2023-03-06,07:00:00,19:00:00,60,Wed,ID Missing,No Preceptor Assigned,Other (see comments),NRSG 391 - Adult and Geriatric Practicum,7T: Surgical,Archived (Denied),Denied,2023,Spring 2023,214
431169,Emory University - SON,Emory University Hospital Midtown,Nursing,Cohort Rotation,0,8,No Students Assigned,2023-01-17,2023-03-06,07:00:00,19:00:00,60,Tue,ID Missing,No Preceptor Assigned,Other (see comments),NRSG 391 - Adult and Geriatric Practicum,72: Med/Surg,Archived (Denied),Denied,2023,Spring 2023,214
431173,Emory University - SON,Emory University Hospital Midtown,Nursing,Cohort Rotation,0,8,No Students Assigned,2023-01-17,2023-03-06,07:00:00,19:00:00,60,Wed,ID Missing,No Preceptor Assigned,Other (see comments),NRSG 391 - Adult and Geriatric Practicum,21: General Surgery,Archived (Denied),Denied,2023,Spring 2023,214
431175,Emory University - SON,Emory University Hospital,Nursing,Cohort Rotation,0,8,No Students Assigned,2023-01-20,2023-03-09,00:00:00,23:59:00,60,Sat,ID Missing,No Preceptor Assigned,Other (see comments),NRSG 391 - Adult and Geriatric Practicum,7T: Surgical,Archived (Denied),Denied,2023,Spring 2023,215
431176,Emory University - SON,Emory Johns Creek Hospital,Nursing,Cohort Rotation,0,8,No Students Assigned,2023-01-17,2023-03-06,07:00:00,19:00:00,60,Wed,ID Missing,No Preceptor Assigned,Other (see comments),NRSG 391 - Adult and Geriatric Practicum,4th floor: med-surg,Archived (Denied),Denied,2023,Spring 2023,214
431451,Emory University - SON,Emory Saint Joseph's Hospital,Nursing,Cohort Rotation,0,8,No Students Assigned,2023-03-19,2023-05-07,07:00:00,19:00:00,60,Tue,ID Missing,No Preceptor Assigned,Other (see comments),NRSG 391 - Adult and Geriatric Practicum,6W,Archived (Denied),Denied,2023,Spring 2023,219
431452,Emory University - SON,Emory University Hospital,Nursing,Cohort Rotation,0,8,No Students Assigned,2023-03-19,2023-05-07,07:00:00,19:00:00,60,Tue,ID Missing,No Preceptor Assigned,Other (see comments),NRSG 391 - Adult and Geriatric Practicum,10E (DEU): Surgical,Archived (Denied),Denied,2023,Spring 2023,219
431453,Emory University - SON,Emory University Hospital,Nursing,Cohort Rotation,0,8,No Students Assigned,2023-03-19,2023-05-07,07:00:00,19:00:00,60,Tue,ID Missing,No Preceptor Assigned,Other (see comments),NRSG 391 - Adult and Geriatric Practicum,6G: Medical,Archived (Denied),Denied,2023,Spring 2023,219
431454,Emory University - SON,Emory University Hospital Midtown,Nursing,Cohort Rotation,0,8,No Students Assigned,2023-03-19,2023-05-07,07:00:00,19:00:00,60,Tue,ID Missing,No Preceptor Assigned,Other (see comments),NRSG 391 - Adult and Geriatric Practicum,51: Med-Surg,Archived (Denied),Denied,2023,Spring 2023,219
431455,Emory University - SON,Emory Saint Joseph's Hospital,Nursing,Cohort Rotation,0,8,No Students Assigned,2023-03-20,2023-05-08,07:00:00,19:00:00,60,Wed,ID Missing,No Preceptor Assigned,Other (see comments),NRSG 391 - Adult and Geriatric Practicum,3W,Archived (Denied),Denied,2023,Spring 2023,220
431456,Emory University - SON,Emory University Hospital,Nursing,Cohort Rotation,0,8,No Students Assigned,2023-03-20,2023-05-08,07:00:00,19:00:00,60,Wed,ID Missing,No Preceptor Assigned,Other (see comments),NRSG 391 - Adult and Geriatric Practicum,7T: Surgical,Archived (Denied),Denied,2023,Spring 2023,220
431457,Emory University - SON,Emory University Hospital Midtown,Nursing,Cohort Rotation,0,8,No Students Assigned,2023-03-20,2023-05-08,07:00:00,19:00:00,60,Wed,ID Missing,No Preceptor Assigned,Other (see comments),NRSG 391 - Adult and Geriatric Practicum,21: General Surgery,Archived (Denied),Denied,2023,Spring 2023,220
431460,Emory University - SON,Emory University Hospital Midtown,Nursing,Cohort Rotation,0,8,No Students Assigned,2023-03-20,2023-05-08,06:00:00,19:00:00,60,Wed,ID Missing,No Preceptor Assigned,Other (see comments),NRSG 391 - Adult and Geriatric Practicum,72: Med/Surg,Archived (Denied),Denied,2023,Spring 2023,220
431461,Emory University - SON,Emory University Hospital,Nursing,Cohort Rotation,0,8,No Students Assigned,2023-03-23,2023-05-11,07:00:00,19:00:00,60,Sat,ID Missing,No Preceptor Assigned,Other (see comments),NRSG 391 Practicum - Adult and Geriatric Practicum,7T: Surgical,Archived (Denied),Denied,2023,Spring 2023,221
431465,Emory University - SON,Emory Johns Creek Hospital,Nursing,Cohort Rotation,0,8,No Students Assigned,2023-03-20,2023-05-08,07:00:00,19:00:00,60,Wed,ID Missing,No Preceptor Assigned,Other (see comments),NRSG 391 - Adult and Geriatric Practicum,4th floor: med-surg,Archived (Denied),Denied,2023,Spring 2023,220
431469,Emory University - SON,Emory Decatur Hospital,Nursing,Cohort Rotation,0,6,No Students Assigned,2024-01-16,2024-03-05,07:00:00,19:00:00,60,Tue,ID Missing,No Preceptor Assigned,Psychiatry; Mental Health; Behavioral Medicine,NRSG 393 - Mental Health Practicum,Behavioral Health,Archived (Denied),Denied,2024,Spring 2024,237
431470,Emory University - SON,Emory University Hospital at Wesley Woods,Nursing,Cohort Rotation,0,8,No Students Assigned,2023-01-16,2023-03-05,07:00:00,19:00:00,60,Tue,ID Missing,No Preceptor Assigned,Psychiatry; Mental Health; Behavioral Medicine,NRSG 393 - Mental Health Practicum,Inpatient Psych,Archived (Denied),Denied,2023,Spring 2023,213
431473,Emory University - SON,Emory University Hospital at Wesley Woods,Nursing,Cohort Rotation,0,8,No Students Assigned,2024-01-17,2024-03-06,07:00:00,19:00:00,60,Wed,ID Missing,No Preceptor Assigned,Psychiatry; Mental Health; Behavioral Medicine,NRSG 393 - Mental Health Practicum,Inpatient Psych,Archived (Denied),Denied,2024,Spring 2024,239
431477,Emory University - SON,Emory Decatur Hospital,Nursing,Cohort Rotation,0,8,No Students Assigned,2023-01-17,2023-03-06,07:00:00,19:00:00,60,Wed,ID Missing,No Preceptor Assigned,Psychiatry; Mental Health; Behavioral Medicine,NRSG 393 - Mental Health Practicum,Behavioral Health,Archived (Denied),Denied,2023,Spring 2023,214
431478,Emory University - SON,Emory University Hospital at Wesley Woods,Nursing,Cohort Rotation,0,8,No Students Assigned,2023-03-19,2023-05-07,07:00:00,19:00:00,60,Tue,ID Missing,No Preceptor Assigned,Psychiatry; Mental Health; Behavioral Medicine,NRSG 393 - Mental Health Practicum,Inpatient Psych,Archived (Denied),Denied,2023,Spring 2023,219
431479,Emory University - SON,Emory Decatur Hospital,Nursing,Cohort Rotation,0,8,No Students Assigned,2023-03-19,2023-05-07,07:00:00,19:00:00,60,Tue,ID Missing,No Preceptor Assigned,Psychiatry; Mental Health; Behavioral Medicine,NRSG 393 - Mental Health Practicum,Behavioral Health,Archived (Denied),Denied,2023,Spring 2023,219
431480,Emory University - SON,Emory University Hospital at Wesley Woods,Nursing,Cohort Rotation,0,8,No Students Assigned,2023-03-20,2023-05-08,07:00:00,19:00:00,60,Wed,ID Missing,No Preceptor Assigned,Psychiatry; Mental Health; Behavioral Medicine,NRSG 393 - Mental Health Practicum,Inpatient Psych,Archived (Denied),Denied,2023,Spring 2023,220
431481,Emory University - SON,Emory Decatur Hospital,Nursing,Cohort Rotation,0,8,No Students Assigned,2023-03-20,2023-05-08,07:00:00,19:00:00,60,Wed,ID Missing,No Preceptor Assigned,Psychiatry; Mental Health; Behavioral Medicine,NRSG 393 - Mental Health Practicum,Behavioral Health,Archived (Denied),Denied,2023,Spring 2023,220
431690,Emory University - SON Pre-licensure,Emory University Hospital Midtown,Nursing,Cohort Rotation,7,7,"10407, 10535, 10412, 11000, 11099, 11047, 11062",2024-01-16,2024-03-05,07:00:00,19:00:00,60,Tue,ID Missing,No Preceptor Assigned,Perinatal - OB,NRSG 392 - Maternity Practicum,42/54: Mother/Baby,Archived (Completed),Completed,2024,Spring 2024,323
431691,Emory University - SON Pre-licensure,Emory Decatur Hospital,Nursing,Cohort Rotation,6,6,"10106, 11012, 11039, 11026, 11035, 11124",2024-01-23,2024-03-05,07:00:00,19:00:00,60,Tue,2004,No Preceptor Assigned,Perinatal - OB,NRSG 392 - Maternity Practicum,Mother/Baby,Archived (Completed),Completed,2024,Spring 2024,327
431692,Emory University - SON Pre-licensure,Emory University Hospital Midtown,Nursing,Cohort Rotation,6,6,"11010, 11037, 11042, 11128, 11116, 11043",2024-01-24,2024-03-06,07:00:00,19:00:00,60,Wed,ID Missing,No Preceptor Assigned,Perinatal - OB,NRSG 392 - Maternity Practicum,42/54: Mother/Baby,Archived (Completed),Completed,2024,Spring 2024,328
431697,Emory University - SON Pre-licensure,Emory Decatur Hospital,Nursing,Cohort Rotation,6,6,"11054, 11055, 11075, 11092, 11098, 11059",2024-01-24,2024-03-06,07:00:00,19:00:00,60,Wed,"ID Missing, ID Missing",No Preceptor Assigned,Perinatal - OB,NRSG 392 - Maternity Practicum,Mother/Baby,Archived (Completed),Completed,2024,Spring 2024,328
431698,Emory University - SON Pre-licensure,Emory Johns Creek Hospital,Nursing,Cohort Rotation,6,6,"11109, 11103, 11104, 11110, 11130, 11028",2024-01-24,2024-03-06,07:00:00,19:00:00,60,Wed,ID Missing,No Preceptor Assigned,Perinatal - OB,NRSG 392 - Maternity Practicum,"Maternity: M/B, L&D, NICU",Archived (Completed),Completed,2024,Spring 2024,328
431701,Emory University - SON Pre-licensure,Emory University Hospital Midtown,Nursing,Cohort Rotation,8,8,"11073, 11056, 11022, 11023, 11118, 11004, 11006, 11041",2024-03-26,2024-05-07,07:00:00,19:00:00,60,Tue,2004,No Preceptor Assigned,Perinatal - OB,NRSG 392 - Maternity Practicum,42/54: Mother/Baby,Archived (Completed),Completed,2024,Spring 2024,336
431704,Emory University - SON Pre-licensure,Emory Decatur Hospital,Nursing,Cohort Rotation,6,6,"11112, 11025, 11032, 11274, 10994, 11086",2024-03-26,2024-05-07,00:00:00,23:59:00,60,Tue,"ID Missing, ID Missing",No Preceptor Assigned,Perinatal - OB,NRSG 392 - Maternity Practicum,Mother/Baby,Archived (Completed),Completed,2024,Spring 2024,336
431705,Emory University - SON Pre-licensure,Emory University Hospital Midtown,Nursing,Cohort Rotation,7,8,"11094, 11057, 11095, 11107, 11038, 11123, 11129",2024-03-27,2024-05-08,07:00:00,19:00:00,60,Wed,ID Missing,No Preceptor Assigned,Perinatal - OB,NRSG 392 - Maternity Practicum,42/54: Mother/Baby,Archived (Completed),Completed,2024,Spring 2024,337
431706,Emory University - SON Pre-licensure,Emory Decatur Hospital,Nursing,Cohort Rotation,6,6,"11102, 10389, 11115, 11064, 10418, 11017",2024-03-27,2024-05-08,07:00:00,19:00:00,60,Wed,"ID Missing, ID Missing",No Preceptor Assigned,Perinatal - OB,NRSG 392 - Maternity Practicum,Mother/Baby,Archived (Completed),Completed,2024,Spring 2024,337
431707,Emory University - SON Pre-licensure,Emory Johns Creek Hospital,Nursing,Cohort Rotation,6,6,"11076, 11016, 11051, 10372, 10414, 11070",2024-03-27,2024-05-08,07:00:00,19:00:00,60,Wed,ID Missing,No Preceptor Assigned,Perinatal - OB,NRSG 392 - Maternity Practicum,"Maternity: M/B, L&D, NICU",Archived (Completed),Completed,2024,Spring 2024,337
432002,Emory University - SON Pre-licensure,Emory University Hospital At Wesley Woods,Nursing,Cohort Rotation,7,8,"11483, 11474, 11493, 11506, 11469, 11443, 11409",2024-01-16,2024-03-05,07:00:00,19:00:00,60,Tue,ID Missing,No Preceptor Assigned,Psychiatry; Mental Health; Behavioral Medicine,NRSG 393 - Mental Health Practicum,Inpatient Psych,Archived (Completed),Completed,2024,Spring 2024,323
432003,Emory University - SON Pre-licensure,Emory Decatur Hospital,Nursing,Cohort Rotation,6,6,"11430, 11496, 11481, 11447, 11497, 11494",2024-01-16,2024-03-05,07:00:00,19:00:00,60,Tue,ID Missing,No Preceptor Assigned,Psychiatry; Mental Health; Behavioral Medicine,NRSG 393 - Mental Health Practicum,Behavioral Health (acute) - 1800,Archived (Completed),Completed,2024,Spring 2024,323
432004,Emory University - SON Pre-licensure,Emory Decatur Hospital,Nursing,Cohort Rotation,0,8,No Students Assigned,2024-01-17,2024-03-06,07:00:00,19:00:00,60,Wed,ID Missing,No Preceptor Assigned,Psychiatry; Mental Health; Behavioral Medicine,NRSG 393 - Mental Health Practicum,Behavioral Health (acute) - 1800,Archived (Completed),Completed,2024,Spring 2024,325
432006,Emory University - SON Pre-licensure,Emory University Hospital At Wesley Woods,Nursing,Cohort Rotation,6,8,"11388, 11396, 11467, 11475, 11391, 11414",2024-03-26,2024-05-07,07:00:00,19:00:00,60,Tue,ID Missing,No Preceptor Assigned,Psychiatry; Mental Health; Behavioral Medicine,NRSG 393 - Mental Health Practicum,Inpatient Psych,Archived (Completed),Completed,2024,Spring 2024,336
432008,Emory University - SON Pre-licensure,Emory Decatur Hospital,Nursing,Cohort Rotation,5,8,"11425, 11491, 11573, 11422, 11444",2024-03-19,2024-05-07,07:00:00,19:00:00,60,Tue,ID Missing,No Preceptor Assigned,Psychiatry; Mental Health; Behavioral Medicine,NRSG 393 - Mental Health Practicum,Behavioral Health (acute) - 1800,Archived (Completed),Completed,2024,Spring 2024,331
432009,Emory University - SON Pre-licensure,Emory University Hospital At Wesley Woods,Nursing,Cohort Rotation,4,8,"11410, 11439, 11411, 11454",2024-03-27,2024-05-08,00:00:00,23:59:00,60,Wed,ID Missing,No Preceptor Assigned,Psychiatry; Mental Health; Behavioral Medicine,NRSG 393 - Mental Health Practicum,Inpatient Psych,Archived (Completed),Completed,2024,Spring 2024,337
432011,Emory University - SON Pre-licensure,Emory Decatur Hospital,Nursing,Cohort Rotation,0,8,No Students Assigned,2024-03-20,2024-05-08,07:00:00,19:00:00,60,Wed,ID Missing,No Preceptor Assigned,Psychiatry; Mental Health; Behavioral Medicine,NRSG 393 - Mental Health Practicum,Behavioral Health (acute) - 1800,Archived (Completed),Completed,2024,Spring 2024,332
432139,Georgia Gwinnett College,Emory University Hospital at Wesley Woods,Nursing,Cohort Rotation,0,6,No Students Assigned,2024-03-25,2024-04-15,07:00:00,15:00:00,32,Mon,ID Missing,No Preceptor Assigned,Psychiatry; Mental Health; Behavioral Medicine,NURS 4020 - Wellness & Illness III,Inpatient Psych,Archived (Denied),Denied,2024,Spring 2024,419
432140,Georgia Gwinnett College,Emory University Hospital at Wesley Woods,Nursing,Cohort Rotation,0,6,No Students Assigned,2024-03-26,2024-04-16,07:00:00,15:00:00,32,Tue,ID Missing,No Preceptor Assigned,Psychiatry; Mental Health; Behavioral Medicine,NURS 4020 - Wellness & Illness III,Inpatient Psych,Archived (Denied),Denied,2024,Spring 2024,420
432141,Georgia Gwinnett College,Emory University Hospital at Wesley Woods,Nursing,Cohort Rotation,0,6,No Students Assigned,2024-03-30,2024-04-20,07:00:00,15:00:00,32,Sat,ID Missing,No Preceptor Assigned,Psychiatry; Mental Health; Behavioral Medicine,NURS 4020 - Wellness & Illness III,Inpatient Psych,Archived (Denied),Denied,2024,Spring 2024,421
432142,Georgia Gwinnett College,Emory Decatur Hospital,Nursing,Cohort Rotation,0,6,No Students Assigned,2024-03-25,2024-04-15,07:00:00,15:00:00,32,Mon,ID Missing,No Preceptor Assigned,Psychiatry; Mental Health; Behavioral Medicine,NURS 4020 - Wellness & Illness III,Behavioral Health,Archived (Denied),Denied,2024,Spring 2024,419
432143,Georgia Gwinnett College,Emory Decatur Hospital,Nursing,Cohort Rotation,0,6,No Students Assigned,2024-03-26,2024-04-16,07:00:00,15:00:00,32,Tue,ID Missing,No Preceptor Assigned,Psychiatry; Mental Health; Behavioral Medicine,NURS 4020 - Wellness & Illness III,Behavioral Health,Archived (Denied),Denied,2024,Spring 2024,420
432144,Georgia Gwinnett College,Emory Decatur Hospital,Nursing,Cohort Rotation,0,6,No Students Assigned,2024-03-30,2024-04-20,07:00:00,15:00:00,32,Sat,ID Missing,No Preceptor Assigned,Psychiatry; Mental Health; Behavioral Medicine,NURS 4020 - Wellness & Illness III,Behavioral Health,Archived (Denied),Denied,2024,Spring 2024,421
432324,Emory University - SON Pre-licensure,Emory University Hospital,Nursing,Cohort Rotation,4,8,"11334, 11561, 11353, 11354",2024-01-16,2024-03-05,07:00:00,19:00:00,60,Tue,ID Missing,No Preceptor Assigned,Other (see comments),NRSG 391 - Adult and Geriatric Practicum,7G: Medical,Archived (Completed),Completed,2024,Spring 2024,323
432328,Emory University - SON Pre-licensure,Emory University Hospital,Nursing,Cohort Rotation,7,8,"11553, 11295, 11328, 11283, 11361, 11384, 11333",2024-03-19,2024-05-07,07:00:00,19:00:00,60,Tue,ID Missing,No Preceptor Assigned,Other (see comments),NRSG 391 - Adult and Geriatric Practicum,7G: Medical,Archived (Completed),Completed,2024,Spring 2024,331
432334,Emory University - SON Pre-licensure,Emory Saint Joseph's Hospital,Nursing,Cohort Rotation,5,8,"11312, 11378, 11355, 11311, 11385",2024-01-16,2024-03-05,07:00:00,19:00:00,60,Tue,ID Missing,No Preceptor Assigned,Other (see comments),NRSG 391 - Adult and Geriatric Practicum,6W pulmonary thoracic,Archived (Completed),Completed,2024,Spring 2024,323
432335,Emory University - SON Pre-licensure,Emory University Hospital,Nursing,Cohort Rotation,6,8,"11555, 11316, 11559, 11379, 11332, 11327",2024-01-16,2024-03-05,07:00:00,19:00:00,60,Tue,ID Missing,No Preceptor Assigned,Other (see comments),NRSG 391 - Adult and Geriatric Practicum,6G: Medical,Archived (Completed),Completed,2024,Spring 2024,323
432337,Emory University - SON Pre-licensure,Emory University Hospital Midtown,Nursing,Cohort Rotation,3,8,"11310, 11387, 11385",2024-01-16,2024-03-05,00:00:00,23:59:00,60,Tue,ID Missing,No Preceptor Assigned,Other (see comments),NRSG 391 - Adult and Geriatric Practicum,51: Med-Surg,Archived (Completed),Completed,2024,Spring 2024,323
432339,Emory University - SON Pre-licensure,Emory Saint Joseph's Hospital,Nursing,Cohort Rotation,6,8,"11285, 11356, 11554, 11290, 11340, 11337",2024-01-17,2024-03-06,07:00:00,19:00:00,60,Wed,ID Missing,No Preceptor Assigned,Other (see comments),NRSG 391 - Adult and Geriatric Practicum,3W cardiology,Archived (Completed),Completed,2024,Spring 2024,325
432342,Emory University - SON Pre-licensure,Emory University Hospital,Nursing,Cohort Rotation,6,8,"11293, 11296, 11282, 11557, 11330, 11362",2024-01-17,2024-03-06,07:00:00,19:00:00,60,Wed,ID Missing,No Preceptor Assigned,Other (see comments),NRSG 391 - Adult and Geriatric Practicum,7T: Surgical,Archived (Completed),Completed,2024,Spring 2024,325
432344,Emory University - SON Pre-licensure,Emory University Hospital Midtown,Nursing,Cohort Rotation,6,8,"11304, 11366, 11367, 11563, 11344, 11314",2024-01-17,2024-03-06,07:00:00,19:00:00,60,Wed,ID Missing,No Preceptor Assigned,Other (see comments),NRSG 391 - Adult and Geriatric Practicum,21: General Surgery,Archived (Completed),Completed,2024,Spring 2024,325
432346,Emory University - SON Pre-licensure,Emory University Hospital Midtown,Nursing,Cohort Rotation,6,8,"11552, 11303, 11317, 11368, 11319, 11360",2024-01-17,2024-03-06,07:00:00,19:00:00,60,Wed,ID Missing,No Preceptor Assigned,Other (see comments),NRSG 391 - Adult and Geriatric Practicum,72: Med/Surg,Archived (Completed),Completed,2024,Spring 2024,325
432350,Emory University - SON Pre-licensure,Emory University Hospital,Nursing,Cohort Rotation,6,8,"11377, 11351, 11386, 11562, 11335, 11359",2024-01-20,2024-03-09,07:00:00,19:00:00,60,Sat,ID Missing,No Preceptor Assigned,Other (see comments),NRSG 391 - Adult and Geriatric Practicum,7T: Surgical,Archived (Completed),Completed,2024,Spring 2024,326
432352,Emory University - SON Pre-licensure,Emory Johns Creek Hospital,Nursing,Cohort Rotation,6,8,"11338, 11313, 11376, 11556, 11339, 11347",2024-01-17,2024-03-06,07:00:00,19:00:00,60,Wed,ID Missing,No Preceptor Assigned,Other (see comments),NRSG 391 - Adult and Geriatric Practicum,4th floor: med-surg,Archived (Completed),Completed,2024,Spring 2024,325
432354,Emory University - SON Pre-licensure,Emory Saint Joseph's Hospital,Nursing,Cohort Rotation,7,8,"11301, 11320, 11279, 11297, 11302, 11372, 11357",2024-03-19,2024-05-07,07:00:00,19:00:00,60,Tue,ID Missing,No Preceptor Assigned,Other (see comments),NRSG 391 - Adult and Geriatric Practicum,6W pulmonary thoracic,Archived (Completed),Completed,2024,Spring 2024,331
432358,Emory University - SON,Emory University Hospital,Nursing,Cohort Rotation,0,8,No Students Assigned,2023-03-19,2023-05-07,07:00:00,19:00:00,60,Tue,ID Missing,No Preceptor Assigned,Other (see comments),NRSG 391 - Adult and Geriatric Practicum,6G: Medical,Archived (Denied),Denied,2023,Spring 2023,219
432365,Emory University - SON Pre-licensure,Emory University Hospital Midtown,Nursing,Cohort Rotation,6,8,"11286, 11370, 11341, 11374, 11308, 11309",2024-03-19,2024-05-07,07:00:00,19:00:00,60,Tue,ID Missing,No Preceptor Assigned,Other (see comments),NRSG 391 - Adult and Geriatric Practicum,51: Med-Surg,Archived (Completed),Completed,2024,Spring 2024,331
432368,Emory University - SON Pre-licensure,Emory Saint Joseph's Hospital,Nursing,Cohort Rotation,7,8,"11322, 11321, 11560, 11345, 11299, 11300, 11324",2024-03-20,2024-05-08,07:00:00,19:00:00,60,Wed,ID Missing,No Preceptor Assigned,Other (see comments),NRSG 391 - Adult and Geriatric Practicum,3W cardiology,Archived (Completed),Completed,2024,Spring 2024,332
432375,Emory University - SON Pre-licensure,Emory University Hospital,Nursing,Cohort Rotation,7,8,"11329, 11364, 11331, 11280, 11292, 11294, 11363",2024-03-20,2024-05-08,07:00:00,19:00:00,60,Tue,ID Missing,No Preceptor Assigned,Other (see comments),NRSG 391 - Adult and Geriatric Practicum,7T: Surgical,Archived (Completed),Completed,2024,Spring 2024,332
432378,Emory University - SON Pre-licensure,Emory University Hospital Midtown,Nursing,Cohort Rotation,5,8,"11551, 11342, 11365, 11326, 11325",2024-03-20,2024-05-08,07:00:00,19:00:00,60,Wed,ID Missing,No Preceptor Assigned,Other (see comments),NRSG 391 - Adult and Geriatric Practicum,21: General Surgery,Archived (Completed),Completed,2024,Spring 2024,332
432383,Emory University - SON Pre-licensure,Emory University Hospital Midtown,Nursing,Cohort Rotation,4,8,"11350, 11306, 11369, 11371",2024-03-20,2024-05-08,07:00:00,19:00:00,60,Wed,ID Missing,No Preceptor Assigned,Other (see comments),NRSG 391 - Adult and Geriatric Practicum,72: Med/Surg,Archived (Completed),Completed,2024,Spring 2024,332
432386,Emory University - SON Pre-licensure,Emory University Hospital,Nursing,Cohort Rotation,6,8,"11381, 11315, 11373, 11383, 11289, 11382",2024-03-23,2024-05-11,07:00:00,19:00:00,60,Sat,ID Missing,No Preceptor Assigned,Other (see comments),NRSG 391 - Adult and Geriatric Practicum,7T: Surgical,Archived (Completed),Completed,2024,Spring 2024,335
432388,Emory University - SON Pre-licensure,Emory Johns Creek Hospital,Nursing,Cohort Rotation,7,8,"11305, 11291, 11558, 11336, 11352, 11348, 11564",2024-03-20,2024-05-08,07:00:00,19:00:00,60,Wed,ID Missing,No Preceptor Assigned,Other (see comments),NRSG 391 - Adult and Geriatric Practicum,4th floor: med-surg,Archived (Completed),Completed,2024,Spring 2024,332
433714,Chamberlain College of Nursing - Georgia,Emory University Hospital At Wesley Woods,Nursing,Cohort Rotation,6,6,"11887, 11888, 11889, 11890, 11891, 11892",2024-01-12,2024-02-16,07:00:00,19:00:00,48,Fri,ID Missing,No Preceptor Assigned,Psychiatry; Mental Health; Behavioral Medicine,NR 326 - Mental Health Nursing,Inpatient Psych,Archived (Completed),Completed,2024,Spring 2024,156
433750,Georgia State University - SON - Undergraduate,Emory Johns Creek Hospital,Nursing,Precepted Rotation,1,1,11243,2024-01-15,2024-04-22,00:00:00,23:59:00,168,"Sat, Sun",ID Missing,No Preceptor Assigned,Practicum,NURS 4610 - Senior Practicum,4th floor: med-surg,Archived (Completed),Completed,2024,Spring 2024,453
433751,Georgia State University - SON - Undergraduate,Emory University Hospital Midtown,Nursing,Precepted Rotation,1,1,11241,2024-01-15,2024-04-22,00:00:00,23:59:00,168,"Sat, Sun",ID Missing,No Preceptor Assigned,Practicum,NURS 4610 - Senior Practicum,31: Ortho/Neuro,Archived (Completed),Completed,2024,Spring 2024,453
434037,Emory University - SON Pre-licensure,Emory University Hospital At Wesley Woods,Nursing,Cohort Rotation,6,8,"11504, 11445, 11505, 11446, 11450, 11438",2024-01-17,2024-03-06,07:00:00,19:00:00,60,Wed,ID Missing,No Preceptor Assigned,Psychiatry; Mental Health; Behavioral Medicine,NRSG 393 - Mental Health Practicum,Inpatient Psych,Archived (Completed),Completed,2024,Spring 2024,325
434045,Emory University - SON Pre-licensure,Emory University Hospital,Nursing,Cohort Rotation,6,8,"11343, 11349, 11284, 11318, 11565, 11287",2024-03-19,2024-05-07,07:00:00,19:00:00,60,Tue,ID Missing,No Preceptor Assigned,Other (see comments),NRSG 391 - Adult and Geriatric Practicum,6G: Medical,Archived (Completed),Completed,2024,Spring 2024,331
434544,Grand Canyon University,Emory Decatur Hospital,Nursing,Precepted Rotation,1,1,11893,2023-11-30,2024-04-03,00:00:00,23:59:00,150,,2029,3026,Practicum,HQS-640 - Quality Improvement and Patient Safety Practicum,-no preference-,Archived (Completed),Completed,2023,Fall 2023,463
434735,Chamberlain College of Nursing - Georgia,Emory Johns Creek Hospital,Nursing,Cohort Rotation,0,6,No Students Assigned,2024-01-08,2024-01-29,07:00:00,19:00:00,48,Mon,ID Missing,No Preceptor Assigned,Perinatal - OB,NR 327 - Maternal Child,"Maternity: M/B, L&D, NICU",Archived (Denied),Denied,2024,Spring 2024,149
434741,Chamberlain College of Nursing - Georgia,Emory Johns Creek Hospital,Nursing,Cohort Rotation,0,6,No Students Assigned,2024-02-05,2024-02-26,07:00:00,19:00:00,48,Mon,ID Missing,No Preceptor Assigned,Perinatal - OB,NR 327 - Maternal Child,"Maternity: M/B, L&D, NICU",Archived (Denied),Denied,2024,Spring 2024,162
434742,Chamberlain College of Nursing - Georgia,Emory Johns Creek Hospital,Nursing,Cohort Rotation,0,6,No Students Assigned,2024-01-12,2024-02-02,07:00:00,19:00:00,48,Fri,ID Missing,No Preceptor Assigned,Perinatal - OB,NR 327 - Maternal Child,"Maternity: M/B, L&D, NICU",Archived (Denied),Denied,2024,Spring 2024,155
434743,Chamberlain College of Nursing - Georgia,Emory Johns Creek Hospital,Nursing,Cohort Rotation,0,6,No Students Assigned,2024-02-09,2024-03-01,07:00:00,19:00:00,48,Fri,ID Missing,No Preceptor Assigned,Perinatal - OB,NR 327 - Maternal Child,"Maternity: M/B, L&D, NICU",Archived (Denied),Denied,2024,Spring 2024,164
434745,Chamberlain College of Nursing - Georgia,Emory Johns Creek Hospital,Nursing,Cohort Rotation,0,6,No Students Assigned,2024-01-13,2024-02-03,07:00:00,19:00:00,48,Sat,ID Missing,No Preceptor Assigned,Perinatal - OB,NR 327 - Maternal Child,"Maternity: M/B, L&D, NICU",Archived (Denied),Denied,2024,Spring 2024,159
434746,Chamberlain College of Nursing - Georgia,Emory Johns Creek Hospital,Nursing,Cohort Rotation,0,6,No Students Assigned,2024-02-10,2024-03-02,07:00:00,19:00:00,48,Sat,ID Missing,No Preceptor Assigned,Perinatal - OB,NR 327 - Maternal Child,"Maternity: M/B, L&D, NICU",Archived (Denied),Denied,2024,Spring 2024,165
434909,Emory University - SON Pre-licensure,Emory Johns Creek Hospital,Nursing,Cohort Rotation,4,8,"11894, 11895, 11896, 11897",2024-08-04,2024-08-24,07:00:00,19:00:00,96,,"ID Missing, ID Missing, ID Missing",No Preceptor Assigned,MedSurg - Acute Care,NRSG 356D - Acute and Chronic I Care Clinical Practicum Adult and Geriatric Populations,3rd floor: med-surg,Archived (Completed),Completed,2024,Fall 2024,375
434911,Emory University - SON Pre-licensure,Emory Johns Creek Hospital,Nursing,Cohort Rotation,0,8,No Students Assigned,2024-08-04,2024-08-24,07:00:00,19:00:00,96,,ID Missing,No Preceptor Assigned,MedSurg - Acute Care,NRSG 356D - Acute and Chronic I Care Clinical Practicum Adult and Geriatric Populations,4th floor: med-surg,Archived (Withdrawn),Withdrawn,2024,Fall 2024,375
434912,Emory University - SON Pre-licensure,Emory Johns Creek Hospital,Nursing,Cohort Rotation,4,8,"11898, 11899, 11900, 11901",2024-08-04,2024-08-24,07:00:00,19:00:00,96,,"ID Missing, ID Missing, ID Missing",No Preceptor Assigned,MedSurg - Acute Care,NRSG 356D - Acute and Chronic I Care Clinical Practicum Adult and Geriatric Populations,6N: medical cardiology,Archived (Completed),Completed,2024,Fall 2024,375
434914,Emory University - SON Pre-licensure,Emory University Hospital,Nursing,Cohort Rotation,3,8,"11902, 11903, 11904",2024-08-04,2024-08-24,07:00:00,19:00:00,96,,"ID Missing, ID Missing",No Preceptor Assigned,MedSurg - Acute Care,NRSG 356D - Acute and Chronic I Care Clinical Practicum Adult and Geriatric Populations,7T: Surgical,Archived (Completed),Completed,2024,Fall 2024,375
434917,Emory University - SON Pre-licensure,Emory University Hospital Midtown,Nursing,Cohort Rotation,0,5,No Students Assigned,2024-08-04,2024-08-24,07:00:00,19:00:00,96,,ID Missing,No Preceptor Assigned,MedSurg - Acute Care,NRSG 356D - Acute and Chronic I Care Clinical Practicum Adult and Geriatric Populations,72: Med/Surg,Archived (Withdrawn),Withdrawn,2024,Fall 2024,375
434919,Emory University - SON Pre-licensure,Emory University Hospital Midtown,Nursing,Cohort Rotation,0,5,No Students Assigned,2024-08-04,2024-08-24,07:00:00,19:00:00,96,,ID Missing,No Preceptor Assigned,MedSurg - Acute Care,NRSG 356D - Acute and Chronic I Care Clinical Practicum Adult and Geriatric Populations,22: Med/Surg,Archived (Withdrawn),Withdrawn,2024,Fall 2024,375
434922,Emory University - SON Pre-licensure,Emory Saint Joseph's Hospital,Nursing,Cohort Rotation,5,8,"11905, 11906, 11907, 11908, 11909",2024-08-04,2024-08-24,07:00:00,19:00:00,96,,"ID Missing, ID Missing, ID Missing, ID Missing",No Preceptor Assigned,MedSurg - Acute Care,NRSG 356D - Acute and Chronic I Care Clinical Practicum Adult and Geriatric Populations,3E heart failure,Archived (Completed),Completed,2024,Fall 2024,375
435222,Emory University - SON Pre-licensure,Emory University Hospital At Wesley Woods,Nursing,Precepted Rotation,1,1,10373,2024-01-16,2024-03-08,00:00:00,23:59:00,132,"Mon, Tue, Wed, Sat, Sun",2008,ID Missing,Practicum,NRSG 648 MN - Transitions to Nursing Practice,Inpatient Psych,Archived (Completed),Completed,2024,Spring 2024,324
435223,Emory University - SON Pre-licensure,Emory Johns Creek Hospital,Nursing,Precepted Rotation,1,1,10369,2024-01-16,2024-03-08,00:00:00,23:59:00,132,"Mon, Tue, Wed, Sat, Sun",2012,ID Missing,Practicum,NRSG 648 MN - Transitions to Nursing Practice,ED: emergency and CDU,Archived (Completed),Completed,2024,Spring 2024,324
435224,Emory University - SON Pre-licensure,Emory Johns Creek Hospital,Nursing,Precepted Rotation,0,1,No Students Assigned,2024-01-16,2024-03-08,00:00:00,23:59:00,132,"Mon, Tue, Wed, Sat, Sun",ID Missing,ID Missing,Practicum,NRSG 431 - Clinical Practicum IV,ED: emergency,Archived (Withdrawn),Withdrawn,2024,Spring 2024,324
435226,Emory University - SON Pre-licensure,Emory Johns Creek Hospital,Nursing,Precepted Rotation,1,1,10354,2024-01-16,2024-03-08,00:00:00,23:59:00,132,"Mon, Tue, Wed, Sat, Sun",2012,ID Missing,Practicum,NRSG 648 MN - Transitions to Nursing Practice,ICU: critical care,Archived (Completed),Completed,2024,Spring 2024,324
435227,Emory University - SON Pre-licensure,Emory Johns Creek Hospital,Nursing,Precepted Rotation,1,1,10416,2024-01-16,2024-03-08,00:00:00,23:59:00,132,"Mon, Tue, Fri, Sat, Sun",2012,ID Missing,Practicum,NRSG 648 MN - Transitions to Nursing Practice,ICU: critical care,Archived (Completed),Completed,2024,Spring 2024,324
435231,Emory University - SON Pre-licensure,Emory Johns Creek Hospital,Nursing,Precepted Rotation,1,1,10413,2024-01-16,2024-03-08,00:00:00,23:59:00,132,"Mon, Tue, Wed, Sat, Sun",2012,ID Missing,Practicum,NRSG 648 MN - Transitions to Nursing Practice,"Maternity: M/B, L&D, NICU",Archived (Completed),Completed,2024,Spring 2024,324
435233,Emory University - SON Pre-licensure,Emory Johns Creek Hospital,Nursing,Precepted Rotation,0,1,No Students Assigned,2024-01-16,2024-03-08,00:00:00,23:59:00,132,"Mon, Tue, Wed, Sat, Sun",ID Missing,ID Missing,Practicum,NRSG 431 - Clinical Practicum IV,"Maternity: M/B, L&D, NICU",Archived (Withdrawn),Withdrawn,2024,Spring 2024,324
435235,Emory University - SON Pre-licensure,Emory Saint Joseph's Hospital,Nursing,Precepted Rotation,1,1,10510,2024-01-16,2024-03-08,00:00:00,23:59:00,132,"Mon, Tue, Wed, Sat, Sun",ID Missing,ID Missing,Practicum,NRSG 431 - Clinical Practicum IV,2SW CVICU,Archived (Completed),Completed,2024,Spring 2024,324
435236,Emory University - SON Pre-licensure,Emory Saint Joseph's Hospital,Nursing,Precepted Rotation,1,1,10360,2024-01-16,2024-03-08,00:00:00,23:59:00,132,"Mon, Tue, Wed, Sat, Sun",2012,ID Missing,Practicum,NRSG 648 MN - Transitions to Nursing Practice,2SW CVICU,Archived (Completed),Completed,2024,Spring 2024,324
435237,Emory University - SON Pre-licensure,Emory Saint Joseph's Hospital,Nursing,Precepted Rotation,1,1,10397,2024-01-16,2024-03-08,00:00:00,23:59:00,132,"Mon, Tue, Wed, Sat, Sun",2012,ID Missing,Practicum,NRSG 648 MN - Transitions to Nursing Practice,2W CCU,Archived (Completed),Completed,2024,Spring 2024,324
435240,Emory University - SON,Emory Saint Joseph's Hospital,Nursing,Precepted Rotation,0,1,No Students Assigned,2024-01-16,2024-03-08,00:00:00,23:59:00,132,"Mon, Tue, Wed, Sat, Sun",ID Missing,ID Missing,Practicum,NRSG 431 - Transition to Nursing Practice,2W,Archived (Withdrawn),Withdrawn,2024,Spring 2024,238
435258,Emory University - SON Pre-licensure,Emory Decatur Hospital,Nursing,Precepted Rotation,1,1,10604,2024-01-16,2024-03-08,00:00:00,23:59:00,132,"Mon, Tue, Wed, Sat, Sun",2020,ID Missing,Practicum,NRSG 431 - Clinical Practicum IV,Mother/Baby,Archived (Completed),Completed,2024,Spring 2024,324
435261,Emory University - SON Pre-licensure,Emory Decatur Hospital,Nursing,Precepted Rotation,1,1,10613,2024-01-16,2024-03-08,00:00:00,23:59:00,132,"Mon, Tue, Wed, Sat, Sun",2020,ID Missing,Practicum,NRSG 431 - Clinical Practicum IV,Mother/Baby,Archived (Completed),Completed,2024,Spring 2024,324
435263,Emory University - SON Pre-licensure,Emory Decatur Hospital,Nursing,Precepted Rotation,1,1,10362,2024-01-16,2024-03-08,00:00:00,23:59:00,132,"Mon, Tue, Wed, Sat, Sun",ID Missing,ID Missing,Practicum,NRSG 648 MN - Transitions to Nursing Practice,Behavioral Health (acute) - 1800,Archived (Completed),Completed,2024,Spring 2024,324
435264,Emory University - SON Pre-licensure,Emory Decatur Hospital,Nursing,Precepted Rotation,1,1,10387,2024-03-18,2024-05-08,00:00:00,23:59:00,132,"Mon, Tue, Wed, Sat, Sun",ID Missing,ID Missing,Practicum,NRSG 431 - Clinical Practicum IV,Behavioral Health (acute) - 1800,Archived (Completed),Completed,2024,Spring 2024,330
435268,Emory University - SON Pre-licensure,Emory University Orthopaedics And Spine Hospital,Nursing,Precepted Rotation,1,1,11131,2024-01-16,2024-03-08,00:00:00,23:59:00,132,"Mon, Tue, Wed, Sat, Sun",ID Missing,ID Missing,Practicum,NRSG 648 MN - Transitions to Nursing Practice,2-4 floors: Orthopaedics,Archived (Completed),Completed,2024,Spring 2024,324
435286,Emory University - SON Pre-licensure,Emory Johns Creek Hospital,Nursing,Precepted Rotation,1,1,10404,2024-03-18,2024-05-08,00:00:00,23:59:00,132,"Mon, Tue, Wed, Sat, Sun",2012,ID Missing,Practicum,NRSG 431 - Clinical Practicum IV,ED: emergency and CDU,Archived (Completed),Completed,2024,Spring 2024,330
435287,Emory University - SON Pre-licensure,Emory Johns Creek Hospital,Nursing,Precepted Rotation,1,1,10532,2024-03-18,2024-05-08,00:00:00,23:59:00,132,"Mon, Tue, Wed, Sat, Sun",2018,ID Missing,Practicum,NRSG 431 - Clinical Practicum IV,ED: emergency and CDU,Archived (Completed),Completed,2024,Spring 2024,330
435289,Emory University - SON Pre-licensure,Emory Johns Creek Hospital,Nursing,Precepted Rotation,1,1,10398,2024-03-18,2024-05-08,00:00:00,23:59:00,132,"Mon, Tue, Wed, Sat, Sun",2012,ID Missing,Practicum,NRSG 431 - Clinical Practicum IV,ICU: critical care,Archived (Completed),Completed,2024,Spring 2024,330
435290,Emory University - SON Pre-licensure,Emory Johns Creek Hospital,Nursing,Precepted Rotation,1,1,10531,2024-03-18,2024-05-08,00:00:00,23:59:00,132,"Mon, Tue, Fri, Sat, Sun",2018,ID Missing,Practicum,NRSG 431 - Clinical Practicum IV,ICU: critical care,Archived (Completed),Completed,2024,Spring 2024,330
435292,Emory University - SON Pre-licensure,Emory Johns Creek Hospital,Nursing,Precepted Rotation,1,1,10496,2024-03-18,2024-05-08,00:00:00,23:59:00,132,"Mon, Tue, Wed, Sat, Sun",2009,3003,Practicum,NRSG 431 - Clinical Practicum IV,"Maternity: M/B, L&D, NICU",Archived (Completed),Completed,2024,Spring 2024,330
435295,Emory University - SON Pre-licensure,Emory Johns Creek Hospital,Nursing,Precepted Rotation,0,1,No Students Assigned,2024-03-18,2024-05-08,00:00:00,23:59:00,132,"Mon, Tue, Wed, Sat, Sun",ID Missing,ID Missing,Practicum,NRSG 431 - Clinical Practicum IV,"Maternity: M/B, L&D, NICU",Archived (Withdrawn),Withdrawn,2024,Spring 2024,330
435296,Emory University - SON Pre-licensure,Emory Saint Joseph's Hospital,Nursing,Precepted Rotation,1,1,10358,2024-03-18,2024-05-08,00:00:00,23:59:00,132,"Mon, Tue, Wed, Sat, Sun",2008,ID Missing,Practicum,NRSG 431 - Clinical Practicum IV,2SW CVICU,Archived (Completed),Completed,2024,Spring 2024,330
435298,Emory University - SON Pre-licensure,Emory Saint Joseph's Hospital,Nursing,Precepted Rotation,1,1,10377,2024-03-18,2024-05-08,00:00:00,23:59:00,132,"Mon, Tue, Wed, Sat, Sun",2008,ID Missing,Practicum,NRSG 431 - Clinical Practicum IV,2SW CVICU,Archived (Completed),Completed,2024,Spring 2024,330
435301,Emory University - SON Pre-licensure,Emory Saint Joseph's Hospital,Nursing,Precepted Rotation,1,1,10400,2024-03-18,2024-05-08,00:00:00,23:59:00,132,"Mon, Tue, Wed, Sat, Sun",2008,ID Missing,Practicum,NRSG 431 - Clinical Practicum IV,2W CCU,Archived (Completed),Completed,2024,Spring 2024,330
435302,Emory University - SON Pre-licensure,Emory Saint Joseph's Hospital,Nursing,Precepted Rotation,1,1,10361,2024-03-18,2024-05-08,00:00:00,23:59:00,132,"Mon, Tue, Wed, Sat, Sun",2008,ID Missing,Practicum,NRSG 431 - Clinical Practicum IV,2W CCU,Archived (Completed),Completed,2024,Spring 2024,330
435303,Emory University - SON Pre-licensure,Emory University Hospital,Nursing,Precepted Rotation,1,1,10374,2024-03-18,2024-05-08,00:00:00,23:59:00,132,"Mon, Tue, Wed, Sat, Sun",2008,ID Missing,Practicum,NRSG 431 - Clinical Practicum IV,CVICU,Archived (Completed),Completed,2024,Spring 2024,330
435304,Emory University - SON Pre-licensure,Emory Decatur Hospital,Nursing,Precepted Rotation,1,1,10379,2024-03-18,2024-05-08,00:00:00,23:59:00,132,"Mon, Tue, Wed, Sat, Sun",ID Missing,ID Missing,Practicum,NRSG 431 - Clinical Practicum IV,Mother/Baby,Archived (Completed),Completed,2024,Spring 2024,330
435306,Emory University - SON Pre-licensure,Emory Decatur Hospital,Nursing,Precepted Rotation,1,1,10353,2024-03-18,2024-05-08,00:00:00,23:59:00,132,"Mon, Tue, Wed, Sat, Sun",ID Missing,ID Missing,Practicum,NRSG 431 - Clinical Practicum IV,Mother/Baby,Archived (Completed),Completed,2024,Spring 2024,330
435309,Emory University - SON Pre-licensure,Emory University Orthopaedics And Spine Hospital,Nursing,Precepted Rotation,1,1,10355,2024-03-18,2024-05-08,00:00:00,23:59:00,132,"Mon, Tue, Wed, Sat, Sun",2012,ID Missing,Practicum,NRSG 431 - Clinical Practicum IV,2-4 floors: Orthopaedics,Archived (Completed),Completed,2024,Spring 2024,330
435587,Chamberlain College of Nursing - Georgia,Emory Hillandale Hospital,Nursing,Precepted Rotation,1,1,10078,2024-01-10,2024-02-28,00:00:00,23:59:00,96,,ID Missing,ID Missing,MedSurg - Acute Care,NR 446 - Collaborative Health,5th floor - med surg,Archived (Completed),Completed,2024,Spring 2024,153
435615,Chamberlain College of Nursing - Georgia,Emory Saint Joseph's Hospital,Nursing,Cohort Rotation,7,8,"11910, 11911, 11912, 11913, 11914, 11915, 11916",2024-01-09,2024-02-27,00:00:00,23:59:00,96,Tue,ID Missing,No Preceptor Assigned,MedSurg - Acute Care,NR 325 - Adult Health II,4W renal and urology,Archived (Completed),Completed,2024,Spring 2024,151
435690,Chamberlain College of Nursing - Georgia,Emory Hillandale Hospital,Nursing,Cohort Rotation,6,8,"11917, 11918, 11919, 11920, 11921, 11922",2024-01-08,2024-02-26,07:00:00,19:00:00,96,Mon,ID Missing,No Preceptor Assigned,MedSurg - Acute Care,NR 446 - Collaborative Health,4th floor - telemetry,Archived (Completed),Completed,2024,Spring 2024,150
435733,Emory University - SON Pre-licensure,Emory Johns Creek Hospital,Nursing,Precepted Rotation,1,1,10357,2024-01-16,2024-03-08,00:00:00,23:59:00,132,"Mon, Tue, Fri, Sat, Sun",2012,ID Missing,Practicum,NRSG 648 MN - Transitions to Nursing Practice,"Maternity: M/B, L&D, NICU",Archived (Completed),Completed,2024,Spring 2024,324
435734,Emory University - SON Pre-licensure,Emory Saint Joseph's Hospital,Nursing,Precepted Rotation,1,1,10488,2024-01-16,2024-03-08,00:00:00,23:59:00,132,"Mon, Tue, Wed, Sat, Sun",ID Missing,"ID Missing, ID Missing",Practicum,NRSG 431 - Clinical Practicum IV,2E MSICU,Archived (Completed),Completed,2024,Spring 2024,324
435737,Emory University - SON Pre-licensure,Emory Saint Joseph's Hospital,Nursing,Precepted Rotation,1,1,10403,2024-03-18,2024-05-08,00:00:00,23:59:00,132,"Mon, Tue, Fri, Sat, Sun",2008,ID Missing,Practicum,NRSG 431 - Clinical Practicum IV,2E MSICU,Archived (Completed),Completed,2024,Spring 2024,330
435739,Emory University - SON Pre-licensure,Emory University Hospital,Nursing,Precepted Rotation,0,1,No Students Assigned,2024-01-16,2024-03-08,00:00:00,23:59:00,132,"Mon, Tue, Wed, Sat, Sun",ID Missing,ID Missing,Practicum,NRSG 431 - Clinical Practicum IV,-no preference-,Archived (Withdrawn),Withdrawn,2024,Spring 2024,324
435740,Emory University - SON Pre-licensure,Emory University Hospital,Nursing,Precepted Rotation,1,1,10399,2024-03-18,2024-05-08,00:00:00,23:59:00,132,"Mon, Tue, Wed, Sat, Sun",2012,ID Missing,Practicum,NRSG 431 - Clinical Practicum IV,-no preference-,Archived (Completed),Completed,2024,Spring 2024,330
435741,Emory University - SON Pre-licensure,Emory University Hospital,Nursing,Precepted Rotation,1,1,10337,2024-01-16,2024-03-08,00:00:00,23:59:00,132,"Mon, Tue, Wed, Sat, Sun",2020,ID Missing,Practicum,NRSG 431 - Clinical Practicum IV,3G/4G CCU,Archived (Completed),Completed,2024,Spring 2024,324
435742,Emory University - SON Pre-licensure,Emory University Hospital,Nursing,Precepted Rotation,1,1,10367,2024-03-18,2024-05-08,00:00:00,23:59:00,132,"Mon, Tue, Fri, Sat, Sun",2012,ID Missing,Practicum,NRSG 431 - Clinical Practicum IV,3G/4G CCU,Archived (Completed),Completed,2024,Spring 2024,330
435744,Emory University - SON Pre-licensure,Emory University Hospital Midtown,Nursing,Precepted Rotation,1,1,10375,2024-01-16,2024-03-08,00:00:00,23:59:00,132,"Mon, Tue, Fri, Sat, Sun",2021,ID Missing,Practicum,NRSG 648 MN - Transitions to Nursing Practice,42/54: Mother/Baby,Archived (Completed),Completed,2024,Spring 2024,324
435746,Emory University - SON Pre-licensure,Emory University Hospital Midtown,Nursing,Precepted Rotation,1,1,10388,2024-01-16,2024-03-08,00:00:00,23:59:00,132,"Mon, Tue, Fri, Sat, Sun",2021,ID Missing,Practicum,NRSG 648 MN - Transitions to Nursing Practice,42/54: Mother/Baby,Archived (Completed),Completed,2024,Spring 2024,324
435748,Emory University - SON Pre-licensure,Emory University Hospital Midtown,Nursing,Precepted Rotation,1,1,10401,2024-03-18,2024-05-08,00:00:00,23:59:00,132,"Mon, Tue, Fri, Sat, Sun",2021,ID Missing,Practicum,NRSG 431 - Clinical Practicum IV,42/54: Mother/Baby,Archived (Completed),Completed,2024,Spring 2024,330
435749,Emory University - SON Pre-licensure,Emory University Hospital Midtown,Nursing,Precepted Rotation,1,1,10486,2024-03-18,2024-05-08,00:00:00,23:59:00,132,"Mon, Tue, Fri, Sat, Sun",2020,ID Missing,Practicum,NRSG 431 - Clinical Practicum IV,42/54: Mother/Baby,Archived (Completed),Completed,2024,Spring 2024,330
435750,Emory University - SON Pre-licensure,Emory Hillandale Hospital,Nursing,Precepted Rotation,0,1,No Students Assigned,2024-01-16,2024-03-08,00:00:00,23:59:00,132,"Mon, Tue, Wed, Sat, Sun",ID Missing,ID Missing,Practicum,NRSG 431 - Clinical Practicum IV,Emergency Dept,Archived (Completed),Completed,2024,Spring 2024,324
435752,Emory University - SON Pre-licensure,Emory Hillandale Hospital,Nursing,Precepted Rotation,0,1,No Students Assigned,2024-01-16,2024-03-08,00:00:00,23:59:00,132,"Mon, Tue, Wed, Sat, Sun",ID Missing,ID Missing,Practicum,NRSG 431 - Clinical Practicum IV,Emergency Dept,Archived (Completed),Completed,2024,Spring 2024,324
435754,Emory University - SON Pre-licensure,Emory Hillandale Hospital,Nursing,Precepted Rotation,1,1,10516,2024-03-18,2024-05-08,00:00:00,23:59:00,132,"Mon, Tue, Wed, Sat, Sun",2020,3003,Practicum,NRSG 431 - Clinical Practicum IV,Emergency Dept,Archived (Completed),Completed,2024,Spring 2024,330
435755,Emory University - SON Pre-licensure,Emory Hillandale Hospital,Nursing,Precepted Rotation,1,1,10402,2024-03-18,2024-05-08,00:00:00,23:59:00,132,"Mon, Tue, Wed, Sat, Sun",2021,ID Missing,Practicum,NRSG 431 - Clinical Practicum IV,Emergency Dept,Archived (Completed),Completed,2024,Spring 2024,330
435880,Chamberlain College of Nursing - Georgia,Emory Decatur Hospital,Nursing,Precepted Rotation,0,1,No Students Assigned,2024-01-08,2024-02-26,00:00:00,23:59:00,96,,ID Missing,No Preceptor Assigned,MedSurg - Acute Care,NR 446 - Collaborative Health,General Medical,Archived (Denied),Denied,2024,Spring 2024,150
435892,Chamberlain College of Nursing - Georgia,Emory Saint Joseph's Hospital,Nursing,Precepted Rotation,1,1,11923,2024-01-08,2024-02-26,00:00:00,23:59:00,96,,ID Missing,ID Missing,MedSurg - Acute Care,NR 446 - Collaborative Health,5E internal medicine,Archived (Completed),Completed,2024,Spring 2024,150
435898,Chamberlain College of Nursing - Georgia,Emory University Hospital,Nursing,Precepted Rotation,1,1,10866,2024-01-08,2024-02-26,00:00:00,23:59:00,96,,ID Missing,No Preceptor Assigned,MedSurg - Acute Care,NR 446 - Collaborative Health,-no preference-,Archived (Completed),Completed,2024,Spring 2024,150
436235,Emory University - SON Pre-licensure,Emory University Hospital Midtown,Nursing,Cohort Rotation,8,8,"11082, 11030, 11106, 11031, 11122, 11034, 11120, 11093",2024-01-27,2024-03-09,07:00:00,19:00:00,60,Sat,ID Missing,No Preceptor Assigned,Perinatal - OB,NRSG 392 - Maternity Practicum,42/54: Mother/Baby,Archived (Completed),Completed,2024,Spring 2024,329
436240,Emory University - SON Pre-licensure,Emory University Hospital Midtown,Nursing,Cohort Rotation,7,8,"11005, 11053, 11071, 11068, 10996, 11027, 11049",2024-03-30,2024-05-11,07:00:00,19:00:00,60,Sat,ID Missing,No Preceptor Assigned,Perinatal - OB,NRSG 392 - Maternity Practicum,42/54: Mother/Baby,Archived (Completed),Completed,2024,Spring 2024,338
436533,Chamberlain College of Nursing - Atlanta,Emory University Hospital At Wesley Woods,Nursing,Cohort Rotation,6,6,"10165, 10166, 10167, 10154, 11924, 10155",2024-03-08,2024-04-19,07:00:00,19:00:00,48,Fri,ID Missing,No Preceptor Assigned,Psychiatry; Mental Health; Behavioral Medicine,NR 326 - Mental Health Nursing,Inpatient Psych,Archived (Completed),Completed,2024,Spring 2024,18
436611,Emory University - SON Pre-licensure,Emory Decatur Hospital,Nursing,Precepted Rotation,1,1,10491,2024-01-16,2024-03-08,00:00:00,23:59:00,132,"Mon, Tue, Wed, Sat, Sun",2020,ID Missing,Practicum,NRSG 431 - Clinical Practicum IV,Emergency Dept- North Decatur,Archived (Completed),Completed,2024,Spring 2024,324
436612,Emory University - SON Pre-licensure,Emory Decatur Hospital,Nursing,Precepted Rotation,1,1,10365,2024-01-16,2024-03-08,00:00:00,23:59:00,132,"Mon, Tue, Fri, Sat, Sun",ID Missing,ID Missing,Practicum,NRSG 648 MN - Transitions to Nursing Practice,Emergency Dept- North Decatur,Archived (Completed),Completed,2024,Spring 2024,324
436613,Emory University - SON Pre-licensure,Emory Decatur Hospital,Nursing,Precepted Rotation,1,1,10409,2024-03-18,2024-05-08,00:00:00,23:59:00,132,"Mon, Tue, Wed, Sat, Sun",ID Missing,ID Missing,Practicum,NRSG 431 - Clinical Practicum IV,Emergency Dept- North Decatur,Archived (Completed),Completed,2024,Spring 2024,330
436617,Emory University - SON Pre-licensure,Emory Decatur Hospital,Nursing,Precepted Rotation,0,1,No Students Assigned,2024-03-18,2024-05-08,00:00:00,23:59:00,132,"Mon, Tue, Fri, Sat, Sun",ID Missing,ID Missing,Practicum,NRSG 431 - Clinical Practicum IV,Emergency Dept- North Decatur,Archived (Withdrawn),Withdrawn,2024,Spring 2024,330
436620,Emory University - SON Pre-licensure,Emory University Hospital,Nursing,Precepted Rotation,1,1,10378,2024-01-16,2024-03-08,00:00:00,23:59:00,132,"Mon, Tue, Wed, Sat, Sun",ID Missing,ID Missing,Practicum,NRSG 648 MN - Transitions to Nursing Practice,5T South:  SICU,Archived (Completed),Completed,2024,Spring 2024,324
436799,Chamberlain College of Nursing - Georgia,Emory Johns Creek Hospital,Nursing,Cohort Rotation,0,6,No Students Assigned,2024-03-04,2024-03-25,07:00:00,19:00:00,48,Mon,ID Missing,No Preceptor Assigned,Perinatal - OB,NR 327 - Maternal Child,"Maternity: M/B, L&D, NICU",Archived (Denied),Denied,2024,Spring 2024,166
436800,Chamberlain College of Nursing - Georgia,Emory Johns Creek Hospital,Nursing,Cohort Rotation,0,6,No Students Assigned,2024-04-01,2024-04-22,07:00:00,19:00:00,48,Mon,ID Missing,No Preceptor Assigned,Perinatal - OB,NR 327 - Maternal Child,"Maternity: M/B, L&D, NICU",Archived (Denied),Denied,2024,Spring 2024,176
436802,Chamberlain College of Nursing - Georgia,Emory Johns Creek Hospital,Nursing,Cohort Rotation,0,6,No Students Assigned,2024-03-08,2024-03-29,07:00:00,19:00:00,48,Fri,ID Missing,No Preceptor Assigned,Perinatal - OB,NR 327 - Maternal Child,"Maternity: M/B, L&D, NICU",Archived (Denied),Denied,2024,Spring 2024,173
436803,Chamberlain College of Nursing - Georgia,Emory Johns Creek Hospital,Nursing,Cohort Rotation,0,6,No Students Assigned,2024-04-05,2024-04-26,07:00:00,19:00:00,48,Fri,ID Missing,No Preceptor Assigned,Perinatal - OB,NR 327 - Maternal Child,"Maternity: M/B, L&D, NICU",Archived (Denied),Denied,2024,Spring 2024,177
436804,Chamberlain College of Nursing - Georgia,Emory Johns Creek Hospital,Nursing,Cohort Rotation,0,6,No Students Assigned,2024-03-09,2024-03-30,07:00:00,19:00:00,48,Sat,ID Missing,No Preceptor Assigned,Perinatal - OB,NR 327 - Maternal Child,"Maternity: M/B, L&D, NICU",Archived (Denied),Denied,2024,Spring 2024,174
436805,Chamberlain College of Nursing - Georgia,Emory Johns Creek Hospital,Nursing,Cohort Rotation,0,6,No Students Assigned,2024-04-06,2024-04-27,07:00:00,19:00:00,48,Sat,ID Missing,No Preceptor Assigned,Perinatal - OB,NR 327 - Maternal Child,"Maternity: M/B, L&D, NICU",Archived (Denied),Denied,2024,Spring 2024,178
437104,Emory University - SON Pre-licensure,Emory University Hospital,Nursing,Precepted Rotation,1,1,10487,2024-01-16,2024-03-08,00:00:00,23:59:00,132,"Mon, Tue, Wed, Sat, Sun",2020,ID Missing,Practicum,NRSG 431 - Clinical Practicum IV,7E: Medical,Archived (Completed),Completed,2024,Spring 2024,324
437106,Emory University - SON Pre-licensure,Emory University Hospital,Nursing,Precepted Rotation,1,1,10601,2024-01-16,2024-03-08,00:00:00,23:59:00,132,"Mon, Tue, Wed, Sat, Sun",ID Missing,ID Missing,Practicum,NRSG 431 - Clinical Practicum IV,2D ICU: Neuro,Archived (Completed),Completed,2024,Spring 2024,324
437108,Emory University - SON Pre-licensure,Emory University Hospital,Nursing,Precepted Rotation,1,1,10509,2024-03-18,2024-05-08,00:00:00,23:59:00,132,"Mon, Tue, Wed, Sat, Sun",2018,ID Missing,Practicum,NRSG 431 - Clinical Practicum IV,2D ICU: Neuro,Archived (Completed),Completed,2024,Spring 2024,330
437109,Emory University - SON Pre-licensure,Emory University Hospital,Nursing,Precepted Rotation,1,1,10370,2024-01-16,2024-03-08,00:00:00,23:59:00,132,"Mon, Tue, Wed, Sat, Sun",ID Missing,3009,Practicum,NRSG 648 MN - Transitions to Nursing Practice,PACU: Post Op,Archived (Completed),Completed,2024,Spring 2024,324
437113,Emory University - SON Pre-licensure,Emory University Hospital,Nursing,Precepted Rotation,1,1,10511,2024-01-16,2024-03-08,00:00:00,23:59:00,132,"Mon, Tue, Wed, Sat, Sun",2020,"ID Missing, ID Missing, ID Missing, ID Missing",Practicum,NRSG 431 - Clinical Practicum IV,PACU: Post Op,Archived (Completed),Completed,2024,Spring 2024,324
437115,Emory University - SON Pre-licensure,Emory University Hospital,Nursing,Precepted Rotation,1,1,10356,2024-03-18,2024-05-08,00:00:00,23:59:00,132,"Mon, Tue, Wed, Sat, Sun",2012,ID Missing,Practicum,NRSG 648 MN - Transitions to Nursing Practice,PACU: Post Op,Archived (Completed),Completed,2024,Spring 2024,330
437117,Emory University - SON Pre-licensure,Emory University Hospital,Nursing,Precepted Rotation,1,1,10419,2024-03-18,2024-05-08,00:00:00,23:59:00,132,"Mon, Tue, Wed, Sat, Sun",ID Missing,ID Missing,Practicum,NRSG 648 MN - Transitions to Nursing Practice,PACU: Post Op,Archived (Completed),Completed,2024,Spring 2024,330
437187,Auburn University - College of Nursing - BSN,Emory University Hospital Midtown,Nursing,Precepted Rotation,1,1,11925,2024-02-26,2024-04-21,00:00:00,23:59:00,212,,ID Missing,No Preceptor Assigned,Practicum,NURS 4921 - Nursing Practice Preceptorship-Senior Practicum,31: ICU,Archived (Completed),Completed,2024,Spring 2024,2
437683,Emory University - SON Pre-licensure,Emory Saint Joseph's Hospital,Nursing,Precepted Rotation,1,1,10363,2024-01-16,2024-03-08,00:00:00,23:59:00,132,"Mon, Tue, Wed, Sat, Sun",2012,ID Missing,Practicum,NRSG 648 MN - Transitions to Nursing Practice,ED,Archived (Completed),Completed,2024,Spring 2024,324
437685,Emory University - SON Pre-licensure,Emory Saint Joseph's Hospital,Nursing,Precepted Rotation,1,1,11188,2024-01-16,2024-03-08,00:00:00,23:59:00,132,"Mon, Tue, Wed, Sat, Sun",2012,ID Missing,Practicum,NRSG 648 MN - Transitions to Nursing Practice,ED,Archived (Completed),Completed,2024,Spring 2024,324
437714,Emory University - SON Pre-licensure,Emory University Hospital,Nursing,Precepted Rotation,0,1,No Students Assigned,2024-01-16,2024-03-08,00:00:00,23:59:00,132,"Mon, Tue, Wed, Sat, Sun",2008,ID Missing,Practicum,NRSG 648 MN - Transitions to Nursing Practice,4G: Telemetry,Archived (Completed),Completed,2024,Spring 2024,324
437715,Emory University - SON Pre-licensure,Emory University Hospital,Nursing,Precepted Rotation,0,1,No Students Assigned,2024-01-16,2024-03-08,00:00:00,23:59:00,132,"Mon, Tue, Wed, Sat, Sun",ID Missing,ID Missing,Practicum,NRSG 431 - Clinical Practicum IV,8T North: Oncology,Archived (Withdrawn),Withdrawn,2024,Spring 2024,324
437716,Emory University - SON Pre-licensure,Emory University Hospital,Nursing,Precepted Rotation,0,1,No Students Assigned,2024-01-16,2024-03-08,00:00:00,23:59:00,132,"Mon, Tue, Wed, Sat, Sun",ID Missing,ID Missing,Practicum,NRSG 431 - Clinical Practicum IV,8T South: Hematology/Leukemia,Archived (Withdrawn),Withdrawn,2024,Spring 2024,324
437718,Emory University - SON Pre-licensure,Emory University Hospital,Nursing,Precepted Rotation,1,1,10395,2024-01-16,2024-03-08,00:00:00,23:59:00,132,"Mon, Tue, Wed, Sat, Sun",2008,ID Missing,Practicum,NRSG 648 MN - Transitions to Nursing Practice,ED: Emergency,Archived (Completed),Completed,2024,Spring 2024,324
437719,Emory University - SON Pre-licensure,Emory University Hospital,Nursing,Precepted Rotation,1,1,10605,2024-01-16,2024-03-08,00:00:00,23:59:00,132,"Mon, Tue, Wed, Sat, Sun",ID Missing,ID Missing,Practicum,NRSG 431 - Clinical Practicum IV,ED: Emergency,Archived (Completed),Completed,2024,Spring 2024,324
437720,Emory University - SON Pre-licensure,Emory University Hospital,Nursing,Precepted Rotation,1,1,10515,2024-01-16,2024-03-08,00:00:00,23:59:00,132,,ID Missing,ID Missing,Practicum,NRSG 431 - Clinical Practicum IV,MICU,Archived (Completed),Completed,2024,Spring 2024,324
437724,Emory University - SON Pre-licensure,Emory University Hospital,Nursing,Precepted Rotation,1,1,10503,2024-01-16,2024-03-08,00:00:00,23:59:00,132,"Mon, Tue, Fri, Sat, Sun",ID Missing,ID Missing,Practicum,NRSG 431 - Clinical Practicum IV,MICU,Archived (Completed),Completed,2024,Spring 2024,324
437729,Emory University - SON Pre-licensure,Emory University Hospital,Nursing,Precepted Rotation,1,1,10359,2024-01-16,2024-03-08,00:00:00,23:59:00,132,"Mon, Tue, Wed, Sat, Sun",ID Missing,ID Missing,Practicum,NRSG 648 MN - Transitions to Nursing Practice,9T: Bone Marrow Transplant,Archived (Completed),Completed,2024,Spring 2024,324
437733,Emory University - SON Pre-licensure,Emory University Hospital,Nursing,Precepted Rotation,0,1,No Students Assigned,2024-01-16,2024-03-08,00:00:00,23:59:00,132,"Mon, Tue, Wed, Sat, Sun",ID Missing,ID Missing,Practicum,NRSG 431 - Clinical Practicum IV,9T: Bone Marrow Transplant,Archived (Withdrawn),Withdrawn,2024,Spring 2024,324
437734,Emory University - SON Pre-licensure,Emory University Hospital Midtown,Nursing,Precepted Rotation,1,1,10371,2024-01-16,2024-03-08,00:00:00,23:59:00,132,"Mon, Tue, Wed, Sat, Sun",2021,ID Missing,Practicum,NRSG 648 MN - Transitions to Nursing Practice,Nurseries (DEU): NICU,Archived (Completed),Completed,2024,Spring 2024,324
437737,Emory University - SON Pre-licensure,Emory University Hospital Midtown,Nursing,Precepted Rotation,1,1,10408,2024-01-16,2024-03-08,00:00:00,23:59:00,132,"Mon, Tue, Wed, Sat, Sun",2021,ID Missing,Practicum,NRSG 648 MN - Transitions to Nursing Practice,Nurseries (DEU): NICU,Archived (Completed),Completed,2024,Spring 2024,324
437739,Emory University - SON Pre-licensure,Emory University Hospital Midtown,Nursing,Precepted Rotation,1,1,10385,2024-01-16,2024-03-08,00:00:00,23:59:00,132,"Mon, Tue, Wed, Sat, Sun",2021,ID Missing,Practicum,NRSG 648 MN - Transitions to Nursing Practice,41: Med Cardiology,Archived (Completed),Completed,2024,Spring 2024,324
437743,Emory University - SON Pre-licensure,Emory University Hospital Midtown,Nursing,Precepted Rotation,1,1,10490,2024-01-16,2024-03-08,00:00:00,23:59:00,132,"Mon, Tue, Wed, Sat, Sun",2020,ID Missing,Practicum,NRSG 431 - Clinical Practicum IV,31: ICU,Archived (Completed),Completed,2024,Spring 2024,324
437746,Emory University - SON Pre-licensure,Emory University Hospital Midtown,Nursing,Precepted Rotation,1,1,10390,2024-01-16,2024-03-08,00:00:00,23:59:00,132,"Mon, Tue, Wed, Sat, Sun",2021,ID Missing,Practicum,NRSG 648 MN - Transitions to Nursing Practice,31: ICU,Archived (Completed),Completed,2024,Spring 2024,324
437747,Emory University - SON Pre-licensure,Emory University Hospital Midtown,Nursing,Precepted Rotation,1,1,10492,2024-01-16,2024-03-08,00:00:00,23:59:00,132,"Mon, Tue, Wed, Sat, Sun",2020,ID Missing,Practicum,NRSG 431 - Clinical Practicum IV,41 ICU: Med Cardiology,Archived (Denied),Denied,2024,Spring 2024,324
437751,Emory University - SON,Emory University Hospital Midtown,Nursing,Precepted Rotation,1,1,10618,2024-01-16,2024-03-08,00:00:00,23:59:00,132,"Mon, Tue, Wed, Sat, Sun",ID Missing,ID Missing,Practicum,NRSG 431 - Transition to Nursing Practice,41 ICU: Med Cardiology,Archived (Withdrawn),Withdrawn,2024,Spring 2024,238
437753,Emory University - SON Pre-licensure,Emory University Hospital Midtown,Nursing,Precepted Rotation,0,1,No Students Assigned,2024-01-16,2024-03-08,00:00:00,23:59:00,132,"Mon, Tue, Fri, Sat, Sun",ID Missing,ID Missing,Practicum,NRSG 648 MN - Transitions to Nursing Practice,ED: Emergency,Archived (Withdrawn),Withdrawn,2024,Spring 2024,324
437754,Emory University - SON Pre-licensure,Emory Decatur Hospital,Nursing,Precepted Rotation,1,1,10381,2024-01-16,2024-03-08,00:00:00,23:59:00,132,"Mon, Tue, Wed, Sat, Sun",ID Missing,3019,Practicum,NRSG 648 MN - Transitions to Nursing Practice,NICU,Archived (Completed),Completed,2024,Spring 2024,324
437756,Emory University - SON Pre-licensure,Emory Decatur Hospital,Nursing,Precepted Rotation,1,1,10612,2024-01-16,2024-03-08,00:00:00,23:59:00,132,"Mon, Tue, Wed, Sat, Sun",2020,ID Missing,Practicum,NRSG 431 - Clinical Practicum IV,NICU,Archived (Completed),Completed,2024,Spring 2024,324
437757,Emory University - SON Pre-licensure,Emory Decatur Hospital,Nursing,Precepted Rotation,1,1,10386,2024-01-16,2024-03-08,00:00:00,23:59:00,132,"Mon, Tue, Wed, Sat, Sun",ID Missing,ID Missing,Practicum,NRSG 431 - Clinical Practicum IV,ICU - 2500,Archived (Completed),Completed,2024,Spring 2024,324
437760,Emory University - SON Pre-licensure,Emory Decatur Hospital,Nursing,Precepted Rotation,0,1,No Students Assigned,2024-01-16,2024-03-08,00:00:00,23:59:00,132,"Mon, Tue, Wed, Sat, Sun",ID Missing,ID Missing,Practicum,NRSG 431 - Clinical Practicum IV,ICU,Archived (Withdrawn),Withdrawn,2024,Spring 2024,324
437763,Emory University - SON Pre-licensure,Emory Decatur Hospital,Nursing,Precepted Rotation,1,1,10368,2024-01-16,2024-03-08,00:00:00,23:59:00,132,"Mon, Tue, Wed, Sat, Sun",ID Missing,ID Missing,Practicum,NRSG 648 MN - Transitions to Nursing Practice,Surgical Oncology - 4200,Archived (Completed),Completed,2024,Spring 2024,324
437768,Emory University - SON Pre-licensure,Emory University Hospital,Nursing,Precepted Rotation,1,1,10614,2024-03-18,2024-05-08,00:00:00,23:59:00,132,"Mon, Tue, Wed, Sat, Sun",2009,ID Missing,Practicum,NRSG 431 - Clinical Practicum IV,8T North: Oncology,Archived (Completed),Completed,2024,Spring 2024,330
437771,Emory University - SON Pre-licensure,Emory University Hospital,Nursing,Precepted Rotation,0,1,No Students Assigned,2024-03-18,2024-05-08,00:00:00,23:59:00,132,"Mon, Tue, Wed, Sat, Sun",ID Missing,ID Missing,Practicum,NRSG 648 MN - Transitions to Nursing Practice,8T South: Hematology/Leukemia,Archived (Completed),Completed,2024,Spring 2024,330
437774,Emory University - SON Pre-licensure,Emory University Hospital,Nursing,Precepted Rotation,1,1,10507,2024-03-18,2024-05-08,00:00:00,23:59:00,132,"Mon, Tue, Wed, Sat, Sun",2009,ID Missing,Practicum,NRSG 431 - Clinical Practicum IV,ED: Emergency,Archived (Completed),Completed,2024,Spring 2024,330
437777,Emory University - SON Pre-licensure,Emory University Hospital,Nursing,Precepted Rotation,1,1,10512,2024-03-18,2024-05-08,00:00:00,23:59:00,132,"Mon, Tue, Wed, Sat, Sun",2009,ID Missing,Practicum,NRSG 431 - Clinical Practicum IV,ED: Emergency,Archived (Completed),Completed,2024,Spring 2024,330
437778,Emory University - SON Pre-licensure,Emory University Hospital,Nursing,Precepted Rotation,1,1,10405,2024-03-18,2024-05-08,00:00:00,23:59:00,132,"Mon, Tue, Wed, Sat, Sun",2008,ID Missing,Practicum,NRSG 431 - Clinical Practicum IV,MICU,Archived (Completed),Completed,2024,Spring 2024,330
437782,Emory University - SON Pre-licensure,Emory University Hospital,Nursing,Precepted Rotation,1,1,10622,2024-03-18,2024-05-08,00:00:00,23:59:00,132,"Mon, Tue, Wed, Sat, Sun",2018,ID Missing,Practicum,NRSG 431 - Clinical Practicum IV,MICU,Archived (Completed),Completed,2024,Spring 2024,330
437785,Emory University - SON Pre-licensure,Emory University Hospital,Nursing,Precepted Rotation,1,1,10366,2024-03-18,2024-05-08,00:00:00,23:59:00,132,"Mon, Tue, Wed, Sat, Sun",2012,ID Missing,Practicum,NRSG 431 - Clinical Practicum IV,9T: Bone Marrow Transplant,Archived (Completed),Completed,2024,Spring 2024,330
437787,Emory University - SON Pre-licensure,Emory University Hospital,Nursing,Precepted Rotation,1,1,11187,2024-03-18,2024-05-08,00:00:00,23:59:00,132,"Mon, Tue, Wed, Sat, Sun",2018,ID Missing,Practicum,NRSG 431 - Clinical Practicum IV,9T: Bone Marrow Transplant,Archived (Completed),Completed,2024,Spring 2024,330
437788,Emory University - SON Pre-licensure,Emory University Hospital Midtown,Nursing,Precepted Rotation,1,1,10415,2024-03-18,2024-05-08,00:00:00,23:59:00,132,"Mon, Tue, Wed, Sat, Sun",2021,ID Missing,Practicum,NRSG 431 - Clinical Practicum IV,Nurseries (DEU): NICU,Archived (Completed),Completed,2024,Spring 2024,330
437789,Emory University - SON Pre-licensure,Emory University Hospital Midtown,Nursing,Precepted Rotation,1,1,10396,2024-03-18,2024-05-08,00:00:00,23:59:00,132,"Mon, Tue, Wed, Sat, Sun",2021,ID Missing,Practicum,NRSG 431 - Clinical Practicum IV,Nurseries (DEU): NICU,Archived (Completed),Completed,2024,Spring 2024,330
437790,Emory University - SON Pre-licensure,Emory University Hospital Midtown,Nursing,Precepted Rotation,0,1,No Students Assigned,2024-03-18,2024-05-08,00:00:00,23:59:00,132,"Mon, Tue, Wed, Sat, Sun",ID Missing,ID Missing,Practicum,NRSG 431 - Clinical Practicum IV,31: ICU,Archived (Withdrawn),Withdrawn,2024,Spring 2024,330
437791,Emory University - SON Pre-licensure,Emory University Hospital Midtown,Nursing,Precepted Rotation,1,1,10406,2024-03-18,2024-05-08,00:00:00,23:59:00,132,"Mon, Tue, Wed, Sat, Sun",2021,ID Missing,Practicum,NRSG 431 - Clinical Practicum IV,31: ICU,Archived (Completed),Completed,2024,Spring 2024,330
437797,Emory University - SON Pre-licensure,Emory University Hospital Midtown,Nursing,Precepted Rotation,1,1,10525,2024-03-18,2024-05-08,00:00:00,23:59:00,132,"Mon, Tue, Wed, Sat, Sun",2020,ID Missing,Practicum,NRSG 431 - Clinical Practicum IV,41 ICU: Med Cardiology,Archived (Completed),Completed,2024,Spring 2024,330
437800,Emory University - SON Pre-licensure,Emory University Hospital Midtown,Nursing,Precepted Rotation,1,1,10501,2024-03-18,2024-05-08,00:00:00,23:59:00,132,"Mon, Tue, Wed, Sat, Sun",2020,ID Missing,Practicum,NRSG 431 - Clinical Practicum IV,41 ICU: Med Cardiology,Archived (Completed),Completed,2024,Spring 2024,330
437802,Emory University - SON Pre-licensure,Emory University Hospital Midtown,Nursing,Precepted Rotation,1,1,10420,2024-03-18,2024-05-08,00:00:00,23:59:00,132,"Mon, Tue, Fri, Sat, Sun",2021,ID Missing,Practicum,NRSG 431 - Clinical Practicum IV,ED: Emergency,Archived (Completed),Completed,2024,Spring 2024,330
437804,Emory University - SON Pre-licensure,Emory University Hospital Midtown,Nursing,Precepted Rotation,1,1,10345,2024-03-18,2024-05-08,00:00:00,23:59:00,132,"Mon, Tue, Fri, Sat, Sun",2020,ID Missing,Practicum,NRSG 431 - Clinical Practicum IV,ED: Emergency,Archived (Completed),Completed,2024,Spring 2024,330
437805,Emory University - SON Pre-licensure,Emory Decatur Hospital,Nursing,Precepted Rotation,1,1,10394,2024-03-18,2024-05-08,00:00:00,23:59:00,132,"Mon, Tue, Wed, Sat, Sun",ID Missing,ID Missing,Practicum,NRSG 431 - Clinical Practicum IV,L&D,Archived (Completed),Completed,2024,Spring 2024,330
437808,Emory University - SON Pre-licensure,Emory Decatur Hospital,Nursing,Precepted Rotation,1,1,10417,2024-03-18,2024-05-08,00:00:00,23:59:00,132,"Mon, Tue, Wed, Sat, Sun",ID Missing,ID Missing,Practicum,NRSG 431 - Clinical Practicum IV,NICU,Archived (Completed),Completed,2024,Spring 2024,330
437810,Emory University - SON Pre-licensure,Emory Decatur Hospital,Nursing,Precepted Rotation,1,1,10392,2024-03-18,2024-05-08,00:00:00,23:59:00,132,"Mon, Tue, Wed, Sat, Sun",ID Missing,ID Missing,Practicum,NRSG 431 - Clinical Practicum IV,NICU,Archived (Completed),Completed,2024,Spring 2024,330
437811,Emory University - SON Pre-licensure,Emory Decatur Hospital,Nursing,Precepted Rotation,1,1,10384,2024-03-18,2024-05-08,00:00:00,23:59:00,132,"Mon, Tue, Wed, Sat, Sun",ID Missing,"3007, ID Missing",Practicum,NRSG 431 - Clinical Practicum IV,ICU - 2500,Archived (Completed),Completed,2024,Spring 2024,330
437814,Emory University - SON Pre-licensure,Emory Decatur Hospital,Nursing,Precepted Rotation,1,1,10411,2024-03-18,2024-05-08,00:00:00,23:59:00,132,"Mon, Tue, Wed, Sat, Sun",ID Missing,"3007, ID Missing",Practicum,NRSG 431 - Clinical Practicum IV,ICU - 2500,Archived (Completed),Completed,2024,Spring 2024,330
438104,Walden University,Emory Long Term Acute Care Hospital,Nursing,Precepted Rotation,0,1,No Students Assigned,2024-02-26,2024-05-12,00:00:00,23:59:00,160,,2030,3027,Other (see comments),6341 - Specialty in Clinical Nursing,-no preference-,Archived (Completed),Completed,2024,Spring 2024,549
438360,Chamberlain College of Nursing - Atlanta,Emory Saint Joseph's Hospital,Nursing,Cohort Rotation,0,8,No Students Assigned,2024-03-08,2024-03-29,07:00:00,19:00:00,48,Fri,ID Missing,No Preceptor Assigned,MedSurg - Acute Care,NR 452 - Capstone Course,3SW GI medicine/bariatrics,Archived (Completed),Completed,2024,Spring 2024,16
438825,Emory University - SON Pre-licensure,Emory University Hospital Midtown,Nursing,Precepted Rotation,1,1,10382,2024-01-16,2024-03-08,00:00:00,23:59:00,132,"Mon, Tue, Wed, Sat, Sun",2021,ID Missing,Practicum,NRSG 648 MN - Transitions to Nursing Practice,11 ICU: CV ICU,Archived (Completed),Completed,2024,Spring 2024,324
438826,Emory University - SON Pre-licensure,Emory University Hospital Midtown,Nursing,Precepted Rotation,1,1,10410,2024-03-18,2024-05-08,00:00:00,23:59:00,132,"Mon, Tue, Wed, Sat, Sun",2021,ID Missing,Practicum,NRSG 648 MN - Transitions to Nursing Practice,11 ICU: CV ICU,Archived (Completed),Completed,2024,Spring 2024,330
438836,Emory University - SON Pre-licensure,"Emory Offsite Locations - The Emory Clinic, Ambulatory Surgery Centers And The Emory Specialty Assocs",Nursing,Precepted Rotation,1,1,10376,2024-01-16,2024-03-08,00:00:00,23:59:00,132,"Mon, Tue, Wed, Sat, Sun",2008,ID Missing,Practicum,NRSG 648 MN - Transitions to Nursing Practice,Other (see comments),Archived (Completed),Completed,2024,Spring 2024,324
438962,South College - Atlanta Campus - Nursing,Emory Hillandale Hospital,Nursing,Precepted Rotation,1,1,11926,2024-01-17,2024-03-28,00:00:00,23:59:00,150,"Mon, Tue, Wed, Fri, Sat, Sun",ID Missing,No Preceptor Assigned,Practicum,NSG 4613 - Adult Health Practicum,5th floor - med surg,Archived (Completed),Completed,2024,Spring 2024,504
439141,Chamberlain College of Nursing - Georgia,Emory University Hospital,Nursing,Precepted Rotation,1,1,10103,2024-01-08,2024-02-26,00:00:00,23:59:00,96,Thu,ID Missing,No Preceptor Assigned,MedSurg - Acute Care,NR 446 - Collaborative Health,CVICU,Archived (Completed),Completed,2024,Spring 2024,150
440060,Emory University - SON Pre-licensure,Emory University Hospital,Nursing,Precepted Rotation,1,1,10618,2024-01-16,2024-03-08,00:00:00,23:59:00,132,"Mon, Tue, Wed, Sat, Sun",2020,"ID Missing, ID Missing",Practicum,NRSG 431 - Clinical Practicum IV,5G/6G: Respiratory ICU,Archived (Completed),Completed,2024,Spring 2024,324
440121,Chamberlain College of Nursing - Georgia,Emory Saint Joseph's Hospital,Nursing,Precepted Rotation,1,1,10873,2024-01-08,2024-02-26,00:00:00,23:59:00,96,,ID Missing,No Preceptor Assigned,MedSurg - Acute Care,NR 446 - Collaborative Health,OR,Archived (Withdrawn),Withdrawn,2024,Spring 2024,150
440122,Chamberlain College of Nursing - Georgia,Emory Saint Joseph's Hospital,Nursing,Precepted Rotation,0,1,No Students Assigned,2024-01-08,2024-02-26,00:00:00,23:59:00,96,,ID Missing,No Preceptor Assigned,MedSurg - Acute Care,NR 446 - Collaborative Health,OR,Archived (Withdrawn),Withdrawn,2024,Spring 2024,150
440462,Chamberlain College of Nursing - Georgia,Emory Johns Creek Hospital,Nursing,Precepted Rotation,0,1,No Students Assigned,2024-01-08,2024-02-26,00:00:00,23:59:00,96,,ID Missing,No Preceptor Assigned,MedSurg - Acute Care,NR 446 - Collaborative Health,ED: emergency,Archived (Denied),Denied,2024,Spring 2024,150
440864,Chamberlain College of Nursing - Georgia,Emory Hillandale Hospital,Nursing,Precepted Rotation,1,1,10875,2024-01-08,2024-02-26,00:00:00,23:59:00,96,,ID Missing,No Preceptor Assigned,MedSurg - Acute Care,NR 446 - Collaborative Health,Emergency Dept,Archived (Completed),Completed,2024,Spring 2024,150
440865,Chamberlain College of Nursing - Georgia,Emory Hillandale Hospital,Nursing,Precepted Rotation,1,1,11927,2024-01-08,2024-02-26,00:00:00,23:59:00,96,,ID Missing,No Preceptor Assigned,MedSurg - Acute Care,NR 446 - Collaborative Health,Emergency Dept,Archived (Completed),Completed,2024,Spring 2024,150
441104,Chamberlain College of Nursing - Atlanta,Emory Hillandale Hospital,Nursing,Precepted Rotation,1,1,10078,2024-03-04,2024-03-25,00:00:00,23:59:00,48,,ID Missing,ID Missing,MedSurg - Acute Care,NR 452 - Senior Practicum - Capstone Course,5th floor - med surg,Archived (Completed),Completed,2024,Spring 2024,12
441106,Chamberlain College of Nursing - Atlanta,Emory University Hospital,Nursing,Precepted Rotation,1,1,10866,2024-03-04,2024-03-25,00:00:00,23:59:00,48,,ID Missing,No Preceptor Assigned,MedSurg - Acute Care,NR 452 - Senior Practicum - Capstone Course,-no preference-,Archived (Completed),Completed,2024,Spring 2024,12
441596,Chamberlain College of Nursing - Atlanta,Emory University Hospital,Nursing,Precepted Rotation,1,1,10103,2024-03-04,2024-03-25,00:00:00,23:59:00,48,,ID Missing,No Preceptor Assigned,MedSurg - Acute Care,NR 452 - Senior Practicum - Capstone Course,CVICU,Archived (Completed),Completed,2024,Spring 2024,12
441600,Chamberlain College of Nursing - Atlanta,Emory Hillandale Hospital,Nursing,Precepted Rotation,1,1,10875,2024-03-04,2024-03-25,00:00:00,23:59:00,48,,ID Missing,No Preceptor Assigned,MedSurg - Acute Care,NR 452 - Senior Practicum - Capstone Course,Emergency Dept,Archived (Completed),Completed,2024,Spring 2024,12
441611,Chamberlain College of Nursing - Georgia,Emory Decatur Hospital,Nursing,Precepted Rotation,1,1,10100,2024-01-08,2024-02-26,00:00:00,23:59:00,48,,ID Missing,No Preceptor Assigned,MedSurg - Acute Care,NR 446 - Senior Practicum - Collaborative Healthcare,Operating Room,Archived (Completed),Completed,2024,Spring 2024,150
441612,Chamberlain College of Nursing - Georgia,Emory Decatur Hospital,Nursing,Precepted Rotation,1,1,10873,2024-01-08,2024-02-26,00:00:00,23:59:00,96,,ID Missing,No Preceptor Assigned,MedSurg - Acute Care,NR 446 - Senior Practicum - Collaborative Healthcare,Operating Room,Archived (Completed),Completed,2024,Spring 2024,150
442410,Chamberlain College of Nursing - Georgia,Emory Decatur Hospital,Nursing,Cohort Rotation,0,6,No Students Assigned,2024-03-04,2024-04-08,07:00:00,07:00:00,48,Mon,ID Missing,No Preceptor Assigned,Psychiatry; Mental Health; Behavioral Medicine,NR 326 - Mental Health Nursing,Behavioral Health,Archived (Denied),Denied,2024,Spring 2024,167
442760,Chamberlain College of Nursing - Georgia,Emory Johns Creek Hospital,Nursing,Cohort Rotation,0,6,No Students Assigned,2024-05-06,2024-05-27,07:00:00,19:00:00,48,Mon,ID Missing,No Preceptor Assigned,Perinatal - OB,NR 327 - Maternal Child,"Maternity: M/B, L&D, NICU",Archived (Denied),Denied,2024,Spring 2024,179
442761,Chamberlain College of Nursing - Georgia,Emory Johns Creek Hospital,Nursing,Cohort Rotation,0,6,No Students Assigned,2024-06-03,2024-06-24,07:00:00,19:00:00,48,Mon,ID Missing,No Preceptor Assigned,Perinatal - OB,NR 327 - Maternal Child,"Maternity: M/B, L&D, NICU",Archived (Denied),Denied,2024,Spring 2024,186
442763,Chamberlain College of Nursing - Georgia,Emory Johns Creek Hospital,Nursing,Cohort Rotation,0,6,No Students Assigned,2024-05-10,2024-05-31,07:00:00,19:00:00,48,Fri,ID Missing,No Preceptor Assigned,Perinatal - OB,NR 327 - Maternal Child,"Maternity: M/B, L&D, NICU",Archived (Denied),Denied,2024,Spring 2024,183
442764,Chamberlain College of Nursing - Georgia,Emory Johns Creek Hospital,Nursing,Cohort Rotation,0,6,No Students Assigned,2024-06-07,2024-06-28,07:00:00,19:00:00,48,Fri,ID Missing,No Preceptor Assigned,Perinatal - OB,NR 327 - Maternal Child,"Maternity: M/B, L&D, NICU",Archived (Denied),Denied,2024,Spring 2024,187
442765,Chamberlain College of Nursing - Georgia,Emory Johns Creek Hospital,Nursing,Cohort Rotation,0,6,No Students Assigned,2024-05-11,2024-06-01,07:00:00,19:00:00,48,Sat,ID Missing,No Preceptor Assigned,Perinatal - OB,NR 327 - Maternal Child,"Maternity: M/B, L&D, NICU",Archived (Denied),Denied,2024,Spring 2024,184
442767,Chamberlain College of Nursing - Georgia,Emory Johns Creek Hospital,Nursing,Cohort Rotation,0,6,No Students Assigned,2024-06-08,2024-06-29,07:00:00,19:00:00,48,Sat,ID Missing,No Preceptor Assigned,Perinatal - OB,NR 327 - Maternal Child,"Maternity: M/B, L&D, NICU",Archived (Denied),Denied,2024,Spring 2024,188
442813,Chamberlain College of Nursing - Georgia,Emory Johns Creek Hospital,Nursing,Cohort Rotation,0,8,No Students Assigned,2024-03-05,2024-03-26,07:00:00,19:00:00,8,Tue,ID Missing,No Preceptor Assigned,MedSurg - Acute Care,NR 452 - Capstone Course,3rd floor: med-surg,Archived (Denied),Denied,2024,Spring 2024,168
442814,Chamberlain College of Nursing - Atlanta,Emory Hillandale Hospital,Nursing,Cohort Rotation,7,8,"11917, 11918, 11919, 11920, 11922, 11921, 11663",2024-03-09,2024-03-30,07:00:00,19:00:00,36,Sat,ID Missing,No Preceptor Assigned,MedSurg - Acute Care,NR 452 - Capstone Course,3rd floor - med surg,Archived (Completed),Completed,2024,Spring 2024,20
442817,Chamberlain College of Nursing - Atlanta,Emory Decatur Hospital,Nursing,Precepted Rotation,1,1,10873,2024-03-04,2024-03-25,00:00:00,23:59:00,48,,ID Missing,No Preceptor Assigned,MedSurg - Acute Care,NR 452 - Senior Practicum - Capstone Course,Operating Room,Archived (Completed),Completed,2024,Spring 2024,12
442818,Chamberlain College of Nursing - Atlanta,Emory Decatur Hospital,Nursing,Precepted Rotation,1,1,10100,2024-03-04,2024-03-25,00:00:00,23:59:00,48,,ID Missing,No Preceptor Assigned,MedSurg - Acute Care,NR 452 - Senior Practicum - Capstone Course,Operating Room,Archived (Completed),Completed,2024,Spring 2024,12
442820,Chamberlain College of Nursing - Atlanta,Emory Hillandale Hospital,Nursing,Precepted Rotation,0,1,No Students Assigned,2024-03-04,2024-03-25,00:00:00,23:59:00,48,,ID Missing,No Preceptor Assigned,MedSurg - Acute Care,NR 452 - Senior Practicum - Capstone Course,Emergency Dept,Archived (Completed),Completed,2024,Spring 2024,12
443208,Chamberlain College of Nursing - Georgia,Emory Saint Joseph's Hospital,Nursing,Cohort Rotation,0,8,No Students Assigned,2024-03-05,2024-04-23,07:00:00,15:00:00,96,Tue,ID Missing,No Preceptor Assigned,MedSurg - Acute Care,NR 325 - Adult Health II,3SW,Archived (Denied),Denied,2024,Spring 2024,169
443224,Chamberlain College of Nursing - Georgia,Emory Decatur Hospital,Nursing,Cohort Rotation,0,6,No Students Assigned,2024-05-06,2024-06-10,07:00:00,19:00:00,48,Mon,ID Missing,No Preceptor Assigned,Psychiatry; Mental Health; Behavioral Medicine,NR 326 - Mental Health Nursing,Behavioral Health,Archived (Denied),Denied,2024,Spring 2024,180
443231,Chamberlain College of Nursing - Georgia,Emory Saint Joseph's Hospital,Nursing,Cohort Rotation,0,8,No Students Assigned,2024-03-05,2024-04-23,07:00:00,15:00:00,96,Tue,ID Missing,No Preceptor Assigned,MedSurg - Acute Care,NR 324 - Adult Health I,5W,Archived (Denied),Denied,2024,Spring 2024,169
443254,Chamberlain College of Nursing - Georgia,Emory Saint Joseph's Hospital,Nursing,Cohort Rotation,0,8,No Students Assigned,2024-03-07,2024-04-25,07:00:00,15:00:00,96,Thu,ID Missing,No Preceptor Assigned,MedSurg - Acute Care,NR 324 - Adult Health I,5W,Archived (Denied),Denied,2024,Spring 2024,172
443261,Chamberlain College of Nursing - Georgia,Emory Saint Joseph's Hospital,Nursing,Cohort Rotation,0,8,No Students Assigned,2024-03-09,2024-04-27,07:00:00,15:00:00,96,Sat,ID Missing,No Preceptor Assigned,MedSurg - Acute Care,NR 324 - Adult Health I,3S,Archived (Denied),Denied,2024,Spring 2024,175
443267,Chamberlain College of Nursing - Atlanta,Emory Saint Joseph's Hospital,Nursing,Cohort Rotation,7,8,"11592, 10915, 11928, 11929, 11930, 11931, 11932",2024-03-05,2024-04-23,07:00:00,15:00:00,96,Tue,ID Missing,No Preceptor Assigned,MedSurg - Acute Care,NR 324 - Adult Health I,4W renal and urology,Archived (Completed),Completed,2024,Spring 2024,14
443332,Chamberlain College of Nursing - Georgia,Emory Saint Joseph's Hospital,Nursing,Cohort Rotation,0,8,No Students Assigned,2024-03-07,2024-04-25,07:00:00,15:00:00,96,Thu,ID Missing,No Preceptor Assigned,MedSurg - Acute Care,NR 324 - Adult Health I,Any Available,Archived (Denied),Denied,2024,Spring 2024,172
443609,Chamberlain College of Nursing - Atlanta,Emory Saint Joseph's Hospital,Nursing,Precepted Rotation,1,1,11923,2024-03-04,2024-03-25,00:00:00,23:59:00,48,,ID Missing,No Preceptor Assigned,MedSurg - Acute Care,NR 452 - Senior Practicum - Capstone Course,5E internal medicine,Archived (Completed),Completed,2024,Spring 2024,12
443643,Chamberlain College of Nursing - Atlanta,Emory Saint Joseph's Hospital,Nursing,Cohort Rotation,8,8,"10113, 10108, 11933, 10051, 11934, 10933, 11935, 11936",2024-05-08,2024-06-26,07:00:00,19:00:00,96,Wed,ID Missing,No Preceptor Assigned,MedSurg - Acute Care,NR 446 - Collaborative Health,6E internal medicine,Archived (Completed),Completed,2024,Spring 2024,27
443647,Chamberlain College of Nursing - Georgia,Emory Hillandale Hospital,Nursing,Cohort Rotation,0,8,No Students Assigned,2024-05-06,2024-06-24,07:00:00,19:00:00,96,Mon,ID Missing,No Preceptor Assigned,MedSurg - Acute Care,NR 446 - Collaborative Health,4th floor - telemetry,Archived (Denied),Denied,2024,Spring 2024,181
443682,Chamberlain College of Nursing - Atlanta,Emory Decatur Hospital,Nursing,Cohort Rotation,6,6,"10122, 10147, 11673, 11671, 11672, 10130",2024-05-09,2024-06-27,07:00:00,19:00:00,96,Thu,ID Missing,No Preceptor Assigned,MedSurg - Acute Care,NR 446 - Collaborative Health,General Medical - 4500,Archived (Completed),Completed,2024,Spring 2024,29
443685,Chamberlain College of Nursing - Atlanta,Emory Saint Joseph's Hospital,Nursing,Cohort Rotation,7,8,"11674, 11676, 11937, 10131, 11938, 11677, 11675",2024-05-10,2024-06-28,07:00:00,19:00:00,96,Fri,ID Missing,No Preceptor Assigned,MedSurg - Acute Care,NR 446 - Collaborative Health,3SW GI medicine/bariatrics,Archived (Completed),Completed,2024,Spring 2024,31
444272,Chamberlain College of Nursing - Atlanta,Emory Saint Joseph's Hospital,Nursing,Cohort Rotation,6,8,"11592, 11928, 11929, 11930, 11931, 11932",2024-05-07,2024-06-25,07:00:00,19:00:00,96,Tue,ID Missing,No Preceptor Assigned,MedSurg - Acute Care,NR 325 - Adult Health II,4W renal and urology,Archived (Completed),Completed,2024,Spring 2024,25
444597,Chamberlain College of Nursing - Atlanta,Emory Saint Joseph's Hospital,Nursing,Precepted Rotation,2,2,"11847, 10860",2024-05-06,2024-06-29,00:00:00,23:59:00,96,"Tue, Wed, Thu, Fri, Sat",ID Missing,No Preceptor Assigned,MedSurg - Acute Care,NR 446 - Collaborative Health,OR,Archived (Completed),Completed,2024,Spring 2024,24
444723,Chamberlain College of Nursing - Georgia,Emory Johns Creek Hospital,Nursing,Cohort Rotation,0,6,No Students Assigned,2024-07-08,2024-07-29,07:00:00,19:00:00,48,Mon,ID Missing,No Preceptor Assigned,Perinatal - OB,NR 327 - Maternal Child,"Maternity: M/B, L&D, NICU",Archived (Denied),Denied,2024,Fall 2024,189
444725,Chamberlain College of Nursing - Georgia,Emory Johns Creek Hospital,Nursing,Cohort Rotation,0,6,No Students Assigned,2024-08-05,2024-08-26,07:00:00,19:00:00,48,Mon,ID Missing,No Preceptor Assigned,Perinatal - OB,NR 327 - Maternal Child,"Maternity: M/B, L&D, NICU",Archived (Denied),Denied,2024,Fall 2024,196
444728,Chamberlain College of Nursing - Georgia,Emory Johns Creek Hospital,Nursing,Cohort Rotation,0,6,No Students Assigned,2024-07-12,2024-08-02,07:00:00,19:00:00,48,Fri,ID Missing,No Preceptor Assigned,Perinatal - OB,NR 327 - Maternal Child,"Maternity: M/B, L&D, NICU",Archived (Denied),Denied,2024,Fall 2024,193
444729,Chamberlain College of Nursing - Georgia,Emory Johns Creek Hospital,Nursing,Cohort Rotation,0,6,No Students Assigned,2024-08-09,2024-08-30,07:00:00,19:00:00,48,Fri,ID Missing,No Preceptor Assigned,Perinatal - OB,NR 327 - Maternal Child,"Maternity: M/B, L&D, NICU",Archived (Denied),Denied,2024,Fall 2024,197
444731,Chamberlain College of Nursing - Georgia,Emory Johns Creek Hospital,Nursing,Cohort Rotation,0,6,No Students Assigned,2024-07-13,2024-08-03,07:00:00,19:00:00,48,Sat,ID Missing,No Preceptor Assigned,Perinatal - OB,NR 327 - Maternal Child,"Maternity: M/B, L&D, NICU",Archived (Denied),Denied,2024,Fall 2024,195
444735,Chamberlain College of Nursing - Georgia,Emory Johns Creek Hospital,Nursing,Cohort Rotation,0,6,No Students Assigned,2024-08-10,2024-08-31,07:00:00,19:00:00,48,Sat,ID Missing,No Preceptor Assigned,Perinatal - OB,NR 327 - Maternal Child,"Maternity: M/B, L&D, NICU",Archived (Denied),Denied,2024,Fall 2024,198
445079,Chamberlain College of Nursing - Georgia,Emory Decatur Hospital,Nursing,Cohort Rotation,0,6,No Students Assigned,2024-07-08,2024-08-12,07:00:00,19:00:00,48,Mon,ID Missing,No Preceptor Assigned,Psychiatry; Mental Health; Behavioral Medicine,NR 326 - Mental Health Nursing,Behavioral Health,Archived (Denied),Denied,2024,Fall 2024,190
445101,Emory University - SON Pre-licensure,"Emory Offsite Locations - The Emory Clinic, Ambulatory Surgery Centers And The Emory Specialty Assocs",Nursing,Precepted Rotation,1,1,10399,2024-01-16,2024-03-08,00:00:00,23:59:00,24,Wed,ID Missing,ID Missing,Ambulatory,NRSG 676 MN - Care Transitions Practicum,Other (see comments),Archived (Completed),Completed,2024,Spring 2024,324
445117,Chamberlain College of Nursing - Georgia,Emory Decatur Hospital,Nursing,Cohort Rotation,0,6,No Students Assigned,2024-03-06,2024-04-10,07:00:00,19:00:00,48,Wed,ID Missing,No Preceptor Assigned,Psychiatry; Mental Health; Behavioral Medicine,NR 326 - Mental Health Nursing,Behavioral Health,Archived (Denied),Denied,2024,Spring 2024,171
445145,Emory University - SON Pre-licensure,"Emory Offsite Locations - The Emory Clinic, Ambulatory Surgery Centers And The Emory Specialty Assocs",Nursing,Precepted Rotation,1,1,10366,2024-01-16,2024-03-08,00:00:00,23:59:00,24,Wed,ID Missing,ID Missing,Ambulatory,NRSG 676 MN - Care Transitions Practicum,Other (see comments),Archived (Completed),Completed,2024,Spring 2024,324
445147,Emory University - SON Pre-licensure,"Emory Offsite Locations - The Emory Clinic, Ambulatory Surgery Centers And The Emory Specialty Assocs",Nursing,Precepted Rotation,1,1,10411,2024-01-16,2024-03-08,00:00:00,23:59:00,24,Wed,ID Missing,ID Missing,Ambulatory,NRSG 676 MN - Care Transitions Practicum,Other (see comments),Archived (Completed),Completed,2024,Spring 2024,324
445148,Emory University - SON Pre-licensure,"Emory Offsite Locations - The Emory Clinic, Ambulatory Surgery Centers And The Emory Specialty Assocs",Nursing,Precepted Rotation,1,1,10420,2024-01-16,2024-03-08,00:00:00,23:59:00,24,Wed,ID Missing,ID Missing,Ambulatory,NRSG 676 MN - Care Transitions Practicum,Other (see comments),Archived (Completed),Completed,2024,Spring 2024,324
445151,Emory University - SON Pre-licensure,"Emory Offsite Locations - The Emory Clinic, Ambulatory Surgery Centers And The Emory Specialty Assocs",Nursing,Precepted Rotation,1,1,10364,2024-01-16,2024-03-08,00:00:00,23:59:00,24,Wed,ID Missing,ID Missing,Ambulatory,NRSG 676 MN - Care Transitions Practicum,Other (see comments),Archived (Completed),Completed,2024,Spring 2024,324
445153,Emory University - SON Pre-licensure,"Emory Offsite Locations - The Emory Clinic, Ambulatory Surgery Centers And The Emory Specialty Assocs",Nursing,Precepted Rotation,1,1,10394,2023-01-09,2024-03-08,00:00:00,23:59:00,24,Wed,ID Missing,ID Missing,Ambulatory,NRSG 676 MN - Care Transitions Practicum,Other (see comments),Archived (Completed),Completed,2023,Spring 2023,243
445162,Emory University - SON Pre-licensure,"Emory Offsite Locations - The Emory Clinic, Ambulatory Surgery Centers And The Emory Specialty Assocs",Nursing,Precepted Rotation,1,1,10409,2024-01-16,2024-03-08,00:00:00,23:59:00,24,Wed,ID Missing,ID Missing,Ambulatory,NRSG 676 MN - Care Transitions Practicum,Other (see comments),Archived (Completed),Completed,2024,Spring 2024,324
445166,Chamberlain College of Nursing - Georgia,Emory Decatur Hospital,Nursing,Cohort Rotation,0,6,No Students Assigned,2024-05-11,2024-06-15,07:00:00,19:00:00,48,Sat,ID Missing,No Preceptor Assigned,Psychiatry; Mental Health; Behavioral Medicine,NR 326 - Mental Health Nursing,Behavioral Health,Archived (Denied),Denied,2024,Spring 2024,185
445167,Emory University - SON Pre-licensure,"Emory Offsite Locations - The Emory Clinic, Ambulatory Surgery Centers And The Emory Specialty Assocs",Nursing,Precepted Rotation,1,1,10417,2024-01-16,2024-03-08,00:00:00,23:59:00,24,Wed,ID Missing,ID Missing,Ambulatory,NRSG 676 MN - Care Transitions Practicum,Other (see comments),Archived (Completed),Completed,2024,Spring 2024,324
445174,Emory University - SON Pre-licensure,"Emory Offsite Locations - The Emory Clinic, Ambulatory Surgery Centers And The Emory Specialty Assocs",Nursing,Precepted Rotation,1,1,10355,2024-01-16,2024-03-08,00:00:00,23:59:00,24,Tue,ID Missing,ID Missing,Ambulatory,NRSG 676 MN - Care Transitions Practicum,Other (see comments),Archived (Completed),Completed,2024,Spring 2024,324
445176,Emory University - SON Pre-licensure,Emory University Hospital,Nursing,Cohort Rotation,0,8,No Students Assigned,2024-08-04,2024-08-24,07:00:00,19:00:00,96,,ID Missing,No Preceptor Assigned,MedSurg - Acute Care,NRSG 356D - Acute and Chronic I Care Clinical Practicum Adult and Geriatric Populations,6G: Medical,Archived (Denied),Denied,2024,Fall 2024,375
445179,Emory University - SON Pre-licensure,"Emory Offsite Locations - The Emory Clinic, Ambulatory Surgery Centers And The Emory Specialty Assocs",Nursing,Precepted Rotation,1,1,10402,2024-01-16,2024-03-08,00:00:00,23:59:00,24,Wed,ID Missing,ID Missing,Ambulatory,NRSG 676 MN - Care Transitions Practicum,Other (see comments),Archived (Completed),Completed,2024,Spring 2024,324
445182,Emory University - SON Pre-licensure,"Emory Offsite Locations - The Emory Clinic, Ambulatory Surgery Centers And The Emory Specialty Assocs",Nursing,Precepted Rotation,1,1,10405,2024-01-16,2024-03-08,00:00:00,23:59:00,24,Wed,ID Missing,ID Missing,Ambulatory,NRSG 676 MN - Care Transitions Practicum,Other (see comments),Archived (Completed),Completed,2024,Spring 2024,324
445185,Emory University - SON Pre-licensure,"Emory Offsite Locations - The Emory Clinic, Ambulatory Surgery Centers And The Emory Specialty Assocs",Nursing,Precepted Rotation,1,1,10396,2024-01-16,2024-03-08,00:00:00,23:59:00,24,Wed,ID Missing,ID Missing,Ambulatory,NRSG 676 MN - Care Transitions Practicum,Other (see comments),Archived (Completed),Completed,2024,Spring 2024,324
445189,Emory University - SON Pre-licensure,"Emory Offsite Locations - The Emory Clinic, Ambulatory Surgery Centers And The Emory Specialty Assocs",Nursing,Precepted Rotation,1,1,10361,2024-01-16,2024-03-08,00:00:00,23:59:00,24,Wed,ID Missing,ID Missing,Ambulatory,NRSG 676 MN - Care Transitions Practicum,Other (see comments),Archived (Completed),Completed,2024,Spring 2024,324
445378,Chamberlain College of Nursing - Georgia,Emory Decatur Hospital,Nursing,Cohort Rotation,0,6,No Students Assigned,2024-09-06,2024-10-11,07:00:00,19:00:00,48,Fri,ID Missing,No Preceptor Assigned,Psychiatry; Mental Health; Behavioral Medicine,NR 326 - Mental Health Nursing,Behavioral Health (acute) - 1800,Archived (Denied),Denied,2024,Fall 2024,203
445379,Chamberlain College of Nursing - Georgia,Emory Decatur Hospital,Nursing,Cohort Rotation,0,6,No Students Assigned,2024-09-06,2024-10-11,07:00:00,19:00:00,48,Fri,ID Missing,No Preceptor Assigned,Psychiatry; Mental Health; Behavioral Medicine,NR 326 - Mental Health Nursing,Behavioral Health  - 2800,Archived (Denied),Denied,2024,Fall 2024,203
445392,Emory University - SON Pre-licensure,"Emory Offsite Locations - The Emory Clinic, Ambulatory Surgery Centers And The Emory Specialty Assocs",Nursing,Precepted Rotation,1,1,10403,2024-01-16,2024-03-08,00:00:00,23:59:00,24,Wed,ID Missing,ID Missing,Ambulatory,NRSG 676 MN - Care Transitions Practicum,Other (see comments),Archived (Completed),Completed,2024,Spring 2024,324
445394,Emory University - SON Pre-licensure,"Emory Offsite Locations - The Emory Clinic, Ambulatory Surgery Centers And The Emory Specialty Assocs",Nursing,Precepted Rotation,1,1,10401,2024-01-16,2024-03-08,00:00:00,23:59:00,24,Wed,ID Missing,ID Missing,Ambulatory,NRSG 676 MN - Care Transitions Practicum,Other (see comments),Archived (Completed),Completed,2024,Spring 2024,324
445397,Emory University - SON Pre-licensure,"Emory Offsite Locations - The Emory Clinic, Ambulatory Surgery Centers And The Emory Specialty Assocs",Nursing,Precepted Rotation,1,1,10400,2024-01-16,2024-03-08,00:00:00,23:59:00,24,Tue,ID Missing,ID Missing,Ambulatory,NRSG 676 MN - Care Transitions Practicum,Other (see comments),Archived (Completed),Completed,2024,Spring 2024,324
445398,Chamberlain College of Nursing - Georgia,Emory Johns Creek Hospital,Nursing,Cohort Rotation,0,6,No Students Assigned,2024-09-02,2024-09-23,07:00:00,19:00:00,48,Mon,ID Missing,No Preceptor Assigned,Perinatal - OB,NR 327 - Maternal Child,"Maternity: M/B, L&D, NICU",Archived (Denied),Denied,2024,Fall 2024,199
445399,Chamberlain College of Nursing - Georgia,Emory Johns Creek Hospital,Nursing,Cohort Rotation,0,6,No Students Assigned,2024-09-30,2024-10-21,07:00:00,19:00:00,48,Mon,ID Missing,No Preceptor Assigned,Perinatal - OB,NR 327 - Maternal Child,"Maternity: M/B, L&D, NICU",Archived (Denied),Denied,2024,Fall 2024,205
445400,Chamberlain College of Nursing - Georgia,Emory Johns Creek Hospital,Nursing,Cohort Rotation,0,6,No Students Assigned,2024-09-06,2024-09-27,07:00:00,19:00:00,48,Fri,ID Missing,No Preceptor Assigned,Perinatal - OB,NR 327 - Maternal Child,"Maternity: M/B, L&D, NICU",Archived (Denied),Denied,2024,Fall 2024,202
445401,Chamberlain College of Nursing - Georgia,Emory Johns Creek Hospital,Nursing,Cohort Rotation,0,6,No Students Assigned,2024-10-04,2024-10-25,07:00:00,19:00:00,48,Fri,ID Missing,No Preceptor Assigned,Perinatal - OB,NR 327 - Maternal Child,"Maternity: M/B, L&D, NICU",Archived (Denied),Denied,2024,Fall 2024,206
445402,Chamberlain College of Nursing - Georgia,Emory Johns Creek Hospital,Nursing,Cohort Rotation,0,6,No Students Assigned,2024-09-07,2024-09-28,07:00:00,19:00:00,48,Sat,ID Missing,No Preceptor Assigned,Perinatal - OB,NR 327 - Maternal Child,"Maternity: M/B, L&D, NICU",Archived (Denied),Denied,2024,Fall 2024,204
445403,Chamberlain College of Nursing - Georgia,Emory Johns Creek Hospital,Nursing,Cohort Rotation,0,6,No Students Assigned,2024-10-05,2024-10-26,07:00:00,19:00:00,48,Sat,ID Missing,No Preceptor Assigned,Perinatal - OB,NR 327 - Maternal Child,"Maternity: M/B, L&D, NICU",Archived (Denied),Denied,2024,Fall 2024,207
445406,Emory University - SON Pre-licensure,"Emory Offsite Locations - The Emory Clinic, Ambulatory Surgery Centers And The Emory Specialty Assocs",Nursing,Precepted Rotation,1,1,10377,2024-01-16,2024-03-08,00:00:00,23:59:00,24,Tue,ID Missing,ID Missing,Ambulatory,NRSG 676 MN - Care Transitions Practicum,Other (see comments),Archived (Completed),Completed,2024,Spring 2024,324
445408,Emory University - SON Pre-licensure,"Emory Offsite Locations - The Emory Clinic, Ambulatory Surgery Centers And The Emory Specialty Assocs",Nursing,Precepted Rotation,1,1,10404,2024-01-16,2024-03-08,00:00:00,23:59:00,24,Tue,ID Missing,ID Missing,Ambulatory,NRSG 676 MN - Care Transitions Practicum,Other (see comments),Archived (Completed),Completed,2024,Spring 2024,324
445409,Emory University - SON Pre-licensure,"Emory Offsite Locations - The Emory Clinic, Ambulatory Surgery Centers And The Emory Specialty Assocs",Nursing,Precepted Rotation,1,1,10398,2024-01-16,2024-03-08,00:00:00,23:59:00,24,Tue,ID Missing,ID Missing,Ambulatory,NRSG 676 MN - Care Transitions Practicum,Other (see comments),Archived (Completed),Completed,2024,Spring 2024,324
445412,Emory University - SON Pre-licensure,"Emory Offsite Locations - The Emory Clinic, Ambulatory Surgery Centers And The Emory Specialty Assocs",Nursing,Precepted Rotation,1,1,10358,2024-01-16,2024-03-08,00:00:00,23:59:00,24,Tue,ID Missing,ID Missing,Ambulatory,NRSG 676 MN - Care Transitions Practicum,Other (see comments),Archived (Completed),Completed,2024,Spring 2024,324
445416,Emory University - SON Pre-licensure,"Emory Offsite Locations - The Emory Clinic, Ambulatory Surgery Centers And The Emory Specialty Assocs",Nursing,Precepted Rotation,1,1,10374,2024-01-16,2024-03-08,00:00:00,23:59:00,24,Tue,ID Missing,ID Missing,Ambulatory,NRSG 676 MN - Care Transitions Practicum,Other (see comments),Archived (Completed),Completed,2024,Spring 2024,324
445422,Emory University - SON Pre-licensure,"Emory Offsite Locations - The Emory Clinic, Ambulatory Surgery Centers And The Emory Specialty Assocs",Nursing,Precepted Rotation,1,1,10419,2024-01-16,2024-03-08,00:00:00,23:59:00,24,Tue,ID Missing,ID Missing,Ambulatory,NRSG 676 MN - Care Transitions Practicum,Other (see comments),Archived (Completed),Completed,2024,Spring 2024,324
445427,Emory University - SON Pre-licensure,"Emory Offsite Locations - The Emory Clinic, Ambulatory Surgery Centers And The Emory Specialty Assocs",Nursing,Precepted Rotation,1,1,10353,2024-01-16,2024-03-08,00:00:00,23:59:00,24,Wed,ID Missing,ID Missing,Ambulatory,NRSG 676 MN - Care Transitions Practicum,Other (see comments),Archived (Completed),Completed,2024,Spring 2024,324
445431,Emory University - SON Pre-licensure,"Emory Offsite Locations - The Emory Clinic, Ambulatory Surgery Centers And The Emory Specialty Assocs",Nursing,Precepted Rotation,1,1,10406,2024-01-16,2024-03-08,00:00:00,23:59:00,24,Wed,ID Missing,ID Missing,Ambulatory,NRSG 676 MN - Care Transitions Practicum,Other (see comments),Archived (Completed),Completed,2024,Spring 2024,324
445434,Emory University - SON Pre-licensure,"Emory Offsite Locations - The Emory Clinic, Ambulatory Surgery Centers And The Emory Specialty Assocs",Nursing,Precepted Rotation,1,1,10387,2024-01-16,2024-03-08,00:00:00,23:59:00,24,Wed,ID Missing,ID Missing,Ambulatory,NRSG 676 MN - Care Transitions Practicum,Other (see comments),Archived (Completed),Completed,2024,Spring 2024,324
445436,Emory University - SON Pre-licensure,"Emory Offsite Locations - The Emory Clinic, Ambulatory Surgery Centers And The Emory Specialty Assocs",Nursing,Precepted Rotation,1,1,10392,2024-01-16,2024-03-08,00:00:00,23:59:00,24,Wed,ID Missing,ID Missing,Ambulatory,NRSG 676 MN - Care Transitions Practicum,Other (see comments),Archived (Completed),Completed,2024,Spring 2024,324
445438,Emory University - SON Pre-licensure,"Emory Offsite Locations - The Emory Clinic, Ambulatory Surgery Centers And The Emory Specialty Assocs",Nursing,Precepted Rotation,1,1,10415,2024-01-16,2024-03-08,00:00:00,23:59:00,24,Wed,ID Missing,ID Missing,Ambulatory,NRSG 676 MN - Care Transitions Practicum,Other (see comments),Archived (Completed),Completed,2024,Spring 2024,324
445440,Emory University - SON Pre-licensure,"Emory Offsite Locations - The Emory Clinic, Ambulatory Surgery Centers And The Emory Specialty Assocs",Nursing,Precepted Rotation,1,1,10367,2024-01-16,2024-03-08,00:00:00,23:59:00,24,Wed,ID Missing,ID Missing,Ambulatory,NRSG 676 MN - Care Transitions Practicum,Other (see comments),Archived (Completed),Completed,2024,Spring 2024,324
445444,Emory University - SON Pre-licensure,"Emory Offsite Locations - The Emory Clinic, Ambulatory Surgery Centers And The Emory Specialty Assocs",Nursing,Precepted Rotation,1,1,10356,2024-01-16,2024-03-08,00:00:00,23:59:00,24,Wed,ID Missing,ID Missing,Ambulatory,NRSG 676 MN - Care Transitions Practicum,Other (see comments),Archived (Completed),Completed,2024,Spring 2024,324
445447,Emory University - SON Pre-licensure,"Emory Offsite Locations - The Emory Clinic, Ambulatory Surgery Centers And The Emory Specialty Assocs",Nursing,Precepted Rotation,1,1,10379,2024-01-16,2024-03-08,00:00:00,23:59:00,24,Wed,ID Missing,ID Missing,Ambulatory,NRSG 676 MN - Care Transitions Practicum,Other (see comments),Archived (Completed),Completed,2024,Spring 2024,324
445452,Emory University - SON Pre-licensure,"Emory Offsite Locations - The Emory Clinic, Ambulatory Surgery Centers And The Emory Specialty Assocs",Nursing,Precepted Rotation,1,1,10368,2024-01-16,2024-03-08,00:00:00,23:59:00,24,Wed,ID Missing,ID Missing,Ambulatory,NRSG 676 MN - Care Transitions Practicum,Other (see comments),Archived (Completed),Completed,2024,Spring 2024,324
445453,Emory University - SON Pre-licensure,"Emory Offsite Locations - The Emory Clinic, Ambulatory Surgery Centers And The Emory Specialty Assocs",Nursing,Precepted Rotation,1,1,10384,2024-01-16,2024-03-08,00:00:00,23:59:00,24,Wed,ID Missing,ID Missing,Ambulatory,NRSG 676 MN - Care Transitions Practicum,Other (see comments),Archived (Completed),Completed,2024,Spring 2024,324
445595,Emory University - SON Pre-licensure,"Emory Offsite Locations - The Emory Clinic, Ambulatory Surgery Centers And The Emory Specialty Assocs",Nursing,Precepted Rotation,1,1,10514,2024-01-16,2024-03-08,00:00:00,23:59:00,24,Tue,ID Missing,ID Missing,Ambulatory,NRSG 432 - Ambulatory Care,Other (see comments),Archived (Completed),Completed,2024,Spring 2024,324
445596,Emory University - SON Pre-licensure,"Emory Offsite Locations - The Emory Clinic, Ambulatory Surgery Centers And The Emory Specialty Assocs",Nursing,Precepted Rotation,1,1,11187,2024-01-16,2024-03-08,00:00:00,23:59:00,24,Tue,ID Missing,ID Missing,Ambulatory,NRSG 432 - Ambulatory Care,Other (see comments),Archived (Completed),Completed,2024,Spring 2024,324
445597,Emory University - SON Pre-licensure,"Emory Offsite Locations - The Emory Clinic, Ambulatory Surgery Centers And The Emory Specialty Assocs",Nursing,Precepted Rotation,1,1,10616,2024-01-16,2024-03-08,00:00:00,23:59:00,24,Tue,ID Missing,ID Missing,Ambulatory,NRSG 432 - Ambulatory Care,Other (see comments),Archived (Completed),Completed,2024,Spring 2024,324
445598,Emory University - SON Pre-licensure,"Emory Offsite Locations - The Emory Clinic, Ambulatory Surgery Centers And The Emory Specialty Assocs",Nursing,Precepted Rotation,1,1,10531,2024-01-16,2024-03-08,00:00:00,23:59:00,24,Tue,ID Missing,ID Missing,Ambulatory,NRSG 432 - Ambulatory Care,Other (see comments),Archived (Completed),Completed,2024,Spring 2024,324
445599,Emory University - SON Pre-licensure,"Emory Offsite Locations - The Emory Clinic, Ambulatory Surgery Centers And The Emory Specialty Assocs",Nursing,Precepted Rotation,0,1,No Students Assigned,2024-01-16,2024-03-08,00:00:00,23:59:00,24,Tue,ID Missing,ID Missing,Ambulatory,NRSG 432 - Ambulatory Care,Other (see comments),Archived (Completed),Completed,2024,Spring 2024,324
445600,Emory University - SON Pre-licensure,"Emory Offsite Locations - The Emory Clinic, Ambulatory Surgery Centers And The Emory Specialty Assocs",Nursing,Precepted Rotation,1,1,10508,2024-01-16,2024-03-08,00:00:00,23:59:00,24,Tue,ID Missing,ID Missing,Ambulatory,NRSG 432 - Ambulatory Care,Other (see comments),Archived (Completed),Completed,2024,Spring 2024,324
445601,Emory University - SON Pre-licensure,"Emory Offsite Locations - The Emory Clinic, Ambulatory Surgery Centers And The Emory Specialty Assocs",Nursing,Precepted Rotation,0,1,No Students Assigned,2024-01-16,2024-03-08,00:00:00,23:59:00,24,Tue,ID Missing,ID Missing,Ambulatory,NRSG 432 - Ambulatory Care,Other (see comments),Archived (Completed),Completed,2024,Spring 2024,324
445602,Emory University - SON Pre-licensure,"Emory Offsite Locations - The Emory Clinic, Ambulatory Surgery Centers And The Emory Specialty Assocs",Nursing,Precepted Rotation,1,1,10345,2024-01-16,2024-03-08,00:00:00,23:59:00,24,Tue,ID Missing,ID Missing,Ambulatory,NRSG 432 - Ambulatory Care,Other (see comments),Archived (Completed),Completed,2024,Spring 2024,324
445603,Emory University - SON Pre-licensure,"Emory Offsite Locations - The Emory Clinic, Ambulatory Surgery Centers And The Emory Specialty Assocs",Nursing,Precepted Rotation,1,1,10607,2024-01-16,2024-03-08,00:00:00,23:59:00,24,Tue,ID Missing,ID Missing,Ambulatory,NRSG 432 - Ambulatory Care,Other (see comments),Archived (Completed),Completed,2024,Spring 2024,324
445604,Emory University - SON Pre-licensure,"Emory Offsite Locations - The Emory Clinic, Ambulatory Surgery Centers And The Emory Specialty Assocs",Nursing,Precepted Rotation,0,1,No Students Assigned,2024-01-16,2024-03-08,00:00:00,23:59:00,24,Tue,ID Missing,ID Missing,Ambulatory,NRSG 432 - Ambulatory Care,Other (see comments),Archived (Completed),Completed,2024,Spring 2024,324
445698,Emory University - SON Pre-licensure,"Emory Offsite Locations - The Emory Clinic, Ambulatory Surgery Centers And The Emory Specialty Assocs",Nursing,Precepted Rotation,1,1,10501,2024-01-16,2024-03-08,00:00:00,23:59:00,24,Tue,ID Missing,ID Missing,Ambulatory,NRSG 432 - Ambulatory Care,Other (see comments),Archived (Completed),Completed,2024,Spring 2024,324
445700,Emory University - SON Pre-licensure,"Emory Offsite Locations - The Emory Clinic, Ambulatory Surgery Centers And The Emory Specialty Assocs",Nursing,Precepted Rotation,1,1,10516,2024-01-16,2024-03-08,00:00:00,23:59:00,24,Tue,ID Missing,ID Missing,Ambulatory,NRSG 432 - Ambulatory Care,Other (see comments),Archived (Completed),Completed,2024,Spring 2024,324
445701,Emory University - SON Pre-licensure,"Emory Offsite Locations - The Emory Clinic, Ambulatory Surgery Centers And The Emory Specialty Assocs",Nursing,Precepted Rotation,1,1,10528,2024-01-16,2024-03-08,00:00:00,23:59:00,24,Tue,ID Missing,ID Missing,Ambulatory,NRSG 432 - Ambulatory Care,Other (see comments),Archived (Completed),Completed,2024,Spring 2024,324
445704,Emory University - SON Pre-licensure,"Emory Offsite Locations - The Emory Clinic, Ambulatory Surgery Centers And The Emory Specialty Assocs",Nursing,Precepted Rotation,1,1,10609,2024-01-16,2024-03-08,00:00:00,23:59:00,24,Tue,ID Missing,ID Missing,Ambulatory,NRSG 432 - Ambulatory Care,Other (see comments),Archived (Completed),Completed,2024,Spring 2024,324
445714,Emory University - SON Pre-licensure,"Emory Offsite Locations - The Emory Clinic, Ambulatory Surgery Centers And The Emory Specialty Assocs",Nursing,Precepted Rotation,1,1,10525,2024-01-16,2024-03-08,00:00:00,23:59:00,24,Tue,ID Missing,ID Missing,Ambulatory,NRSG 432 - Ambulatory Care,Other (see comments),Archived (Completed),Completed,2024,Spring 2024,324
445717,Emory University - SON Pre-licensure,"Emory Offsite Locations - The Emory Clinic, Ambulatory Surgery Centers And The Emory Specialty Assocs",Nursing,Precepted Rotation,1,1,10496,2024-01-16,2024-03-08,00:00:00,23:59:00,24,Tue,ID Missing,ID Missing,Ambulatory,NRSG 432 - Ambulatory Care,Other (see comments),Archived (Completed),Completed,2024,Spring 2024,324
445718,Emory University - SON Pre-licensure,"Emory Offsite Locations - The Emory Clinic, Ambulatory Surgery Centers And The Emory Specialty Assocs",Nursing,Precepted Rotation,1,1,10507,2024-01-16,2024-03-08,00:00:00,23:59:00,24,Tue,ID Missing,ID Missing,Ambulatory,NRSG 432 - Ambulatory Care,Other (see comments),Archived (Completed),Completed,2024,Spring 2024,324
445719,Emory University - SON Pre-licensure,"Emory Offsite Locations - The Emory Clinic, Ambulatory Surgery Centers And The Emory Specialty Assocs",Nursing,Precepted Rotation,1,1,10513,2024-01-16,2024-03-08,00:00:00,23:59:00,24,Tue,ID Missing,ID Missing,Ambulatory,NRSG 432 - Ambulatory Care,Other (see comments),Archived (Completed),Completed,2024,Spring 2024,324
445721,Emory University - SON Pre-licensure,"Emory Offsite Locations - The Emory Clinic, Ambulatory Surgery Centers And The Emory Specialty Assocs",Nursing,Precepted Rotation,1,1,10522,2024-01-16,2024-03-08,00:00:00,23:59:00,24,Tue,ID Missing,ID Missing,Ambulatory,NRSG 432 - Ambulatory Care,Other (see comments),Archived (Completed),Completed,2024,Spring 2024,324
445728,Emory University - SON Pre-licensure,"Emory Offsite Locations - The Emory Clinic, Ambulatory Surgery Centers And The Emory Specialty Assocs",Nursing,Precepted Rotation,1,1,10509,2024-01-16,2024-03-08,00:00:00,23:59:00,24,Tue,ID Missing,ID Missing,Ambulatory,NRSG 432 - Ambulatory Care,Other (see comments),Archived (Completed),Completed,2024,Spring 2024,324
445783,Chamberlain College of Nursing - Atlanta,Emory Decatur Hospital,Nursing,Cohort Rotation,6,6,"11939, 11940, 10889, 10937, 11941, 10936",2024-09-04,2024-09-25,07:00:00,19:00:00,48,Wed,ID Missing,No Preceptor Assigned,Critical/Intensive Care,NR341 - Complex Adult Health,ICU - 2500,Archived (Completed),Completed,2024,Fall 2024,48
445784,Chamberlain College of Nursing - Atlanta,Emory Decatur Hospital,Nursing,Cohort Rotation,6,6,"11690, 11942, 11943, 11944, 10940, 11945",2024-10-02,2024-10-23,07:00:00,19:00:00,48,Wed,ID Missing,No Preceptor Assigned,Critical/Intensive Care,NR341 - Complex Adult Health,ICU - 2500,Archived (Completed),Completed,2024,Fall 2024,56
446350,Emory University - SON Pre-licensure,Emory University Hospital,Nursing,Precepted Rotation,1,1,10504,2024-01-16,2024-03-08,00:00:00,23:59:00,132,"Mon, Tue, Wed, Sat, Sun",2009,"ID Missing, ID Missing",Practicum,NRSG 431 - Clinical Practicum IV,6T: Transplant,Archived (Completed),Completed,2024,Spring 2024,324
446834,Chamberlain College of Nursing - Atlanta,Emory Saint Joseph's Hospital,Nursing,Cohort Rotation,8,8,"10113, 10132, 11946, 11933, 10051, 11934, 11935, 10871",2024-07-10,2024-07-31,07:00:00,19:00:00,48,Wed,ID Missing,No Preceptor Assigned,MedSurg - Acute Care,NR 452 - Capstone Course,6E internal medicine,Archived (Completed),Completed,2024,Fall 2024,37
446835,Chamberlain College of Nursing - Atlanta,Emory Saint Joseph's Hospital,Nursing,Cohort Rotation,8,8,"10122, 10130, 11847, 11947, 11937, 10924, 10131, 11948",2024-07-12,2024-08-02,07:00:00,19:00:00,48,Fri,ID Missing,No Preceptor Assigned,MedSurg - Acute Care,NR 452 - Capstone Course,3SW GI medicine/bariatrics,Archived (Completed),Completed,2024,Fall 2024,39
446836,Chamberlain College of Nursing - Georgia,Emory Johns Creek Hospital,Nursing,Cohort Rotation,0,8,No Students Assigned,2024-07-13,2024-08-03,07:00:00,19:00:00,48,Sat,ID Missing,No Preceptor Assigned,MedSurg - Acute Care,NR 452 - Capstone Course,3rd floor: med-surg,Archived (Denied),Denied,2024,Fall 2024,195
446837,Chamberlain College of Nursing - Atlanta,Emory Johns Creek Hospital,Nursing,Cohort Rotation,8,8,"11733, 11730, 10053, 11936, 10108, 10933, 11949, 11950",2024-07-09,2024-08-06,07:00:00,19:00:00,48,Tue,ID Missing,No Preceptor Assigned,MedSurg - Acute Care,NR 452 - Capstone Course,3rd floor: med-surg,Archived (Completed),Completed,2024,Fall 2024,35
446839,Chamberlain College of Nursing - Georgia,Emory Saint Joseph's Hospital,Nursing,Cohort Rotation,0,8,No Students Assigned,2024-07-12,2024-08-02,07:00:00,19:00:00,48,Fri,ID Missing,No Preceptor Assigned,MedSurg - Acute Care,NR 452 - Capstone Course,3SW,Archived (Denied),Denied,2024,Fall 2024,193
446840,Chamberlain College of Nursing - Georgia,Emory Hillandale Hospital,Nursing,Cohort Rotation,0,8,No Students Assigned,2024-07-11,2024-08-01,07:00:00,19:00:00,48,Thu,ID Missing,No Preceptor Assigned,MedSurg - Acute Care,NR 452 - Capstone Course,3rd floor - med surg,Archived (Denied),Denied,2024,Fall 2024,192
446914,Chamberlain College of Nursing - Atlanta,Emory Decatur Hospital,Nursing,Cohort Rotation,6,6,"10908, 11951, 10897, 10912, 10913, 11913",2024-03-08,2024-03-29,07:00:00,19:00:00,48,Fri,ID Missing,No Preceptor Assigned,Critical/Intensive Care,NR341 - Complex Adult Health,ICU - 2500,Archived (Completed),Completed,2024,Spring 2024,16
446916,Chamberlain College of Nursing - Atlanta,Emory Decatur Hospital,Nursing,Cohort Rotation,6,6,"10902, 11952, 10907, 11953, 11954, 11955",2024-04-05,2024-04-26,07:00:00,19:00:00,48,Fri,ID Missing,No Preceptor Assigned,Critical/Intensive Care,NR341 - Complex Adult Health,ICU - 2500,Archived (Completed),Completed,2024,Spring 2024,22
447835,South College - Atlanta Campus - Nursing,Emory University Hospital at Wesley Woods,Nursing,Cohort Rotation,0,6,No Students Assigned,2024-07-12,2024-08-09,07:00:00,19:00:00,60,Fri,ID Missing,No Preceptor Assigned,Psychiatry; Mental Health; Behavioral Medicine,NGS3233 - Mental Health Nursing,Inpatient Psych,Archived (Denied),Denied,2024,Fall 2024,522
447836,South College - Atlanta Campus - Nursing,Emory University Hospital at Wesley Woods,Nursing,Cohort Rotation,0,6,No Students Assigned,2024-08-16,2024-09-13,07:00:00,19:00:00,60,Fri,ID Missing,No Preceptor Assigned,Psychiatry; Mental Health; Behavioral Medicine,NGS3233 - Mental Health Nursing,Inpatient Psych,Archived (Denied),Denied,2024,Fall 2024,527
447837,South College - Atlanta Campus - Nursing,Emory University Hospital at Wesley Woods,Nursing,Cohort Rotation,0,6,No Students Assigned,2024-07-13,2024-08-10,07:00:00,19:00:00,60,Sat,ID Missing,No Preceptor Assigned,Psychiatry; Mental Health; Behavioral Medicine,NGS3233 - Mental Health Nursing,Inpatient Psych,Archived (Denied),Denied,2024,Fall 2024,523
447838,South College - Atlanta Campus - Nursing,Emory University Hospital at Wesley Woods,Nursing,Cohort Rotation,0,6,No Students Assigned,2024-08-17,2024-09-14,07:00:00,19:00:00,60,Sat,ID Missing,No Preceptor Assigned,Psychiatry; Mental Health; Behavioral Medicine,NGS3233 - Mental Health Nursing,Inpatient Psych,Archived (Denied),Denied,2024,Fall 2024,528
447839,South College - Atlanta Campus - Nursing,Emory University Hospital at Wesley Woods,Nursing,Cohort Rotation,0,6,No Students Assigned,2024-07-14,2024-08-11,07:00:00,19:00:00,60,Sun,ID Missing,No Preceptor Assigned,Psychiatry; Mental Health; Behavioral Medicine,NGS3233 - Mental Health Nursing,Inpatient Psych,Archived (Denied),Denied,2024,Fall 2024,524
447840,South College - Atlanta Campus - Nursing,Emory University Hospital at Wesley Woods,Nursing,Cohort Rotation,0,6,No Students Assigned,2024-08-18,2024-09-15,07:00:00,19:00:00,60,Sun,ID Missing,No Preceptor Assigned,Psychiatry; Mental Health; Behavioral Medicine,NGS3233 - Mental Health Nursing,Inpatient Psych,Archived (Denied),Denied,2024,Fall 2024,529
447962,South College - Atlanta Campus - Nursing,Emory Saint Joseph's Hospital,Nursing,Cohort Rotation,0,6,No Students Assigned,2024-04-08,2024-05-06,07:00:00,19:00:00,60,Mon,ID Missing,No Preceptor Assigned,MedSurg - Acute Care,NSG 4513 - ADULT HEALTH NURSING III,4S,Archived (Denied),Denied,2024,Spring 2024,509
447963,South College - Atlanta Campus - Nursing,Emory Saint Joseph's Hospital,Nursing,Cohort Rotation,0,6,No Students Assigned,2024-05-13,2024-06-10,07:00:00,19:00:00,60,Mon,ID Missing,No Preceptor Assigned,MedSurg - Acute Care,NSG 4513 - ADULT HEALTH NURSING III,4S,Archived (Denied),Denied,2024,Spring 2024,515
447964,South College - Atlanta Campus - Nursing,Emory Saint Joseph's Hospital,Nursing,Cohort Rotation,0,6,No Students Assigned,2024-04-09,2024-05-07,07:00:00,19:00:00,60,Tue,ID Missing,No Preceptor Assigned,MedSurg - Acute Care,NSG 3313 - Adult Health Nursing I,2W,Archived (Denied),Denied,2024,Spring 2024,510
447965,South College - Atlanta Campus - Nursing,Emory Saint Joseph's Hospital,Nursing,Cohort Rotation,0,6,No Students Assigned,2024-05-14,2024-06-11,07:00:00,19:00:00,60,Tue,ID Missing,No Preceptor Assigned,MedSurg - Acute Care,NSG 3313 - Adult Health Nursing I,2W,Archived (Denied),Denied,2024,Spring 2024,516
447966,South College - Atlanta Campus - Nursing,Emory Saint Joseph's Hospital,Nursing,Cohort Rotation,0,6,No Students Assigned,2024-04-10,2024-05-08,07:00:00,19:00:00,60,Wed,ID Missing,No Preceptor Assigned,MedSurg - Acute Care,NSG 2610 - Adult Health Nursing II,5E,Archived (Denied),Denied,2024,Spring 2024,511
447967,South College - Atlanta Campus - Nursing,Emory Saint Joseph's Hospital,Nursing,Cohort Rotation,0,6,No Students Assigned,2024-05-15,2024-06-12,07:00:00,19:00:00,60,Wed,ID Missing,No Preceptor Assigned,MedSurg - Acute Care,NSG 2610 - Adult Health Nursing II,5E,Archived (Denied),Denied,2024,Spring 2024,517
447968,South College - Atlanta Campus - Nursing,Emory Saint Joseph's Hospital,Nursing,Cohort Rotation,0,6,No Students Assigned,2024-04-11,2024-05-09,07:00:00,19:00:00,60,Thu,ID Missing,No Preceptor Assigned,MedSurg - Acute Care,NSG 2610 - Adult Health Nursing II,2W,Archived (Denied),Denied,2024,Spring 2024,512
447969,South College - Atlanta Campus - Nursing,Emory Saint Joseph's Hospital,Nursing,Cohort Rotation,0,6,No Students Assigned,2024-05-16,2024-06-13,07:00:00,19:00:00,60,Thu,ID Missing,No Preceptor Assigned,MedSurg - Acute Care,NSG 2610 - Adult Health Nursing II,2W,Archived (Denied),Denied,2024,Spring 2024,518
447970,South College - Atlanta Campus - Nursing,Emory Saint Joseph's Hospital,Nursing,Cohort Rotation,0,6,No Students Assigned,2024-04-05,2024-05-03,07:00:00,19:00:00,60,Fri,ID Missing,No Preceptor Assigned,MedSurg - Acute Care,NSG 4413 - Adult Health II,3E,Archived (Denied),Denied,2024,Spring 2024,506
447971,South College - Atlanta Campus - Nursing,Emory Saint Joseph's Hospital,Nursing,Cohort Rotation,5,6,"11956, 11957, 11958, 11959, 11960",2024-07-12,2024-08-09,07:00:00,19:00:00,60,Fri,ID Missing,No Preceptor Assigned,MedSurg - Acute Care,NSG 4413 - Adult Health II,3E heart failure,Archived (Completed),Completed,2024,Fall 2024,522
447972,South College - Atlanta Campus - Nursing,Emory Saint Joseph's Hospital,Nursing,Cohort Rotation,0,6,No Students Assigned,2024-04-06,2024-05-04,07:00:00,19:00:00,60,Sat,ID Missing,No Preceptor Assigned,MedSurg - Acute Care,NSG 3313 - Adult Health Nursing I,5W,Archived (Denied),Denied,2024,Spring 2024,507
447974,South College - Atlanta Campus - Nursing,Emory Saint Joseph's Hospital,Nursing,Cohort Rotation,0,6,No Students Assigned,2024-05-11,2024-06-08,07:00:00,19:00:00,60,Sat,ID Missing,No Preceptor Assigned,MedSurg - Acute Care,NSG 3313 - Adult Health Nursing I,5W,Archived (Denied),Denied,2024,Spring 2024,513
447975,South College - Atlanta Campus - Nursing,Emory Saint Joseph's Hospital,Nursing,Cohort Rotation,0,6,No Students Assigned,2024-04-07,2024-05-05,07:00:00,19:00:00,60,Sun,ID Missing,No Preceptor Assigned,MedSurg - Acute Care,NSG 4413 - Adult Health II,3E,Archived (Denied),Denied,2024,Spring 2024,508
447976,South College - Atlanta Campus - Nursing,Emory Saint Joseph's Hospital,Nursing,Cohort Rotation,0,6,No Students Assigned,2024-05-12,2024-06-09,07:00:00,19:00:00,60,Sun,ID Missing,No Preceptor Assigned,MedSurg - Acute Care,NSG 4413 - Adult Health II,3E,Archived (Denied),Denied,2024,Spring 2024,514
447977,South College - Atlanta Campus - Nursing,Emory Saint Joseph's Hospital,Nursing,Cohort Rotation,0,6,No Students Assigned,2024-07-05,2024-08-02,07:00:00,19:00:00,60,Fri,ID Missing,No Preceptor Assigned,MedSurg - Acute Care,NSG 4513 - ADULT HEALTH NURSING III,4S,Archived (Denied),Denied,2024,Fall 2024,520
447978,South College - Atlanta Campus - Nursing,Emory Saint Joseph's Hospital,Nursing,Cohort Rotation,0,6,No Students Assigned,2024-08-09,2024-09-13,07:00:00,19:00:00,60,Fri,ID Missing,No Preceptor Assigned,MedSurg - Acute Care,NSG 4513 - ADULT HEALTH NURSING III,4S,Archived (Denied),Denied,2024,Fall 2024,525
447979,South College - Atlanta Campus - Nursing,Emory Saint Joseph's Hospital,Nursing,Cohort Rotation,0,6,No Students Assigned,2024-07-06,2024-08-03,07:00:00,19:00:00,60,Sat,ID Missing,No Preceptor Assigned,MedSurg - Acute Care,NSG 3313 - Adult Health Nursing I,6W,Archived (Denied),Denied,2024,Fall 2024,521
447980,South College - Atlanta Campus - Nursing,Emory Saint Joseph's Hospital,Nursing,Cohort Rotation,0,6,No Students Assigned,2024-08-10,2024-09-14,07:00:00,19:00:00,60,Sat,ID Missing,No Preceptor Assigned,MedSurg - Acute Care,NSG 3313 - Adult Health Nursing I,6W,Archived (Denied),Denied,2024,Fall 2024,526
447986,Hope College of Arts & Sciences,Emory University Hospital Midtown,Nursing,Precepted Rotation,1,1,11801,2024-01-01,2024-04-30,00:00:00,23:59:00,120,,ID Missing,3024,MedSurg - Acute Care,HCAS-NUR 4220C - Advanced Medical Surgical Nursing,22: Med/Surg,Archived (Denied),Denied,2024,Spring 2024,475
448147,Emory University - SON Pre-licensure,Emory Johns Creek Hospital,Nursing,Precepted Rotation,1,1,10517,2024-03-18,2024-05-08,00:00:00,23:59:00,132,"Mon, Tue, Fri, Sat, Sun",2018,ID Missing,Practicum,NRSG 431 - Clinical Practicum IV,"Maternity: M/B, L&D, NICU",Archived (Completed),Completed,2024,Spring 2024,330
449688,Emory University - SON Pre-licensure,Emory Decatur Hospital,Nursing,Cohort Rotation,3,6,"10393, 11090, 10998",2024-03-30,2024-05-11,07:00:00,19:00:00,60,Sat,ID Missing,No Preceptor Assigned,Perinatal - OB,NRSG 392 - Maternity Practicum,Mother/Baby,Archived (Completed),Completed,2024,Spring 2024,338
449767,Chamberlain College of Nursing - Atlanta,Emory Saint Joseph's Hospital,Nursing,Cohort Rotation,6,8,"11961, 11962, 11963, 11964, 11965, 11966",2024-07-09,2024-08-27,07:00:00,19:00:00,96,Tue,ID Missing,No Preceptor Assigned,MedSurg - Acute Care,NR 324 - Adult Health I,3SW GI medicine/bariatrics,Archived (Completed),Completed,2024,Fall 2024,36
449770,Chamberlain College of Nursing - Atlanta,Emory Saint Joseph's Hospital,Nursing,Cohort Rotation,8,8,"11967, 11968, 11969, 11970, 11971, 11972, 11973, 11974",2024-07-09,2024-08-27,07:00:00,19:00:00,96,Tue,ID Missing,No Preceptor Assigned,MedSurg - Acute Care,NR 324 - Adult Health I,5W internal medicine,Archived (Completed),Completed,2024,Fall 2024,36
449829,Chamberlain College of Nursing - Atlanta,Emory Saint Joseph's Hospital,Nursing,Cohort Rotation,7,8,"11975, 11976, 11977, 11978, 11607, 11979, 11980",2024-07-11,2024-08-29,07:00:00,19:00:00,96,Thu,ID Missing,No Preceptor Assigned,MedSurg - Acute Care,NR 324 - Adult Health I,5W internal medicine,Archived (Completed),Completed,2024,Fall 2024,38
449860,Chamberlain College of Nursing - Atlanta,Emory Saint Joseph's Hospital,Nursing,Cohort Rotation,6,8,"11981, 11982, 11983, 11984, 11985, 11986",2024-07-13,2024-08-31,07:00:00,19:00:00,96,Sat,ID Missing,No Preceptor Assigned,MedSurg - Acute Care,NR 324/ NR 325 - Med/Surg I & II,3S GI surgery,Archived (Completed),Completed,2024,Fall 2024,40
449866,Chamberlain College of Nursing - Atlanta,Emory Saint Joseph's Hospital,Nursing,Cohort Rotation,8,8,"11987, 11988, 11989, 11990, 11991, 11992, 11993, 11994",2024-07-09,2024-08-27,07:00:00,19:00:00,96,Tue,ID Missing,No Preceptor Assigned,MedSurg - Acute Care,NR 324 - Adult Health I,4W renal and urology,Archived (Completed),Completed,2024,Fall 2024,36
449870,Chamberlain College of Nursing - Atlanta,Emory University Hospital Midtown,Nursing,Cohort Rotation,8,8,"11995, 11996, 11997, 11998, 11999, 12000, 12001, 11608",2024-07-11,2024-08-29,07:00:00,19:00:00,96,Thu,ID Missing,No Preceptor Assigned,MedSurg - Acute Care,NR 324 - Adult Health I,22: Med/Surg,Archived (Completed),Completed,2024,Fall 2024,38
450463,Georgia Baptist College of Nursing of Mercer University - Undergraduate Nursing - Atlanta,Emory University Hospital Midtown,Nursing,Cohort Rotation,5,8,"12002, 12003, 12004, 12005, 12006",2024-08-30,2024-09-20,07:00:00,19:00:00,40,Fri,ID Missing,No Preceptor Assigned,Perinatal - OB,NUR 407 - Care of the Childbearing Family,42/54: Mother/Baby,Archived (Completed),Completed,2024,Fall 2024,412
450464,Georgia Baptist College of Nursing of Mercer University - Undergraduate Nursing - Atlanta,Emory University Hospital Midtown,Nursing,Cohort Rotation,5,8,"12007, 12008, 12009, 12010, 12011",2024-09-27,2024-10-18,07:00:00,19:00:00,40,Fri,ID Missing,No Preceptor Assigned,Perinatal - OB,NUR 407 - Care of the Childbearing Family,42/54: Mother/Baby,Archived (Completed),Completed,2024,Fall 2024,413
450624,Emory University - SON Pre-licensure,Emory Saint Joseph's Hospital,Nursing,Precepted Rotation,1,1,10364,2024-03-18,2024-05-08,00:00:00,23:59:00,132,"Mon, Tue, Wed, Sat, Sun",2008,"ID Missing, ID Missing",Practicum,NRSG 648 MN - Transitions to Nursing Practice,ED,Archived (Completed),Completed,2024,Spring 2024,330
450735,Chamberlain College of Nursing - Atlanta,Emory Saint Joseph's Hospital,Nursing,Cohort Rotation,8,8,"11995, 11998, 12000, 12001, 12012, 11996, 12013, 11997",2024-05-09,2024-06-13,07:00:00,15:00:00,48,Thu,ID Missing,No Preceptor Assigned,Fundamentals,NR 226 - Fundamentals - Patient Care,4W renal and urology,Archived (Completed),Completed,2024,Spring 2024,28
450739,Chamberlain College of Nursing - Atlanta,Emory Saint Joseph's Hospital,Nursing,Cohort Rotation,7,8,"12014, 12015, 12016, 12017, 12018, 12019, 12020",2024-05-10,2024-06-14,07:00:00,15:00:00,48,Fri,ID Missing,No Preceptor Assigned,Fundamentals,NR 226 - Fundamentals - Patient Care,4W renal and urology,Archived (Completed),Completed,2024,Spring 2024,30
451076,Chamberlain College of Nursing - Atlanta,Emory Saint Joseph's Hospital,Nursing,Cohort Rotation,8,8,"12021, 12022, 12023, 12024, 12025, 12026, 12027, 12028",2024-09-05,2024-10-10,07:00:00,15:00:00,48,Thu,ID Missing,No Preceptor Assigned,Fundamentals,NR 226 - Fundamentals - Patient Care,6E internal medicine,Archived (Completed),Completed,2024,Fall 2024,50
451082,Chamberlain College of Nursing - Atlanta,Emory Saint Joseph's Hospital,Nursing,Cohort Rotation,5,8,"12029, 12030, 12031, 12032, 12033",2024-09-05,2024-10-10,07:00:00,15:00:00,48,Thu,ID Missing,No Preceptor Assigned,Fundamentals,NR 226 - Fundamentals - Patient Care,5E internal medicine,Archived (Completed),Completed,2024,Fall 2024,50
451119,Chamberlain College of Nursing - Atlanta,Emory Saint Joseph's Hospital,Nursing,Cohort Rotation,8,8,"11961, 11962, 11965, 11964, 11963, 11966, 11972, 11967",2024-09-03,2024-10-22,07:00:00,19:00:00,96,Tue,ID Missing,No Preceptor Assigned,MedSurg - Acute Care,NR 325 - Adult Health II,3SW GI medicine/bariatrics,Archived (Completed),Completed,2024,Fall 2024,46
451122,Chamberlain College of Nursing - Georgia,Emory Saint Joseph's Hospital,Nursing,Cohort Rotation,0,8,No Students Assigned,2024-09-03,2024-10-22,07:00:00,19:00:00,96,Tue,ID Missing,No Preceptor Assigned,MedSurg - Acute Care,NR 325 - Adult Health II,5W,Archived (Denied),Denied,2024,Fall 2024,200
451124,Chamberlain College of Nursing - Atlanta,Emory University Hospital Midtown,Nursing,Cohort Rotation,8,8,"11992, 11987, 11993, 11988, 11994, 11989, 11990, 11973",2024-09-03,2024-10-22,07:00:00,19:00:00,96,Tue,ID Missing,No Preceptor Assigned,MedSurg - Acute Care,NR 325 - Adult Health II,22: Med/Surg,Archived (Completed),Completed,2024,Fall 2024,46
451126,Chamberlain College of Nursing - Atlanta,Emory University Hospital Midtown,Nursing,Cohort Rotation,6,8,"11995, 11608, 11999, 12000, 11996, 11969",2024-09-05,2024-10-24,07:00:00,19:00:00,96,Thu,ID Missing,No Preceptor Assigned,MedSurg - Acute Care,NR 325 - Adult Health II,22: Med/Surg,Archived (Completed),Completed,2024,Fall 2024,51
451601,Kennesaw State University - Nursing,"Emory Offsite locations - The Emory Clinic, Ambulatory Surgery Centers and the Emory Specialty Assocs",Nursing,Precepted Rotation,0,1,No Students Assigned,2024-05-15,2024-06-13,00:00:00,23:59:00,92,"Wed, Thu, Fri",ID Missing,No Preceptor Assigned,Community,4412 - Community Health,Other (see comments),Archived (Denied),Denied,2024,Spring 2024,497
451602,Kennesaw State University - Nursing,"Emory Offsite locations - The Emory Clinic, Ambulatory Surgery Centers and the Emory Specialty Assocs",Nursing,Precepted Rotation,0,1,No Students Assigned,2024-05-15,2024-06-13,00:00:00,23:59:00,92,"Wed, Thu, Fri",ID Missing,No Preceptor Assigned,Community,4412 - Community Health,Other (see comments),Archived (Denied),Denied,2024,Spring 2024,497
451603,Kennesaw State University - Nursing,"Emory Offsite locations - The Emory Clinic, Ambulatory Surgery Centers and the Emory Specialty Assocs",Nursing,Precepted Rotation,0,1,No Students Assigned,2024-05-15,2024-06-13,00:00:00,23:59:00,92,"Wed, Thu, Fri",ID Missing,No Preceptor Assigned,Community,4412 - Community Health,Other (see comments),Archived (Denied),Denied,2024,Spring 2024,497
451604,Kennesaw State University - Nursing,"Emory Offsite locations - The Emory Clinic, Ambulatory Surgery Centers and the Emory Specialty Assocs",Nursing,Precepted Rotation,0,1,No Students Assigned,2024-05-15,2024-06-13,00:00:00,23:59:00,92,"Wed, Thu, Fri",ID Missing,No Preceptor Assigned,Community,4412 - Community Health,Other (see comments),Archived (Denied),Denied,2024,Spring 2024,497
451605,Kennesaw State University - Nursing,"Emory Offsite locations - The Emory Clinic, Ambulatory Surgery Centers and the Emory Specialty Assocs",Nursing,Precepted Rotation,0,1,No Students Assigned,2024-05-15,2024-06-13,00:00:00,23:59:00,92,"Wed, Thu, Fri",ID Missing,No Preceptor Assigned,Community,4412 - Community Health,Other (see comments),Archived (Denied),Denied,2024,Spring 2024,497
451606,Kennesaw State University - Nursing,"Emory Offsite locations - The Emory Clinic, Ambulatory Surgery Centers and the Emory Specialty Assocs",Nursing,Precepted Rotation,0,1,No Students Assigned,2024-06-19,2024-07-18,00:00:00,23:59:00,92,"Wed, Thu, Fri",ID Missing,No Preceptor Assigned,Community,4412 - Community Health,Other (see comments),Archived (Withdrawn),Withdrawn,2024,Spring 2024,499
451607,Kennesaw State University - Nursing,"Emory Offsite locations - The Emory Clinic, Ambulatory Surgery Centers and the Emory Specialty Assocs",Nursing,Precepted Rotation,0,1,No Students Assigned,2024-06-19,2024-07-18,00:00:00,23:59:00,92,"Wed, Thu, Fri",ID Missing,No Preceptor Assigned,Community,4412 - Community Health,Other (see comments),Archived (Withdrawn),Withdrawn,2024,Spring 2024,499
451608,Kennesaw State University - Nursing,"Emory Offsite locations - The Emory Clinic, Ambulatory Surgery Centers and the Emory Specialty Assocs",Nursing,Precepted Rotation,0,1,No Students Assigned,2024-06-19,2024-07-18,00:00:00,23:59:00,92,"Wed, Thu, Fri",ID Missing,No Preceptor Assigned,Community,4412 - Community Health,Other (see comments),Archived (Withdrawn),Withdrawn,2024,Spring 2024,499
451609,Kennesaw State University - Nursing,"Emory Offsite locations - The Emory Clinic, Ambulatory Surgery Centers and the Emory Specialty Assocs",Nursing,Precepted Rotation,0,1,No Students Assigned,2024-06-19,2024-07-18,00:00:00,23:59:00,92,"Wed, Thu, Fri",ID Missing,No Preceptor Assigned,Community,4412 - Community Health,Other (see comments),Archived (Denied),Denied,2024,Spring 2024,499
451610,Kennesaw State University - Nursing,"Emory Offsite locations - The Emory Clinic, Ambulatory Surgery Centers and the Emory Specialty Assocs",Nursing,Precepted Rotation,0,1,No Students Assigned,2024-06-19,2024-07-18,00:00:00,23:59:00,92,"Wed, Thu, Fri",ID Missing,No Preceptor Assigned,Community,4412 - Community Health,Other (see comments),Archived (Denied),Denied,2024,Spring 2024,499
451697,Kennesaw State University - Nursing,Emory Saint Joseph's Hospital,Nursing,Cohort Rotation,6,8,"12034, 11774, 12035, 12036, 12037, 12038",2024-06-13,2024-07-19,07:00:00,15:00:00,96,"Thu, Fri",ID Missing,No Preceptor Assigned,MedSurg - Acute Care,3313 - Adult Health,4S ortho,Archived (Completed),Completed,2024,Spring 2024,498
452931,Emory University - SON Pre-licensure,Emory Saint Joseph's Hospital,Nursing,Cohort Rotation,5,8,"11860, 11884, 11838, 11882, 11867",2024-05-25,2024-08-04,07:00:00,19:00:00,120,Sat,ID Missing,No Preceptor Assigned,MedSurg - Acute Care,NRSG 391 - Adult and Geriatric Practicum,3W cardiology,Archived (Completed),Completed,2024,Spring 2024,348
452934,Emory University - SON Pre-licensure,Emory University Hospital,Nursing,Cohort Rotation,5,8,"11847, 11864, 11853, 11865, 11869",2024-05-25,2024-08-03,07:00:00,19:00:00,120,Sat,ID Missing,No Preceptor Assigned,MedSurg - Acute Care,NRSG 391 - Adult and Geriatric Practicum,7T: Surgical,Archived (Completed),Completed,2024,Spring 2024,347
452935,Emory University - SON Pre-licensure,Emory University Hospital Midtown,Nursing,Cohort Rotation,6,8,"11845, 11855, 11848, 11849, 11883, 11840",2024-05-25,2024-08-03,07:00:00,19:00:00,8,Sat,ID Missing,No Preceptor Assigned,MedSurg - Acute Care,NRSG 391 - Adult and Geriatric Practicum,41: Med Cardiology,Archived (Completed),Completed,2024,Spring 2024,347
452940,Emory University - SON Pre-licensure,Emory University Hospital Midtown,Nursing,Cohort Rotation,5,6,"11861, 11837, 11846, 11117, 11843",2024-05-25,2024-08-03,07:00:00,19:00:00,120,Sat,ID Missing,No Preceptor Assigned,MedSurg - Acute Care,NRSG 391 - Adult and Geriatric Practicum,72: Med/Surg,Archived (Completed),Completed,2024,Spring 2024,347
452943,Emory University - SON Pre-licensure,Emory Saint Joseph's Hospital,Nursing,Cohort Rotation,4,8,"11873, 11871, 11885, 11857",2024-05-18,2024-08-03,07:00:00,19:00:00,120,Sat,ID Missing,No Preceptor Assigned,MedSurg - Acute Care,NRSG 391 - Adult and Geriatric Practicum,6W pulmonary thoracic,Archived (Completed),Completed,2024,Spring 2024,342
452948,Emory University - SON Pre-licensure,Emory Decatur Hospital,Nursing,Cohort Rotation,6,6,"11874, 11859, 11844, 11850, 11870, 11863",2024-05-25,2024-08-03,07:00:00,19:00:00,120,Sat,ID Missing,No Preceptor Assigned,MedSurg - Acute Care,NRSG 391 - Adult and Geriatric Practicum,Stroke Telemetry - 4400,Archived (Completed),Completed,2024,Spring 2024,347
452954,Emory University - SON Pre-licensure,Emory University Hospital,Nursing,Cohort Rotation,5,8,"11886, 11881, 11839, 11869, 12039",2024-05-25,2024-08-03,07:00:00,19:00:00,120,Sat,ID Missing,No Preceptor Assigned,MedSurg - Acute Care,NRSG 391 - Adult and Geriatric Practicum,9T: Bone Marrow Transplant,Archived (Completed),Completed,2024,Spring 2024,347
452957,Emory University - SON Pre-licensure,Emory Decatur Hospital,Nursing,Cohort Rotation,6,8,"11877, 11878, 11879, 11509, 11854, 11851",2024-05-26,2024-08-04,07:00:00,19:00:00,120,Sun,ID Missing,No Preceptor Assigned,MedSurg - Acute Care,NRSG 391 - Adult and Geriatric Practicum,General Medical - 4500,Archived (Completed),Completed,2024,Spring 2024,350
452960,Emory University - SON Pre-licensure,Emory University Hospital,Nursing,Cohort Rotation,6,8,"11852, 11834, 11866, 11867, 11389, 11858",2024-05-26,2024-08-04,07:00:00,19:00:00,120,Sun,"ID Missing, ID Missing",No Preceptor Assigned,MedSurg - Acute Care,NRSG 391 - Adult and Geriatric Practicum,6T: Transplant,Archived (Completed),Completed,2024,Spring 2024,350
452965,Emory University - SON Pre-licensure,Emory University Hospital,Nursing,Cohort Rotation,6,8,"11876, 11835, 11868, 11836, 11862, 11856",2024-05-26,2024-08-04,07:00:00,19:00:00,120,Wed,ID Missing,No Preceptor Assigned,MedSurg - Acute Care,NRSG 391 - Adult and Geriatric Practicum,3G: Neurosciences,Archived (Completed),Completed,2024,Spring 2024,350
452984,Emory University - SON Pre-licensure,Emory University Hospital Midtown,Nursing,Cohort Rotation,8,8,"11405, 11400, 11439, 11443, 11483, 11469, 11574, 11465",2024-05-22,2024-06-26,07:00:00,19:00:00,60,Wed,ID Missing,No Preceptor Assigned,Perinatal - OB,NRSG 392 - Maternity Practicum,42/54: Mother/Baby,Archived (Completed),Completed,2024,Spring 2024,344
452990,Emory University - SON Pre-licensure,Emory Decatur Hospital,Nursing,Cohort Rotation,6,8,"11395, 11514, 11407, 11459, 11470, 11491",2024-05-22,2024-06-26,07:00:00,19:00:00,60,Wed,2004,No Preceptor Assigned,Perinatal - OB,NRSG 392 - Maternity Practicum,Mother/Baby,Archived (Completed),Completed,2024,Spring 2024,344
452992,Emory University - SON Pre-licensure,Emory Johns Creek Hospital,Nursing,Cohort Rotation,6,8,"11452, 11072, 11463, 11414, 11494, 11447",2024-05-22,2024-06-26,07:00:00,19:00:00,60,Wed,ID Missing,No Preceptor Assigned,Perinatal - OB,NRSG 392 - Maternity Practicum,"Maternity: M/B, L&D, NICU",Archived (Completed),Completed,2024,Spring 2024,344
453021,Emory University - SON Pre-licensure,Emory University Hospital Midtown,Nursing,Cohort Rotation,8,8,"11467, 11476, 11512, 11434, 11450, 11444, 11485, 11412",2024-05-24,2024-06-28,07:00:00,19:00:00,60,Fri,ID Missing,No Preceptor Assigned,Perinatal - OB,NRSG 392 - Maternity Practicum,42/54: Mother/Baby,Archived (Completed),Completed,2024,Spring 2024,345
453034,Emory University - SON Pre-licensure,Emory Decatur Hospital,Nursing,Cohort Rotation,6,8,"11579, 11499, 11398, 11453, 11411, 11577",2024-05-24,2024-06-28,07:00:00,19:00:00,60,Fri,ID Missing,No Preceptor Assigned,Perinatal - OB,NRSG 392 - Maternity Practicum,L&D,Archived (Completed),Completed,2024,Spring 2024,345
453061,Emory University - SON Pre-licensure,Emory University Hospital Midtown,Nursing,Cohort Rotation,6,8,"11456, 11566, 11445, 11505, 11511, 11072",2024-05-25,2024-06-29,07:00:00,19:00:00,60,Sat,"ID Missing, ID Missing",No Preceptor Assigned,Perinatal - OB,NRSG 392 - Maternity Practicum,42/54: Mother/Baby,Archived (Completed),Completed,2024,Spring 2024,346
453063,Emory University - SON Pre-licensure,Emory University Hospital Midtown,Nursing,Cohort Rotation,5,8,"11462, 11425, 11573, 11570, 11422",2024-05-26,2024-06-30,07:00:00,19:00:00,60,Sun,ID Missing,No Preceptor Assigned,Perinatal - OB,NRSG 392 - Maternity Practicum,42/54: Mother/Baby,Archived (Completed),Completed,2024,Spring 2024,349
453064,Emory University - SON Pre-licensure,Emory Johns Creek Hospital,Nursing,Cohort Rotation,6,8,"11418, 11466, 11576, 11431, 11575, 11567",2024-05-24,2024-06-28,07:00:00,19:00:00,60,Fri,ID Missing,No Preceptor Assigned,Perinatal - OB,NRSG 392 - Maternity Practicum,"Maternity: M/B, L&D, NICU",Archived (Completed),Completed,2024,Spring 2024,345
453066,Emory University - SON Pre-licensure,Emory Decatur Hospital,Nursing,Cohort Rotation,6,8,"11578, 11498, 11454, 11569, 11492, 11438",2024-05-25,2024-06-29,07:00:00,19:00:00,60,Sat,ID Missing,No Preceptor Assigned,Perinatal - OB,NRSG 392 - Maternity Practicum,L&D,Archived (Completed),Completed,2024,Spring 2024,346
453292,University of North Georgia - Nursing,Emory Johns Creek Hospital,Nursing,Cohort Rotation,5,5,"12040, 12041, 12042, 11738, 12043",2024-08-30,2024-11-08,06:30:00,18:30:00,72,Fri,ID Missing,No Preceptor Assigned,Perinatal - OB,N3804 - Nursing Care of the Childbearing Family,"Maternity: M/B, L&D, NICU",Archived (Completed),Completed,2024,Fall 2024,546
454020,Emory University - SON Pre-licensure,Emory University Hospital,Nursing,Precepted Rotation,1,1,10617,2024-03-18,2024-05-08,00:00:00,23:59:00,132,"Mon, Tue, Wed, Sat, Sun",2018,ID Missing,Practicum,NRSG 431 - Clinical Practicum IV,7T: Surgical,Archived (Completed),Completed,2024,Spring 2024,330
454309,Emory University - SON Pre-licensure,Emory University Hospital,Nursing,Cohort Rotation,8,8,"11380, 11307, 11278, 11281, 11298, 11288, 12044, 12045",2024-05-18,2024-06-29,07:00:00,19:00:00,60,Sat,ID Missing,No Preceptor Assigned,MedSurg - Acute Care,NRSG 391 - Adult and Geriatric Practicum,6E: CV Stepdown/Heart Transplant,Archived (Completed),Completed,2024,Spring 2024,341
454313,Emory University - SON Pre-licensure,Emory University Hospital,Nursing,Cohort Rotation,5,5,"11574, 11511, 11497, 11414, 11447",2024-07-10,2024-08-07,07:00:00,19:00:00,60,Wed,ID Missing,No Preceptor Assigned,MedSurg - Acute Care,NRSG 391 - Adult and Geriatric Practicum,10E (DEU): Surgical,Archived (Completed),Completed,2024,Fall 2024,369
454319,Emory University - SON Pre-licensure,Emory University Hospital Midtown,Nursing,Cohort Rotation,4,5,"11469, 11494, 11465, 11483",2024-07-10,2024-08-07,07:00:00,19:00:00,60,Wed,ID Missing,No Preceptor Assigned,MedSurg - Acute Care,NRSG 391 - Adult and Geriatric Practicum,31: Ortho/Neuro,Archived (Completed),Completed,2024,Fall 2024,369
454331,Emory University - SON Pre-licensure,Emory University Hospital Midtown,Nursing,Cohort Rotation,7,8,"11475, 11420, 11501, 11417, 11513, 11448, 11435",2024-07-03,2024-08-07,07:00:00,19:00:00,60,Wed,ID Missing,No Preceptor Assigned,Perinatal - OB,NRSG 392 - Maternity Practicum,Maternity,Archived (Completed),Completed,2024,Fall 2024,364
454335,Emory University - SON Pre-licensure,Emory Decatur Hospital,Nursing,Cohort Rotation,5,6,"11458, 11429, 11436, 11457, 11404",2024-07-03,2024-08-07,07:00:00,19:00:00,60,Wed,2004,No Preceptor Assigned,Perinatal - OB,NRSG 392 - Maternity Practicum,Mother/Baby,Archived (Completed),Completed,2024,Fall 2024,364
454762,University of North Georgia - Nursing,Emory Johns Creek Hospital,Nursing,Cohort Rotation,0,6,No Students Assigned,2024-08-19,2024-09-23,06:30:00,18:30:00,72,Mon,ID Missing,No Preceptor Assigned,MedSurg - Acute Care,N3705 - Adult Health I,3rd floor: med-surg,Archived (Withdrawn),Withdrawn,2024,Fall 2024,544
454892,Auburn University - College of Nursing - BSN,Emory University Hospital,Nursing,Precepted Rotation,0,1,No Students Assigned,2024-06-08,2024-07-26,00:00:00,23:59:00,212,,ID Missing,No Preceptor Assigned,Practicum,NURS 4921 - Nursing Practice Preceptorship-Senior Practicum,2G ICU: Neurosciences,Archived (Withdrawn),Withdrawn,2024,Spring 2024,3
454893,Auburn University - College of Nursing - BSN,Emory Saint Joseph's Hospital,Nursing,Precepted Rotation,1,1,12046,2024-06-08,2024-07-26,00:00:00,23:59:00,212,,ID Missing,No Preceptor Assigned,Practicum,NURS 4921 - Nursing Practice Preceptorship-Senior Practicum,2SW CVICU,Archived (Completed),Completed,2024,Spring 2024,3
455101,University of North Georgia - Nursing,Emory Johns Creek Hospital,Nursing,Cohort Rotation,5,10,"11736, 12047, 12048, 12049, 11740",2024-08-23,2024-11-01,06:30:00,18:30:00,72,Fri,ID Missing,No Preceptor Assigned,Perinatal - OB,N3804 - Nursing Care of the Childbearing Family,"Maternity: M/B, L&D, NICU",Archived (Completed),Completed,2024,Fall 2024,545
455551,Hope College of Arts & Sciences,Emory University Hospital Midtown,Nursing,Precepted Rotation,1,1,11801,2024-03-01,2024-04-30,00:00:00,23:59:00,52,,ID Missing,ID Missing,Perinatal - OB,NUR 2030C - Maternity & Newborn Nursing,42/54: Mother/Baby,Archived (Denied),Denied,2024,Spring 2024,476
455564,Hope College of Arts & Sciences,Emory University Hospital Midtown,Nursing,Precepted Rotation,0,1,No Students Assigned,2024-03-01,2024-05-31,00:00:00,23:59:00,52,,ID Missing,ID Missing,Perinatal - OB,NUR 2030C - Maternity & Newborn Nursing,42/54: Mother/Baby,Archived (Denied),Denied,2024,Spring 2024,477
455950,Emory University - SON Pre-licensure,Emory Johns Creek Hospital,Nursing,Cohort Rotation,6,6,"11510, 11428, 11421, 11508, 11507, 11468",2024-07-03,2024-08-07,07:00:00,19:00:00,60,Wed,ID Missing,No Preceptor Assigned,Perinatal - OB,NRSG 392 - Maternity Practicum,"Maternity: M/B, L&D, NICU",Archived (Completed),Completed,2024,Fall 2024,364
455952,Emory University - SON Pre-licensure,Emory University Hospital Midtown,Nursing,Cohort Rotation,7,8,"11402, 11482, 11427, 11437, 11503, 11506, 11441",2024-07-05,2024-08-09,07:00:00,19:00:00,60,Fri,ID Missing,No Preceptor Assigned,Perinatal - OB,NRSG 392 - Maternity Practicum,Maternity,Archived (Completed),Completed,2024,Fall 2024,365
455969,Emory University - SON Pre-licensure,Emory Decatur Hospital,Nursing,Cohort Rotation,6,6,"11413, 11502, 11460, 11472, 11496, 11449",2024-07-05,2024-08-09,07:00:00,19:00:00,60,Fri,ID Missing,No Preceptor Assigned,Perinatal - OB,NRSG 392 - Maternity Practicum,Mother/Baby,Archived (Completed),Completed,2024,Fall 2024,365
455971,Emory University - SON Pre-licensure,Emory University Hospital Midtown,Nursing,Cohort Rotation,7,8,"11504, 11477, 11423, 11489, 11446, 11479, 11484",2024-07-06,2024-08-03,07:00:00,19:00:00,60,Sat,ID Missing,No Preceptor Assigned,Perinatal - OB,NRSG 392 - Maternity Practicum,Maternity,Archived (Completed),Completed,2024,Fall 2024,366
455972,Emory University - SON Pre-licensure,Emory University Hospital Midtown,Nursing,Cohort Rotation,4,6,"11409, 11408, 11390, 11401",2024-07-07,2024-08-04,07:00:00,19:00:00,60,Sun,ID Missing,No Preceptor Assigned,Perinatal - OB,NRSG 392 - Maternity Practicum,Maternity,Archived (Completed),Completed,2024,Fall 2024,367
455974,Emory University - SON Pre-licensure,Emory Johns Creek Hospital,Nursing,Cohort Rotation,6,6,"11500, 11403, 11410, 11416, 11486, 11474",2024-07-05,2024-08-09,07:00:00,19:00:00,60,Fri,ID Missing,No Preceptor Assigned,Perinatal - OB,NRSG 392 - Maternity Practicum,"Maternity: M/B, L&D, NICU",Archived (Completed),Completed,2024,Fall 2024,365
455976,Emory University - SON Pre-licensure,Emory Decatur Hospital,Nursing,Cohort Rotation,3,6,"11451, 11432, 11493",2024-07-06,2024-08-03,07:00:00,19:00:00,60,Sat,ID Missing,No Preceptor Assigned,Perinatal - OB,NRSG 392 - Maternity Practicum,Mother/Baby,Archived (Completed),Completed,2024,Fall 2024,366
456105,Hope College of Arts & Sciences,Emory University Hospital Midtown,Nursing,Precepted Rotation,1,1,11801,2024-03-01,2024-06-30,00:00:00,23:59:00,120,,ID Missing,ID Missing,MedSurg - Acute Care,HCAS-NUR 2040C - Complex Medical Surgical Nursing,22: Med/Surg,Archived (Denied),Denied,2024,Spring 2024,478
456304,Herzing University,Emory University Hospital Midtown,Nursing,Precepted Rotation,1,1,12050,2024-05-20,2024-08-19,00:00:00,23:59:00,135,,ID Missing,No Preceptor Assigned,Practicum,NSG 425 - BSN Practicum,42/54: Mother/Baby,Archived (Completed),Completed,2024,Spring 2024,468
457606,Emory University - SON Pre-licensure,Emory Decatur Hospital,Nursing,Cohort Rotation,7,8,"12051, 12052, 12053, 12054, 12055, 12056, 12057",2024-06-20,2024-08-08,07:00:00,17:00:00,60,Thu,ID Missing,No Preceptor Assigned,Perinatal - OB,527 MN - Foundation of Nursing Practice,Surgical Oncology - 4200,Archived (Completed),Completed,2024,Spring 2024,358
457622,Emory University - SON Pre-licensure,Emory Hillandale Hospital,Nursing,Cohort Rotation,6,8,"12058, 12059, 12060, 12061, 12062, 12063",2024-06-20,2024-08-08,00:00:00,23:59:00,60,Thu,"ID Missing, ID Missing",No Preceptor Assigned,Fundamentals,527 MN - Foundation of Nursing Practice,3rd floor - med surg,Archived (Completed),Completed,2024,Spring 2024,358
457628,Emory University - SON Pre-licensure,Emory Saint Joseph's Hospital,Nursing,Cohort Rotation,7,8,"12064, 12065, 12066, 12067, 12068, 12069, 12070",2024-06-20,2024-08-08,07:00:00,17:00:00,60,Thu,ID Missing,No Preceptor Assigned,Fundamentals,527 MN - Foundation of Nursing Practice,4E neurovascular,Archived (Completed),Completed,2024,Spring 2024,358
457629,Emory University - SON Pre-licensure,Emory University Hospital,Nursing,Cohort Rotation,7,8,"12071, 12072, 12073, 12074, 12075, 12076, 12077",2024-06-21,2024-08-08,07:00:00,17:00:00,60,Thu,ID Missing,No Preceptor Assigned,Perinatal - OB,527 MN - Foundation of Nursing Practice,7G: Medical,Archived (Completed),Completed,2024,Spring 2024,359
457632,Emory University - SON Pre-licensure,Emory University Hospital,Nursing,Cohort Rotation,8,8,"12078, 12079, 12080, 12081, 12082, 12083, 12084, 12085",2024-06-20,2024-08-08,07:00:00,17:00:00,60,Thu,ID Missing,No Preceptor Assigned,Fundamentals,527 MN - Foundation of Nursing Practice,8T North: Oncology,Archived (Completed),Completed,2024,Spring 2024,358
457634,Emory University - SON Pre-licensure,Emory University Hospital,Nursing,Cohort Rotation,8,8,"12086, 12087, 12088, 12089, 12090, 12091, 12092, 12093",2024-06-20,2024-08-08,07:00:00,19:00:00,60,Thu,ID Missing,No Preceptor Assigned,Fundamentals,527 MN - Foundation of Nursing Practice,6G: Medical,Archived (Completed),Completed,2024,Spring 2024,358
457635,Emory University - SON Pre-licensure,Emory University Hospital Midtown,Nursing,Cohort Rotation,0,8,No Students Assigned,2024-06-20,2024-08-08,07:00:00,17:00:00,60,Thu,ID Missing,No Preceptor Assigned,Fundamentals,527 MN - Foundation of Nursing Practice,31: Ortho/Neuro,Archived (Withdrawn),Withdrawn,2024,Spring 2024,358
457655,Emory University - SON Pre-licensure,Emory University Hospital Midtown,Nursing,Cohort Rotation,8,8,"12094, 12095, 12096, 12097, 12098, 12099, 12100, 12101",2024-06-20,2024-08-08,07:00:00,17:00:00,60,Thu,ID Missing,No Preceptor Assigned,Fundamentals,527 MN - Foundation of Nursing Practice,41: Med Cardiology,Archived (Completed),Completed,2024,Spring 2024,358
457657,Emory University - SON Pre-licensure,Emory University Hospital Midtown,Nursing,Cohort Rotation,6,8,"12102, 12103, 12104, 12105, 12106, 12107",2024-06-20,2024-08-08,07:00:00,17:00:00,60,Thu,ID Missing,No Preceptor Assigned,Fundamentals,527 MN - Foundation of Nursing Practice,21: General Surgery,Archived (Completed),Completed,2024,Spring 2024,358
457659,Emory University - SON Pre-licensure,Emory University Orthopaedics And Spine Hospital,Nursing,Cohort Rotation,6,8,"12108, 12109, 12110, 12111, 12112, 12113",2024-06-20,2024-08-08,07:00:00,19:00:00,60,Thu,ID Missing,No Preceptor Assigned,Fundamentals,527 MN - Foundation of Nursing Practice,-no preference-,Archived (Completed),Completed,2024,Spring 2024,358
457687,Emory University - SON Pre-licensure,Emory Decatur Hospital,Nursing,Cohort Rotation,0,8,No Students Assigned,2024-06-21,2024-08-09,07:00:00,17:00:00,60,Fri,ID Missing,No Preceptor Assigned,Fundamentals,527 MN - Foundation of Nursing Practice,Surgical Oncology - 4200,Archived (Completed),Completed,2024,Spring 2024,360
457688,Emory University - SON Pre-licensure,Emory Decatur Hospital,Nursing,Cohort Rotation,8,8,"12114, 12115, 12116, 12117, 12118, 12119, 12120, 12121",2024-06-21,2024-08-09,07:00:00,19:00:00,60,Fri,ID Missing,No Preceptor Assigned,Fundamentals,527 MN - Foundation of Nursing Practice,Cardiac Telemetry - 2400,Archived (Completed),Completed,2024,Spring 2024,360
457689,Emory University - SON Pre-licensure,Emory Johns Creek Hospital,Nursing,Cohort Rotation,7,8,"12122, 12123, 12124, 12125, 12126, 12127, 12128",2024-06-21,2024-08-09,00:00:00,23:59:00,60,Fri,ID Missing,No Preceptor Assigned,Fundamentals,527 MN - Foundation of Nursing Practice,6W oncology/hospice,Archived (Completed),Completed,2024,Spring 2024,360
457691,Emory University - SON Pre-licensure,Emory Saint Joseph's Hospital,Nursing,Cohort Rotation,7,8,"12129, 12130, 12131, 12132, 12133, 12134, 12135",2024-06-21,2024-08-09,07:00:00,17:00:00,60,Fri,ID Missing,No Preceptor Assigned,Fundamentals,527 MN - Foundation of Nursing Practice,5W internal medicine,Archived (Completed),Completed,2024,Spring 2024,360
457692,Emory University - SON Pre-licensure,Emory Saint Joseph's Hospital,Nursing,Cohort Rotation,7,8,"12136, 12137, 12138, 12139, 12140, 12141, 12142",2024-06-21,2024-08-09,07:00:00,17:00:00,60,Fri,ID Missing,No Preceptor Assigned,Fundamentals,527 MN - Foundation of Nursing Practice,6E internal medicine,Archived (Completed),Completed,2024,Spring 2024,360
457693,Emory University - SON Pre-licensure,Emory University Hospital,Nursing,Cohort Rotation,8,8,"12143, 12144, 12145, 12146, 12147, 12148, 12149, 12150",2024-06-21,2024-08-09,07:00:00,17:00:00,60,Fri,ID Missing,No Preceptor Assigned,Fundamentals,527 MN - Foundation of Nursing Practice,6G: Medical,Archived (Completed),Completed,2024,Spring 2024,360
457695,Emory University - SON Pre-licensure,Emory University Hospital,Nursing,Cohort Rotation,7,8,"12151, 12152, 12153, 12154, 12155, 12156, 12157",2024-06-21,2024-08-09,07:00:00,17:00:00,60,Fri,ID Missing,No Preceptor Assigned,Fundamentals,527 MN - Foundation of Nursing Practice,9E: Neuroscience,Archived (Completed),Completed,2024,Spring 2024,360
457697,Emory University - SON Pre-licensure,Emory University Hospital Midtown,Nursing,Cohort Rotation,7,8,"12158, 12159, 12160, 12161, 12162, 12163, 12164",2024-06-21,2024-08-09,07:00:00,19:00:00,60,Fri,"ID Missing, ID Missing",No Preceptor Assigned,Fundamentals,527 MN - Foundation of Nursing Practice,31: Ortho/Neuro,Archived (Completed),Completed,2024,Spring 2024,360
457702,Emory University - SON Pre-licensure,Emory University Hospital Midtown,Nursing,Cohort Rotation,7,8,"12165, 12166, 12167, 12168, 12169, 12170, 12171",2024-06-21,2024-08-09,07:00:00,19:00:00,60,Fri,"ID Missing, ID Missing",No Preceptor Assigned,Fundamentals,527 MN - Foundation of Nursing Practice,21: General Surgery,Archived (Completed),Completed,2024,Spring 2024,360
457706,Emory University - SON Pre-licensure,Emory University Hospital Midtown,Nursing,Cohort Rotation,8,8,"12172, 12173, 12174, 12175, 12176, 12177, 12178, 12179",2024-06-21,2024-08-09,07:00:00,19:00:00,60,Fri,ID Missing,No Preceptor Assigned,Fundamentals,527 MN - Foundation of Nursing Practice,41: Med Cardiology,Archived (Completed),Completed,2024,Spring 2024,360
457710,Emory University - SON Pre-licensure,Emory University Orthopaedics and Spine Hospital,Nursing,Cohort Rotation,0,8,No Students Assigned,2024-06-21,2024-08-09,07:00:00,19:00:00,60,Fri,ID Missing,No Preceptor Assigned,Fundamentals,527 MN - Foundation of Nursing Practice,-no preference-,Archived (Withdrawn),Withdrawn,2024,Spring 2024,360
457720,Emory University - SON Pre-licensure,Emory Decatur Hospital,Nursing,Cohort Rotation,6,6,"11874, 11859, 11850, 11863, 11870, 11844",2024-06-03,2024-06-10,07:00:00,19:00:00,24,Mon,ID Missing,No Preceptor Assigned,Psychiatry; Mental Health; Behavioral Medicine,NRSG 393 - Mental Health Practicum,Behavioral Health (acute) - 1800,Archived (Completed),Completed,2024,Spring 2024,352
457721,Emory University - SON Pre-licensure,Emory Decatur Hospital,Nursing,Cohort Rotation,5,6,"11860, 11884, 11838, 11882, 11867",2024-06-17,2024-06-24,07:00:00,19:00:00,24,Mon,ID Missing,No Preceptor Assigned,Psychiatry; Mental Health; Behavioral Medicine,NRSG 393 - Mental Health Practicum,Behavioral Health (acute) - 1800,Archived (Completed),Completed,2024,Spring 2024,356
457724,Emory University - SON Pre-licensure,Emory Decatur Hospital,Nursing,Cohort Rotation,4,6,"11873, 11871, 11885, 11857",2024-07-01,2024-07-08,07:00:00,17:00:00,60,Mon,ID Missing,No Preceptor Assigned,Perinatal - OB,NRSG 393 - Mental Health Practicum,Behavioral Health (acute) - 1800,Archived (Completed),Completed,2024,Fall 2024,361
457728,Emory University - SON Pre-licensure,Emory Decatur Hospital,Nursing,Cohort Rotation,4,6,"11847, 11864, 11853, 11865",2024-07-15,2024-07-22,07:00:00,19:00:00,24,Mon,ID Missing,No Preceptor Assigned,Psychiatry; Mental Health; Behavioral Medicine,NRSG 393 - Mental Health Practicum,Behavioral Health (acute) - 1800,Archived (Completed),Completed,2024,Fall 2024,372
457729,Emory University - SON Pre-licensure,Emory Decatur Hospital,Nursing,Cohort Rotation,4,6,"11886, 11881, 11839, 12039",2024-05-21,2024-05-28,07:00:00,19:00:00,24,Tue,ID Missing,No Preceptor Assigned,Psychiatry; Mental Health; Behavioral Medicine,NRSG 393 - Mental Health Practicum,Behavioral Health (acute) - 1800,Archived (Completed),Completed,2024,Spring 2024,343
457730,Emory University - SON Pre-licensure,Emory Decatur Hospital,Nursing,Cohort Rotation,6,6,"11845, 11855, 11848, 11849, 11883, 11840",2024-06-04,2024-06-11,07:00:00,19:00:00,24,Tue,ID Missing,No Preceptor Assigned,Psychiatry; Mental Health; Behavioral Medicine,NRSG 393 Practicum - Mental Health Practicum,Behavioral Health (acute) - 1800,Archived (Completed),Completed,2024,Spring 2024,353
457731,Emory University - SON Pre-licensure,Emory Decatur Hospital,Nursing,Cohort Rotation,5,6,"11861, 11837, 11846, 11117, 11843",2024-06-18,2024-06-25,07:00:00,19:00:00,24,Tue,ID Missing,No Preceptor Assigned,Psychiatry; Mental Health; Behavioral Medicine,NRSG 393 - Mental Health Practicum,Behavioral Health (acute) - 1800,Archived (Completed),Completed,2024,Spring 2024,357
457732,Emory University - SON Pre-licensure,Emory Decatur Hospital,Nursing,Cohort Rotation,6,6,"11877, 11878, 11879, 11509, 11854, 11851",2024-07-02,2024-07-09,07:00:00,19:00:00,24,Tue,ID Missing,No Preceptor Assigned,Psychiatry; Mental Health; Behavioral Medicine,NRSG 393 - Mental Health Practicum,Behavioral Health (acute) - 1800,Archived (Completed),Completed,2024,Fall 2024,363
457733,Emory University - SON Pre-licensure,Emory Decatur Hospital,Nursing,Cohort Rotation,6,6,"11876, 11835, 11868, 11836, 11862, 11856",2024-07-16,2024-07-23,07:00:00,19:00:00,24,Tue,ID Missing,No Preceptor Assigned,Perinatal - OB,NRSG 393 - Mental Health Practicum,Behavioral Health (acute) - 1800,Archived (Completed),Completed,2024,Fall 2024,373
457734,Emory University - SON Pre-licensure,Emory Decatur Hospital,Nursing,Cohort Rotation,6,6,"11852, 11834, 11866, 11389, 11858, 11869",2024-07-30,2024-08-06,07:00:00,19:00:00,24,Tue,ID Missing,No Preceptor Assigned,Psychiatry; Mental Health; Behavioral Medicine,NRSG 393 - Mental Health Practicum,Behavioral Health (acute) - 1800,Archived (Completed),Completed,2024,Fall 2024,374
458417,Emory University - SON Pre-licensure,"Emory Offsite Locations - The Emory Clinic, Ambulatory Surgery Centers And The Emory Specialty Assocs",Nursing,Precepted Rotation,1,1,10370,2024-03-18,2024-05-08,00:00:00,23:59:00,24,Wed,ID Missing,ID Missing,Ambulatory,NRSG 676 MN - Care Transitions Practicum,Other (see comments),Archived (Completed),Completed,2024,Spring 2024,330
458429,Emory University - SON Pre-licensure,"Emory Offsite Locations - The Emory Clinic, Ambulatory Surgery Centers And The Emory Specialty Assocs",Nursing,Precepted Rotation,1,1,10536,2024-03-18,2024-05-08,00:00:00,23:59:00,24,Wed,ID Missing,ID Missing,Ambulatory,NRSG 676 MN - Care Transitions Practicum,Other (see comments),Archived (Completed),Completed,2024,Spring 2024,330
458431,Emory University - SON Pre-licensure,"Emory Offsite Locations - The Emory Clinic, Ambulatory Surgery Centers And The Emory Specialty Assocs",Nursing,Precepted Rotation,1,1,10375,2024-03-18,2024-05-08,00:00:00,23:59:00,24,Wed,ID Missing,ID Missing,Ambulatory,NRSG 676 MN - Care Transitions Practicum,Other (see comments),Archived (Completed),Completed,2024,Spring 2024,330
458507,Emory University - SON Pre-licensure,"Emory Offsite Locations - The Emory Clinic, Ambulatory Surgery Centers And The Emory Specialty Assocs",Nursing,Precepted Rotation,1,1,10376,2024-03-18,2024-05-08,00:00:00,23:59:00,24,Wed,ID Missing,ID Missing,Ambulatory,NRSG 676 MN - Care Transitions Practicum,Other (see comments),Archived (Completed),Completed,2024,Spring 2024,330
458510,Emory University - SON Pre-licensure,"Emory Offsite Locations - The Emory Clinic, Ambulatory Surgery Centers And The Emory Specialty Assocs",Nursing,Precepted Rotation,1,1,10378,2024-03-18,2024-05-08,00:00:00,23:59:00,24,Wed,ID Missing,ID Missing,Ambulatory,NRSG 676 MN - Care Transitions Practicum,Other (see comments),Archived (Completed),Completed,2024,Spring 2024,330
458513,Emory University - SON Pre-licensure,"Emory Offsite Locations - The Emory Clinic, Ambulatory Surgery Centers And The Emory Specialty Assocs",Nursing,Precepted Rotation,1,1,10371,2024-03-18,2024-05-08,00:00:00,23:59:00,24,Wed,ID Missing,ID Missing,Ambulatory,NRSG 676 MN - Care Transitions Practicum,Other (see comments),Archived (Completed),Completed,2024,Spring 2024,330
458516,Emory University - SON Pre-licensure,"Emory Offsite Locations - The Emory Clinic, Ambulatory Surgery Centers And The Emory Specialty Assocs",Nursing,Precepted Rotation,1,1,10363,2024-03-18,2024-05-08,00:00:00,23:59:00,24,Wed,ID Missing,ID Missing,Ambulatory,NRSG 676 MN - Care Transitions Practicum,Other (see comments),Archived (Completed),Completed,2024,Spring 2024,330
458519,Emory University - SON Pre-licensure,"Emory Offsite Locations - The Emory Clinic, Ambulatory Surgery Centers And The Emory Specialty Assocs",Nursing,Precepted Rotation,1,1,10382,2024-03-18,2024-05-08,00:00:00,23:59:00,24,Wed,ID Missing,ID Missing,Ambulatory,NRSG 676 MN - Care Transitions Practicum,Other (see comments),Archived (Completed),Completed,2024,Spring 2024,330
458523,Emory University - SON Pre-licensure,"Emory Offsite Locations - The Emory Clinic, Ambulatory Surgery Centers And The Emory Specialty Assocs",Nursing,Precepted Rotation,1,1,10362,2024-03-18,2024-05-08,00:00:00,23:59:00,24,Wed,ID Missing,ID Missing,Ambulatory,NRSG 676 MN - Care Transitions Practicum,Other (see comments),Archived (Completed),Completed,2024,Spring 2024,330
458527,Emory University - SON Pre-licensure,"Emory Offsite Locations - The Emory Clinic, Ambulatory Surgery Centers And The Emory Specialty Assocs",Nursing,Precepted Rotation,1,1,10413,2024-03-18,2024-05-08,00:00:00,23:59:00,24,Wed,ID Missing,ID Missing,Ambulatory,NRSG 676 MN - Care Transitions Practicum,Other (see comments),Archived (Completed),Completed,2024,Spring 2024,330
458532,Emory University - SON Pre-licensure,"Emory Offsite Locations - The Emory Clinic, Ambulatory Surgery Centers And The Emory Specialty Assocs",Nursing,Precepted Rotation,1,1,10383,2024-03-18,2024-05-08,00:00:00,23:59:00,24,Wed,ID Missing,ID Missing,Ambulatory,NRSG 676 MN - Care Transitions Practicum,Other (see comments),Archived (Completed),Completed,2024,Spring 2024,330
458536,Emory University - SON Pre-licensure,"Emory Offsite Locations - The Emory Clinic, Ambulatory Surgery Centers And The Emory Specialty Assocs",Nursing,Precepted Rotation,1,1,11131,2024-03-18,2024-05-08,00:00:00,23:59:00,24,Wed,ID Missing,ID Missing,Ambulatory,NRSG 676 MN - Care Transitions Practicum,Other (see comments),Archived (Completed),Completed,2024,Spring 2024,330
458542,Emory University - SON Pre-licensure,"Emory Offsite Locations - The Emory Clinic, Ambulatory Surgery Centers And The Emory Specialty Assocs",Nursing,Precepted Rotation,1,1,10397,2024-03-18,2024-05-08,00:00:00,23:59:00,24,Wed,ID Missing,ID Missing,Ambulatory,NRSG 676 MN - Care Transitions Practicum,Other (see comments),Archived (Completed),Completed,2024,Spring 2024,330
458544,Emory University - SON Pre-licensure,"Emory Offsite Locations - The Emory Clinic, Ambulatory Surgery Centers And The Emory Specialty Assocs",Nursing,Precepted Rotation,1,1,10369,2024-03-18,2024-05-08,00:00:00,23:59:00,24,Wed,ID Missing,ID Missing,Ambulatory,NRSG 676 MN - Care Transitions Practicum,Other (see comments),Archived (Completed),Completed,2024,Spring 2024,330
458548,Emory University - SON Pre-licensure,"Emory Offsite Locations - The Emory Clinic, Ambulatory Surgery Centers And The Emory Specialty Assocs",Nursing,Precepted Rotation,1,1,10360,2024-03-18,2024-05-08,00:00:00,23:59:00,24,Wed,ID Missing,ID Missing,Ambulatory,NRSG 676 MN - Care Transitions Practicum,Other (see comments),Archived (Completed),Completed,2024,Spring 2024,330
458555,Emory University - SON Pre-licensure,"Emory Offsite Locations - The Emory Clinic, Ambulatory Surgery Centers And The Emory Specialty Assocs",Nursing,Precepted Rotation,1,1,10357,2024-03-18,2024-05-08,00:00:00,23:59:00,24,Wed,ID Missing,ID Missing,Ambulatory,NRSG 676 MN - Care Transitions Practicum,Other (see comments),Archived (Completed),Completed,2024,Spring 2024,330
458556,South College - Atlanta Campus - Nursing,Emory University Hospital Midtown,Nursing,Precepted Rotation,1,1,12188,2024-04-03,2024-06-13,00:00:00,23:59:00,150,"Mon, Tue, Wed, Fri, Sat, Sun",2031,3028,Perinatal - OB,NSG 4613 - Adult Health Practicum,42/54: Mother/Baby,Archived (Completed),Completed,2024,Spring 2024,505
458557,Emory University - SON Pre-licensure,"Emory Offsite Locations - The Emory Clinic, Ambulatory Surgery Centers And The Emory Specialty Assocs",Nursing,Precepted Rotation,1,1,10386,2024-03-18,2024-05-08,00:00:00,23:59:00,24,Wed,ID Missing,ID Missing,Ambulatory,NRSG 676 MN - Care Transitions Practicum,Other (see comments),Archived (Completed),Completed,2024,Spring 2024,330
458561,Emory University - SON Pre-licensure,"Emory Offsite Locations - The Emory Clinic, Ambulatory Surgery Centers And The Emory Specialty Assocs",Nursing,Precepted Rotation,1,1,10359,2024-03-18,2024-05-08,00:00:00,23:59:00,24,Wed,ID Missing,ID Missing,Ambulatory,NRSG 676 MN - Care Transitions Practicum,Other (see comments),Archived (Completed),Completed,2024,Spring 2024,330
458563,Emory University - SON Pre-licensure,"Emory Offsite Locations - The Emory Clinic, Ambulatory Surgery Centers And The Emory Specialty Assocs",Nursing,Precepted Rotation,1,1,10381,2024-03-18,2024-05-08,00:00:00,23:59:00,24,Wed,ID Missing,ID Missing,Ambulatory,NRSG 676 MN - Care Transitions Practicum,Other (see comments),Archived (Completed),Completed,2024,Spring 2024,330
458567,Emory University - SON Pre-licensure,"Emory Offsite Locations - The Emory Clinic, Ambulatory Surgery Centers And The Emory Specialty Assocs",Nursing,Precepted Rotation,1,1,10354,2024-03-18,2024-05-08,00:00:00,23:59:00,24,Wed,ID Missing,ID Missing,Ambulatory,NRSG 676 MN - Care Transitions Practicum,Other (see comments),Archived (Completed),Completed,2024,Spring 2024,330
458569,Emory University - SON Pre-licensure,"Emory Offsite Locations - The Emory Clinic, Ambulatory Surgery Centers And The Emory Specialty Assocs",Nursing,Precepted Rotation,1,1,10408,2024-03-18,2024-05-08,00:00:00,23:59:00,24,Wed,ID Missing,ID Missing,Ambulatory,NRSG 676 MN - Care Transitions Practicum,Other (see comments),Archived (Completed),Completed,2024,Spring 2024,330
458570,Emory University - SON Pre-licensure,"Emory Offsite Locations - The Emory Clinic, Ambulatory Surgery Centers And The Emory Specialty Assocs",Nursing,Precepted Rotation,1,1,10388,2024-03-18,2024-05-08,00:00:00,23:59:00,24,Wed,ID Missing,ID Missing,Ambulatory,NRSG 676 MN - Care Transitions Practicum,Other (see comments),Archived (Completed),Completed,2024,Spring 2024,330
458572,Emory University - SON Pre-licensure,"Emory Offsite Locations - The Emory Clinic, Ambulatory Surgery Centers And The Emory Specialty Assocs",Nursing,Precepted Rotation,1,1,10416,2024-03-18,2024-05-08,00:00:00,23:59:00,24,Wed,ID Missing,ID Missing,Ambulatory,NRSG 676 MN - Care Transitions Practicum,Other (see comments),Archived (Completed),Completed,2024,Spring 2024,330
458591,Emory University - SON Pre-licensure,"Emory Offsite Locations - The Emory Clinic, Ambulatory Surgery Centers And The Emory Specialty Assocs",Nursing,Precepted Rotation,1,1,10390,2024-03-18,2024-05-08,00:00:00,23:59:00,24,Wed,ID Missing,ID Missing,Ambulatory,NRSG 676 MN - Care Transitions Practicum,Other (see comments),Archived (Completed),Completed,2024,Spring 2024,330
458594,Emory University - SON Pre-licensure,"Emory Offsite Locations - The Emory Clinic, Ambulatory Surgery Centers And The Emory Specialty Assocs",Nursing,Precepted Rotation,1,1,10385,2024-03-18,2024-05-08,00:00:00,23:59:00,24,Wed,ID Missing,ID Missing,Ambulatory,NRSG 676 MN - Care Transitions Practicum,Other (see comments),Archived (Completed),Completed,2024,Spring 2024,330
458604,Emory University - SON Pre-licensure,"Emory Offsite Locations - The Emory Clinic, Ambulatory Surgery Centers And The Emory Specialty Assocs",Nursing,Precepted Rotation,1,1,10498,2024-03-18,2024-05-08,00:00:00,23:59:00,24,Wed,ID Missing,ID Missing,Ambulatory,NRSG 676 MN - Care Transitions Practicum,Other (see comments),Archived (Completed),Completed,2024,Spring 2024,330
458605,Emory University - SON Pre-licensure,"Emory Offsite Locations - The Emory Clinic, Ambulatory Surgery Centers And The Emory Specialty Assocs",Nursing,Precepted Rotation,1,1,10515,2024-03-18,2024-05-08,00:00:00,23:59:00,24,Wed,ID Missing,ID Missing,Ambulatory,NRSG 676 MN - Care Transitions Practicum,Other (see comments),Archived (Completed),Completed,2024,Spring 2024,330
458607,Emory University - SON Pre-licensure,"Emory Offsite Locations - The Emory Clinic, Ambulatory Surgery Centers And The Emory Specialty Assocs",Nursing,Precepted Rotation,1,1,10337,2024-03-18,2024-05-08,00:00:00,23:59:00,24,Wed,ID Missing,ID Missing,Ambulatory,NRSG 676 MN - Care Transitions Practicum,Other (see comments),Archived (Completed),Completed,2024,Spring 2024,330
458980,Emory University - SON Pre-licensure,"Emory Offsite Locations - The Emory Clinic, Ambulatory Surgery Centers And The Emory Specialty Assocs",Nursing,Precepted Rotation,1,1,10523,2024-03-18,2024-05-08,00:00:00,23:59:00,24,Tue,ID Missing,ID Missing,Ambulatory,NRSG 432 - Ambulatory Care,Other (see comments),Archived (Completed),Completed,2024,Spring 2024,330
458982,Emory University - SON Pre-licensure,"Emory Offsite Locations - The Emory Clinic, Ambulatory Surgery Centers And The Emory Specialty Assocs",Nursing,Precepted Rotation,1,1,10524,2024-03-18,2024-05-08,00:00:00,23:59:00,24,Tue,ID Missing,ID Missing,Ambulatory,NRSG 432 - Ambulatory Care,Other (see comments),Archived (Completed),Completed,2024,Spring 2024,330
458985,Emory University - SON Pre-licensure,"Emory Offsite Locations - The Emory Clinic, Ambulatory Surgery Centers And The Emory Specialty Assocs",Nursing,Precepted Rotation,1,1,10518,2024-03-18,2024-05-08,00:00:00,23:59:00,24,Tue,ID Missing,ID Missing,Ambulatory,NRSG 432 - Ambulatory Care,Other (see comments),Archived (Completed),Completed,2024,Spring 2024,330
458988,Emory University - SON Pre-licensure,"Emory Offsite Locations - The Emory Clinic, Ambulatory Surgery Centers And The Emory Specialty Assocs",Nursing,Precepted Rotation,1,1,10619,2024-03-18,2024-05-08,00:00:00,23:59:00,24,Tue,ID Missing,ID Missing,Ambulatory,NRSG 432 - Ambulatory Care,Other (see comments),Archived (Completed),Completed,2024,Spring 2024,330
458990,Emory University - SON Pre-licensure,"Emory Offsite Locations - The Emory Clinic, Ambulatory Surgery Centers And The Emory Specialty Assocs",Nursing,Precepted Rotation,1,1,10611,2024-03-18,2024-05-08,00:00:00,23:59:00,24,Tue,ID Missing,ID Missing,Ambulatory,NRSG 432 - Ambulatory Care,Other (see comments),Archived (Completed),Completed,2024,Spring 2024,330
458992,Emory University - SON Pre-licensure,"Emory Offsite Locations - The Emory Clinic, Ambulatory Surgery Centers And The Emory Specialty Assocs",Nursing,Precepted Rotation,1,1,10520,2024-03-18,2024-05-08,00:00:00,23:59:00,24,Tue,ID Missing,ID Missing,Ambulatory,NRSG 432 - Ambulatory Care,Other (see comments),Archived (Completed),Completed,2024,Spring 2024,330
458995,Emory University - SON Pre-licensure,"Emory Offsite Locations - The Emory Clinic, Ambulatory Surgery Centers And The Emory Specialty Assocs",Nursing,Precepted Rotation,1,1,10504,2024-03-18,2024-05-08,00:00:00,23:59:00,24,Tue,ID Missing,ID Missing,Ambulatory,NRSG 432 - Ambulatory Care,Other (see comments),Archived (Completed),Completed,2024,Spring 2024,330
458997,Emory University - SON Pre-licensure,"Emory Offsite Locations - The Emory Clinic, Ambulatory Surgery Centers And The Emory Specialty Assocs",Nursing,Precepted Rotation,1,1,10618,2024-03-18,2024-05-08,00:00:00,23:59:00,24,Tue,ID Missing,ID Missing,Ambulatory,NRSG 432 - Ambulatory Care,Other (see comments),Archived (Completed),Completed,2024,Spring 2024,330
458999,Emory University - SON Pre-licensure,"Emory Offsite Locations - The Emory Clinic, Ambulatory Surgery Centers And The Emory Specialty Assocs",Nursing,Precepted Rotation,1,1,10527,2024-03-18,2024-05-08,00:00:00,23:59:00,24,Tue,ID Missing,ID Missing,Ambulatory,NRSG 432 - Ambulatory Care,Other (see comments),Archived (Completed),Completed,2024,Spring 2024,330
459002,Emory University - SON Pre-licensure,"Emory Offsite Locations - The Emory Clinic, Ambulatory Surgery Centers And The Emory Specialty Assocs",Nursing,Precepted Rotation,1,1,10608,2024-03-18,2024-05-08,00:00:00,23:59:00,24,Tue,ID Missing,ID Missing,Ambulatory,NRSG 432 - Ambulatory Care,Other (see comments),Archived (Completed),Completed,2024,Spring 2024,330
459005,Emory University - SON Pre-licensure,"Emory Offsite Locations - The Emory Clinic, Ambulatory Surgery Centers And The Emory Specialty Assocs",Nursing,Precepted Rotation,1,1,10506,2024-03-18,2024-05-08,00:00:00,23:59:00,24,Tue,ID Missing,ID Missing,Ambulatory,NRSG 432 - Ambulatory Care,Other (see comments),Archived (Completed),Completed,2024,Spring 2024,330
459007,Emory University - SON Pre-licensure,"Emory Offsite Locations - The Emory Clinic, Ambulatory Surgery Centers And The Emory Specialty Assocs",Nursing,Precepted Rotation,1,1,10610,2024-03-18,2024-05-08,00:00:00,23:59:00,24,Tue,ID Missing,ID Missing,Ambulatory,NRSG 432 - Ambulatory Care,Other (see comments),Archived (Completed),Completed,2024,Spring 2024,330
459009,Emory University - SON Pre-licensure,"Emory Offsite Locations - The Emory Clinic, Ambulatory Surgery Centers And The Emory Specialty Assocs",Nursing,Precepted Rotation,1,1,10613,2024-03-18,2024-05-08,00:00:00,23:59:00,24,Tue,ID Missing,ID Missing,Ambulatory,NRSG 432 - Ambulatory Care,Other (see comments),Archived (Completed),Completed,2024,Spring 2024,330
459010,Emory University - SON Pre-licensure,"Emory Offsite Locations - The Emory Clinic, Ambulatory Surgery Centers And The Emory Specialty Assocs",Nursing,Precepted Rotation,1,1,10490,2024-03-18,2024-05-08,00:00:00,23:59:00,24,Tue,ID Missing,ID Missing,Ambulatory,NRSG 432 - Ambulatory Care,Other (see comments),Archived (Completed),Completed,2024,Spring 2024,330
459012,Emory University - SON Pre-licensure,"Emory Offsite Locations - The Emory Clinic, Ambulatory Surgery Centers And The Emory Specialty Assocs",Nursing,Precepted Rotation,1,1,10621,2024-03-18,2024-05-08,00:00:00,23:59:00,24,Tue,ID Missing,ID Missing,Ambulatory,NRSG 432 - Ambulatory Care,Other (see comments),Archived (Completed),Completed,2024,Spring 2024,330
459091,Emory University - SON Pre-licensure,"Emory Offsite Locations - The Emory Clinic, Ambulatory Surgery Centers And The Emory Specialty Assocs",Nursing,Precepted Rotation,1,1,10491,2024-03-18,2024-05-08,00:00:00,23:59:00,24,Tue,ID Missing,ID Missing,Ambulatory,NRSG 432 - Ambulatory Care,Other (see comments),Archived (Completed),Completed,2024,Spring 2024,330
459095,Emory University - SON Pre-licensure,"Emory Offsite Locations - The Emory Clinic, Ambulatory Surgery Centers And The Emory Specialty Assocs",Nursing,Precepted Rotation,1,1,10533,2024-03-18,2024-05-08,00:00:00,23:59:00,24,Tue,ID Missing,ID Missing,Ambulatory,NRSG 432 - Ambulatory Care,Other (see comments),Archived (Completed),Completed,2024,Spring 2024,330
459844,Georgia State University - SON - Undergraduate,Emory Decatur Hospital,Nursing,Cohort Rotation,5,6,"12189, 12190, 12191, 12192, 12193",2024-08-31,2024-10-12,07:00:00,19:00:00,60,Sat,ID Missing,No Preceptor Assigned,MedSurg - Acute Care,NURS 3530 - ,Cardiac Telemetry - 2400,Archived (Completed),Completed,2024,Fall 2024,458
460277,Kennesaw State University - Nursing,Emory Saint Joseph's Hospital,Nursing,Cohort Rotation,8,8,"12194, 12195, 12196, 12197, 12198, 12199, 12200, 12201",2024-10-04,2024-11-15,06:30:00,13:00:00,45,Fri,ID Missing,No Preceptor Assigned,Fundamentals,3209 - Holistic Nursing,4S ortho,Archived (Completed),Completed,2024,Fall 2024,500
461671,Georgia State University - Perimeter College,Emory Long Term Acute Care Hospital,Nursing,Cohort Rotation,4,6,"12202, 12203, 12204, 12205",2024-09-06,2024-11-08,07:00:00,19:00:00,96,Fri,ID Missing,No Preceptor Assigned,MedSurg - Acute Care,NURS 1930 - Intermediate Concepts of Nursing,LTAC,Archived (Completed),Completed,2024,Fall 2024,436
461851,Chamberlain College of Nursing - Atlanta,Emory Decatur Hospital,Nursing,Precepted Rotation,1,1,11948,2024-05-06,2024-06-29,00:00:00,23:59:00,96,,ID Missing,No Preceptor Assigned,To Be Determined,NR 446 - Senior Practicum - Collaborative Healthcare,ICU - 2500,Archived (Completed),Completed,2024,Spring 2024,24
461853,Chamberlain College of Nursing - Atlanta,Emory Decatur Hospital,Nursing,Precepted Rotation,1,1,12206,2024-05-06,2024-06-29,00:00:00,23:59:00,96,,ID Missing,No Preceptor Assigned,To Be Determined,NR 446 - Senior Practicum - Collaborative Healthcare,ICU - 2500,Archived (Completed),Completed,2024,Spring 2024,24
461884,Chamberlain College of Nursing - Georgia,Emory Decatur Hospital,Nursing,Precepted Rotation,1,1,12207,2024-05-06,2024-06-29,00:00:00,23:59:00,96,,ID Missing,No Preceptor Assigned,Stepdown/Progressive,NR 446 - Senior Practicum - Collaborative Healthcare,Stepdown Unit - 2600,Archived (Withdrawn),Withdrawn,2024,Spring 2024,182
461888,Chamberlain College of Nursing - Atlanta,Emory Decatur Hospital,Nursing,Precepted Rotation,1,1,10095,2024-05-06,2024-06-29,00:00:00,23:59:00,96,,ID Missing,No Preceptor Assigned,Stepdown/Progressive,NR 446 - Senior Practicum - Collaborative Healthcare,Stepdown Unit - 2600,Archived (Completed),Completed,2024,Spring 2024,24
465139,Emory University - SON Pre-licensure,"Emory Offsite Locations - The Emory Clinic, Ambulatory Surgery Centers And The Emory Specialty Assocs",Nursing,Precepted Rotation,1,1,11108,2024-05-17,2024-06-26,00:00:00,23:59:00,132,"Mon, Thu, Fri, Sat, Sun",2020,ID Missing,Practicum,NRSG 648 MN - Transitions to Nursing Practice,Other (see comments),Archived (Completed),Completed,2024,Spring 2024,340
465141,Emory University - SON Pre-licensure,Emory University Hospital,Nursing,Precepted Rotation,1,1,11037,2024-05-17,2024-06-26,00:00:00,23:59:00,132,"Mon, Thu, Fri, Sat, Sun",2020,"ID Missing, ID Missing",Practicum,NRSG 648 MN - Transitions to Nursing Practice,2D ICU: Neuro,Archived (Completed),Completed,2024,Spring 2024,340
465244,Georgia State University - SON - Undergraduate,Emory University Hospital at Wesley Woods,Nursing,Cohort Rotation,6,8,"12208, 12209, 12210, 12211, 12212, 12213",2024-08-29,2024-10-10,06:30:00,16:30:00,70,Thu,ID Missing,No Preceptor Assigned,Psychiatry; Mental Health; Behavioral Medicine,NURS 3810 - Mental Health,-no preference-,Archived (Denied),Denied,2024,Fall 2024,457
465261,Emory University - SON Pre-licensure,Emory University Hospital,Nursing,Precepted Rotation,1,1,11090,2024-07-01,2024-08-07,00:00:00,23:59:00,132,"Mon, Thu, Fri, Sat, Sun",ID Missing,"ID Missing, ID Missing",Practicum,NRSG 648 MN - Transitions to Nursing Practice,2D ICU: Neuro,Archived (Completed),Completed,2024,Fall 2024,362
465263,Emory University - SON Pre-licensure,Emory University Hospital Midtown,Nursing,Precepted Rotation,1,1,11054,2024-05-17,2024-06-26,00:00:00,23:59:00,132,"Wed, Thu, Fri, Sat, Sun",2021,ID Missing,Practicum,NRSG 648 MN - Transitions to Nursing Practice,-no preference-,Archived (Completed),Completed,2024,Spring 2024,340
465265,Emory University - SON Pre-licensure,Emory University Hospital Midtown,Nursing,Precepted Rotation,0,1,No Students Assigned,2024-05-17,2024-06-26,00:00:00,23:59:00,132,"Wed, Thu, Fri, Sat, Sun",ID Missing,ID Missing,Practicum,NRSG 648 MN - Transitions to Nursing Practice,-no preference-,Archived (Withdrawn),Withdrawn,2024,Spring 2024,340
465271,Emory University - SON Pre-licensure,Emory University Hospital Midtown,Nursing,Precepted Rotation,1,1,11030,2024-07-01,2024-08-07,00:00:00,23:59:00,132,"Wed, Thu, Fri, Sat, Sun",2021,"ID Missing, ID Missing",Practicum,NRSG 648 MN - Transitions to Nursing Practice,-no preference-,Archived (Completed),Completed,2024,Fall 2024,362
465272,Emory University - SON Pre-licensure,Emory University Hospital Midtown,Nursing,Precepted Rotation,1,1,11019,2024-07-01,2024-08-07,00:00:00,23:59:00,132,"Wed, Thu, Fri, Sat, Sun",2021,"ID Missing, ID Missing",Practicum,NRSG 648 MN - Transitions to Nursing Practice,-no preference-,Archived (Completed),Completed,2024,Fall 2024,362
465273,Emory University - SON Pre-licensure,Emory University Hospital Midtown,Nursing,Precepted Rotation,1,1,11109,2024-05-17,2024-06-26,00:00:00,23:59:00,132,"Mon, Thu, Fri, Sat, Sun",2021,ID Missing,Practicum,NRSG 648 MN - Transitions to Nursing Practice,ED: Emergency,Archived (Completed),Completed,2024,Spring 2024,340
465276,Emory University - SON Pre-licensure,Emory University Hospital Midtown,Nursing,Precepted Rotation,1,1,11084,2024-07-01,2024-08-07,00:00:00,23:59:00,132,"Mon, Thu, Fri, Sat, Sun",2021,"ID Missing, ID Missing",Practicum,NRSG 648 MN - Transitions to Nursing Practice,ED: Emergency,Archived (Completed),Completed,2024,Fall 2024,362
465278,Emory University - SON Pre-licensure,Emory University Hospital Midtown,Nursing,Precepted Rotation,1,1,11080,2024-07-01,2024-08-07,00:00:00,23:59:00,132,"Mon, Thu, Fri, Sat, Sun",2021,ID Missing,Practicum,NRSG 648 MN - Transitions to Nursing Practice,ED: Emergency,Archived (Completed),Completed,2024,Fall 2024,362
465280,Emory University - SON Pre-licensure,Emory University Hospital Midtown,Nursing,Precepted Rotation,1,1,11009,2024-07-01,2024-08-07,00:00:00,23:59:00,132,"Mon, Thu, Fri, Sat, Sun",2021,ID Missing,Practicum,NRSG 648 MN - Transitions to Nursing Practice,ED: Emergency,Archived (Completed),Completed,2024,Fall 2024,362
465281,Emory University - SON Pre-licensure,Emory Decatur Hospital,Nursing,Precepted Rotation,0,1,No Students Assigned,2024-05-17,2024-06-26,00:00:00,23:59:00,132,"Mon, Thu, Fri, Sat, Sun",ID Missing,ID Missing,Practicum,NRSG 648 MN - Transitions to Nursing Practice,Mother/Baby,Archived (Withdrawn),Withdrawn,2024,Spring 2024,340
465284,Emory University - SON Pre-licensure,Emory Decatur Hospital,Nursing,Precepted Rotation,1,1,11095,2024-05-17,2024-06-26,00:00:00,23:59:00,132,"Mon, Thu, Fri, Sat, Sun",2018,ID Missing,Practicum,NRSG 648 MN - Transitions to Nursing Practice,Mother/Baby,Archived (Completed),Completed,2024,Spring 2024,340
465290,Emory University - SON Pre-licensure,Emory Decatur Hospital,Nursing,Precepted Rotation,1,1,11085,2024-07-01,2024-08-07,00:00:00,23:59:00,132,"Mon, Thu, Fri, Sat, Sun",2018,"ID Missing, ID Missing",Practicum,NRSG 648 MN - Transitions to Nursing Practice,Mother/Baby,Archived (Completed),Completed,2024,Fall 2024,362
465291,Emory University - SON Pre-licensure,Emory Decatur Hospital,Nursing,Precepted Rotation,1,1,11120,2024-07-01,2024-08-07,00:00:00,23:59:00,132,"Mon, Thu, Fri, Sat, Sun",2018,"ID Missing, ID Missing, ID Missing",Practicum,NRSG 648 MN - Transitions to Nursing Practice,Mother/Baby,Archived (Completed),Completed,2024,Fall 2024,362
465295,Emory University - SON Pre-licensure,Emory Decatur Hospital,Nursing,Precepted Rotation,0,1,No Students Assigned,2024-05-17,2024-06-26,00:00:00,23:59:00,132,"Mon, Thu, Fri, Sat, Sun",ID Missing,ID Missing,Practicum,NRSG 648 MN - Transitions to Nursing Practice,ICU - 2500,Archived (Withdrawn),Withdrawn,2024,Spring 2024,340
465297,Emory University - SON Pre-licensure,Emory Decatur Hospital,Nursing,Precepted Rotation,1,1,11069,2024-05-17,2024-06-26,00:00:00,23:59:00,132,"Mon, Thu, Fri, Sat, Sun",2018,"3007, ID Missing",Practicum,NRSG 648 MN - Transitions to Nursing Practice,ICU - 2500,Archived (Completed),Completed,2024,Spring 2024,340
465299,Emory University - SON Pre-licensure,Emory Decatur Hospital,Nursing,Precepted Rotation,1,1,11126,2024-07-01,2024-08-07,00:00:00,23:59:00,132,"Mon, Thu, Fri, Sat, Sun",2018,"3007, ID Missing",Practicum,NRSG 648 MN - Transitions to Nursing Practice,ICU - 2500,Archived (Completed),Completed,2024,Fall 2024,362
465300,Emory University - SON Pre-licensure,Emory Decatur Hospital,Nursing,Precepted Rotation,1,1,11001,2024-07-01,2024-08-07,00:00:00,23:59:00,132,"Mon, Thu, Fri, Sat, Sun",2018,3003,Practicum,NRSG 648 MN - Transitions to Nursing Practice,ICU - 2500,Archived (Completed),Completed,2024,Fall 2024,362
465593,Emory University - SON Pre-licensure,Emory Johns Creek Hospital,Nursing,Precepted Rotation,0,1,No Students Assigned,2024-05-17,2024-06-26,00:00:00,23:59:00,132,"Wed, Thu, Fri, Sat, Sun",ID Missing,ID Missing,Practicum,NRSG 648 MN - Transitions to Nursing Practice,"Maternity: M/B, L&D, NICU",Archived (Withdrawn),Withdrawn,2024,Spring 2024,340
465599,Emory University - SON Pre-licensure,Emory Saint Joseph's Hospital,Nursing,Precepted Rotation,1,1,11130,2024-05-17,2024-06-26,00:00:00,23:59:00,132,"Mon, Thu, Fri, Sat, Sun",2020,ID Missing,Practicum,NRSG 648 MN - Transitions to Nursing Practice,2SW CVICU,Archived (Completed),Completed,2024,Spring 2024,340
465603,Emory University - SON Pre-licensure,Emory Saint Joseph's Hospital,Nursing,Precepted Rotation,1,1,11024,2024-05-17,2024-06-26,00:00:00,23:59:00,132,"Wed, Thu, Fri, Sat, Sun",2020,"ID Missing, ID Missing",Practicum,NRSG 648 MN - Transitions to Nursing Practice,2SW CVICU,Archived (Completed),Completed,2024,Spring 2024,340
465606,Emory University - SON Pre-licensure,Emory Saint Joseph's Hospital,Nursing,Precepted Rotation,1,1,11086,2024-07-01,2024-08-07,00:00:00,23:59:00,132,"Mon, Thu, Fri, Sat, Sun",2012,ID Missing,Practicum,NRSG 648 MN - Transitions to Nursing Practice,2SW CVICU,Archived (Completed),Completed,2024,Fall 2024,362
465609,Emory University - SON Pre-licensure,Emory Saint Joseph's Hospital,Nursing,Precepted Rotation,0,1,No Students Assigned,2024-07-01,2024-08-07,00:00:00,23:59:00,132,"Wed, Thu, Fri, Sat, Sun",ID Missing,ID Missing,Practicum,NRSG 648 MN - Transitions to Nursing Practice,2SW CVICU,Archived (Completed),Completed,2024,Fall 2024,362
465611,Emory University - SON Pre-licensure,Emory Saint Joseph's Hospital,Nursing,Precepted Rotation,1,1,11129,2024-05-17,2024-06-26,00:00:00,23:59:00,132,"Mon, Thu, Fri, Sat, Sun",2020,ID Missing,Practicum,NRSG 648 MN - Transitions to Nursing Practice,2W CCU,Archived (Completed),Completed,2024,Spring 2024,340
465613,Emory University - SON Pre-licensure,Emory Saint Joseph's Hospital,Nursing,Precepted Rotation,1,1,10407,2024-07-01,2024-08-07,00:00:00,23:59:00,132,"Mon, Thu, Fri, Sat, Sun",2012,"ID Missing, ID Missing",Practicum,NRSG 648 MN - Transitions to Nursing Practice,2W CCU,Archived (Completed),Completed,2024,Fall 2024,362
465617,Emory University - SON Pre-licensure,Emory Saint Joseph's Hospital,Nursing,Precepted Rotation,1,1,11011,2024-05-17,2024-06-26,00:00:00,23:59:00,132,"Mon, Thu, Fri, Sat, Sun",2020,"ID Missing, ID Missing",Practicum,NRSG 648 MN - Transitions to Nursing Practice,2E MSICU,Archived (Completed),Completed,2024,Spring 2024,340
465620,Emory University - SON Pre-licensure,Emory Saint Joseph's Hospital,Nursing,Precepted Rotation,1,1,11003,2024-07-01,2024-08-07,00:00:00,23:59:00,132,"Mon, Thu, Fri, Sat, Sun",2012,"ID Missing, ID Missing",Practicum,NRSG 648 MN - Transitions to Nursing Practice,2E MSICU,Archived (Completed),Completed,2024,Fall 2024,362
465624,Emory University - SON Pre-licensure,Emory University Hospital,Nursing,Precepted Rotation,1,1,11096,2024-05-17,2024-06-26,00:00:00,23:59:00,132,"Mon, Thu, Fri, Sat, Sun",2020,ID Missing,Practicum,NRSG 648 MN - Transitions to Nursing Practice,MICU,Archived (Completed),Completed,2024,Spring 2024,340
465628,Emory University - SON Pre-licensure,Emory University Hospital,Nursing,Precepted Rotation,1,1,11068,2024-05-17,2024-06-26,00:00:00,23:59:00,132,"Wed, Thu, Fri, Sat, Sun",ID Missing,ID Missing,Practicum,NRSG 648 MN - Transitions to Nursing Practice,MICU,Archived (Completed),Completed,2024,Spring 2024,340
465632,Emory University - SON Pre-licensure,Emory University Hospital,Nursing,Precepted Rotation,1,1,11026,2024-07-01,2024-08-07,00:00:00,23:59:00,132,"Mon, Thu, Fri, Sat, Sun",ID Missing,ID Missing,Practicum,NRSG 648 MN - Transitions to Nursing Practice,MICU,Archived (Completed),Completed,2024,Fall 2024,362
465635,Emory University - SON Pre-licensure,Emory University Hospital,Nursing,Precepted Rotation,0,1,No Students Assigned,2024-07-01,2024-08-07,00:00:00,23:59:00,132,"Wed, Thu, Fri, Sat, Sun",ID Missing,ID Missing,Practicum,NRSG 648 MN - Transitions to Nursing Practice,MICU,Archived (Completed),Completed,2024,Fall 2024,362
465638,Emory University - SON Pre-licensure,Emory University Hospital Midtown,Nursing,Precepted Rotation,1,1,11099,2024-05-17,2024-06-26,00:00:00,23:59:00,132,"Mon, Thu, Fri, Sat, Sun",ID Missing,"ID Missing, ID Missing, ID Missing",Practicum,NRSG 648 MN - Transitions to Nursing Practice,Nurseries (DEU): NICU,Archived (Completed),Completed,2024,Spring 2024,340
465642,Emory University - SON Pre-licensure,Emory University Hospital Midtown,Nursing,Precepted Rotation,1,1,11107,2024-05-17,2024-06-26,00:00:00,23:59:00,132,"Mon, Thu, Fri, Sat, Sun",2012,"ID Missing, ID Missing, ID Missing",Practicum,NRSG 648 MN - Transitions to Nursing Practice,Nurseries (DEU): NICU,Archived (Completed),Completed,2024,Spring 2024,340
465644,Emory University - SON Pre-licensure,Emory University Hospital Midtown,Nursing,Precepted Rotation,1,1,11128,2024-07-01,2024-08-07,00:00:00,23:59:00,132,"Mon, Thu, Fri, Sat, Sun",2009,ID Missing,Practicum,NRSG 648 MN - Transitions to Nursing Practice,Nurseries (DEU): NICU,Archived (Completed),Completed,2024,Fall 2024,362
465645,Emory University - SON Pre-licensure,Emory University Hospital Midtown,Nursing,Precepted Rotation,1,1,11106,2024-07-01,2024-08-07,00:00:00,23:59:00,132,"Mon, Thu, Fri, Sat, Sun",2021,ID Missing,Practicum,NRSG 648 MN - Transitions to Nursing Practice,Nurseries (DEU): NICU,Archived (Completed),Completed,2024,Fall 2024,362
466694,South College - Atlanta Campus - Nursing,Emory Decatur Hospital,Nursing,Cohort Rotation,6,6,"12214, 12215, 12216, 12217, 12218, 12219",2024-07-13,2024-08-10,07:00:00,19:00:00,60,Sat,ID Missing,No Preceptor Assigned,Psychiatry; Mental Health; Behavioral Medicine,NGS3233 - Mental Health Nursing,Behavioral Health  - 2800,Archived (Completed),Completed,2024,Fall 2024,523
467024,Chamberlain College of Nursing - Atlanta,Emory University Orthopaedics And Spine Hospital,Nursing,Precepted Rotation,1,1,12220,2024-05-06,2024-06-28,00:00:00,23:59:00,96,,ID Missing,No Preceptor Assigned,Leadership,NR 446 - Senior Practicum - Collaborative Healthcare,2-4 floors: Orthopaedics,Archived (Completed),Completed,2024,Spring 2024,23
467028,Chamberlain College of Nursing - Atlanta,Emory Decatur Hospital,Nursing,Precepted Rotation,1,2,10734,2024-05-06,2024-06-28,00:00:00,23:59:00,96,,ID Missing,No Preceptor Assigned,Leadership,NR 446 - Senior Practicum - Collaborative Healthcare,General Surgery - 3400,Archived (Completed),Completed,2024,Spring 2024,23
467105,Emory University - SON Pre-licensure,Emory Johns Creek Hospital,Nursing,Precepted Rotation,1,1,11083,2024-05-17,2024-06-26,00:00:00,23:59:00,132,"Mon, Thu, Fri, Sat, Sun",ID Missing,"ID Missing, ID Missing",Practicum,NRSG 648 MN - Transitions to Nursing Practice,ED: emergency and CDU,Archived (Completed),Completed,2024,Spring 2024,340
467109,Emory University - SON Pre-licensure,Emory Johns Creek Hospital,Nursing,Precepted Rotation,0,1,No Students Assigned,2024-05-17,2024-06-26,00:00:00,23:59:00,132,"Mon, Thu, Fri, Sat, Sun",ID Missing,ID Missing,Practicum,NRSG 648 MN - Transitions to Nursing Practice,ED: emergency,Archived (Withdrawn),Withdrawn,2024,Spring 2024,340
467110,Emory University - SON Pre-licensure,Emory Johns Creek Hospital,Nursing,Precepted Rotation,0,1,No Students Assigned,2024-07-01,2024-08-07,00:00:00,23:59:00,132,"Mon, Thu, Fri, Sat, Sun",ID Missing,ID Missing,Practicum,NRSG 648 MN - Transitions to Nursing Practice,ED: emergency and CDU,Archived (Completed),Completed,2024,Fall 2024,362
467113,Emory University - SON Pre-licensure,Emory Johns Creek Hospital,Nursing,Precepted Rotation,0,1,No Students Assigned,2024-07-01,2024-08-07,00:00:00,23:59:00,132,"Mon, Thu, Fri, Sat, Sun",ID Missing,ID Missing,Practicum,NRSG 648 MN - Transitions to Nursing Practice,ED: emergency and CDU,Archived (Completed),Completed,2024,Fall 2024,362
467116,Emory University - SON Pre-licensure,Emory Johns Creek Hospital,Nursing,Precepted Rotation,1,1,11010,2024-07-01,2024-08-07,00:00:00,23:59:00,132,"Wed, Thu, Fri, Sat, Sun",ID Missing,ID Missing,Practicum,NRSG 648 MN - Transitions to Nursing Practice,"Maternity: M/B, L&D, NICU",Archived (Completed),Completed,2024,Fall 2024,362
467121,Emory University - SON Pre-licensure,Emory Decatur Hospital,Nursing,Precepted Rotation,1,1,11005,2024-05-17,2024-06-26,00:00:00,23:59:00,132,"Wed, Thu, Fri, Sat, Sun",2018,ID Missing,Practicum,NRSG 648 MN - Transitions to Nursing Practice,NICU,Archived (Completed),Completed,2024,Spring 2024,340
467124,Emory University - SON Pre-licensure,Emory Decatur Hospital,Nursing,Precepted Rotation,1,1,11102,2024-05-17,2024-06-26,00:00:00,23:59:00,132,"Wed, Thu, Fri, Sat, Sun",2018,ID Missing,Practicum,NRSG 648 MN - Transitions to Nursing Practice,NICU,Archived (Completed),Completed,2024,Spring 2024,340
467126,Emory University - SON Pre-licensure,Emory Decatur Hospital,Nursing,Precepted Rotation,1,1,10412,2024-07-01,2024-08-07,00:00:00,23:59:00,132,"Mon, Thu, Fri, Sat, Sun",2018,ID Missing,Practicum,NRSG 648 MN - Transitions to Nursing Practice,NICU,Archived (Completed),Completed,2024,Fall 2024,362
467130,Emory University - SON Pre-licensure,Emory Decatur Hospital,Nursing,Precepted Rotation,1,1,11022,2024-07-01,2024-08-07,00:00:00,23:59:00,132,"Mon, Thu, Fri, Sat, Sun",2018,ID Missing,Practicum,NRSG 648 MN - Transitions to Nursing Practice,NICU,Archived (Completed),Completed,2024,Fall 2024,362
467499,Chamberlain College of Nursing - Atlanta,"Emory Offsite Locations - The Emory Clinic, Ambulatory Surgery Centers And The Emory Specialty Assocs",Nursing,Precepted Rotation,1,2,12221,2024-05-06,2024-06-29,00:00:00,23:59:00,96,,ID Missing,No Preceptor Assigned,Leadership,NR 446 - Senior Practicum - Collaborative Healthcare,Dunwoody Ortho/ASC,Archived (Completed),Completed,2024,Spring 2024,24
467500,Chamberlain College of Nursing - Atlanta,Emory University Hospital Midtown,Nursing,Precepted Rotation,1,1,10864,2024-05-06,2024-06-29,00:00:00,23:59:00,96,,ID Missing,No Preceptor Assigned,Leadership,NR 446 - Senior Practicum - Collaborative Healthcare,OR: Surgery,Archived (Completed),Completed,2024,Spring 2024,24
468181,Emory University - SON Pre-licensure,Emory University Hospital,Nursing,Precepted Rotation,1,1,11017,2024-05-17,2024-06-26,00:00:00,23:59:00,132,"Mon, Thu, Fri, Sat, Sun",2020,"ID Missing, ID Missing, ID Missing",Practicum,NRSG 648 MN - Transitions to Nursing Practice,CVICU,Archived (Completed),Completed,2024,Spring 2024,340
468182,Emory University - SON Pre-licensure,Emory University Hospital,Nursing,Precepted Rotation,0,1,No Students Assigned,2024-05-17,2024-06-26,00:00:00,23:59:00,132,"Mon, Thu, Fri, Sat, Sun",ID Missing,ID Missing,Practicum,NRSG 648 MN - Transitions to Nursing Practice,-no preference-,Archived (Withdrawn),Withdrawn,2024,Spring 2024,340
468183,Emory University - SON Pre-licensure,Emory University Hospital,Nursing,Precepted Rotation,1,1,11070,2024-07-01,2024-08-07,00:00:00,23:59:00,132,"Mon, Thu, Fri, Sat, Sun",ID Missing,ID Missing,Practicum,NRSG 648 MN - Transitions to Nursing Practice,-no preference-,Archived (Completed),Completed,2024,Fall 2024,362
468184,Emory University - SON Pre-licensure,Emory University Hospital,Nursing,Precepted Rotation,0,1,No Students Assigned,2024-05-17,2024-06-26,00:00:00,23:59:00,132,"Mon, Thu, Fri, Sat, Sun",ID Missing,ID Missing,Practicum,NRSG 648 MN - Transitions to Nursing Practice,9T: Bone Marrow Transplant,Archived (Withdrawn),Withdrawn,2024,Spring 2024,340
468185,Emory University - SON Pre-licensure,Emory University Hospital,Nursing,Precepted Rotation,1,1,11038,2024-07-01,2024-08-07,00:00:00,23:59:00,132,"Mon, Thu, Fri, Sat, Sun",ID Missing,ID Missing,Practicum,NRSG 648 MN - Transitions to Nursing Practice,9T: Bone Marrow Transplant,Archived (Completed),Completed,2024,Fall 2024,362
468186,Emory University - SON Pre-licensure,Emory University Hospital Midtown,Nursing,Precepted Rotation,1,1,11013,2024-05-17,2024-06-26,00:00:00,23:59:00,132,"Mon, Thu, Fri, Sat, Sun",2021,ID Missing,Practicum,NRSG 648 MN - Transitions to Nursing Practice,42/54: Mother/Baby,Archived (Completed),Completed,2024,Spring 2024,340
468187,Emory University - SON Pre-licensure,Emory University Hospital Midtown,Nursing,Precepted Rotation,1,1,11043,2024-07-01,2024-08-07,00:00:00,23:59:00,132,"Mon, Thu, Fri, Sat, Sun",2021,"ID Missing, ID Missing",Practicum,NRSG 648 MN - Transitions to Nursing Practice,42/54: Mother/Baby,Archived (Completed),Completed,2024,Fall 2024,362
468188,Emory University - SON Pre-licensure,Emory Decatur Hospital,Nursing,Precepted Rotation,1,1,10535,2024-05-17,2024-06-26,00:00:00,23:59:00,132,"Mon, Thu, Fri, Sat, Sun",2018,ID Missing,Practicum,NRSG 648 MN - Transitions to Nursing Practice,Behavioral Health  - 2800,Archived (Completed),Completed,2024,Spring 2024,340
468189,Emory University - SON Pre-licensure,Emory University Orthopaedics And Spine Hospital,Nursing,Precepted Rotation,1,1,11100,2024-05-17,2024-06-26,00:00:00,23:59:00,132,"Mon, Thu, Fri, Sat, Sun",2020,ID Missing,Practicum,NRSG 648 MN - Transitions to Nursing Practice,2-4 floors: Orthopaedics,Archived (Completed),Completed,2024,Spring 2024,340
468190,Emory University - SON Pre-licensure,Emory University Orthopaedics And Spine Hospital,Nursing,Precepted Rotation,1,1,11044,2024-07-01,2024-08-07,00:00:00,23:59:00,132,"Mon, Thu, Fri, Sat, Sun",2012,ID Missing,Practicum,NRSG 648 MN - Transitions to Nursing Practice,2-4 floors: Orthopaedics,Archived (Completed),Completed,2024,Fall 2024,362
468191,Emory University - SON Pre-licensure,Emory Hillandale Hospital,Nursing,Precepted Rotation,1,1,11049,2024-05-17,2024-06-26,00:00:00,23:59:00,132,"Mon, Thu, Fri, Sat, Sun",2018,ID Missing,Practicum,NRSG 648 MN - Transitions to Nursing Practice,Emergency Dept,Archived (Completed),Completed,2024,Spring 2024,340
468746,Emory University - SON Pre-licensure,Emory University Hospital,Nursing,Precepted Rotation,1,1,11071,2024-05-17,2024-06-26,00:00:00,23:59:00,132,"Mon, Thu, Fri, Sat, Sun",2020,"ID Missing, ID Missing",Practicum,NRSG 648 MN - Transitions to Nursing Practice,ED: Emergency,Archived (Completed),Completed,2024,Spring 2024,340
468751,Emory University - SON Pre-licensure,Emory University Hospital,Nursing,Precepted Rotation,1,1,11018,2024-07-01,2024-08-07,00:00:00,23:59:00,132,"Mon, Thu, Fri, Sat, Sun",ID Missing,ID Missing,Practicum,NRSG 648 MN - Transitions to Nursing Practice,ED: Emergency,Archived (Completed),Completed,2024,Fall 2024,362
468755,Emory University - SON Pre-licensure,Emory Decatur Hospital,Nursing,Precepted Rotation,1,1,10463,2024-05-17,2024-06-26,00:00:00,23:59:00,132,"Mon, Thu, Fri, Sat, Sun",ID Missing,ID Missing,Practicum,NRSG 648 MN - Transitions to Nursing Practice,PACU,Archived (Completed),Completed,2024,Spring 2024,340
468760,Emory University - SON Pre-licensure,Emory Decatur Hospital,Nursing,Precepted Rotation,1,1,10418,2024-07-01,2024-08-07,00:00:00,23:59:00,132,"Mon, Thu, Fri, Sat, Sun",2018,ID Missing,Practicum,NRSG 648 MN - Transitions to Nursing Practice,PACU,Archived (Completed),Completed,2024,Fall 2024,362
468923,Emory University - SON Pre-licensure,Emory University Hospital Midtown,Nursing,Precepted Rotation,1,1,11123,2024-07-01,2024-08-07,00:00:00,23:59:00,132,"Mon, Thu, Fri, Sat, Sun",2021,"ID Missing, ID Missing",Practicum,NRSG 648 MN - Transitions to Nursing Practice,11: CV Surgery SD,Archived (Completed),Completed,2024,Fall 2024,362
468932,Emory University - SON Pre-licensure,Emory University Hospital Midtown,Nursing,Precepted Rotation,1,1,11016,2024-07-01,2024-08-07,00:00:00,23:59:00,132,"Mon, Thu, Fri, Sat, Sun",2021,ID Missing,Practicum,NRSG 648 MN - Transitions to Nursing Practice,OR: Surgery,Archived (Completed),Completed,2024,Fall 2024,362
469068,Chamberlain College of Nursing - Atlanta,Emory Decatur Hospital,Nursing,Cohort Rotation,8,8,"12222, 10903, 11951, 10912, 10938, 10172, 10161, 12223",2024-05-10,2024-06-14,07:00:00,19:00:00,48,Fri,ID Missing,No Preceptor Assigned,Psychiatry; Mental Health; Behavioral Medicine,NR 326 - Mental Health Nursing,Behavioral Health (acute) - 1800,Archived (Completed),Completed,2024,Spring 2024,30
469882,Emory University - SON Pre-licensure,Emory Decatur Hospital,Nursing,Precepted Rotation,1,1,11050,2024-07-01,2024-08-07,00:00:00,23:59:00,132,"Mon, Thu, Fri, Sat, Sun",2018,ID Missing,Practicum,NRSG 648 MN - Transitions to Nursing Practice,Emergency Dept- North Decatur,Archived (Completed),Completed,2024,Fall 2024,362
469883,Emory University - SON Pre-licensure,Emory Decatur Hospital,Nursing,Precepted Rotation,0,1,No Students Assigned,2024-05-17,2024-06-26,00:00:00,23:59:00,132,"Mon, Thu, Fri, Sat, Sun",ID Missing,ID Missing,Practicum,NRSG 648 MN - Transitions to Nursing Practice,Emergency Dept- North Decatur,Archived (Withdrawn),Withdrawn,2024,Spring 2024,340
469910,Chamberlain College of Nursing - Atlanta,Emory Johns Creek Hospital,Nursing,Cohort Rotation,8,8,"11681, 12224, 12225, 10148, 12226, 11891, 11260, 12227",2024-09-07,2024-10-26,07:00:00,19:00:00,96,Sat,"ID Missing, ID Missing",No Preceptor Assigned,To Be Determined,NR 446 - Collaborative Health,3rd floor: med-surg,Archived (Completed),Completed,2024,Fall 2024,55
469911,Chamberlain College of Nursing - Atlanta,Emory Saint Joseph's Hospital,Nursing,Cohort Rotation,8,8,"12228, 12229, 12230, 11684, 10170, 12231, 10157, 11703",2024-09-04,2024-10-23,07:00:00,19:00:00,96,Wed,ID Missing,No Preceptor Assigned,To Be Determined,NR 446 - Collaborative Health,6E internal medicine,Archived (Completed),Completed,2024,Fall 2024,49
469912,Chamberlain College of Nursing - Georgia,Emory Decatur Hospital,Nursing,Cohort Rotation,0,6,No Students Assigned,2024-09-05,2024-10-24,07:00:00,19:00:00,96,Thu,ID Missing,No Preceptor Assigned,To Be Determined,NR 446 - Collaborative Health,General Surgery - 3400,Archived (Withdrawn),Withdrawn,2024,Fall 2024,201
469913,Chamberlain College of Nursing - Atlanta,Emory Saint Joseph's Hospital,Nursing,Cohort Rotation,7,8,"12207, 12232, 10043, 12233, 10105, 10928, 12234",2024-09-02,2024-10-21,07:00:00,19:00:00,96,Mon,ID Missing,No Preceptor Assigned,To Be Determined,NR 446 - Collaborative Health,3SW GI medicine/bariatrics,Archived (Completed),Completed,2024,Fall 2024,44
469915,Chamberlain College of Nursing - Atlanta,Emory Hillandale Hospital,Nursing,Cohort Rotation,7,8,"12235, 12236, 11709, 12237, 10855, 10865, 12238",2024-09-02,2024-10-21,07:00:00,19:00:00,96,Mon,ID Missing,No Preceptor Assigned,To Be Determined,NR 446 - Collaborative Health,4th floor - telemetry,Archived (Completed),Completed,2024,Fall 2024,44
470466,Emory University - SON Pre-licensure,Emory Johns Creek Hospital,Nursing,Precepted Rotation,0,1,No Students Assigned,2024-05-17,2024-06-26,00:00:00,23:59:00,132,"Mon, Thu, Fri, Sat, Sun",ID Missing,ID Missing,Practicum,NRSG 648 MN - Transitions to Nursing Practice,OR,Archived (Withdrawn),Withdrawn,2024,Spring 2024,340
472400,Kennesaw State University - Nursing,"Emory Offsite Locations - The Emory Clinic, Ambulatory Surgery Centers And The Emory Specialty Assocs",Nursing,Cohort Rotation,9,12,"12239, 12240, 12241, 12242, 12243, 11184, 12244, 12245, 12246",2024-10-09,2024-10-09,08:00:00,17:00:00,8,Wed,ID Missing,No Preceptor Assigned,Observation,4437 - Med/Surg Specialty Elective,Other (see comments),Archived (Completed),Completed,2024,Fall 2024,501
472403,Kennesaw State University - Nursing,"Emory Offsite Locations - The Emory Clinic, Ambulatory Surgery Centers And The Emory Specialty Assocs",Nursing,Cohort Rotation,5,12,"12239, 12241, 12242, 12243, 12246",2024-11-06,2024-11-06,08:00:00,17:00:00,8,Wed,ID Missing,No Preceptor Assigned,Observation,4437 - Med/Surg Specialty Elective,Other (see comments),Archived (Completed),Completed,2024,Fall 2024,503
472884,South College - Atlanta Campus - Nursing,Emory Decatur Hospital,Nursing,Cohort Rotation,0,6,No Students Assigned,2024-08-17,2024-09-14,07:00:00,19:00:00,60,Sat,ID Missing,No Preceptor Assigned,Psychiatry; Mental Health; Behavioral Medicine,NGS3233 - Mental Health Nursing,Behavioral Health  - 2800,Archived (Denied),Denied,2024,Fall 2024,528
473956,Chamberlain College of Nursing - Georgia,Emory Decatur Hospital,Nursing,Cohort Rotation,0,8,No Students Assigned,2024-07-12,2024-08-16,07:00:00,19:00:00,48,Fri,ID Missing,No Preceptor Assigned,Psychiatry; Mental Health; Behavioral Medicine,NR 326 - Mental Health Nursing,Behavioral Health  - 2800,Archived (Withdrawn),Withdrawn,2024,Fall 2024,194
475699,Georgia State University - SON - Undergraduate,Emory Decatur Hospital,Nursing,Cohort Rotation,8,8,"12247, 12248, 12208, 12209, 12210, 12211, 12212, 12249",2024-08-29,2024-10-10,06:30:00,04:30:00,70,Thu,ID Missing,No Preceptor Assigned,Psychiatry; Mental Health; Behavioral Medicine,NURS 3810 - Mental Health,Behavioral Health  - 2800,Archived (Completed),Completed,2024,Fall 2024,457
476211,South College - Atlanta Campus - Nursing,Emory Decatur Hospital,Nursing,Precepted Rotation,1,1,12250,2024-06-26,2024-09-19,00:00:00,23:59:00,150,"Mon, Tue, Wed, Fri, Sat, Sun",ID Missing,No Preceptor Assigned,MedSurg - Acute Care,NSG 4613 - Adult Health Practicum,General Medical - 4500,Archived (Completed),Completed,2024,Spring 2024,519
477110,South College - Atlanta Campus - Nursing,Emory Hillandale Hospital,Nursing,Precepted Rotation,0,1,No Students Assigned,2024-06-26,2024-09-19,00:00:00,23:59:00,150,"Mon, Tue, Wed, Fri, Sat, Sun",ID Missing,No Preceptor Assigned,MedSurg - Acute Care,NSG 4613 - Adult Health Practicum,-no preference-,Archived (Denied),Denied,2024,Spring 2024,519
477119,South College - Atlanta Campus - Nursing,Emory Decatur Hospital,Nursing,Precepted Rotation,1,1,12251,2024-06-26,2024-09-19,00:00:00,23:59:00,150,"Mon, Tue, Wed, Fri, Sat, Sun",ID Missing,No Preceptor Assigned,Perinatal - OB,NSG 4613 - Adult Health Practicum,NICU,Archived (Withdrawn),Withdrawn,2024,Spring 2024,519
477121,South College - Atlanta Campus - Nursing,"Emory Offsite locations - The Emory Clinic, Ambulatory Surgery Centers and the Emory Specialty Assocs",Nursing,Precepted Rotation,1,1,12252,2024-06-26,2024-09-19,00:00:00,23:59:00,150,"Mon, Tue, Wed, Fri, Sat, Sun",ID Missing,No Preceptor Assigned,MedSurg - Acute Care,NSG 4613 - Adult Health Practicum,-no preference-,Archived (Denied),Denied,2024,Spring 2024,519
477530,Emory University - SON Pre-licensure,"Emory Offsite Locations - The Emory Clinic, Ambulatory Surgery Centers And The Emory Specialty Assocs",Nursing,Precepted Rotation,1,1,10393,2024-05-30,2024-06-24,00:00:00,23:59:00,24,Thu,ID Missing,ID Missing,Ambulatory,NRSG 676 MN - Care Transitions Practicum,Other (see comments),Archived (Completed),Completed,2024,Spring 2024,351
477531,Emory University - SON Pre-licensure,"Emory Offsite Locations - The Emory Clinic, Ambulatory Surgery Centers And The Emory Specialty Assocs",Nursing,Precepted Rotation,1,1,11003,2024-05-30,2024-06-24,00:00:00,23:59:00,24,Thu,ID Missing,ID Missing,Ambulatory,NRSG 676 MN - Care Transitions Practicum,Other (see comments),Archived (Completed),Completed,2024,Spring 2024,351
477533,Emory University - SON Pre-licensure,"Emory Offsite Locations - The Emory Clinic, Ambulatory Surgery Centers And The Emory Specialty Assocs",Nursing,Precepted Rotation,1,1,11094,2024-05-30,2024-06-24,00:00:00,23:59:00,24,Thu,ID Missing,ID Missing,Ambulatory,NRSG 676 MN - Care Transitions Practicum,Other (see comments),Archived (Completed),Completed,2024,Spring 2024,351
477534,Emory University - SON Pre-licensure,"Emory Offsite Locations - The Emory Clinic, Ambulatory Surgery Centers And The Emory Specialty Assocs",Nursing,Precepted Rotation,1,1,11010,2024-05-30,2024-06-24,00:00:00,23:59:00,24,Thu,ID Missing,ID Missing,Ambulatory,NRSG 676 MN - Care Transitions Practicum,Other (see comments),Archived (Completed),Completed,2024,Spring 2024,351
477535,Emory University - SON Pre-licensure,"Emory Offsite Locations - The Emory Clinic, Ambulatory Surgery Centers And The Emory Specialty Assocs",Nursing,Precepted Rotation,1,1,11097,2024-05-30,2024-06-24,00:00:00,23:59:00,24,Thu,ID Missing,ID Missing,Ambulatory,NRSG 676 MN - Care Transitions Practicum,Other (see comments),Archived (Completed),Completed,2024,Spring 2024,351
477536,Emory University - SON Pre-licensure,"Emory Offsite Locations - The Emory Clinic, Ambulatory Surgery Centers And The Emory Specialty Assocs",Nursing,Precepted Rotation,1,1,11019,2024-05-30,2024-06-24,00:00:00,23:59:00,24,Thu,ID Missing,ID Missing,Ambulatory,NRSG 676 MN - Care Transitions Practicum,Other (see comments),Archived (Completed),Completed,2024,Spring 2024,351
477596,Emory University - SON Pre-licensure,"Emory Offsite Locations - The Emory Clinic, Ambulatory Surgery Centers And The Emory Specialty Assocs",Nursing,Precepted Rotation,1,1,11029,2024-05-30,2024-06-24,00:00:00,23:59:00,24,Thu,ID Missing,ID Missing,Ambulatory,NRSG 676 MN - Care Transitions Practicum,Other (see comments),Archived (Completed),Completed,2024,Spring 2024,351
477599,Emory University - SON Pre-licensure,"Emory Offsite Locations - The Emory Clinic, Ambulatory Surgery Centers And The Emory Specialty Assocs",Nursing,Precepted Rotation,1,1,11086,2024-05-30,2024-06-24,00:00:00,23:59:00,24,Thu,ID Missing,ID Missing,Ambulatory,NRSG 676 MN - Care Transitions Practicum,Other (see comments),Archived (Completed),Completed,2024,Spring 2024,351
477602,Emory University - SON Pre-licensure,"Emory Offsite Locations - The Emory Clinic, Ambulatory Surgery Centers And The Emory Specialty Assocs",Nursing,Precepted Rotation,1,1,11106,2024-05-30,2024-06-24,00:00:00,23:59:00,24,Thu,ID Missing,ID Missing,Ambulatory,NRSG 676 MN - Care Transitions Practicum,Other (see comments),Archived (Completed),Completed,2024,Spring 2024,351
477603,Emory University - SON Pre-licensure,"Emory Offsite Locations - The Emory Clinic, Ambulatory Surgery Centers And The Emory Specialty Assocs",Nursing,Precepted Rotation,1,1,11057,2024-05-30,2024-06-24,00:00:00,23:59:00,24,Thu,ID Missing,ID Missing,Ambulatory,NRSG 676 MN - Care Transitions Practicum,Other (see comments),Archived (Completed),Completed,2024,Spring 2024,351
477606,Emory University - SON Pre-licensure,"Emory Offsite Locations - The Emory Clinic, Ambulatory Surgery Centers And The Emory Specialty Assocs",Nursing,Precepted Rotation,1,1,11039,2024-05-30,2024-06-24,00:00:00,23:59:00,24,Thu,ID Missing,ID Missing,Ambulatory,NRSG 676 MN - Care Transitions Practicum,Other (see comments),Archived (Completed),Completed,2024,Spring 2024,351
477612,Emory University - SON Pre-licensure,"Emory Offsite Locations - The Emory Clinic, Ambulatory Surgery Centers And The Emory Specialty Assocs",Nursing,Precepted Rotation,1,1,11026,2024-05-30,2024-06-24,00:00:00,23:59:00,24,,ID Missing,ID Missing,Ambulatory,NRSG 676 MN - Care Transitions Practicum,Other (see comments),Archived (Completed),Completed,2024,Spring 2024,351
477622,Emory University - SON Pre-licensure,"Emory Offsite Locations - The Emory Clinic, Ambulatory Surgery Centers And The Emory Specialty Assocs",Nursing,Precepted Rotation,1,1,10372,2024-05-30,2024-06-24,00:00:00,23:59:00,24,Thu,ID Missing,ID Missing,Ambulatory,NRSG 676 MN - Care Transitions Practicum,Other (see comments),Archived (Completed),Completed,2024,Spring 2024,351
477623,Emory University - SON Pre-licensure,"Emory Offsite Locations - The Emory Clinic, Ambulatory Surgery Centers And The Emory Specialty Assocs",Nursing,Precepted Rotation,1,1,10998,2024-05-30,2024-06-24,00:00:00,23:59:00,24,Thu,ID Missing,ID Missing,Ambulatory,NRSG 676 MN - Care Transitions Practicum,Other (see comments),Archived (Completed),Completed,2024,Spring 2024,351
477625,Emory University - SON Pre-licensure,"Emory Offsite Locations - The Emory Clinic, Ambulatory Surgery Centers And The Emory Specialty Assocs",Nursing,Precepted Rotation,1,1,11127,2024-05-30,2024-06-24,00:00:00,23:59:00,24,Thu,ID Missing,ID Missing,Ambulatory,NRSG 676 MN - Care Transitions Practicum,Other (see comments),Archived (Completed),Completed,2024,Spring 2024,351
477629,Emory University - SON Pre-licensure,"Emory Offsite Locations - The Emory Clinic, Ambulatory Surgery Centers And The Emory Specialty Assocs",Nursing,Precepted Rotation,1,1,11128,2024-05-30,2024-06-24,00:00:00,23:59:00,24,Thu,ID Missing,ID Missing,Ambulatory,NRSG 676 MN - Care Transitions Practicum,Other (see comments),Archived (Completed),Completed,2024,Spring 2024,351
477631,Emory University - SON Pre-licensure,"Emory Offsite Locations - The Emory Clinic, Ambulatory Surgery Centers And The Emory Specialty Assocs",Nursing,Precepted Rotation,1,1,10994,2024-05-30,2024-06-24,00:00:00,23:59:00,24,Thu,ID Missing,ID Missing,Ambulatory,NRSG 676 MN - Care Transitions Practicum,Other (see comments),Archived (Completed),Completed,2024,Spring 2024,351
477840,Emory University - SON Pre-licensure,"Emory Offsite Locations - The Emory Clinic, Ambulatory Surgery Centers And The Emory Specialty Assocs",Nursing,Precepted Rotation,1,1,11004,2024-05-30,2024-06-24,00:00:00,23:59:00,24,Mon,ID Missing,ID Missing,Ambulatory,NRSG 676 MN - Care Transitions Practicum,Other (see comments),Archived (Completed),Completed,2024,Spring 2024,351
477842,Emory University - SON Pre-licensure,"Emory Offsite Locations - The Emory Clinic, Ambulatory Surgery Centers And The Emory Specialty Assocs",Nursing,Precepted Rotation,1,1,11077,2024-05-30,2024-06-24,00:00:00,23:59:00,24,Mon,ID Missing,ID Missing,Ambulatory,NRSG 676 MN - Care Transitions Practicum,Other (see comments),Archived (Completed),Completed,2024,Spring 2024,351
477843,Emory University - SON Pre-licensure,"Emory Offsite Locations - The Emory Clinic, Ambulatory Surgery Centers And The Emory Specialty Assocs",Nursing,Precepted Rotation,1,1,11063,2024-05-30,2024-06-24,00:00:00,23:59:00,24,Mon,ID Missing,ID Missing,Ambulatory,NRSG 676 MN - Care Transitions Practicum,Other (see comments),Archived (Completed),Completed,2024,Spring 2024,351
477857,Emory University - SON Pre-licensure,"Emory Offsite Locations - The Emory Clinic, Ambulatory Surgery Centers And The Emory Specialty Assocs",Nursing,Precepted Rotation,1,1,11055,2024-05-30,2024-06-24,00:00:00,23:59:00,24,Mon,ID Missing,ID Missing,Ambulatory,NRSG 676 MN - Care Transitions Practicum,Other (see comments),Archived (Completed),Completed,2024,Spring 2024,351
477858,Emory University - SON Pre-licensure,"Emory Offsite Locations - The Emory Clinic, Ambulatory Surgery Centers And The Emory Specialty Assocs",Nursing,Precepted Rotation,1,1,11080,2024-05-30,2024-06-24,00:00:00,23:59:00,24,Mon,ID Missing,ID Missing,Ambulatory,NRSG 676 MN - Care Transitions Practicum,Other (see comments),Archived (Completed),Completed,2024,Spring 2024,351
477865,Emory University - SON Pre-licensure,"Emory Offsite Locations - The Emory Clinic, Ambulatory Surgery Centers And The Emory Specialty Assocs",Nursing,Precepted Rotation,1,1,11016,2024-05-30,2024-06-24,00:00:00,23:59:00,24,Mon,ID Missing,ID Missing,Ambulatory,NRSG 676 MN - Care Transitions Practicum,Other (see comments),Archived (Completed),Completed,2024,Spring 2024,351
477869,Emory University - SON Pre-licensure,"Emory Offsite Locations - The Emory Clinic, Ambulatory Surgery Centers And The Emory Specialty Assocs",Nursing,Precepted Rotation,1,1,10412,2024-05-30,2024-06-24,00:00:00,23:59:00,24,Mon,ID Missing,ID Missing,Ambulatory,NRSG 676 MN - Care Transitions Practicum,Other (see comments),Archived (Completed),Completed,2024,Spring 2024,351
477872,Emory University - SON Pre-licensure,"Emory Offsite Locations - The Emory Clinic, Ambulatory Surgery Centers And The Emory Specialty Assocs",Nursing,Precepted Rotation,1,1,11085,2024-05-30,2024-06-24,00:00:00,23:59:00,24,Mon,ID Missing,ID Missing,Ambulatory,NRSG 676 MN - Care Transitions Practicum,Other (see comments),Archived (Completed),Completed,2024,Spring 2024,351
477874,Emory University - SON Pre-licensure,"Emory Offsite Locations - The Emory Clinic, Ambulatory Surgery Centers And The Emory Specialty Assocs",Nursing,Precepted Rotation,1,1,11120,2024-05-30,2024-06-24,00:00:00,23:59:00,24,Mon,ID Missing,ID Missing,Ambulatory,NRSG 676 MN - Care Transitions Practicum,Other (see comments),Archived (Completed),Completed,2024,Spring 2024,351
477875,Emory University - SON Pre-licensure,"Emory Offsite Locations - The Emory Clinic, Ambulatory Surgery Centers And The Emory Specialty Assocs",Nursing,Precepted Rotation,1,1,11030,2024-05-30,2024-06-24,00:00:00,23:59:00,24,Mon,ID Missing,ID Missing,Ambulatory,NRSG 676 MN - Care Transitions Practicum,Other (see comments),Archived (Completed),Completed,2024,Spring 2024,351
477879,Emory University - SON Pre-licensure,"Emory Offsite Locations - The Emory Clinic, Ambulatory Surgery Centers And The Emory Specialty Assocs",Nursing,Precepted Rotation,1,1,11050,2024-05-30,2024-06-24,00:00:00,23:59:00,24,Mon,ID Missing,ID Missing,Ambulatory,NRSG 676 MN - Care Transitions Practicum,Other (see comments),Archived (Completed),Completed,2024,Spring 2024,351
477882,Emory University - SON Pre-licensure,"Emory Offsite Locations - The Emory Clinic, Ambulatory Surgery Centers And The Emory Specialty Assocs",Nursing,Precepted Rotation,1,1,11051,2024-05-30,2024-06-24,00:00:00,23:59:00,24,Mon,ID Missing,ID Missing,Ambulatory,NRSG 676 MN - Care Transitions Practicum,Other (see comments),Archived (Completed),Completed,2024,Spring 2024,351
477883,Emory University - SON Pre-licensure,"Emory Offsite Locations - The Emory Clinic, Ambulatory Surgery Centers And The Emory Specialty Assocs",Nursing,Precepted Rotation,1,1,11123,2024-05-30,2024-06-24,00:00:00,23:59:00,24,Mon,ID Missing,ID Missing,Ambulatory,NRSG 676 MN - Care Transitions Practicum,Other (see comments),Archived (Completed),Completed,2024,Spring 2024,351
477884,Emory University - SON Pre-licensure,"Emory Offsite Locations - The Emory Clinic, Ambulatory Surgery Centers And The Emory Specialty Assocs",Nursing,Precepted Rotation,1,1,11043,2024-05-30,2024-06-24,00:00:00,23:59:00,24,Mon,ID Missing,ID Missing,Ambulatory,NRSG 676 MN - Care Transitions Practicum,Other (see comments),Archived (Completed),Completed,2024,Spring 2024,351
477885,Emory University - SON Pre-licensure,"Emory Offsite Locations - The Emory Clinic, Ambulatory Surgery Centers And The Emory Specialty Assocs",Nursing,Precepted Rotation,1,1,11126,2024-05-30,2024-06-24,00:00:00,23:59:00,24,Mon,ID Missing,ID Missing,Ambulatory,NRSG 676 MN - Care Transitions Practicum,Other (see comments),Archived (Completed),Completed,2024,Spring 2024,351
477886,Emory University - SON Pre-licensure,"Emory Offsite Locations - The Emory Clinic, Ambulatory Surgery Centers And The Emory Specialty Assocs",Nursing,Precepted Rotation,1,1,11035,2024-05-30,2024-06-24,00:00:00,23:59:00,24,Mon,ID Missing,ID Missing,Ambulatory,NRSG 676 MN - Care Transitions Practicum,Other (see comments),Archived (Completed),Completed,2024,Spring 2024,351
478024,Emory University - SON Pre-licensure,"Emory Offsite Locations - The Emory Clinic, Ambulatory Surgery Centers And The Emory Specialty Assocs",Nursing,Precepted Rotation,1,1,10106,2024-05-30,2024-06-24,00:00:00,23:59:00,24,Fri,ID Missing,ID Missing,Ambulatory,NRSG 676 MN - Care Transitions Practicum,Other (see comments),Archived (Completed),Completed,2024,Spring 2024,351
478030,Emory University - SON Pre-licensure,"Emory Offsite Locations - The Emory Clinic, Ambulatory Surgery Centers And The Emory Specialty Assocs",Nursing,Precepted Rotation,1,1,10996,2024-05-30,2024-06-24,00:00:00,23:59:00,24,Fri,ID Missing,ID Missing,Ambulatory,NRSG 676 MN - Care Transitions Practicum,Other (see comments),Archived (Completed),Completed,2024,Spring 2024,351
478031,Emory University - SON Pre-licensure,"Emory Offsite Locations - The Emory Clinic, Ambulatory Surgery Centers And The Emory Specialty Assocs",Nursing,Precepted Rotation,1,1,11070,2024-05-30,2024-06-24,00:00:00,23:59:00,24,Fri,ID Missing,ID Missing,Ambulatory,NRSG 676 MN - Care Transitions Practicum,Other (see comments),Archived (Completed),Completed,2024,Spring 2024,351
478036,Emory University - SON Pre-licensure,"Emory Offsite Locations - The Emory Clinic, Ambulatory Surgery Centers And The Emory Specialty Assocs",Nursing,Precepted Rotation,1,1,11091,2024-05-30,2024-06-24,00:00:00,23:59:00,24,Fri,ID Missing,ID Missing,Ambulatory,NRSG 676 MN - Care Transitions Practicum,Other (see comments),Archived (Completed),Completed,2024,Spring 2024,351
478037,Emory University - SON Pre-licensure,"Emory Offsite Locations - The Emory Clinic, Ambulatory Surgery Centers And The Emory Specialty Assocs",Nursing,Precepted Rotation,1,1,11028,2024-05-30,2024-06-24,00:00:00,23:59:00,24,Fri,ID Missing,ID Missing,Ambulatory,NRSG 676 MN - Care Transitions Practicum,Other (see comments),Archived (Completed),Completed,2024,Spring 2024,351
478156,Emory University - SON Pre-licensure,"Emory Offsite Locations - The Emory Clinic, Ambulatory Surgery Centers And The Emory Specialty Assocs",Nursing,Precepted Rotation,1,1,11052,2024-05-30,2024-06-24,00:00:00,23:59:00,24,Fri,ID Missing,ID Missing,Ambulatory,NRSG 676 MN - Care Transitions Practicum,Other (see comments),Archived (Completed),Completed,2024,Spring 2024,351
478157,Emory University - SON Pre-licensure,"Emory Offsite Locations - The Emory Clinic, Ambulatory Surgery Centers And The Emory Specialty Assocs",Nursing,Precepted Rotation,1,1,10389,2024-05-30,2024-06-24,00:00:00,23:59:00,24,Fri,ID Missing,ID Missing,Ambulatory,NRSG 676 MN - Care Transitions Practicum,Other (see comments),Archived (Completed),Completed,2024,Spring 2024,351
478158,Emory University - SON Pre-licensure,"Emory Offsite Locations - The Emory Clinic, Ambulatory Surgery Centers And The Emory Specialty Assocs",Nursing,Precepted Rotation,1,1,11104,2024-05-30,2024-06-24,00:00:00,23:59:00,24,Fri,ID Missing,ID Missing,Ambulatory,NRSG 676 MN - Care Transitions Practicum,Other (see comments),Archived (Completed),Completed,2024,Spring 2024,351
478160,Emory University - SON Pre-licensure,"Emory Offsite Locations - The Emory Clinic, Ambulatory Surgery Centers And The Emory Specialty Assocs",Nursing,Precepted Rotation,1,1,11006,2024-05-30,2024-06-24,00:00:00,23:59:00,24,Fri,ID Missing,ID Missing,Ambulatory,NRSG 676 MN - Care Transitions Practicum,Other (see comments),Archived (Completed),Completed,2024,Spring 2024,351
478162,Emory University - SON Pre-licensure,"Emory Offsite Locations - The Emory Clinic, Ambulatory Surgery Centers And The Emory Specialty Assocs",Nursing,Precepted Rotation,1,1,11065,2024-05-30,2024-06-24,00:00:00,23:59:00,24,Fri,ID Missing,ID Missing,Ambulatory,NRSG 676 MN - Care Transitions Practicum,Other (see comments),Archived (Completed),Completed,2024,Spring 2024,351
478163,Emory University - SON Pre-licensure,"Emory Offsite Locations - The Emory Clinic, Ambulatory Surgery Centers And The Emory Specialty Assocs",Nursing,Precepted Rotation,1,1,11018,2024-05-30,2024-06-24,00:00:00,23:59:00,24,Fri,ID Missing,ID Missing,Ambulatory,NRSG 676 MN - Care Transitions Practicum,Other (see comments),Archived (Completed),Completed,2024,Spring 2024,351
478164,Emory University - SON Pre-licensure,"Emory Offsite Locations - The Emory Clinic, Ambulatory Surgery Centers And The Emory Specialty Assocs",Nursing,Precepted Rotation,1,1,11038,2024-05-30,2024-06-24,00:00:00,23:59:00,24,Fri,ID Missing,ID Missing,Ambulatory,NRSG 676 MN - Care Transitions Practicum,Other (see comments),Archived (Completed),Completed,2024,Spring 2024,351
478166,Emory University - SON Pre-licensure,"Emory Offsite Locations - The Emory Clinic, Ambulatory Surgery Centers And The Emory Specialty Assocs",Nursing,Precepted Rotation,1,1,11027,2024-05-30,2024-06-24,00:00:00,23:59:00,24,Fri,ID Missing,ID Missing,Ambulatory,NRSG 676 MN - Care Transitions Practicum,Other (see comments),Archived (Completed),Completed,2024,Spring 2024,351
478168,Emory University - SON Pre-licensure,"Emory Offsite Locations - The Emory Clinic, Ambulatory Surgery Centers And The Emory Specialty Assocs",Nursing,Precepted Rotation,1,1,11033,2024-05-30,2024-06-24,00:00:00,23:59:00,24,Fri,ID Missing,ID Missing,Ambulatory,NRSG 676 MN - Care Transitions Practicum,Other (see comments),Archived (Completed),Completed,2024,Spring 2024,351
478169,Emory University - SON Pre-licensure,"Emory Offsite Locations - The Emory Clinic, Ambulatory Surgery Centers And The Emory Specialty Assocs",Nursing,Precepted Rotation,1,1,11090,2024-05-30,2024-06-24,00:00:00,23:59:00,24,Fri,ID Missing,ID Missing,Ambulatory,NRSG 676 MN - Care Transitions Practicum,Other (see comments),Archived (Completed),Completed,2024,Spring 2024,351
479301,Emory University - SON Pre-licensure,"Emory Offsite Locations - The Emory Clinic, Ambulatory Surgery Centers And The Emory Specialty Assocs",Nursing,Precepted Rotation,1,1,11045,2024-05-30,2024-06-24,00:00:00,23:59:00,24,Mon,ID Missing,ID Missing,Ambulatory,NRSG 676 MN - Care Transitions Practicum,Other (see comments),Archived (Completed),Completed,2024,Spring 2024,351
479326,Emory University - SON Pre-licensure,Emory University Hospital,Nursing,Precepted Rotation,1,1,11004,2024-07-01,2024-08-07,00:00:00,23:59:00,132,"Wed, Thu, Fri, Sat, Sun",ID Missing,ID Missing,Practicum,NRSG 648 MN - Transitions to Nursing Practice,8T South: Hematology/Leukemia,Archived (Completed),Completed,2024,Fall 2024,362
480149,Emory University - SON Pre-licensure,"Emory Offsite Locations - The Emory Clinic, Ambulatory Surgery Centers And The Emory Specialty Assocs",Nursing,Precepted Rotation,1,1,11022,2024-06-06,2024-06-20,00:00:00,23:59:00,24,Thu,ID Missing,ID Missing,Ambulatory,NRSG 676 MN - Care Transitions Practicum,Other (see comments),Archived (Completed),Completed,2024,Spring 2024,354
480152,Emory University - SON Pre-licensure,"Emory Offsite Locations - The Emory Clinic, Ambulatory Surgery Centers And The Emory Specialty Assocs",Nursing,Precepted Rotation,1,1,10407,2024-06-07,2024-06-21,00:00:00,23:59:00,24,Fri,ID Missing,ID Missing,Ambulatory,NRSG 676 MN - Care Transitions Practicum,Other (see comments),Archived (Completed),Completed,2024,Spring 2024,355
480484,Emory University - SON Pre-licensure,"Emory Offsite Locations - The Emory Clinic, Ambulatory Surgery Centers And The Emory Specialty Assocs",Nursing,Precepted Rotation,1,1,10418,2024-05-30,2024-06-24,00:00:00,23:59:00,24,Thu,ID Missing,ID Missing,Ambulatory,NRSG 676 MN - Care Transitions Practicum,Other (see comments),Archived (Completed),Completed,2024,Spring 2024,351
480546,Emory University - SON Pre-licensure,Emory Johns Creek Hospital,Nursing,Cohort Rotation,8,8,"12160, 12161, 12164, 12159, 12158, 12167, 12163, 12139",2024-08-28,2024-10-09,07:00:00,19:00:00,60,Wed,ID Missing,No Preceptor Assigned,Other (see comments),NRSG 391 - Adult and Geriatric Practicum,6W oncology/hospice,Archived (Completed),Completed,2024,Fall 2024,376
480549,Emory University - SON Pre-licensure,Emory Saint Joseph's Hospital,Nursing,Cohort Rotation,8,8,"11880, 11872, 12111, 12133, 12066, 12117, 12107, 12101",2024-08-28,2024-10-09,07:00:00,19:00:00,60,Wed,ID Missing,No Preceptor Assigned,Other (see comments),NRSG 391 - Adult and Geriatric Practicum,3W cardiology,Archived (Completed),Completed,2024,Fall 2024,376
480551,Emory University - SON Pre-licensure,Emory University Hospital,Nursing,Cohort Rotation,7,8,"12254, 12071, 12072, 12094, 12127, 12134, 12131",2024-08-28,2024-10-09,07:00:00,19:00:00,60,Wed,ID Missing,No Preceptor Assigned,Other (see comments),NRSG 391 - Adult and Geriatric Practicum,7T: Surgical,Archived (Completed),Completed,2024,Fall 2024,376
480553,Emory University - SON Pre-licensure,Emory University Hospital Midtown,Nursing,Cohort Rotation,8,8,"12058, 12093, 12154, 12089, 12099, 12100, 12088, 12141",2024-08-29,2024-10-10,07:00:00,19:00:00,60,Thu,ID Missing,No Preceptor Assigned,Other (see comments),NRSG 391 - Adult and Geriatric Practicum,51: Med-Surg,Archived (Completed),Completed,2024,Fall 2024,379
480554,Emory University - SON Pre-licensure,Emory University Hospital Midtown,Nursing,Cohort Rotation,7,8,"12151, 12147, 12112, 12083, 12085, 12062, 12169",2024-08-28,2024-10-09,07:00:00,19:00:00,60,Wed,ID Missing,No Preceptor Assigned,Perinatal - OB,NRSG 391 - Adult and Geriatric Practicum,51: Med-Surg,Archived (Completed),Completed,2024,Fall 2024,376
480555,Emory University - SON Pre-licensure,Emory Saint Joseph's Hospital,Nursing,Cohort Rotation,7,8,"12109, 12053, 12179, 12155, 12098, 12130, 12178",2024-08-29,2024-10-10,07:00:00,19:00:00,60,Thu,ID Missing,No Preceptor Assigned,Other (see comments),NRSG 391 - Adult and Geriatric Practicum,4W renal and urology,Archived (Completed),Completed,2024,Fall 2024,379
480557,Emory University - SON Pre-licensure,Emory University Hospital,Nursing,Cohort Rotation,8,8,"12075, 12077, 12087, 12076, 12172, 12118, 12170, 12097",2024-08-29,2024-10-10,07:00:00,19:00:00,60,Thu,ID Missing,No Preceptor Assigned,Other (see comments),NRSG 391 - Adult and Geriatric Practicum,6E: CV Stepdown/Heart Transplant,Archived (Completed),Completed,2024,Fall 2024,379
480558,Emory University - SON Pre-licensure,Emory University Hospital,Nursing,Cohort Rotation,8,8,"12065, 12132, 12177, 12128, 12165, 12171, 12148, 11880",2024-08-31,2024-10-12,07:00:00,19:00:00,60,Sat,ID Missing,No Preceptor Assigned,Other (see comments),NRSG 391 - Adult and Geriatric Practicum,6E: CV Stepdown/Heart Transplant,Archived (Completed),Completed,2024,Fall 2024,381
480560,Emory University - SON Pre-licensure,Emory University Hospital,Nursing,Cohort Rotation,7,8,"12136, 12143, 12138, 12135, 12105, 12090, 11842",2024-08-31,2024-10-12,07:00:00,23:59:00,60,Sat,ID Missing,No Preceptor Assigned,Other (see comments),NRSG 391 - Adult and Geriatric Practicum,7T: Surgical,Archived (Completed),Completed,2024,Fall 2024,381
482851,Emory University - SON Pre-licensure,Emory University Hospital Midtown,Nursing,Cohort Rotation,8,8,"12044, 11282, 11337, 11311, 11319, 11384, 11354, 11551",2024-09-03,2024-10-08,07:00:00,19:00:00,60,Tue,ID Missing,No Preceptor Assigned,Perinatal - OB,NRSG 392 - Maternity Practicum,42/54: Mother/Baby,Archived (Completed),Completed,2024,Fall 2024,384
482853,Emory University - SON Pre-licensure,Emory Johns Creek Hospital,Nursing,Cohort Rotation,0,8,No Students Assigned,2024-09-03,2024-10-08,07:00:00,19:00:00,60,Tue,ID Missing,No Preceptor Assigned,Perinatal - OB,NRSG 392 - Maternity Practicum,"Maternity: M/B, L&D, NICU",Archived (Denied),Denied,2024,Fall 2024,384
482866,Emory University - SON Pre-licensure,Emory Decatur Hospital,Nursing,Cohort Rotation,6,8,"11284, 11295, 11334, 11283, 11331, 11560",2024-09-03,2024-10-08,07:00:00,19:00:00,60,Tue,2004,No Preceptor Assigned,Perinatal - OB,NRSG 392 - Maternity Practicum,Mother/Baby,Archived (Completed),Completed,2024,Fall 2024,384
482872,Emory University - SON Pre-licensure,Emory University Hospital Midtown,Nursing,Cohort Rotation,6,6,"11322, 11378, 11332, 12255, 11349, 11357",2024-08-28,2024-10-16,07:00:00,19:00:00,60,Wed,ID Missing,No Preceptor Assigned,Perinatal - OB,NRSG 392 - Maternity Practicum,42/54: Mother/Baby,Archived (Completed),Completed,2024,Fall 2024,377
483594,Emory University - SON Pre-licensure,Emory University Hospital Midtown,Nursing,Cohort Rotation,8,8,"11381, 11315, 11379, 11326, 11564, 11301, 11329, 12256",2024-09-01,2024-10-13,07:00:00,19:00:00,60,Sun,ID Missing,No Preceptor Assigned,Perinatal - OB,NRSG 392 - Maternity Practicum,Maternity,Archived (Completed),Completed,2024,Fall 2024,383
483596,Emory University - SON Pre-licensure,Emory Decatur Hospital,Nursing,Cohort Rotation,5,6,"11557, 11363, 11371, 11321, 11553",2024-08-31,2024-10-19,07:00:00,19:00:00,60,Sat,ID Missing,No Preceptor Assigned,Perinatal - OB,NRSG 392 - Maternity Practicum,Mother/Baby,Archived (Completed),Completed,2024,Fall 2024,382
483608,Emory University - SON Pre-licensure,Emory Decatur Hospital,Nursing,Cohort Rotation,6,6,"11852, 11834, 11858, 11850, 11845, 11868",2024-08-28,2024-10-16,07:00:00,19:00:00,60,Wed,ID Missing,No Preceptor Assigned,Perinatal - OB,NRSG 392 - Maternity Practicum,Mother/Baby,Archived (Completed),Completed,2024,Fall 2024,377
483610,Emory University - SON Pre-licensure,Emory Johns Creek Hospital,Nursing,Cohort Rotation,6,6,"11359, 11328, 11298, 11324, 11293, 11320",2024-08-28,2024-10-16,07:00:00,19:00:00,60,Wed,ID Missing,No Preceptor Assigned,Perinatal - OB,NRSG 392 - Maternity Practicum,"Maternity: M/B, L&D, NICU",Archived (Completed),Completed,2024,Fall 2024,377
483614,Emory University - SON Pre-licensure,Emory University Hospital Midtown,Nursing,Cohort Rotation,6,6,"11509, 11389, 11873, 11854, 11883, 11856",2024-08-29,2024-10-10,07:00:00,19:00:00,60,Thu,ID Missing,No Preceptor Assigned,Perinatal - OB,NRSG 392 - Maternity Practicum,Maternity,Archived (Completed),Completed,2024,Fall 2024,379
483619,Emory University - SON Pre-licensure,Emory Decatur Hospital,Nursing,Cohort Rotation,6,6,"11882, 11855, 11851, 11837, 11863, 11871",2024-08-29,2024-10-10,07:00:00,19:00:00,60,Thu,ID Missing,No Preceptor Assigned,Perinatal - OB,NRSG 392 - Maternity Practicum,Mother/Baby,Archived (Completed),Completed,2024,Fall 2024,379
483623,Emory University - SON Pre-licensure,Emory University Hospital Midtown,Nursing,Cohort Rotation,8,8,"11341, 11372, 11291, 11365, 11377, 11561, 11347, 12257",2024-08-31,2024-10-19,07:00:00,19:00:00,60,Sat,ID Missing,No Preceptor Assigned,Perinatal - OB,NRSG 392 - Maternity Practicum,Maternity,Archived (Completed),Completed,2024,Fall 2024,382
483635,Emory University - SON Pre-licensure,Emory Johns Creek Hospital,Nursing,Cohort Rotation,0,6,No Students Assigned,2024-08-29,2024-10-12,07:00:00,19:00:00,60,"Thu, Sat",ID Missing,No Preceptor Assigned,Perinatal - OB,NRSG 392 - Maternity Practicum,"Maternity: M/B, L&D, NICU",Archived (Denied),Denied,2024,Fall 2024,380
483692,Emory University - SON Pre-licensure,Emory Decatur Hospital,Nursing,Cohort Rotation,6,6,"11370, 11558, 11366, 11555, 11351, 11336",2024-09-03,2024-10-08,07:00:00,19:00:00,60,Tue,ID Missing,No Preceptor Assigned,Psychiatry; Mental Health; Behavioral Medicine,NRSG 393 - Mental Health Practicum,Behavioral Health  - 2800,Archived (Completed),Completed,2024,Fall 2024,384
483697,Emory University - SON Pre-licensure,Emory Decatur Hospital,Nursing,Cohort Rotation,0,6,No Students Assigned,2024-09-07,2024-10-13,07:00:00,19:00:00,60,"Sat, Sun",ID Missing,No Preceptor Assigned,Psychiatry; Mental Health; Behavioral Medicine,NRSG 393 - Mental Health Practicum,Behavioral Health  - 2800,Archived (Denied),Denied,2024,Fall 2024,392
483810,Emory University - SON Pre-licensure,Emory Decatur Hospital,Nursing,Cohort Rotation,8,8,"12063, 12096, 12110, 12102, 12095, 12123, 12122, 12144",2024-09-04,2024-10-09,07:00:00,19:00:00,60,Wed,ID Missing,No Preceptor Assigned,Psychiatry; Mental Health; Behavioral Medicine,NRSG 393 - Mental Health Practicum,Behavioral Health  - 2800,Archived (Completed),Completed,2024,Fall 2024,388
483817,Emory University - SON Pre-licensure,Emory Decatur Hospital,Nursing,Cohort Rotation,0,6,No Students Assigned,2024-09-05,2024-10-10,07:00:00,19:00:00,60,Thu,ID Missing,No Preceptor Assigned,Psychiatry; Mental Health; Behavioral Medicine,NRSG 393 - Mental Health Practicum,Behavioral Health  - 2800,Archived (Denied),Denied,2024,Fall 2024,389
483840,Emory University - SON Pre-licensure,Emory Decatur Hospital,Nursing,Cohort Rotation,7,7,"12069, 12086, 12124, 12168, 12153, 12082, 12092",2024-09-06,2024-10-11,07:00:00,19:00:00,60,Fri,ID Missing,No Preceptor Assigned,Psychiatry; Mental Health; Behavioral Medicine,NRSG 393 - Mental Health Practicum,Behavioral Health  - 2800,Archived (Completed),Completed,2024,Fall 2024,390
484069,Chamberlain College of Nursing - Atlanta,Emory Hillandale Hospital,Nursing,Cohort Rotation,6,8,"12258, 12259, 10174, 12260, 12261, 12262",2024-09-07,2024-10-26,07:00:00,19:00:00,96,Sat,ID Missing,No Preceptor Assigned,To Be Determined,NR 446 - Collaborative Health,3rd floor - med surg,Archived (Completed),Completed,2024,Fall 2024,55
484070,Chamberlain College of Nursing - Atlanta,Emory Saint Joseph's Hospital,Nursing,Cohort Rotation,7,8,"11975, 11979, 11980, 11977, 11976, 11607, 11978",2024-09-05,2024-10-24,07:00:00,19:00:00,96,Thu,ID Missing,No Preceptor Assigned,To Be Determined,NR 325 - Adult Health II,5W internal medicine,Archived (Completed),Completed,2024,Fall 2024,51
484071,Chamberlain College of Nursing - Atlanta,Emory Saint Joseph's Hospital,Nursing,Cohort Rotation,7,8,"11981, 11983, 11982, 11984, 11985, 12263, 11970",2024-09-07,2024-10-26,07:00:00,19:00:00,96,Sat,ID Missing,No Preceptor Assigned,To Be Determined,NR 325 - Adult Health II,3S GI surgery,Archived (Completed),Completed,2024,Fall 2024,55
484072,Chamberlain College of Nursing - Atlanta,Emory Hillandale Hospital,Nursing,Cohort Rotation,4,4,"11688, 11593, 11595, 11594",2024-09-07,2024-09-28,07:00:00,19:00:00,48,Sat,ID Missing,No Preceptor Assigned,Critical/Intensive Care,NR341 - Complex Adult Health,ICU,Archived (Completed),Completed,2024,Fall 2024,53
484599,Emory University - SON Pre-licensure,"Emory Offsite Locations - The Emory Clinic, Ambulatory Surgery Centers And The Emory Specialty Assocs",Nursing,Precepted Rotation,1,1,11046,2024-07-08,2024-07-29,00:00:00,23:59:00,24,Mon,ID Missing,ID Missing,Ambulatory,NRSG 676 MN - Care Transitions Practicum,Other (see comments),Archived (Completed),Completed,2024,Fall 2024,368
484601,Emory University - SON Pre-licensure,"Emory Offsite Locations - The Emory Clinic, Ambulatory Surgery Centers And The Emory Specialty Assocs",Nursing,Precepted Rotation,1,1,11087,2024-07-08,2024-07-29,00:00:00,23:59:00,24,Mon,ID Missing,ID Missing,Ambulatory,NRSG 676 MN - Care Transitions Practicum,Other (see comments),Archived (Completed),Completed,2024,Fall 2024,368
484602,Emory University - SON Pre-licensure,"Emory Offsite Locations - The Emory Clinic, Ambulatory Surgery Centers And The Emory Specialty Assocs",Nursing,Precepted Rotation,1,1,11107,2024-07-08,2024-07-29,00:00:00,23:59:00,24,Mon,ID Missing,ID Missing,Ambulatory,NRSG 676 MN - Care Transitions Practicum,Other (see comments),Archived (Completed),Completed,2024,Fall 2024,368
484605,Emory University - SON Pre-licensure,"Emory Offsite Locations - The Emory Clinic, Ambulatory Surgery Centers And The Emory Specialty Assocs",Nursing,Precepted Rotation,1,1,11109,2024-07-08,2024-07-29,00:00:00,23:59:00,24,Mon,ID Missing,ID Missing,Ambulatory,NRSG 676 MN - Care Transitions Practicum,Other (see comments),Archived (Completed),Completed,2024,Fall 2024,368
484606,Emory University - SON Pre-licensure,"Emory Offsite Locations - The Emory Clinic, Ambulatory Surgery Centers And The Emory Specialty Assocs",Nursing,Precepted Rotation,1,1,11060,2024-07-08,2024-07-29,00:00:00,23:59:00,24,Mon,ID Missing,ID Missing,Ambulatory,NRSG 676 MN - Care Transitions Practicum,Other (see comments),Archived (Completed),Completed,2024,Fall 2024,368
484608,Emory University - SON Pre-licensure,"Emory Offsite Locations - The Emory Clinic, Ambulatory Surgery Centers And The Emory Specialty Assocs",Nursing,Precepted Rotation,0,1,No Students Assigned,2024-07-08,2024-07-29,00:00:00,23:59:00,24,Mon,ID Missing,ID Missing,Ambulatory,NRSG 676 MN - Care Transitions Practicum,Other (see comments),Archived (Completed),Completed,2024,Fall 2024,368
484609,Emory University - SON Pre-licensure,"Emory Offsite Locations - The Emory Clinic, Ambulatory Surgery Centers And The Emory Specialty Assocs",Nursing,Precepted Rotation,1,1,11119,2024-07-08,2024-07-29,00:00:00,23:59:00,24,Mon,ID Missing,ID Missing,Ambulatory,NRSG 676 MN - Care Transitions Practicum,Other (see comments),Archived (Completed),Completed,2024,Fall 2024,368
484611,Emory University - SON Pre-licensure,"Emory Offsite Locations - The Emory Clinic, Ambulatory Surgery Centers And The Emory Specialty Assocs",Nursing,Precepted Rotation,1,1,10995,2024-07-08,2024-07-29,00:00:00,23:59:00,24,Mon,ID Missing,ID Missing,Ambulatory,NRSG 676 MN - Care Transitions Practicum,Other (see comments),Archived (Completed),Completed,2024,Fall 2024,368
484665,Emory University - SON Pre-licensure,"Emory Offsite Locations - The Emory Clinic, Ambulatory Surgery Centers And The Emory Specialty Assocs",Nursing,Precepted Rotation,1,1,11062,2024-07-08,2024-07-29,00:00:00,23:59:00,24,Mon,ID Missing,ID Missing,Ambulatory,NRSG 676 MN - Care Transitions Practicum,MSK Ortho and Spine,Archived (Completed),Completed,2024,Fall 2024,368
484672,Emory University - SON Pre-licensure,"Emory Offsite Locations - The Emory Clinic, Ambulatory Surgery Centers And The Emory Specialty Assocs",Nursing,Precepted Rotation,1,1,11100,2024-07-08,2024-07-29,00:00:00,23:59:00,24,Mon,ID Missing,ID Missing,Ambulatory,NRSG 676 MN - Care Transitions Practicum,MSK Ortho and Spine,Archived (Completed),Completed,2024,Fall 2024,368
484675,Emory University - SON Pre-licensure,"Emory Offsite Locations - The Emory Clinic, Ambulatory Surgery Centers And The Emory Specialty Assocs",Nursing,Precepted Rotation,1,1,11110,2024-07-08,2024-07-29,00:00:00,23:59:00,24,Mon,ID Missing,ID Missing,Ambulatory,NRSG 676 MN - Care Transitions Practicum,Other (see comments),Archived (Completed),Completed,2024,Fall 2024,368
484677,Emory University - SON Pre-licensure,"Emory Offsite Locations - The Emory Clinic, Ambulatory Surgery Centers And The Emory Specialty Assocs",Nursing,Precepted Rotation,1,1,11114,2024-07-08,2024-07-29,00:00:00,23:59:00,24,Mon,ID Missing,ID Missing,Ambulatory,NRSG 676 MN - Care Transitions Practicum,Other (see comments),Archived (Completed),Completed,2024,Fall 2024,368
484678,Emory University - SON Pre-licensure,"Emory Offsite Locations - The Emory Clinic, Ambulatory Surgery Centers And The Emory Specialty Assocs",Nursing,Precepted Rotation,1,1,11037,2024-07-08,2024-07-29,00:00:00,23:59:00,24,Mon,ID Missing,ID Missing,Ambulatory,NRSG 676 MN - Care Transitions Practicum,Other (see comments),Archived (Completed),Completed,2024,Fall 2024,368
484680,Emory University - SON Pre-licensure,"Emory Offsite Locations - The Emory Clinic, Ambulatory Surgery Centers And The Emory Specialty Assocs",Nursing,Precepted Rotation,1,1,11130,2024-07-08,2024-07-29,00:00:00,23:59:00,24,Mon,ID Missing,ID Missing,Ambulatory,NRSG 676 MN - Care Transitions Practicum,Other (see comments),Archived (Completed),Completed,2024,Fall 2024,368
484681,Emory University - SON Pre-licensure,"Emory Offsite Locations - The Emory Clinic, Ambulatory Surgery Centers And The Emory Specialty Assocs",Nursing,Precepted Rotation,1,1,11013,2024-07-08,2024-07-29,00:00:00,23:59:00,24,Mon,ID Missing,ID Missing,Ambulatory,NRSG 676 MN - Care Transitions Practicum,Other (see comments),Archived (Completed),Completed,2024,Fall 2024,368
484691,Emory University - SON Pre-licensure,"Emory Offsite Locations - The Emory Clinic, Ambulatory Surgery Centers And The Emory Specialty Assocs",Nursing,Precepted Rotation,1,1,11073,2024-07-08,2024-07-29,00:00:00,23:59:00,24,Mon,ID Missing,ID Missing,Ambulatory,NRSG 676 MN - Care Transitions Practicum,Other (see comments),Archived (Completed),Completed,2024,Fall 2024,368
484696,Emory University - SON Pre-licensure,"Emory Offsite Locations - The Emory Clinic, Ambulatory Surgery Centers And The Emory Specialty Assocs",Nursing,Precepted Rotation,1,1,11098,2024-07-08,2024-07-29,00:00:00,23:59:00,24,Mon,ID Missing,ID Missing,Ambulatory,NRSG 676 MN - Care Transitions Practicum,Other (see comments),Archived (Completed),Completed,2024,Fall 2024,368
484697,Emory University - SON Pre-licensure,"Emory Offsite Locations - The Emory Clinic, Ambulatory Surgery Centers And The Emory Specialty Assocs",Nursing,Precepted Rotation,1,1,11012,2024-07-08,2024-07-29,00:00:00,23:59:00,24,Mon,ID Missing,ID Missing,Ambulatory,NRSG 676 MN - Care Transitions Practicum,Other (see comments),Archived (Completed),Completed,2024,Fall 2024,368
484704,Emory University - SON Pre-licensure,"Emory Offsite Locations - The Emory Clinic, Ambulatory Surgery Centers And The Emory Specialty Assocs",Nursing,Precepted Rotation,1,1,11034,2024-07-08,2024-07-29,00:00:00,23:59:00,24,Mon,ID Missing,ID Missing,Ambulatory,NRSG 676 MN - Care Transitions Practicum,Other (see comments),Archived (Completed),Completed,2024,Fall 2024,368
484783,Emory University - SON Pre-licensure,"Emory Offsite Locations - The Emory Clinic, Ambulatory Surgery Centers And The Emory Specialty Assocs",Nursing,Precepted Rotation,1,1,11031,2024-07-11,2024-08-01,00:00:00,23:59:00,24,Thu,ID Missing,ID Missing,Ambulatory,NRSG 676 MN - Care Transitions Practicum,Other (see comments),Archived (Completed),Completed,2024,Fall 2024,370
484784,Emory University - SON Pre-licensure,"Emory Offsite Locations - The Emory Clinic, Ambulatory Surgery Centers And The Emory Specialty Assocs",Nursing,Precepted Rotation,1,1,11047,2024-07-11,2024-08-01,00:00:00,23:59:00,24,Thu,ID Missing,ID Missing,Ambulatory,NRSG 676 MN - Care Transitions Practicum,Other (see comments),Archived (Completed),Completed,2024,Fall 2024,370
484786,Emory University - SON Pre-licensure,"Emory Offsite Locations - The Emory Clinic, Ambulatory Surgery Centers And The Emory Specialty Assocs",Nursing,Precepted Rotation,1,1,11068,2024-07-11,2024-08-01,00:00:00,23:59:00,24,Thu,ID Missing,ID Missing,Ambulatory,NRSG 676 MN - Care Transitions Practicum,Other (see comments),Archived (Completed),Completed,2024,Fall 2024,370
484788,Emory University - SON Pre-licensure,"Emory Offsite Locations - The Emory Clinic, Ambulatory Surgery Centers And The Emory Specialty Assocs",Nursing,Precepted Rotation,1,1,11005,2024-07-11,2024-08-01,00:00:00,23:59:00,24,Thu,ID Missing,ID Missing,Ambulatory,NRSG 676 MN - Care Transitions Practicum,Other (see comments),Archived (Completed),Completed,2024,Fall 2024,370
484790,Emory University - SON Pre-licensure,"Emory Offsite Locations - The Emory Clinic, Ambulatory Surgery Centers And The Emory Specialty Assocs",Nursing,Precepted Rotation,1,1,11078,2024-07-11,2024-08-01,00:00:00,23:59:00,24,Thu,ID Missing,ID Missing,Ambulatory,NRSG 676 MN - Care Transitions Practicum,Other (see comments),Archived (Completed),Completed,2024,Fall 2024,370
484792,Emory University - SON Pre-licensure,"Emory Offsite Locations - The Emory Clinic, Ambulatory Surgery Centers And The Emory Specialty Assocs",Nursing,Precepted Rotation,1,1,11084,2024-07-11,2024-08-01,00:00:00,23:59:00,24,Thu,ID Missing,ID Missing,Ambulatory,NRSG 676 MN - Care Transitions Practicum,Other (see comments),Archived (Completed),Completed,2024,Fall 2024,370
484793,Emory University - SON Pre-licensure,"Emory Offsite Locations - The Emory Clinic, Ambulatory Surgery Centers And The Emory Specialty Assocs",Nursing,Precepted Rotation,1,1,11092,2024-07-11,2024-08-01,00:00:00,23:59:00,24,Thu,ID Missing,ID Missing,Ambulatory,NRSG 676 MN - Care Transitions Practicum,Other (see comments),Archived (Completed),Completed,2024,Fall 2024,370
484794,Emory University - SON Pre-licensure,"Emory Offsite Locations - The Emory Clinic, Ambulatory Surgery Centers And The Emory Specialty Assocs",Nursing,Precepted Rotation,1,1,11040,2024-07-11,2024-08-01,00:00:00,23:59:00,24,Thu,ID Missing,ID Missing,Ambulatory,NRSG 676 MN - Care Transitions Practicum,Other (see comments),Archived (Completed),Completed,2024,Fall 2024,370
484795,Emory University - SON Pre-licensure,"Emory Offsite Locations - The Emory Clinic, Ambulatory Surgery Centers And The Emory Specialty Assocs",Nursing,Precepted Rotation,1,1,11042,2024-07-11,2024-08-01,00:00:00,23:59:00,24,Thu,ID Missing,ID Missing,Ambulatory,NRSG 676 MN - Care Transitions Practicum,Other (see comments),Archived (Completed),Completed,2024,Fall 2024,370
484798,Emory University - SON Pre-licensure,"Emory Offsite Locations - The Emory Clinic, Ambulatory Surgery Centers And The Emory Specialty Assocs",Nursing,Precepted Rotation,1,1,11088,2024-07-11,2024-08-01,00:00:00,23:59:00,24,Thu,ID Missing,ID Missing,Ambulatory,NRSG 676 MN - Care Transitions Practicum,Other (see comments),Archived (Completed),Completed,2024,Fall 2024,370
484801,Emory University - SON Pre-licensure,"Emory Offsite Locations - The Emory Clinic, Ambulatory Surgery Centers And The Emory Specialty Assocs",Nursing,Precepted Rotation,1,1,11002,2024-07-11,2024-08-01,00:00:00,23:59:00,24,Thu,ID Missing,ID Missing,Ambulatory,NRSG 676 MN - Care Transitions Practicum,Other (see comments),Archived (Completed),Completed,2024,Fall 2024,370
484802,Emory University - SON Pre-licensure,"Emory Offsite Locations - The Emory Clinic, Ambulatory Surgery Centers And The Emory Specialty Assocs",Nursing,Precepted Rotation,1,1,11069,2024-07-11,2024-08-01,00:00:00,23:59:00,24,Thu,ID Missing,ID Missing,Ambulatory,NRSG 676 MN - Care Transitions Practicum,MSK Ortho and Spine,Archived (Completed),Completed,2024,Fall 2024,370
484818,Emory University - SON Pre-licensure,"Emory Offsite Locations - The Emory Clinic, Ambulatory Surgery Centers And The Emory Specialty Assocs",Nursing,Precepted Rotation,1,1,11049,2024-07-11,2024-08-01,00:00:00,23:59:00,24,Thu,ID Missing,ID Missing,Ambulatory,NRSG 676 MN - Care Transitions Practicum,MSK Ortho and Spine,Archived (Completed),Completed,2024,Fall 2024,370
484820,Emory University - SON Pre-licensure,"Emory Offsite Locations - The Emory Clinic, Ambulatory Surgery Centers And The Emory Specialty Assocs",Nursing,Precepted Rotation,1,1,11083,2024-07-11,2024-08-01,00:00:00,23:59:00,24,Thu,ID Missing,ID Missing,Ambulatory,NRSG 676 MN - Care Transitions Practicum,Other (see comments),Archived (Completed),Completed,2024,Fall 2024,370
484823,Emory University - SON Pre-licensure,"Emory Offsite Locations - The Emory Clinic, Ambulatory Surgery Centers And The Emory Specialty Assocs",Nursing,Precepted Rotation,1,1,11102,2024-07-11,2024-08-01,00:00:00,23:59:00,24,Thu,ID Missing,ID Missing,Ambulatory,NRSG 676 MN - Care Transitions Practicum,Other (see comments),Archived (Completed),Completed,2024,Fall 2024,370
484826,Emory University - SON Pre-licensure,"Emory Offsite Locations - The Emory Clinic, Ambulatory Surgery Centers And The Emory Specialty Assocs",Nursing,Precepted Rotation,1,1,11041,2024-07-11,2024-08-01,00:00:00,23:59:00,24,Thu,ID Missing,ID Missing,Ambulatory,NRSG 676 MN - Care Transitions Practicum,Other (see comments),Archived (Completed),Completed,2024,Fall 2024,370
484827,Emory University - SON Pre-licensure,"Emory Offsite Locations - The Emory Clinic, Ambulatory Surgery Centers And The Emory Specialty Assocs",Nursing,Precepted Rotation,1,1,11118,2024-07-11,2024-08-01,00:00:00,23:59:00,24,Thu,ID Missing,ID Missing,Ambulatory,NRSG 676 MN - Care Transitions Practicum,Other (see comments),Archived (Completed),Completed,2024,Fall 2024,370
484828,Emory University - SON Pre-licensure,"Emory Offsite Locations - The Emory Clinic, Ambulatory Surgery Centers And The Emory Specialty Assocs",Nursing,Precepted Rotation,1,1,11082,2024-07-11,2024-08-01,00:00:00,23:59:00,24,Thu,ID Missing,ID Missing,Ambulatory,NRSG 676 MN - Care Transitions Practicum,Other (see comments),Archived (Completed),Completed,2024,Fall 2024,370
484829,Emory University - SON Pre-licensure,"Emory Offsite Locations - The Emory Clinic, Ambulatory Surgery Centers And The Emory Specialty Assocs",Nursing,Precepted Rotation,1,1,11066,2024-07-11,2024-08-01,00:00:00,23:59:00,24,Thu,ID Missing,ID Missing,Ambulatory,NRSG 676 MN - Care Transitions Practicum,Other (see comments),Archived (Completed),Completed,2024,Fall 2024,370
485207,Emory University - SON Pre-licensure,"Emory Offsite Locations - The Emory Clinic, Ambulatory Surgery Centers And The Emory Specialty Assocs",Nursing,Precepted Rotation,1,1,11061,2024-07-12,2024-08-02,00:00:00,23:59:00,24,Fri,ID Missing,ID Missing,Ambulatory,NRSG 676 MN - Care Transitions Practicum,Other (see comments),Archived (Completed),Completed,2024,Fall 2024,371
485212,Emory University - SON Pre-licensure,"Emory Offsite Locations - The Emory Clinic, Ambulatory Surgery Centers And The Emory Specialty Assocs",Nursing,Precepted Rotation,1,1,11075,2024-07-12,2024-08-02,00:00:00,23:59:00,24,Fri,ID Missing,ID Missing,Ambulatory,NRSG 676 MN - Care Transitions Practicum,Other (see comments),Archived (Completed),Completed,2024,Fall 2024,371
485213,Emory University - SON Pre-licensure,"Emory Offsite Locations - The Emory Clinic, Ambulatory Surgery Centers And The Emory Specialty Assocs",Nursing,Precepted Rotation,1,1,11095,2024-07-12,2024-08-02,00:00:00,23:59:00,24,Fri,ID Missing,ID Missing,Ambulatory,NRSG 676 MN - Care Transitions Practicum,Other (see comments),Archived (Completed),Completed,2024,Fall 2024,371
485214,Emory University - SON Pre-licensure,"Emory Offsite Locations - The Emory Clinic, Ambulatory Surgery Centers And The Emory Specialty Assocs",Nursing,Precepted Rotation,1,1,11108,2024-07-12,2024-08-02,00:00:00,23:59:00,24,Fri,ID Missing,ID Missing,Ambulatory,NRSG 676 MN - Care Transitions Practicum,Other (see comments),Archived (Completed),Completed,2024,Fall 2024,371
485215,Emory University - SON Pre-licensure,"Emory Offsite Locations - The Emory Clinic, Ambulatory Surgery Centers And The Emory Specialty Assocs",Nursing,Precepted Rotation,1,1,11124,2024-07-12,2024-08-02,00:00:00,23:59:00,24,Fri,ID Missing,ID Missing,Ambulatory,NRSG 676 MN - Care Transitions Practicum,Other (see comments),Archived (Completed),Completed,2024,Fall 2024,371
485218,Emory University - SON Pre-licensure,"Emory Offsite Locations - The Emory Clinic, Ambulatory Surgery Centers And The Emory Specialty Assocs",Nursing,Precepted Rotation,1,1,10997,2024-07-12,2024-08-02,00:00:00,23:59:00,24,Fri,ID Missing,ID Missing,Ambulatory,NRSG 676 MN - Care Transitions Practicum,Other (see comments),Archived (Completed),Completed,2024,Fall 2024,371
485220,Emory University - SON Pre-licensure,"Emory Offsite Locations - The Emory Clinic, Ambulatory Surgery Centers And The Emory Specialty Assocs",Nursing,Precepted Rotation,1,1,11129,2024-07-12,2024-08-02,00:00:00,23:59:00,24,Fri,ID Missing,ID Missing,Ambulatory,NRSG 676 MN - Care Transitions Practicum,Other (see comments),Archived (Completed),Completed,2024,Fall 2024,371
485221,Emory University - SON Pre-licensure,"Emory Offsite Locations - The Emory Clinic, Ambulatory Surgery Centers And The Emory Specialty Assocs",Nursing,Precepted Rotation,1,1,11074,2024-07-12,2024-08-02,00:00:00,23:59:00,24,Fri,ID Missing,ID Missing,Ambulatory,NRSG 676 MN - Care Transitions Practicum,Other (see comments),Archived (Completed),Completed,2024,Fall 2024,371
485222,Emory University - SON Pre-licensure,"Emory Offsite Locations - The Emory Clinic, Ambulatory Surgery Centers And The Emory Specialty Assocs",Nursing,Precepted Rotation,1,1,11025,2024-07-12,2024-08-02,00:00:00,23:59:00,24,Fri,ID Missing,ID Missing,Ambulatory,NRSG 676 MN - Care Transitions Practicum,MSK Ortho and Spine,Archived (Completed),Completed,2024,Fall 2024,371
485224,Emory University - SON Pre-licensure,"Emory Offsite Locations - The Emory Clinic, Ambulatory Surgery Centers And The Emory Specialty Assocs",Nursing,Precepted Rotation,1,1,11079,2024-07-12,2024-08-02,00:00:00,23:59:00,24,Fri,ID Missing,ID Missing,Ambulatory,NRSG 676 MN - Care Transitions Practicum,MSK Ortho and Spine,Archived (Completed),Completed,2024,Fall 2024,371
485230,Emory University - SON Pre-licensure,"Emory Offsite Locations - The Emory Clinic, Ambulatory Surgery Centers And The Emory Specialty Assocs",Nursing,Precepted Rotation,1,1,11122,2024-07-12,2024-08-02,00:00:00,23:59:00,24,Fri,ID Missing,ID Missing,Ambulatory,NRSG 676 MN - Care Transitions Practicum,Other (see comments),Archived (Completed),Completed,2024,Fall 2024,371
485231,Emory University - SON Pre-licensure,"Emory Offsite Locations - The Emory Clinic, Ambulatory Surgery Centers And The Emory Specialty Assocs",Nursing,Precepted Rotation,1,1,11011,2024-07-12,2024-08-02,00:00:00,23:59:00,24,Fri,ID Missing,ID Missing,Ambulatory,NRSG 676 MN - Care Transitions Practicum,Other (see comments),Archived (Completed),Completed,2024,Fall 2024,371
485234,Emory University - SON Pre-licensure,"Emory Offsite Locations - The Emory Clinic, Ambulatory Surgery Centers And The Emory Specialty Assocs",Nursing,Precepted Rotation,1,1,11053,2024-07-11,2024-08-01,00:00:00,23:59:00,24,Thu,ID Missing,ID Missing,Ambulatory,NRSG 676 MN - Care Transitions Practicum,Other (see comments),Archived (Completed),Completed,2024,Fall 2024,370
485237,Emory University - SON Pre-licensure,"Emory Offsite Locations - The Emory Clinic, Ambulatory Surgery Centers And The Emory Specialty Assocs",Nursing,Precepted Rotation,1,1,11076,2024-07-11,2024-08-01,00:00:00,23:59:00,24,Thu,ID Missing,ID Missing,Ambulatory,NRSG 676 MN - Care Transitions Practicum,Other (see comments),Archived (Completed),Completed,2024,Fall 2024,370
485240,Emory University - SON Pre-licensure,"Emory Offsite Locations - The Emory Clinic, Ambulatory Surgery Centers And The Emory Specialty Assocs",Nursing,Precepted Rotation,1,1,11054,2024-07-11,2024-08-01,00:00:00,23:59:00,24,Thu,ID Missing,ID Missing,Ambulatory,NRSG 676 MN - Care Transitions Practicum,Other (see comments),Archived (Completed),Completed,2024,Fall 2024,370
485242,Emory University - SON Pre-licensure,"Emory Offsite Locations - The Emory Clinic, Ambulatory Surgery Centers And The Emory Specialty Assocs",Nursing,Precepted Rotation,1,1,11101,2024-07-11,2024-08-01,00:00:00,23:59:00,24,Thu,ID Missing,ID Missing,Ambulatory,NRSG 676 MN - Care Transitions Practicum,Other (see comments),Archived (Completed),Completed,2024,Fall 2024,370
485244,Emory University - SON Pre-licensure,"Emory Offsite Locations - The Emory Clinic, Ambulatory Surgery Centers And The Emory Specialty Assocs",Nursing,Precepted Rotation,1,1,11032,2024-07-11,2024-08-01,00:00:00,23:59:00,24,Thu,ID Missing,ID Missing,Ambulatory,NRSG 676 MN - Care Transitions Practicum,Other (see comments),Archived (Completed),Completed,2024,Fall 2024,370
485380,Chamberlain College of Nursing - Atlanta,"Emory Offsite Locations - The Emory Clinic, Ambulatory Surgery Centers And The Emory Specialty Assocs",Nursing,Precepted Rotation,2,2,"10870, 12264",2024-07-18,2024-08-31,00:00:00,23:59:00,84,"Thu, Fri",ID Missing,No Preceptor Assigned,Community,NR 442 - Community Health Nursing,Other (see comments),Archived (Completed),Completed,2024,Fall 2024,41
485398,Chamberlain College of Nursing - Atlanta,Emory Hillandale Hospital,Nursing,Precepted Rotation,2,2,"12265, 11709",2024-07-18,2024-08-31,00:00:00,23:59:00,84,"Thu, Fri",ID Missing,No Preceptor Assigned,Community,NR 442 - Community Health Nursing,-no preference-,Archived (Completed),Completed,2024,Fall 2024,41
488922,Emory University - SON Pre-licensure,Emory Johns Creek Hospital,Nursing,Precepted Rotation,1,1,11444,2024-08-28,2024-10-18,00:00:00,23:59:00,132,"Mon, Thu, Fri, Sat, Sun",ID Missing,ID Missing,Practicum,NRSG 648 MN - Transitions to Nursing Practice,ICU: critical care,Archived (Completed),Completed,2024,Fall 2024,378
488931,Emory University - SON Pre-licensure,Emory Johns Creek Hospital,Nursing,Precepted Rotation,1,1,11500,2024-08-28,2024-10-18,00:00:00,23:59:00,132,"Wed, Thu, Fri, Sat, Sun",ID Missing,ID Missing,Practicum,NRSG 648 MN - Transitions to Nursing Practice,ICU: critical care,Archived (Completed),Completed,2024,Fall 2024,378
488934,Emory University - SON Pre-licensure,Emory Johns Creek Hospital,Nursing,Precepted Rotation,1,1,11403,2024-08-28,2024-10-18,00:00:00,23:59:00,132,"Wed, Thu, Fri, Sat, Sun",ID Missing,ID Missing,Practicum,NRSG 648 MN - Transitions to Nursing Practice,"Maternity: M/B, L&D, NICU",Archived (Completed),Completed,2024,Fall 2024,378
488935,Emory University - SON Pre-licensure,Emory Saint Joseph's Hospital,Nursing,Precepted Rotation,1,1,11467,2024-08-28,2024-10-18,00:00:00,23:59:00,132,"Mon, Thu, Fri, Sat, Sun",2009,ID Missing,Practicum,NRSG 648 MN - Transitions to Nursing Practice,2SW CVICU,Archived (Completed),Completed,2024,Fall 2024,378
488936,Emory University - SON Pre-licensure,Emory Saint Joseph's Hospital,Nursing,Precepted Rotation,1,1,11392,2024-08-28,2024-10-18,00:00:00,23:59:00,132,"Wed, Thu, Fri, Sat, Sun",2009,ID Missing,Practicum,NRSG 648 MN - Transitions to Nursing Practice,2SW CVICU,Archived (Completed),Completed,2024,Fall 2024,378
488937,Emory University - SON Pre-licensure,Emory Saint Joseph's Hospital,Nursing,Precepted Rotation,1,1,11506,2024-08-28,2024-10-18,00:00:00,23:59:00,132,"Mon, Thu, Fri, Sat, Sun",2020,ID Missing,Practicum,NRSG 648 MN - Transitions to Nursing Practice,2W CCU,Archived (Completed),Completed,2024,Fall 2024,378
488939,Emory University - SON Pre-licensure,Emory University Hospital,Nursing,Precepted Rotation,1,1,11438,2024-08-28,2024-10-18,00:00:00,23:59:00,132,"Tue, Wed, Thu, Fri, Sat, Sun",2020,ID Missing,Practicum,NRSG 648 MN - Transitions to Nursing Practice,2D ICU: Neuro,Archived (Completed),Completed,2024,Fall 2024,378
488941,Emory University - SON Pre-licensure,Emory University Hospital,Nursing,Precepted Rotation,1,1,11493,2024-08-28,2024-10-18,00:00:00,23:59:00,132,"Wed, Thu, Fri, Sat, Sun",2020,ID Missing,Practicum,NRSG 648 MN - Transitions to Nursing Practice,2D ICU: Neuro,Archived (Completed),Completed,2024,Fall 2024,378
488942,Emory University - SON Pre-licensure,Emory Decatur Hospital,Nursing,Precepted Rotation,1,1,11511,2024-08-28,2024-10-18,00:00:00,23:59:00,132,"Wed, Thu, Fri, Sat, Sun",2003,ID Missing,Practicum,NRSG 648 MN - Transitions to Nursing Practice,Mother/Baby,Archived (Completed),Completed,2024,Fall 2024,378
488943,Emory University - SON Pre-licensure,Emory Decatur Hospital,Nursing,Precepted Rotation,1,1,11478,2024-08-28,2024-10-18,00:00:00,23:59:00,132,"Wed, Thu, Fri, Sat, Sun",2003,ID Missing,Practicum,NRSG 648 MN - Transitions to Nursing Practice,Mother/Baby,Archived (Completed),Completed,2024,Fall 2024,378
488954,Emory University - SON Pre-licensure,Emory Decatur Hospital,Nursing,Precepted Rotation,1,1,11422,2024-08-28,2024-10-18,00:00:00,23:59:00,132,"Wed, Thu, Fri, Sat, Sun",2003,ID Missing,Practicum,NRSG 648 MN - Transitions to Nursing Practice,NICU,Archived (Completed),Completed,2024,Fall 2024,378
488955,Emory University - SON Pre-licensure,Emory Decatur Hospital,Nursing,Precepted Rotation,1,1,11573,2024-08-28,2024-10-18,00:00:00,23:59:00,132,"Wed, Thu, Fri, Sat, Sun",2003,ID Missing,Practicum,NRSG 648 MN - Transitions to Nursing Practice,NICU,Archived (Completed),Completed,2024,Fall 2024,378
488959,Emory University - SON Pre-licensure,Emory Decatur Hospital,Nursing,Precepted Rotation,1,1,11454,2024-08-28,2024-10-18,00:00:00,23:59:00,132,"Sat, Sun",2003,ID Missing,Practicum,NRSG 648 MN - Transitions to Nursing Practice,Behavioral Health  - 2800,Archived (Completed),Completed,2024,Fall 2024,378
488960,Emory University - SON Pre-licensure,Emory University Hospital,Nursing,Precepted Rotation,1,1,11426,2024-08-28,2024-10-18,00:00:00,23:59:00,132,"Mon, Thu, Fri, Sat, Sun",2020,ID Missing,Practicum,NRSG 648 MN - Transitions to Nursing Practice,7T: Surgical,Archived (Completed),Completed,2024,Fall 2024,378
488961,Emory University - SON Pre-licensure,Emory University Hospital,Nursing,Precepted Rotation,1,1,11401,2024-08-28,2024-10-18,00:00:00,23:59:00,132,"Mon, Thu, Fri, Sat, Sun",2020,ID Missing,Practicum,NRSG 648 MN - Transitions to Nursing Practice,CVICU,Archived (Completed),Completed,2024,Fall 2024,378
488963,Emory University - SON Pre-licensure,Emory University Hospital,Nursing,Precepted Rotation,1,1,11432,2024-08-28,2024-10-18,00:00:00,23:59:00,132,"Mon, Thu, Fri, Sat, Sun",2020,"ID Missing, ID Missing, ID Missing",Practicum,NRSG 648 MN - Transitions to Nursing Practice,3G/4G CCU,Archived (Completed),Completed,2024,Fall 2024,378
488964,Emory University - SON Pre-licensure,Emory University Hospital Midtown,Nursing,Precepted Rotation,1,1,11437,2024-08-28,2024-10-18,00:00:00,23:59:00,132,"Mon, Thu, Fri, Sat, Sun",2021,ID Missing,Practicum,NRSG 648 MN - Transitions to Nursing Practice,11: CV Surgery SD,Archived (Completed),Completed,2024,Fall 2024,378
488965,Emory University - SON Pre-licensure,Emory University Hospital Midtown,Nursing,Precepted Rotation,1,1,11463,2024-08-28,2024-10-18,00:00:00,23:59:00,132,"Mon, Thu, Fri, Sat, Sun",2021,ID Missing,Practicum,NRSG 648 MN - Transitions to Nursing Practice,11 ICU: CV ICU,Archived (Completed),Completed,2024,Fall 2024,378
488966,Emory University - SON Pre-licensure,Emory University Hospital Midtown,Nursing,Precepted Rotation,1,1,11405,2024-08-28,2024-10-18,00:00:00,23:59:00,132,"Mon, Thu, Fri, Sat, Sun",2021,ID Missing,Practicum,NRSG 648 MN - Transitions to Nursing Practice,-no preference-,Archived (Completed),Completed,2024,Fall 2024,378
488967,Emory University - SON Pre-licensure,Emory University Hospital Midtown,Nursing,Precepted Rotation,1,1,11579,2024-08-28,2024-10-18,00:00:00,23:59:00,132,"Mon, Thu, Fri, Sat, Sun",2021,ID Missing,Practicum,NRSG 648 MN - Transitions to Nursing Practice,-no preference-,Archived (Completed),Completed,2024,Fall 2024,378
488968,Emory University - SON Pre-licensure,Emory University Hospital Midtown,Nursing,Precepted Rotation,1,1,11566,2024-08-28,2024-10-18,00:00:00,23:59:00,132,"Mon, Thu, Fri, Sat, Sun",2021,ID Missing,Practicum,NRSG 648 MN - Transitions to Nursing Practice,31: ICU,Archived (Completed),Completed,2024,Fall 2024,378
488969,Emory University - SON Pre-licensure,Emory University Hospital Midtown,Nursing,Precepted Rotation,1,1,11412,2024-08-28,2024-10-18,00:00:00,23:59:00,132,"Mon, Thu, Fri, Sat, Sun",2021,ID Missing,Practicum,NRSG 648 MN - Transitions to Nursing Practice,31: ICU,Archived (Completed),Completed,2024,Fall 2024,378
488970,Emory University - SON Pre-licensure,Emory Decatur Hospital,Nursing,Precepted Rotation,1,1,11484,2024-08-28,2024-10-18,00:00:00,23:59:00,132,"Mon, Thu, Fri, Sat, Sun",2003,ID Missing,Practicum,NRSG 648 MN - Transitions to Nursing Practice,PACU,Archived (Completed),Completed,2024,Fall 2024,378
489167,Emory University - SON Pre-licensure,Emory University Orthopaedics And Spine Hospital,Nursing,Precepted Rotation,1,1,11416,2024-08-28,2024-10-18,00:00:00,23:59:00,132,"Mon, Thu, Fri, Sat, Sun",2003,ID Missing,Practicum,NRSG 648 MN - Transitions to Nursing Practice,2-4 floors: Orthopaedics,Archived (Completed),Completed,2024,Fall 2024,378
489488,Chamberlain College of Nursing - Atlanta,Emory Saint Joseph's Hospital,Nursing,Cohort Rotation,0,6,No Students Assigned,2024-09-03,2024-10-26,07:00:00,19:00:00,96,Tue,ID Missing,No Preceptor Assigned,MedSurg - Acute Care,NR 324 - Adult Health I,4W renal and urology,Archived (Completed),Completed,2024,Fall 2024,47
490480,Emory University - SON Pre-licensure,Emory University Hospital Midtown,Nursing,Precepted Rotation,1,1,11490,2024-08-28,2024-10-18,00:00:00,23:59:00,132,"Mon, Thu, Fri, Sat, Sun",2021,ID Missing,Practicum,NRSG 648 MN - Transitions to Nursing Practice,Nurseries (DEU): NICU,Archived (Completed),Completed,2024,Fall 2024,378
490482,Emory University - SON Pre-licensure,Emory University Hospital Midtown,Nursing,Precepted Rotation,1,1,11492,2024-08-28,2024-10-18,00:00:00,23:59:00,132,"Wed, Thu, Fri, Sat, Sun",2021,ID Missing,Practicum,NRSG 648 MN - Transitions to Nursing Practice,Nurseries (DEU): NICU,Archived (Completed),Completed,2024,Fall 2024,378
491025,Emory University - SON Pre-licensure,Emory University Hospital Midtown,Nursing,Cohort Rotation,0,6,No Students Assigned,2024-09-04,2024-10-07,07:00:00,19:00:00,60,Wed,ID Missing,No Preceptor Assigned,Perinatal - OB,NRSG 392 - Maternity Practicum,Nurseries (DEU): NICU,Archived (Denied),Denied,2024,Fall 2024,387
491736,Emory University - SON Pre-licensure,Emory Johns Creek Hospital,Nursing,Precepted Rotation,1,1,11456,2024-08-28,2024-10-18,00:00:00,23:59:00,132,"Mon, Thu, Fri, Sat, Sun",ID Missing,"ID Missing, ID Missing, ID Missing, ID Missing",Practicum,NRSG 648 MN - Transitions to Nursing Practice,"Maternity: M/B, L&D, NICU",Archived (Completed),Completed,2024,Fall 2024,378
491738,Emory University - SON Pre-licensure,Emory Johns Creek Hospital,Nursing,Precepted Rotation,1,1,11072,2024-08-28,2024-10-18,00:00:00,23:59:00,132,"Wed, Thu, Fri, Sat, Sun",ID Missing,ID Missing,Practicum,NRSG 648 MN - Transitions to Nursing Practice,"Maternity: M/B, L&D, NICU",Archived (Completed),Completed,2024,Fall 2024,378
491770,Emory University - SON Pre-licensure,Emory University Hospital,Nursing,Precepted Rotation,1,1,11460,2024-08-28,2024-10-18,00:00:00,23:59:00,132,"Mon, Thu, Fri, Sat, Sun",2020,ID Missing,Practicum,NRSG 648 MN - Transitions to Nursing Practice,MICU,Archived (Completed),Completed,2024,Fall 2024,378
491775,Emory University - SON Pre-licensure,Emory University Hospital,Nursing,Precepted Rotation,0,1,No Students Assigned,2024-08-28,2024-10-18,00:00:00,23:59:00,132,"Wed, Thu, Fri, Sat, Sun",ID Missing,ID Missing,Practicum,NRSG 648 MN - Transitions to Nursing Practice,5G/6G: Respiratory ICU,Archived (Completed),Completed,2024,Fall 2024,378
491804,Emory University - SON Pre-licensure,Emory Johns Creek Hospital,Nursing,Cohort Rotation,4,8,"11885, 11877, 11843, 11865",2024-09-07,2024-10-12,07:00:00,19:00:00,60,Sat,ID Missing,No Preceptor Assigned,Perinatal - OB,NRSG 392 - Maternity Practicum,"Maternity: M/B, L&D, NICU",Archived (Completed),Completed,2024,Fall 2024,391
492755,Emory University - SON Pre-licensure,Emory University Hospital Midtown,Nursing,Precepted Rotation,1,1,11504,2024-08-28,2024-10-18,00:00:00,23:59:00,132,"Mon, Thu, Fri, Sat, Sun",2021,ID Missing,Practicum,NRSG 648 MN - Transitions to Nursing Practice,42/54: Mother/Baby,Archived (Completed),Completed,2024,Fall 2024,378
492757,Emory University - SON Pre-licensure,Emory University Hospital Midtown,Nursing,Precepted Rotation,1,1,11475,2024-08-28,2024-10-18,00:00:00,23:59:00,132,"Mon, Thu, Fri, Sat, Sun",2021,ID Missing,Practicum,NRSG 648 MN - Transitions to Nursing Practice,42/54: Mother/Baby,Archived (Completed),Completed,2024,Fall 2024,378
492783,Emory University - SON Pre-licensure,Emory Johns Creek Hospital,Nursing,Precepted Rotation,1,1,11439,2024-08-28,2024-10-18,00:00:00,23:59:00,132,"Mon, Thu, Fri, Sat, Sun",ID Missing,ID Missing,Practicum,NRSG 648 MN - Transitions to Nursing Practice,ED: emergency and CDU,Archived (Completed),Completed,2024,Fall 2024,378
492787,Emory University - SON Pre-licensure,Emory Johns Creek Hospital,Nursing,Precepted Rotation,1,1,11418,2024-08-28,2024-10-18,00:00:00,23:59:00,132,"Mon, Thu, Fri, Sat, Sun",ID Missing,ID Missing,Practicum,NRSG 648 MN - Transitions to Nursing Practice,ED: emergency and CDU,Archived (Completed),Completed,2024,Fall 2024,378
493456,Emory University - SON Pre-licensure,Emory Decatur Hospital,Nursing,Precepted Rotation,1,1,11064,2024-08-28,2024-10-18,00:00:00,23:59:00,132,"Mon, Thu, Fri, Sat, Sun",2003,ID Missing,Practicum,NRSG 648 MN - Transitions to Nursing Practice,L&D,Archived (Completed),Completed,2024,Fall 2024,378
494806,Chamberlain College of Nursing - Atlanta,Emory University Hospital,Nursing,Precepted Rotation,1,1,12266,2024-09-02,2024-10-26,00:00:00,23:59:00,120,,ID Missing,No Preceptor Assigned,Surgical / OR,NR 446/452 - Collaborative and Capstone - Senior Practicum,OR,Archived (Completed),Completed,2024,Fall 2024,45
495741,Chamberlain College of Nursing - Atlanta,Emory University Hospital,Nursing,Cohort Rotation,1,1,10879,2024-09-02,2024-10-26,07:00:00,19:00:00,120,,ID Missing,No Preceptor Assigned,Surgical / OR,NR 446/452 - Collaborative and Capstone - Senior Practicum,OR,Archived (Completed),Completed,2024,Fall 2024,45
496835,Kennesaw State University - Nursing,"Emory Offsite Locations - The Emory Clinic, Ambulatory Surgery Centers And The Emory Specialty Assocs",Nursing,Cohort Rotation,5,12,"12240, 11184, 12244, 12245, 12246",2024-10-11,2024-10-11,08:00:00,17:00:00,8,Fri,ID Missing,No Preceptor Assigned,Observation,4437 - Med/Surg Specialty Elective,Other (see comments),Archived (Completed),Completed,2024,Fall 2024,502
497212,Emory University - SON Pre-licensure,Emory Decatur Hospital,Nursing,Precepted Rotation,1,1,11413,2024-08-28,2024-10-18,00:00:00,23:59:00,132,"Mon, Thu, Fri, Sat, Sun",2003,ID Missing,Practicum,NRSG 648 MN - Transitions to Nursing Practice,Emergency Dept- North Decatur,Archived (Completed),Completed,2024,Fall 2024,378
497267,Emory University - SON Pre-licensure,Emory University Hospital,Nursing,Precepted Rotation,1,1,12142,2024-10-09,2024-11-01,00:00:00,23:59:00,30,"Wed, Fri",2023,No Preceptor Assigned,Other (see comments),PAE 7501 Elective â€“ Card - ,-no preference-,Archived (Completed),Completed,2024,Fall 2024,393
497920,Emory University - SON Pre-licensure,Emory Decatur Hospital,Nursing,Precepted Rotation,1,1,11450,2024-08-28,2024-10-18,00:00:00,23:59:00,132,"Wed, Thu, Fri, Sat, Sun",2003,ID Missing,Practicum,NRSG 648 MN - Transitions to Nursing Practice,Emergency Dept- North Decatur,Archived (Completed),Completed,2024,Fall 2024,378
498184,Emory University - SON Pre-licensure,Emory University Hospital,Nursing,Precepted Rotation,1,1,12104,2024-09-04,2024-09-18,00:00:00,23:59:00,30,Wed,2023,No Preceptor Assigned,Other (see comments),PAE 7501 Elective â€“ Card - ,-no preference-,Archived (Completed),Completed,2024,Fall 2024,386
499083,Emory University - SON Pre-licensure,"Emory Offsite Locations - The Emory Clinic, Ambulatory Surgery Centers And The Emory Specialty Assocs",Nursing,Precepted Rotation,1,1,11414,2024-08-28,2024-10-18,00:00:00,23:59:00,24,Mon,ID Missing,ID Missing,Ambulatory,NRSG 676 MN - Care Transitions Practicum,Other (see comments),Archived (Completed),Completed,2024,Fall 2024,378
499088,Emory University - SON Pre-licensure,"Emory Offsite Locations - The Emory Clinic, Ambulatory Surgery Centers And The Emory Specialty Assocs",Nursing,Precepted Rotation,0,1,No Students Assigned,2024-08-28,2024-10-18,00:00:00,23:59:00,24,Mon,ID Missing,ID Missing,Ambulatory,NRSG 676 MN - Care Transitions Practicum,Other (see comments),Archived (Completed),Completed,2024,Fall 2024,378
499096,Emory University - SON Pre-licensure,"Emory Offsite Locations - The Emory Clinic, Ambulatory Surgery Centers And The Emory Specialty Assocs",Nursing,Precepted Rotation,1,1,11452,2024-08-28,2024-10-18,00:00:00,23:59:00,24,Mon,ID Missing,ID Missing,Ambulatory,NRSG 676 MN - Care Transitions Practicum,Other (see comments),Archived (Completed),Completed,2024,Fall 2024,378
499099,Emory University - SON Pre-licensure,"Emory Offsite Locations - The Emory Clinic, Ambulatory Surgery Centers And The Emory Specialty Assocs",Nursing,Precepted Rotation,1,1,11420,2024-08-28,2024-10-18,00:00:00,23:59:00,24,Mon,ID Missing,ID Missing,Ambulatory,NRSG 676 MN - Care Transitions Practicum,Other (see comments),Archived (Completed),Completed,2024,Fall 2024,378
499109,Emory University - SON Pre-licensure,"Emory Offsite Locations - The Emory Clinic, Ambulatory Surgery Centers And The Emory Specialty Assocs",Nursing,Precepted Rotation,1,1,11469,2024-08-28,2024-10-18,00:00:00,23:59:00,24,Mon,ID Missing,ID Missing,Ambulatory,NRSG 676 MN - Care Transitions Practicum,Other (see comments),Archived (Completed),Completed,2024,Fall 2024,378
499115,Emory University - SON Pre-licensure,"Emory Offsite Locations - The Emory Clinic, Ambulatory Surgery Centers And The Emory Specialty Assocs",Nursing,Precepted Rotation,1,1,11482,2024-08-28,2024-10-18,00:00:00,23:59:00,24,Mon,ID Missing,ID Missing,Ambulatory,NRSG 676 MN - Care Transitions Practicum,Other (see comments),Archived (Completed),Completed,2024,Fall 2024,378
499120,Emory University - SON Pre-licensure,"Emory Offsite Locations - The Emory Clinic, Ambulatory Surgery Centers And The Emory Specialty Assocs",Nursing,Precepted Rotation,1,1,11459,2024-08-28,2024-10-18,00:00:00,23:59:00,24,Mon,ID Missing,ID Missing,Ambulatory,NRSG 676 MN - Care Transitions Practicum,Other (see comments),Archived (Completed),Completed,2024,Fall 2024,378
499124,Emory University - SON Pre-licensure,"Emory Offsite Locations - The Emory Clinic, Ambulatory Surgery Centers And The Emory Specialty Assocs",Nursing,Precepted Rotation,1,1,11567,2024-08-28,2024-10-18,00:00:00,23:59:00,24,Mon,ID Missing,ID Missing,Ambulatory,NRSG 676 MN - Care Transitions Practicum,Other (see comments),Archived (Completed),Completed,2024,Fall 2024,378
499127,Emory University - SON Pre-licensure,"Emory Offsite Locations - The Emory Clinic, Ambulatory Surgery Centers And The Emory Specialty Assocs",Nursing,Precepted Rotation,1,1,11472,2024-08-28,2024-10-18,00:00:00,23:59:00,24,Mon,ID Missing,ID Missing,Ambulatory,NRSG 676 MN - Care Transitions Practicum,Other (see comments),Archived (Completed),Completed,2024,Fall 2024,378
499136,Emory University - SON Pre-licensure,"Emory Offsite Locations - The Emory Clinic, Ambulatory Surgery Centers And The Emory Specialty Assocs",Nursing,Precepted Rotation,1,1,11115,2024-08-28,2024-10-18,00:00:00,23:59:00,24,Mon,ID Missing,ID Missing,Ambulatory,NRSG 676 MN - Care Transitions Practicum,Other (see comments),Archived (Completed),Completed,2024,Fall 2024,378
499140,Emory University - SON Pre-licensure,"Emory Offsite Locations - The Emory Clinic, Ambulatory Surgery Centers And The Emory Specialty Assocs",Nursing,Precepted Rotation,1,1,11449,2024-08-28,2024-10-18,00:00:00,23:59:00,24,Mon,ID Missing,ID Missing,Ambulatory,NRSG 676 MN - Care Transitions Practicum,Other (see comments),Archived (Completed),Completed,2024,Fall 2024,378
499145,Emory University - SON Pre-licensure,"Emory Offsite Locations - The Emory Clinic, Ambulatory Surgery Centers And The Emory Specialty Assocs",Nursing,Precepted Rotation,1,1,11446,2024-08-28,2024-10-18,00:00:00,23:59:00,24,Mon,ID Missing,ID Missing,Ambulatory,NRSG 676 MN - Care Transitions Practicum,Other (see comments),Archived (Completed),Completed,2024,Fall 2024,378
499148,Emory University - SON Pre-licensure,"Emory Offsite Locations - The Emory Clinic, Ambulatory Surgery Centers And The Emory Specialty Assocs",Nursing,Precepted Rotation,1,1,11570,2024-08-28,2024-10-18,00:00:00,23:59:00,24,Mon,ID Missing,ID Missing,Ambulatory,NRSG 676 MN - Care Transitions Practicum,Other (see comments),Archived (Completed),Completed,2024,Fall 2024,378
499150,Emory University - SON Pre-licensure,"Emory Offsite Locations - The Emory Clinic, Ambulatory Surgery Centers And The Emory Specialty Assocs",Nursing,Precepted Rotation,1,1,11476,2024-08-28,2024-10-18,00:00:00,23:59:00,24,Thu,ID Missing,ID Missing,Ambulatory,NRSG 676 MN - Care Transitions Practicum,Other (see comments),Archived (Completed),Completed,2024,Fall 2024,378
499154,Emory University - SON Pre-licensure,"Emory Offsite Locations - The Emory Clinic, Ambulatory Surgery Centers And The Emory Specialty Assocs",Nursing,Precepted Rotation,1,1,11398,2024-08-28,2024-10-18,00:00:00,23:59:00,24,Thu,ID Missing,ID Missing,Ambulatory,NRSG 676 MN - Care Transitions Practicum,Other (see comments),Archived (Completed),Completed,2024,Fall 2024,378
499155,Emory University - SON Pre-licensure,"Emory Offsite Locations - The Emory Clinic, Ambulatory Surgery Centers And The Emory Specialty Assocs",Nursing,Precepted Rotation,1,1,11453,2024-08-28,2024-10-18,00:00:00,23:59:00,24,Thu,ID Missing,ID Missing,Ambulatory,NRSG 676 MN - Care Transitions Practicum,Other (see comments),Archived (Completed),Completed,2024,Fall 2024,378
499157,Emory University - SON Pre-licensure,"Emory Offsite Locations - The Emory Clinic, Ambulatory Surgery Centers And The Emory Specialty Assocs",Nursing,Precepted Rotation,1,1,11507,2024-08-28,2024-10-18,00:00:00,23:59:00,24,Thu,ID Missing,ID Missing,Ambulatory,NRSG 676 MN - Care Transitions Practicum,Other (see comments),Archived (Completed),Completed,2024,Fall 2024,378
499160,Emory University - SON Pre-licensure,"Emory Offsite Locations - The Emory Clinic, Ambulatory Surgery Centers And The Emory Specialty Assocs",Nursing,Precepted Rotation,1,1,11576,2024-08-28,2024-10-18,00:00:00,23:59:00,24,Thu,ID Missing,ID Missing,Ambulatory,NRSG 676 MN - Care Transitions Practicum,Other (see comments),Archived (Completed),Completed,2024,Fall 2024,378
499164,Emory University - SON Pre-licensure,"Emory Offsite Locations - The Emory Clinic, Ambulatory Surgery Centers And The Emory Specialty Assocs",Nursing,Precepted Rotation,1,1,11390,2024-08-28,2024-10-18,00:00:00,23:59:00,24,Thu,ID Missing,ID Missing,Ambulatory,NRSG 676 MN - Care Transitions Practicum,Other (see comments),Archived (Completed),Completed,2024,Fall 2024,378
499169,Emory University - SON Pre-licensure,"Emory Offsite Locations - The Emory Clinic, Ambulatory Surgery Centers And The Emory Specialty Assocs",Nursing,Precepted Rotation,1,1,11428,2024-08-28,2024-10-18,00:00:00,23:59:00,24,Thu,ID Missing,ID Missing,Ambulatory,NRSG 676 MN - Care Transitions Practicum,Other (see comments),Archived (Completed),Completed,2024,Fall 2024,378
499311,Emory University - SON Pre-licensure,"Emory Offsite Locations - The Emory Clinic, Ambulatory Surgery Centers And The Emory Specialty Assocs",Nursing,Precepted Rotation,1,1,11495,2024-08-28,2024-10-18,00:00:00,23:59:00,24,Thu,ID Missing,ID Missing,Ambulatory,NRSG 676 MN - Care Transitions Practicum,Other (see comments),Archived (Completed),Completed,2024,Fall 2024,378
499315,Emory University - SON Pre-licensure,"Emory Offsite Locations - The Emory Clinic, Ambulatory Surgery Centers And The Emory Specialty Assocs",Nursing,Precepted Rotation,1,1,11480,2024-08-28,2024-10-18,00:00:00,23:59:00,24,Thu,ID Missing,ID Missing,Ambulatory,NRSG 676 MN - Care Transitions Practicum,Other (see comments),Archived (Completed),Completed,2024,Fall 2024,378
499318,Emory University - SON Pre-licensure,"Emory Offsite Locations - The Emory Clinic, Ambulatory Surgery Centers And The Emory Specialty Assocs",Nursing,Precepted Rotation,1,1,11481,2024-08-28,2024-10-18,00:00:00,23:59:00,24,Thu,ID Missing,ID Missing,Ambulatory,NRSG 676 MN - Care Transitions Practicum,Other (see comments),Archived (Completed),Completed,2024,Fall 2024,378
499320,Emory University - SON Pre-licensure,"Emory Offsite Locations - The Emory Clinic, Ambulatory Surgery Centers And The Emory Specialty Assocs",Nursing,Precepted Rotation,1,1,11451,2024-08-28,2024-10-18,00:00:00,23:59:00,24,Thu,ID Missing,ID Missing,Ambulatory,NRSG 676 MN - Care Transitions Practicum,Other (see comments),Archived (Completed),Completed,2024,Fall 2024,378
499323,Emory University - SON Pre-licensure,"Emory Offsite Locations - The Emory Clinic, Ambulatory Surgery Centers And The Emory Specialty Assocs",Nursing,Precepted Rotation,1,1,10999,2024-08-28,2024-10-18,00:00:00,23:59:00,24,Thu,ID Missing,ID Missing,Ambulatory,NRSG 676 MN - Care Transitions Practicum,Other (see comments),Archived (Completed),Completed,2024,Fall 2024,378
499330,Emory University - SON Pre-licensure,"Emory Offsite Locations - The Emory Clinic, Ambulatory Surgery Centers And The Emory Specialty Assocs",Nursing,Precepted Rotation,1,1,11502,2024-08-28,2024-10-18,00:00:00,23:59:00,24,Thu,ID Missing,ID Missing,Ambulatory,NRSG 676 MN - Care Transitions Practicum,Other (see comments),Archived (Completed),Completed,2024,Fall 2024,378
499334,Emory University - SON Pre-licensure,"Emory Offsite Locations - The Emory Clinic, Ambulatory Surgery Centers And The Emory Specialty Assocs",Nursing,Precepted Rotation,1,1,11461,2024-08-28,2024-10-18,00:00:00,23:59:00,24,Thu,ID Missing,ID Missing,Ambulatory,NRSG 676 MN - Care Transitions Practicum,Other (see comments),Archived (Completed),Completed,2024,Fall 2024,378
499337,Emory University - SON Pre-licensure,"Emory Offsite Locations - The Emory Clinic, Ambulatory Surgery Centers And The Emory Specialty Assocs",Nursing,Precepted Rotation,1,1,11491,2024-08-28,2024-10-18,00:00:00,23:59:00,24,Thu,ID Missing,ID Missing,Ambulatory,NRSG 676 MN - Care Transitions Practicum,Other (see comments),Archived (Completed),Completed,2024,Fall 2024,378
499341,Emory University - SON Pre-licensure,"Emory Offsite Locations - The Emory Clinic, Ambulatory Surgery Centers And The Emory Specialty Assocs",Nursing,Precepted Rotation,1,1,11465,2024-08-28,2024-10-18,00:00:00,23:59:00,24,Thu,ID Missing,ID Missing,Ambulatory,NRSG 676 MN - Care Transitions Practicum,Other (see comments),Archived (Completed),Completed,2024,Fall 2024,378
499358,Emory University - SON Pre-licensure,"Emory Offsite Locations - The Emory Clinic, Ambulatory Surgery Centers And The Emory Specialty Assocs",Nursing,Precepted Rotation,1,1,11427,2024-08-28,2024-10-18,00:00:00,23:59:00,24,Thu,ID Missing,ID Missing,Ambulatory,NRSG 676 MN - Care Transitions Practicum,Other (see comments),Archived (Completed),Completed,2024,Fall 2024,378
499361,Emory University - SON Pre-licensure,"Emory Offsite Locations - The Emory Clinic, Ambulatory Surgery Centers And The Emory Specialty Assocs",Nursing,Precepted Rotation,1,1,11496,2024-08-28,2024-10-18,00:00:00,23:59:00,24,Thu,ID Missing,ID Missing,Ambulatory,NRSG 676 MN - Care Transitions Practicum,Other (see comments),Archived (Completed),Completed,2024,Fall 2024,378
499365,Emory University - SON Pre-licensure,"Emory Offsite Locations - The Emory Clinic, Ambulatory Surgery Centers And The Emory Specialty Assocs",Nursing,Precepted Rotation,1,1,11406,2024-08-28,2024-10-18,00:00:00,23:59:00,24,Thu,ID Missing,ID Missing,Ambulatory,NRSG 676 MN - Care Transitions Practicum,Other (see comments),Archived (Completed),Completed,2024,Fall 2024,378
499369,Emory University - SON Pre-licensure,"Emory Offsite Locations - The Emory Clinic, Ambulatory Surgery Centers And The Emory Specialty Assocs",Nursing,Precepted Rotation,1,1,11443,2024-08-28,2024-10-18,00:00:00,23:59:00,24,Thu,ID Missing,ID Missing,Ambulatory,NRSG 676 MN - Care Transitions Practicum,Other (see comments),Archived (Completed),Completed,2024,Fall 2024,378
499371,Emory University - SON Pre-licensure,"Emory Offsite Locations - The Emory Clinic, Ambulatory Surgery Centers And The Emory Specialty Assocs",Nursing,Precepted Rotation,1,1,11436,2024-08-28,2024-10-18,00:00:00,23:59:00,24,Thu,ID Missing,ID Missing,Ambulatory,NRSG 676 MN - Care Transitions Practicum,Other (see comments),Archived (Completed),Completed,2024,Fall 2024,378
499372,Emory University - SON Pre-licensure,"Emory Offsite Locations - The Emory Clinic, Ambulatory Surgery Centers And The Emory Specialty Assocs",Nursing,Precepted Rotation,1,1,11411,2024-08-28,2024-10-18,00:00:00,23:59:00,24,Fri,ID Missing,ID Missing,Ambulatory,NRSG 676 MN - Care Transitions Practicum,Other (see comments),Archived (Completed),Completed,2024,Fall 2024,378
499373,Emory University - SON Pre-licensure,"Emory Offsite Locations - The Emory Clinic, Ambulatory Surgery Centers And The Emory Specialty Assocs",Nursing,Precepted Rotation,1,1,11471,2024-08-28,2024-10-18,00:00:00,23:59:00,24,Fri,ID Missing,ID Missing,Ambulatory,NRSG 676 MN - Care Transitions Practicum,Other (see comments),Archived (Completed),Completed,2024,Fall 2024,378
499376,Emory University - SON Pre-licensure,"Emory Offsite Locations - The Emory Clinic, Ambulatory Surgery Centers And The Emory Specialty Assocs",Nursing,Precepted Rotation,1,1,11513,2024-08-28,2024-10-18,00:00:00,23:59:00,24,Fri,ID Missing,ID Missing,Ambulatory,NRSG 676 MN - Care Transitions Practicum,Other (see comments),Archived (Completed),Completed,2024,Fall 2024,378
499381,Emory University - SON Pre-licensure,"Emory Offsite Locations - The Emory Clinic, Ambulatory Surgery Centers And The Emory Specialty Assocs",Nursing,Precepted Rotation,1,1,11464,2024-08-28,2024-10-18,00:00:00,23:59:00,24,Fri,ID Missing,ID Missing,Ambulatory,NRSG 676 MN - Care Transitions Practicum,Other (see comments),Archived (Completed),Completed,2024,Fall 2024,378
499385,Emory University - SON Pre-licensure,"Emory Offsite Locations - The Emory Clinic, Ambulatory Surgery Centers And The Emory Specialty Assocs",Nursing,Precepted Rotation,1,1,11435,2024-08-28,2024-10-18,00:00:00,23:59:00,24,Fri,ID Missing,ID Missing,Ambulatory,NRSG 676 MN - Care Transitions Practicum,Other (see comments),Archived (Completed),Completed,2024,Fall 2024,378
499387,Emory University - SON Pre-licensure,"Emory Offsite Locations - The Emory Clinic, Ambulatory Surgery Centers And The Emory Specialty Assocs",Nursing,Precepted Rotation,1,1,11458,2024-08-28,2024-10-18,00:00:00,23:59:00,24,Fri,ID Missing,ID Missing,Ambulatory,NRSG 676 MN - Care Transitions Practicum,Other (see comments),Archived (Completed),Completed,2024,Fall 2024,378
499429,Emory University - SON Pre-licensure,"Emory Offsite Locations - The Emory Clinic, Ambulatory Surgery Centers And The Emory Specialty Assocs",Nursing,Precepted Rotation,1,1,11574,2024-08-28,2024-10-18,00:00:00,23:59:00,24,Fri,ID Missing,ID Missing,Ambulatory,NRSG 676 MN - Care Transitions Practicum,Other (see comments),Archived (Completed),Completed,2024,Fall 2024,378
499430,Emory University - SON Pre-licensure,"Emory Offsite Locations - The Emory Clinic, Ambulatory Surgery Centers And The Emory Specialty Assocs",Nursing,Precepted Rotation,1,1,11494,2024-08-28,2024-10-18,00:00:00,23:59:00,24,Fri,ID Missing,ID Missing,Ambulatory,NRSG 676 MN - Care Transitions Practicum,Other (see comments),Archived (Completed),Completed,2024,Fall 2024,378
499432,Emory University - SON Pre-licensure,"Emory Offsite Locations - The Emory Clinic, Ambulatory Surgery Centers And The Emory Specialty Assocs",Nursing,Precepted Rotation,1,1,11399,2024-08-28,2024-10-18,00:00:00,23:59:00,24,Fri,ID Missing,ID Missing,Ambulatory,NRSG 676 MN - Care Transitions Practicum,Other (see comments),Archived (Completed),Completed,2024,Fall 2024,378
499434,Emory University - SON Pre-licensure,"Emory Offsite Locations - The Emory Clinic, Ambulatory Surgery Centers And The Emory Specialty Assocs",Nursing,Precepted Rotation,1,1,11441,2024-08-28,2024-10-18,00:00:00,23:59:00,24,Fri,ID Missing,ID Missing,Ambulatory,NRSG 676 MN - Care Transitions Practicum,Other (see comments),Archived (Completed),Completed,2024,Fall 2024,378
499437,Emory University - SON Pre-licensure,"Emory Offsite Locations - The Emory Clinic, Ambulatory Surgery Centers And The Emory Specialty Assocs",Nursing,Precepted Rotation,1,1,11497,2024-08-28,2024-10-18,00:00:00,23:59:00,24,Fri,ID Missing,ID Missing,Ambulatory,NRSG 676 MN - Care Transitions Practicum,Other (see comments),Archived (Completed),Completed,2024,Fall 2024,378
500915,Emory University - SON Pre-licensure,Emory University Hospital,Nursing,Precepted Rotation,1,1,11512,2024-09-03,2024-10-18,00:00:00,23:59:00,132,"Mon, Thu, Fri, Sat, Sun",2020,ID Missing,Practicum,NRSG 648 MN - Transitions to Nursing Practice,6T: Transplant,Archived (Completed),Completed,2024,Fall 2024,385
506308,Chamberlain College of Nursing - Georgia,Emory University Hospital Midtown,Nursing,Cohort Rotation,0,6,No Students Assigned,2024-04-06,2024-04-27,07:00:00,19:00:00,48,Sat,ID Missing,No Preceptor Assigned,Perinatal - OB,NR 327 - Maternal Child,Maternity,Archived (Denied),Denied,2024,Spring 2024,178
515565,Emory University - SON Pre-licensure,Emory Johns Creek Hospital,Nursing,Precepted Rotation,1,1,11157,2024-10-14,2024-10-26,00:00:00,23:59:00,60,,ID Missing,No Preceptor Assigned,MedSurg - Acute Care,NRSG 478D - Clinical Synthesis Practicum,3rd floor: med-surg,Archived (Completed),Completed,2024,Fall 2024,394
519354,Emory University - SON Pre-licensure,Emory University Hospital,Nursing,Precepted Rotation,11,12,"12267, 12268, 12269, 12270, 12271, 12272, 12273, 12274, 12275, 12276, 12277",2024-11-07,2024-11-08,00:00:00,23:59:00,8,Thu,ID Missing,No Preceptor Assigned,Observation,NRSG - CAPES,-no preference-,Archived (Completed),Completed,2024,Fall 2024,395
