Organization,Cohort Date,Nurse ID,Employment Start Date,Type of Unit,Age,Gender,Nursing Degree Received,GPA,Employment Status,Previous health care work experience,Leave,Type of Leave,Termination,Termination Date,Tenure,Termination Reason,ID,Cleaned Education,GPA_Numeric
Emory University Hospital Midtown,	08/08/2025,	0480100,08/04/2025,Medical/Surgical Inpatient Unit,23.0,Female,BSN,3.5 And Above,Full-time,,No,,No,,,,20576,Albany State University,3.75
Emory University Hospital,	10/14/2022,	0457429,11/07/2022,Orthopedic Inpatient Unit,27.0,Male,BSN,3.0 - 3.49,,,No,,Yes,09/20/2023,0.8684931506849315,Obtained position with a more desirable commute,20591,Albany State University,3.25
Emory Decatur Hospital,	04/01/2025,	0476508,03/17/2025,Emergency Department,24.0,Female,ADN/ASN,3.0 - 3.49,Full-time,,No,,No,,,,20596,Albany State University,3.25
Emory University Hospital,	10/28/2024,	0448283,10/14/2024,Medical/Surgical Intermediate Unit,26.0,Female,ADN/ASN,3.0 - 3.49,Full-time,,No,,No,,,,20598,Albany State University,3.25
Emory University Hospital,	10/28/2024,	0465066,10/14/2024,Transplant Unit,24.0,Female,BSN,3.0 - 3.49,Full-time,,No,,No,,,,20599,Albany State University,3.25
Emory University Hospital,	10/28/2024,	0474441,10/21/2024,General Medical Inpatient Unit,23.0,Female,ADN/ASN,3.0 - 3.49,Full-time,,No,,No,,,,20600,Albany State University,3.25
Emory University Hospital Midtown,	10/25/2024,	0448683,10/15/2024,Emergency Department,24.0,Female,ADN/ASN,3.0 - 3.49,Full-time,,No,,No,,,,20601,Albany State University,3.25
Emory University Hospital Midtown,	10/25/2024,	0472184,11/18/2024,General Medical Inpatient Unit,38.0,Female,ADN/ASN,2.5 - 2.99,Full-time,,No,,No,,,,20602,Albany State University,2.75
Emory University Hospital Midtown,	10/25/2024,	0474495,10/14/2024,Emergency Department,27.0,Female,ADN/ASN,2.5 - 2.99,Full-time,,No,,No,,,,20603,Albany State University,2.75
Emory University Hospital Midtown,	10/25/2024,	2138731,10/14/2024,General Medical Inpatient Unit,28.0,Female,ADN/ASN,3.5 And Above,Full-time,,No,,No,,,,20604,Albany State University,3.75
Emory Decatur Hospital,	08/20/2024,	0459182,08/12/2024,Observation Unit,24.0,Female,BSN,3.0 - 3.49,Full-time,,No,,No,,,,20605,Albany State University,3.25
Emory University Hospital,	08/05/2024,	2401326,07/29/2024,Telemetry Unit,23.0,Female,BSN,3.5 And Above,Full-time,,No,,Yes,11/09/2025,1.2821917808219179,Other/Unknown,20606,Albany State University,3.75
Emory Saint Joseph’s Hospital,	07/12/2024,	0471163,07/15/2024,Medical/Surgical Inpatient Unit,44.0,Female,ADN/ASN,3.5 And Above,Full-time,,No,,No,,,,20607,Albany State University,3.75
Emory University Hospital Midtown,	04/05/2024,	0468927,04/01/2024,Medical ICU Inpatient Unit,38.0,Female,ADN/ASN,2.5 - 2.99,Full-time,,No,,No,,,,20608,Albany State University,2.75
Emory Johns Creek Hospital,	02/22/2024,	0469487,03/18/2024,Medical/Surgical Inpatient Unit,38.0,Female,ADN/ASN,3.0 - 3.49,Full-time,,No,,No,,,,20609,Albany State University,3.25
Emory University Hospital Midtown,	10/27/2023,	0430649,10/01/2023,Orthopedic Inpatient Unit,38.0,Female,Diploma,3.0 - 3.49,Full-time,,No,,No,,,,20610,Albany State University,3.25
Emory University Hospital Midtown,	04/01/2022,	0432057,04/15/2022,Cardiac/Heart/Vascular Critical Care,40.0,Female,ADN/ASN,2.5 - 2.99,,,No,,No,,,,20612,Albany State University,2.75
Emory University Hospital Midtown,	10/29/2021,	0450712,10/24/2021,Emergency Department,24.0,Female,ADN/ASN,3.0 - 3.49,,,No,,Yes,11/20/2022,1.073972602739726,Other/Unknown,20613,Albany State University,3.25
Emory Johns Creek Hospital,	07/12/2024,	0473360,08/19/2024,Neonatal ICU Inpatient Unit,22.0,Male,ADN/ASN,3.0 - 3.49,Full-time,,No,,Yes,10/31/2024,0.2,Other/Unknown,20614,Albany State University,3.25
Emory University Hospital,	09/27/2021,	2129959,10/03/2021,Telemetry Unit,30.0,Female,ADN/ASN,3.0 - 3.49,,,No,,No,,,,20615,Albany State University,3.25
Emory University Hospital Midtown,	08/13/2021,	0445562,02/28/2021,Orthopedic Inpatient Unit,31.0,Female,ADN/ASN,3.0 - 3.49,,,No,,Yes,01/18/2023,1.8876712328767122,Unsatisfactory performance,20616,Albany State University,3.25
Emory Long Term Acute Care,	10/13/2020,	1451315,10/05/2020,Medical/Surgical Intermediate Unit,30.0,Male,Accelerated BSN,3.5 And Above,,,No,,Yes,02/12/2023,2.356164383561644,Other/Unknown,20617,Albany State University,3.75
Emory University Hospital Midtown,	04/01/2020,	0419873,02/28/2020,Orthopedic Inpatient Unit,48.0,Female,ADN/ASN,2.5 - 2.99,Full-time,,No,,No,,,,20618,Albany State University,2.75
Emory University Hospital,	08/01/2019,	2275291,07/22/2019,Neurology/Neurosurgical ICU Inpatient Unit,25.0,Male,Accelerated BSN,3.5 And Above,,,No,,No,,,,20619,Albany State University,3.75
Emory University Hospital,	07/23/2018,	0425444,,Mother/Baby Unit,24.0,Female,BSN,3.0 - 3.49,,,No,,No,,,,20620,Albany State University,3.25
Emory University Hospital,	02/23/2018,	0417608,,General Medical Inpatient Unit,23.0,Female,BSN,3.0 - 3.49,,,No,,No,,,,20621,Albany State University,3.25
Emory University Hospital,	03/10/2014,	639368,,Medical/Surgical Inpatient Unit,25.0,Female,BSN,3.0 - 3.49,,,No,,No,,,,20622,Albany State University,3.25
Emory University Hospital Midtown,	10/28/2022,	0458638,09/19/2022,Oncology Inpatient Unit,46.0,Female,ADN/ASN,3.0 - 3.49,Full-time,,No,,Yes,02/26/2023,0.4383561643835616,Other/Unknown,20671,Atlanta Technical College,3.25
Emory University Hospital,	10/28/2024,	0438358,08/20/2024,General Medical Inpatient Unit,39.0,Female,ADN/ASN,2.0 - 2.49,Full-time,,No,,No,,,,20672,Atlanta Technical College,2.25
Emory Hillandale Hospital,	08/22/2024,	0472968,08/12/2024,Medical/Surgical Inpatient Unit,30.0,Female,ADN/ASN,2.5 - 2.99,Full-time,,No,,No,,,,20673,Atlanta Technical College,2.75
Emory University Hospital,	08/05/2024,	0408670,03/30/2015,Medical/Surgical Intermediate Unit,29.0,Female,ADN/ASN,3.0 - 3.49,Full-time,,No,,No,,,,20674,Atlanta Technical College,3.25
Emory University Hospital,	08/16/2023,	0444278,07/31/2023,Surgical ICU Inpatient Unit,28.0,Female,ADN/ASN,3.0 - 3.49,Full-time,,No,,No,,,,20675,Atlanta Technical College,3.25
Emory University Hospital Midtown,	08/12/2022,	2131947,08/08/2022,Cardiac/Heart/Vascular Critical Care,24.0,Female,ADN/ASN,2.5 - 2.99,,,No,,No,,,,20676,Atlanta Technical College,2.75
Emory Decatur Hospital,	08/20/2024,	0428492,08/20/2024,Emergency Department,31.0,Male,ADN/ASN,2.5 - 2.99,Full-time,,No,,Yes,08/14/2025,0.9835616438356164,Unsatisfactory performance,20677,Atlanta Technical College,2.75
Emory University Hospital Midtown,	08/09/2024,	0475356,08/26/2024,Medical/Surgical Inpatient Unit,32.0,Male,ADN/ASN,3.0 - 3.49,Full-time,,No,,Yes,05/05/2025,0.6904109589041096,Other/Unknown,20678,Atlanta Technical College,3.25
Emory Hillandale Hospital,	08/26/2021,	0410978,08/01/2021,Ambulatory Setting,24.0,Male,ADN/ASN,3.5 And Above,,,No,,No,,,,20679,Atlanta Technical College,3.75
Emory University Hospital Midtown,	08/01/2020,	0373691,08/10/2020,Emergency Department,39.0,Female,ADN/ASN,3.0 - 3.49,,,No,,No,,,,20680,Atlanta Technical College,3.25
Emory University Hospital,	11/12/2025,	2727427,10/20/2025,Medical/Surgical ICU Inpatient Unit,25.0,Male,Accelerated BSN,3.5 And Above,Full-time,,No,,No,,,,20929,Baylor University,3.75
Emory University Hospital Midtown,	08/12/2022,	0456480,07/25/2022,Mother/Baby Unit,24.0,Female,Accelerated BSN,3.5 And Above,,,No,,No,,,,20930,Baylor University,3.75
Emory Decatur Hospital,	07/23/2019,	0435723,07/15/2019,Neonatal ICU Inpatient Unit,24.0,Female,Accelerated BSN,3.0 - 3.49,,,No,,No,,,,20931,Baylor University,3.25
Emory University Hospital,	10/13/2016,	5021,,Medical/Surgical Inpatient Unit,22.0,Female,BSN,3.0 - 3.49,,,No,,No,,,,20932,Baylor University,3.25
Emory University Hospital,	10/08/2015,	0410848,,Medical/Surgical ICU Inpatient Unit,27.0,Female,BSN,3.5 And Above,,,No,,No,,,,20933,Baylor University,3.75
Emory Saint Joseph’s Hospital,	02/20/2017,	0417796,02/20/2017,Neurology/Neurosurgical ICU Inpatient Unit,40.0,Female,BSN,3.0 - 3.49,Full-time,,No,,Yes,10/12/2019,2.6410958904109587,Other/Unknown,21002,Brenau University,3.25
Emory Saint Joseph’s Hospital,	07/11/2016,	030777,,Medical/Surgical Inpatient Unit,26.0,Female,BSN,3.0 - 3.49,,,No,,No,,,,21003,Brenau University,3.25
Emory Saint Joseph’s Hospital,	07/11/2016,	175658,,Medical/Surgical Inpatient Unit,23.0,Female,BSN,3.0 - 3.49,,,No,,Yes,09/06/2020,,Obtained position representing a promotion/career advancement,21004,Brenau University,3.25
Emory Saint Joseph’s Hospital,	07/11/2016,	5699720,,Medical/Surgical Inpatient Unit,22.0,Female,BSN,3.5 And Above,,,No,,Yes,10/13/2020,,Obtained position representing a promotion/career advancement,21005,Brenau University,3.75
Emory University Hospital,	09/10/2012,	4103,,Medical/Surgical ICU Inpatient Unit,40.0,Male,BSN,3.5 And Above,,,No,,No,,,,21006,Brenau University,3.75
Emory Johns Creek Hospital,	10/02/2025,	0484389,11/24/2025,General Medical Inpatient Unit,25.0,Female,Masters,3.5 And Above,Full-time,,No,,No,,,,21007,Brenau University,3.75
Emory Johns Creek Hospital,	02/17/2025,	0477050,03/24/2025,Mother/Baby Unit,25.0,Female,Masters,3.0 - 3.49,Full-time,,No,,No,,,,21009,Brenau University,3.25
Emory University Hospital Midtown,	10/25/2024,	0468862,12/09/2024,Surgical ICU Inpatient Unit,24.0,Female,BSN,3.5 And Above,Full-time,,No,,No,,,,21010,Brenau University,3.75
Emory University Hospital Midtown,	10/25/2024,	1883146,11/04/2024,Medical/Surgical Inpatient Unit,31.0,Female,Masters,3.5 And Above,Full-time,,No,,No,,,,21011,Brenau University,3.75
Emory University Hospital,	08/22/2024,	2182185,08/05/2024,Oncology Inpatient Unit,27.0,Female,Masters,3.0 - 3.49,Full-time,,No,,No,,,,21012,Brenau University,3.25
Emory Decatur Hospital,	08/20/2024,	0473359,08/19/2024,Psychiatric Inpatient Unit,45.0,Female,Masters,3.5 And Above,Full-time,,No,,No,,,,21014,Brenau University,3.75
Emory University Hospital Midtown,	08/09/2024,	0472570,08/05/2024,Emergency Department,24.0,Female,Masters,3.5 And Above,Full-time,,No,,No,,,,21015,Brenau University,3.75
Emory University Hospital,	08/05/2024,	0472654,07/29/2024,Transplant Unit,28.0,Female,BSN,3.0 - 3.49,Full-time,,No,,No,,,,21016,Brenau University,3.25
Emory Saint Joseph’s Hospital,	07/12/2024,	0471651,08/05/2024,Emergency Department,49.0,Female,Masters,3.5 And Above,Full-time,,No,,No,,,,21017,Brenau University,3.75
Emory Johns Creek Hospital,	07/12/2024,	2013566,06/24/2024,Medical/Surgical ICU Inpatient Unit,30.0,Female,Masters,3.5 And Above,Full-time,,No,,No,,,,21018,Brenau University,3.75
Emory Saint Joseph’s Hospital,	02/15/2021,	1049601,03/22/2021,General Medical Inpatient Unit,38.0,Female,BSN,3.5 And Above,Full-time,,No,,Yes,09/27/2021,0.5178082191780822,Unhappy with job/facility,21019,Brenau University,3.75
Emory Saint Joseph’s Hospital,	02/22/2024,	0452869,02/04/2024,Telemetry Unit,31.0,Female,BSN,3.5 And Above,Full-time,,No,,No,,,,21020,Brenau University,3.75
Emory University Hospital Midtown,	04/07/2023,	0461844,03/27/2023,Neurology/Neurosurgical ICU Inpatient Unit,23.0,Female,Accelerated BSN,3.5 And Above,Full-time,,No,,Yes,03/06/2024,0.9452054794520548,Relocating out of area,21021,Brenau University,3.75
Emory Saint Joseph’s Hospital,	02/22/2024,	0468377,02/05/2024,Medical/Surgical ICU Inpatient Unit,27.0,Female,BSN,3.0 - 3.49,Full-time,,No,,Yes,07/09/2025,1.4246575342465753,Unhappy with job/facility,11429,Brenau University,3.25
Emory Saint Joseph’s Hospital,	02/22/2024,	0468442,02/19/2024,Perioperative OR,30.0,Female,Masters,3.5 And Above,Full-time,,No,,Yes,07/10/2025,1.389041095890411,Personal reasons,21023,Brenau University,3.75
Emory University Hospital,	11/08/2023,	2462889,10/09/2023,Cardiac/Heart/Vascular Critical Care,24.0,Female,BSN,3.5 And Above,Full-time,,No,,No,,,,13426,Brenau University,3.75
Emory University Hospital,	10/23/2023,	0466509,10/16/2023,Transplant Unit,23.0,Female,BSN,3.0 - 3.49,Full-time,,No,,No,,,,21025,Brenau University,3.25
Emory Johns Creek Hospital,	07/12/2024,	0471326,06/03/2024,Medical/Surgical Inpatient Unit,26.0,Male,BSN,3.0 - 3.49,Full-time,,No,,Yes,04/19/2025,0.8767123287671232,Unsatisfactory performance,21026,Brenau University,3.25
Emory University Hospital,	08/16/2023,	0443898,07/24/2023,Neurology/Neurosurgical ICU Inpatient Unit,31.0,Female,Masters,3.0 - 3.49,Full-time,,No,,No,,,,13425,Brenau University,3.25
Emory Decatur Hospital,	08/15/2023,	2441675,07/17/2023,Medical/Surgical Intermediate Unit,27.0,Female,BSN,3.0 - 3.49,Full-time,,No,,No,,,,21028,Brenau University,3.25
Emory University Hospital,	08/07/2023,	0464297,07/31/2023,Oncology Inpatient Unit,26.0,Female,Masters,3.5 And Above,Full-time,,No,,No,,,,21029,Brenau University,3.75
Emory University Hospital,	08/07/2023,	0464583,07/24/2023,Transplant Unit,23.0,Female,BSN,3.0 - 3.49,Full-time,,No,,No,,,,21030,Brenau University,3.25
Emory University Hospital Midtown,	04/07/2023,	2180052,04/12/2023,Medical/Surgical Inpatient Unit,25.0,Female,Accelerated BSN,3.0 - 3.49,Full-time,,No,,No,,,,21031,Brenau University,3.25
Emory Hillandale Hospital,	03/28/2023,	0461779,03/20/2023,Medical/Surgical ICU Inpatient Unit,28.0,Female,Accelerated BSN,3.0 - 3.49,Full-time,,No,,Yes,03/29/2024,1.0273972602739727,Other/Unknown,21032,Brenau University,3.25
Emory Decatur Hospital,	03/28/2023,	0462065,03/20/2023,Mother/Baby Unit,28.0,Female,Accelerated BSN,3.0 - 3.49,Full-time,,No,,No,,,,21033,Brenau University,3.25
Emory Saint Joseph’s Hospital,	02/24/2023,	0461474,02/27/2023,Emergency Department,25.0,Female,BSN,3.5 And Above,Full-time,,No,,No,,,,21034,Brenau University,3.75
Emory University Hospital,	10/14/2022,	2477823,10/31/2022,Medical ICU Inpatient Unit,39.0,Female,Accelerated BSN,3.5 And Above,,,No,,No,,,,21035,Brenau University,3.75
Emory Decatur Hospital,	10/11/2022,	0459129,10/10/2022,Obstetrics/Labor & Delivery Inpatient Unit,35.0,Female,Accelerated BSN,3.0 - 3.49,,,No,,No,,,,21036,Brenau University,3.25
Emory University Hospital,	08/17/2022,	0455796,07/11/2022,Emergency Department,26.0,Female,Accelerated BSN,3.5 And Above,,,No,,No,,,,21037,Brenau University,3.75
Emory University Hospital,	08/05/2024,	2565727,07/29/2024,General Medical Inpatient Unit,37.0,Female,Masters,3.5 And Above,Full-time,,No,,Yes,09/01/2024,0.09315068493150686,Other/Unknown,21038,Brenau University,3.75
Emory University Hospital,	04/27/2022,	0453688,03/21/2022,Neurology/Neurosurgical ICU Inpatient Unit,22.0,Female,BSN,3.5 And Above,,,No,,No,,,,21039,Brenau University,3.75
Emory University Hospital Midtown,	04/01/2022,	0450459,03/28/2022,Medical/Surgical Inpatient Unit,28.0,Male,BSN,3.5 And Above,,,No,,No,,,,21040,Brenau University,3.75
Emory Saint Joseph’s Hospital,	02/21/2022,	0394430,03/07/2022,Medical/Surgical ICU Inpatient Unit,38.0,Female,BSN,3.0 - 3.49,,,No,,No,,,,21041,Brenau University,3.25
Emory University Hospital Midtown,	10/29/2021,	0449193,11/01/2021,Cardiac/Heart/Vascular Critical Care,28.0,Male,Accelerated BSN,3.0 - 3.49,,,No,,Yes,11/28/2024,3.0767123287671234,Other/Unknown,21042,Brenau University,3.25
Emory University Hospital Midtown,	10/29/2021,	0450456,10/24/2021,Cardiac/Heart/Vascular Critical Care,44.0,Female,Accelerated BSN,3.0 - 3.49,,,No,,No,,,,21043,Brenau University,3.25
Emory Saint Joseph’s Hospital,	10/18/2021,	0151683,10/18/2021,Cardiac/Heart/Vascular Critical Care,46.0,Female,Accelerated BSN,3.5 And Above,,,No,,No,,,,21044,Brenau University,3.75
Emory University Hospital,	08/26/2021,	0448220,07/26/2021,Perioperative OR,26.0,Male,BSN,3.0 - 3.49,Full-time,,No,,No,,,,21045,Brenau University,3.25
Emory Johns Creek Hospital,	07/12/2021,	0445893,07/12/2021,General Surgical Inpatient Unit,42.0,Female,BSN,3.0 - 3.49,Full-time,,No,,Yes,05/14/2023,1.8383561643835618,Other/Unknown,21046,Brenau University,3.25
Emory Johns Creek Hospital,	07/12/2021,	0447923,07/19/2021,General Medical Inpatient Unit,40.0,Female,BSN,3.0 - 3.49,Full-time,,No,,No,,,,21047,Brenau University,3.25
Emory University Hospital,	04/16/2021,	0442285,03/22/2021,Oncology Inpatient Unit,24.0,Female,Accelerated BSN,3.0 - 3.49,,,No,,Yes,02/18/2023,1.9123287671232876,Other/Unknown,21048,Brenau University,3.25
Emory Johns Creek Hospital,	02/15/2021,	0446370,03/22/2021,General Surgical Inpatient Unit,43.0,Female,BSN,3.0 - 3.49,Full-time,,No,,Yes,05/03/2023,2.115068493150685,Obtained position representing a different job experience,21049,Brenau University,3.25
Emory University Hospital,	10/15/2018,	0430921,10/15/2018,General Medical Inpatient Unit,31.0,Female,BSN,2.5 - 2.99,,,No,,Yes,12/12/2018,0.1589041095890411,Other/Unknown,21050,Brenau University,2.75
Emory Decatur Hospital,	10/13/2020,	0443008,10/05/2020,General Medical Inpatient Unit,35.0,Female,BSN,3.5 And Above,,,Yes,Medical,Yes,02/22/2022,1.3835616438356164,Did not return from leave of absence,21051,Brenau University,3.75
Emory Saint Joseph’s Hospital,	10/12/2020,	1807011,10/12/2020,Medical/Surgical Inpatient Unit,28.0,Female,Accelerated BSN,3.0 - 3.49,,,No,,Yes,03/02/2022,1.3863013698630138,Other/Unknown,21052,Brenau University,3.25
Emory University Hospital,	08/06/2020,	0405394,06/14/2020,Oncology Inpatient Unit,32.0,Female,Accelerated BSN,3.0 - 3.49,,,No,,No,,,,21053,Brenau University,3.25
Emory University Hospital Midtown,	08/01/2020,	0442414,05/01/2020,Emergency Department,26.0,Female,Accelerated BSN,3.5 And Above,Full-time,,No,,No,,,,21054,Brenau University,3.75
Emory University Hospital,	07/30/2020,	0422410,06/03/2020,Medical/Surgical Intermediate Unit,24.0,Female,BSN,3.0 - 3.49,,,No,,No,,,,21055,Brenau University,3.25
Emory University Hospital,	07/30/2020,	0442598,08/03/2020,General Medical Inpatient Unit,34.0,Female,Accelerated BSN,3.5 And Above,,,No,,Yes,03/11/2023,2.6027397260273974,Other/Unknown,21056,Brenau University,3.75
Emory University Hospital,	07/30/2020,	2320135,08/03/2020,Transplant Unit,26.0,Female,Accelerated BSN,3.5 And Above,,,No,,Yes,11/24/2021,1.3095890410958904,Disability/Illness/Injury ,21057,Brenau University,3.75
Emory Decatur Hospital,	07/21/2020,	2292317,07/13/2020,Medical/Surgical ICU Inpatient Unit,27.0,Female,BSN,3.0 - 3.49,,,No,,No,,,,21060,Brenau University,3.25
Emory Saint Joseph’s Hospital,	07/13/2020,	0442289,07/13/2020,Medical/Surgical Intermediate Unit,31.0,Female,BSN,3.5 And Above,Per Diem,,No,,No,,,,21061,Brenau University,3.75
Emory Saint Joseph’s Hospital,	07/13/2020,	0442293,07/13/2020,Oncology Inpatient Unit,23.0,Female,BSN,3.5 And Above,Full-time,,No,,No,,,,21062,Brenau University,3.75
Emory Saint Joseph’s Hospital,	07/13/2020,	0442508,07/13/2020,Oncology Inpatient Unit,24.0,Female,BSN,3.0 - 3.49,,,No,,Yes,08/29/2021,1.1287671232876713,Obtained position representing a different job experience,21063,Brenau University,3.25
Emory University Hospital Midtown,	04/01/2020,	0420872,03/30/2020,Cardiac/Heart/Vascular Critical Care,47.0,Female,BSN,3.5 And Above,,,No,,No,,,,21064,Brenau University,3.75
Emory University Hospital Midtown,	10/31/2019,	0438014,10/28/2019,Cardiac/Heart/Vascular Critical Care,31.0,Male,BSN,3.0 - 3.49,,,No,,No,,,,21065,Brenau University,3.25
Emory Johns Creek Hospital,	10/14/2019,	0438559,10/28/2019,Perioperative OR,25.0,Male,BSN,3.0 - 3.49,Full-time,,No,,Yes,10/03/2021,1.9342465753424658,Travel Nurse,21066,Brenau University,3.25
Emory University Hospital Midtown,	07/25/2019,	0436220,07/29/2019,Emergency Department,22.0,Female,BSN,3.0 - 3.49,Full-time,,No,,Yes,08/03/2020,1.0164383561643835,Relocating out of area,21067,Brenau University,3.25
Emory University Hospital Midtown,	02/28/2019,	0432830,02/28/2019,Emergency Department,28.0,Female,BSN,3.0 - 3.49,,,No,,No,,,,21068,Brenau University,3.25
Emory University Hospital,	10/28/2024,	0475021,11/11/2024,General Surgical Inpatient Unit,28.0,Female,Masters,3.0 - 3.49,Full-time,,No,,Yes,04/29/2025,0.46301369863013697,Other/Unknown,21069,Brenau University,3.25
Emory Decatur Hospital,	11/14/2023,	0461776,11/13/2023,Obstetrics/Labor & Delivery Inpatient Unit,52.0,Female,Masters,3.5 And Above,Full-time,,No,,Yes,07/27/2024,0.7041095890410959,Unsatisfactory performance,21070,Brenau University,3.75
Emory Saint Joseph’s Hospital,	07/16/2018,	578260,07/16/2018,Medical/Surgical Inpatient Unit,41.0,Female,BSN,3.0 - 3.49,Full-time,,No,,Yes,09/11/2021,3.158904109589041,Travel Nurse,21072,Brenau University,3.25
Emory Saint Joseph’s Hospital,	07/16/2018,	749221,07/16/2018,Medical/Surgical Intermediate Unit,22.0,Female,BSN,3.0 - 3.49,Full-time,,No,,No,,,,21073,Brenau University,3.25
Emory University Hospital,	02/23/2018,	0422833,,Emergency Department,37.0,Female,BSN,3.0 - 3.49,,,No,,No,,,,21075,Brenau University,3.25
Emory University Hospital,	02/23/2018,	0423463,,Rehabilitation Inpatient Unit,35.0,Male,BSN,3.0 - 3.49,,,No,,No,,,,21076,Brenau University,3.25
Emory University Hospital,	02/23/2018,	1291259,,Neonatal ICU Inpatient Unit,29.0,Female,BSN,3.0 - 3.49,,,No,,No,,,,21077,Brenau University,3.25
Emory University Hospital,	07/18/2017,	0413862,,Cardiac/Heart/Vascular Critical Care,27.0,Male,BSN,3.0 - 3.49,,,No,,No,,,,21078,Brenau University,3.25
Emory University Hospital,	07/18/2017,	0420049,,Perioperative OR,51.0,Male,BSN,3.0 - 3.49,,,No,,No,,,,21079,Brenau University,3.25
Emory University Hospital,	07/18/2017,	0420191,,General Surgical Inpatient Unit,44.0,Female,BSN,3.0 - 3.49,,,No,,No,,,,21080,Brenau University,3.25
Emory University Hospital,	02/24/2017,	474425,,Orthopedic Inpatient Unit,47.0,Female,BSN,3.5 And Above,,,No,,No,,,,21081,Brenau University,3.75
Emory University Hospital,	10/11/2016,	0410987,,Rehabilitation Inpatient Unit,34.0,Female,BSN,3.5 And Above,,,No,,No,,,,21082,Brenau University,3.75
Emory University Hospital,	10/10/2016,	0415906,,Medical/Surgical ICU Inpatient Unit,36.0,Female,BSN,3.0 - 3.49,,,No,,No,,,,21083,Brenau University,3.25
Emory University Hospital,	04/22/2016,	0359629,,General Surgical Inpatient Unit,45.0,Female,BSN,3.0 - 3.49,,,No,,No,,,,21084,Brenau University,3.25
Emory University Hospital,	04/22/2016,	322043,,General Surgical Inpatient Unit,47.0,Female,BSN,3.0 - 3.49,,,No,,Yes,04/12/2017,,Other/Unknown,21086,Brenau University,3.25
Emory University Hospital,	04/15/2016,	979074,,Emergency Department,37.0,Female,BSN,3.0 - 3.49,,,No,,No,,,,21087,Brenau University,3.25
Emory University Hospital,	10/08/2015,	0374482,,Other (please specify),30.0,Female,BSN,3.0 - 3.49,,,No,,No,,,,21088,Brenau University,3.25
Emory University Hospital,	10/07/2015,	0791546,,Transplant Unit,36.0,Female,BSN,3.0 - 3.49,,,No,,No,,,,21089,Brenau University,3.25
Emory Saint Joseph’s Hospital,	10/20/2014,	040701300,,Telemetry Unit,26.0,Female,BSN,3.0 - 3.49,,,No,,No,,,,21090,Brenau University,3.25
Emory Saint Joseph’s Hospital,	10/20/2014,	188264900,,Other (please specify),51.0,Female,BSN,3.0 - 3.49,,,No,,No,,,,21091,Brenau University,3.25
Emory University Hospital,	03/17/2014,	0404465,,General Medical Inpatient Unit,27.0,Female,BSN,2.5 - 2.99,,,No,,No,,,,21092,Brenau University,2.75
Emory University Hospital,	08/26/2013,	2709,,General Medical Inpatient Unit,45.0,Female,BSN,3.5 And Above,,,No,,No,,,,21093,Brenau University,3.75
Emory Saint Joseph’s Hospital,	08/12/2013,	040247000,,Emergency Department,23.0,Female,BSN,3.0 - 3.49,,,No,,No,,,,21094,Brenau University,3.25
Emory University Hospital,	08/08/2013,	0659,,Oncology Inpatient Unit,30.0,Female,BSN,3.5 And Above,,,No,,No,,,,21095,Brenau University,3.75
Emory University Hospital,	03/11/2013,	0412,,General Medical Inpatient Unit,27.0,Female,BSN,3.0 - 3.49,,,No,,No,,,,21096,Brenau University,3.25
Emory University Hospital,	09/10/2012,	3802,,Oncology Inpatient Unit,36.0,Female,BSN,3.5 And Above,,,No,,No,,,,21098,Brenau University,3.75
Emory University Hospital,	07/16/2012,	4187,,Transplant Unit,43.0,Female,BSN,3.0 - 3.49,,,No,,No,,,,21099,Brenau University,3.25
Emory University Hospital,	06/14/2012,	2776,,Perioperative OR,25.0,Female,BSN,3.0 - 3.49,,,No,,No,,,,21100,Brenau University,3.25
Emory University Hospital Midtown,	08/11/2023,	0461363,08/20/2023,Emergency Department,43.0,Female,BSN,3.5 And Above,Full-time,,No,,No,,,,21122,Capella University,3.75
Emory University Hospital,	04/27/2022,	0453441,04/04/2022,Emergency Department,43.0,Female,BSN,3.5 And Above,,,No,,No,,,,21123,Capella University,3.75
Emory Decatur Hospital,	08/19/2025,	0479850,08/11/2025,Medical/Surgical Inpatient Unit,43.0,Female,BSN,3.0 - 3.49,Full-time,,No,,No,,,,21815,Columbus State University,3.25
Emory Decatur Hospital,	08/19/2025,	0480079,08/11/2025,Medical/Surgical Inpatient Unit,22.0,Female,BSN,3.0 - 3.49,Full-time,,No,,No,,,,21816,Columbus State University,3.25
Emory University Hospital Midtown,	08/12/2022,	0456567,07/02/2022,Telemetry Unit,31.0,Female,BSN,3.0 - 3.49,,,No,,Yes,04/02/2023,0.7506849315068493,Other/Unknown,21817,Columbus State University,3.25
Emory University Hospital Midtown,	08/11/2023,	0464371,07/17/2023,Neurology/Neurosurgical ICU Inpatient Unit,24.0,Female,BSN,3.0 - 3.49,Full-time,,No,,No,,,,21818,Columbus State University,3.25
Emory University Hospital Midtown,	08/07/2023,	0464376,07/24/2023,Oncology Inpatient Unit,23.0,Female,BSN,3.0 - 3.49,Full-time,,No,,No,,,,21819,Columbus State University,3.25
The Emory Clinic,	02/24/2023,	2215531,02/20/2023,Ambulatory Setting,34.0,Male,ADN/ASN,3.5 And Above,Full-time,,No,,No,,,,21820,Columbus State University,3.75
Emory University Hospital,	11/18/2022,	0459040,11/18/2022,Perioperative OR,28.0,Female,BSN,3.5 And Above,Full-time,,No,,No,,,,21821,Columbus State University,3.75
Emory University Hospital Midtown,	08/12/2022,	0456558,08/08/2022,Oncology Inpatient Unit,22.0,Female,BSN,3.0 - 3.49,,,No,,No,,,,21822,Columbus State University,3.25
Emory University Hospital Midtown,	08/12/2022,	0456607,08/08/2022,Neonatal ICU Inpatient Unit,22.0,Female,BSN,3.5 And Above,,,No,,Yes,04/10/2024,1.673972602739726,Other/Unknown,11317,Columbus State University,3.75
Emory University Hospital,	08/05/2024,	0472181,07/29/2024,Medical/Surgical Intermediate Unit,23.0,Female,BSN,3.0 - 3.49,Full-time,,No,,Yes,11/09/2024,0.2821917808219178,Other/Unknown,21824,Columbus State University,3.25
Emory University Hospital,	04/27/2022,	0453437,04/04/2022,Emergency Department,23.0,Female,BSN,3.0 - 3.49,,,No,,No,,,,21825,Columbus State University,3.25
Emory University Hospital,	09/27/2021,	0450342,09/20/2021,Rehabilitation Inpatient Unit,31.0,Female,BSN,2.5 - 2.99,,,No,,No,,,,21826,Columbus State University,2.75
Emory University Hospital,	11/06/2020,	0443451,09/28/2020,Emergency Department,23.0,Female,BSN,3.0 - 3.49,Full-time,,No,,No,,,,21827,Columbus State University,3.25
Emory University Hospital Midtown,	10/31/2019,	0436113,10/28/2019,General Medical Inpatient Unit,22.0,Female,BSN,3.0 - 3.49,,,No,,No,,,,21829,Columbus State University,3.25
Emory Decatur Hospital,	10/22/2019,	0429515,12/15/2019,Neonatal ICU Inpatient Unit,22.0,Female,BSN,3.0 - 3.49,,,No,,No,,,,21830,Columbus State University,3.25
Emory University Hospital Midtown,	07/25/2019,	0436212,07/29/2019,General Medical Inpatient Unit,22.0,Female,BSN,3.0 - 3.49,,,No,,No,,,,21831,Columbus State University,3.25
Emory University Hospital Midtown,	07/25/2019,	0436585,07/29/2019,General Medical Inpatient Unit,26.0,Male,BSN,3.0 - 3.49,,,No,,Yes,10/04/2021,2.186301369863014,Obtained position representing a different job experience,21832,Columbus State University,3.25
Emory Saint Joseph’s Hospital,	07/15/2019,	0436277,07/15/2019,Medical/Surgical Inpatient Unit,22.0,Female,BSN,3.0 - 3.49,Full-time,,No,,Yes,09/30/2021,2.213698630136986,Compensation/pay,21833,Columbus State University,3.25
Emory University Hospital,	07/30/2018,	0425529,,General Medical Inpatient Unit,23.0,Female,BSN,3.0 - 3.49,,,No,,No,,,,21834,Columbus State University,3.25
Emory University Hospital,	07/23/2018,	0425441,07/23/2018,Oncology Inpatient Unit,25.0,Female,BSN,3.0 - 3.49,Full-time,,No,,Yes,10/30/2020,2.2739726027397262,Relocating out of area,21835,Columbus State University,3.25
Emory University Hospital,	07/16/2018,	0420560,,General Medical Inpatient Unit,22.0,Female,BSN,3.0 - 3.49,,,No,,No,,,,21836,Columbus State University,3.25
Emory University Hospital,	10/13/2016,	4243,,General Surgical Inpatient Unit,26.0,Female,BSN,3.0 - 3.49,,,No,,No,,,,21838,Columbus State University,3.25
Emory Saint Joseph’s Hospital,	10/20/2014,	040701000,,Medical/Surgical Inpatient Unit,31.0,Female,BSN,3.0 - 3.49,,,No,,Yes,03/01/2015,,Disability/Illness/Injury ,21839,Columbus State University,3.25
Emory University Hospital,	09/08/2014,	0406586,,Telemetry Unit,25.0,Male,BSN,3.0 - 3.49,,,No,,No,,,,21840,Columbus State University,3.25
Emory University Hospital,	08/25/2014,	0406444,,Oncology Inpatient Unit,28.0,Female,BSN,3.0 - 3.49,,,No,,No,,,,21841,Columbus State University,3.25
Emory University Hospital,	08/19/2013,	5944,,Oncology Inpatient Unit,27.0,Female,BSN,3.5 And Above,,,No,,No,,,,21842,Columbus State University,3.75
Emory University Hospital,	10/20/2011,	6222,,Emergency Department,24.0,Female,BSN,3.0 - 3.49,,,No,,No,,,,21843,Columbus State University,3.25
Emory University Hospital,	08/17/2022,	2477627,07/11/2022,Emergency Department,24.0,Female,BSN,3.5 And Above,,,No,,Yes,07/18/2024,2.021917808219178,Other/Unknown,21886,Duke University,3.75
Emory University Hospital Midtown,	04/01/2022,	2236963,04/04/2022,Neonatal ICU Inpatient Unit,23.0,Female,Accelerated BSN,3.5 And Above,,,No,,No,,,,21887,Duke University,3.75
Emory University Hospital Midtown,	04/01/2022,	2428533,03/28/2022,Obstetrics/Labor & Delivery Inpatient Unit,27.0,Female,Accelerated BSN,3.5 And Above,,,No,,Yes,06/10/2023,1.2027397260273973,Other/Unknown,21888,Duke University,3.75
Emory Decatur Hospital,	07/26/2021,	0448093,07/26/2021,Obstetrics/Labor & Delivery Inpatient Unit,27.0,Female,Accelerated BSN,3.5 And Above,,,No,,Yes,08/06/2023,2.03013698630137,Other/Unknown,21889,Duke University,3.75
Emory University Hospital,	02/26/2019,	0433100,03/04/2019,General Surgical Inpatient Unit,28.0,Female,Accelerated BSN,3.5 And Above,Full-time,,No,,No,,,,21890,Duke University,3.75
Emory University Hospital,	07/30/2018,	0425380,,Emergency Department,26.0,Female,Accelerated BSN,3.0 - 3.49,,,No,,No,,,,21891,Duke University,3.25
Emory University Hospital,	07/30/2018,	950923,07/30/2018,Oncology Inpatient Unit,24.0,Female,Accelerated BSN,3.5 And Above,,,No,,No,,,,21892,Duke University,3.75
Emory University Hospital,	02/23/2018,	1995636,,Cardiac/Heart/Vascular Critical Care,23.0,Female,Accelerated BSN,3.5 And Above,,,No,,No,,,,21893,Duke University,3.75
Emory University Hospital,	09/08/2014,	0406569,,General Medical Inpatient Unit,30.0,Male,BSN,3.5 And Above,,,No,,No,,,,21895,Duke University,3.75
Emory Decatur Hospital,	08/02/2022,	0456233,07/25/2022,Emergency Department,42.0,Male,Accelerated BSN,3.5 And Above,,,No,,Yes,10/09/2022,0.20821917808219179,Family obligations (family/friend caregiving responsibility),21896,Duke University,3.75
Emory University Hospital,	10/28/2024,	2150185,11/18/2024,Medical/Surgical Inpatient Unit,29.0,Female,Masters,3.5 And Above,Full-time,,No,,Yes,10/19/2025,0.9178082191780822,Other/Unknown,21921,Emory University,3.75
Emory Saint Joseph’s Hospital,	07/11/2016,	537865,,Medical/Surgical Inpatient Unit,23.0,Female,BSN,3.0 - 3.49,,,No,,No,,,,21922,Emory University,3.25
Emory Saint Joseph’s Hospital,	07/11/2016,	577434,,Medical/Surgical Inpatient Unit,22.0,Female,BSN,3.0 - 3.49,,,No,,No,,,,21923,Emory University,3.25
Emory Saint Joseph’s Hospital,	07/11/2016,	847395,,Medical/Surgical Inpatient Unit,22.0,Female,BSN,3.0 - 3.49,,,No,,No,,,,21924,Emory University,3.25
Emory Saint Joseph’s Hospital,	07/11/2016,	946081,,Medical/Surgical Inpatient Unit,23.0,Female,BSN,3.0 - 3.49,,,No,,Yes,12/22/2020,,Compensation/pay,21925,Emory University,3.25
Emory Saint Joseph’s Hospital,	03/07/2016,	0101498,,Medical/Surgical Inpatient Unit,37.0,Female,Accelerated BSN,3.5 And Above,,,No,,No,,,,21926,Emory University,3.75
Emory University Hospital,	09/01/2014,	06101967,,Emergency Department,47.0,Male,BSN,3.5 And Above,,,No,,No,,,,21928,Emory University,3.75
Emory University Hospital,	09/10/2012,	4425,,General Medical Inpatient Unit,22.0,Female,BSN,3.5 And Above,,,No,,No,,,,21930,Emory University,3.75
Emory University Hospital,	08/13/2012,	4790,,Obstetrics/Labor & Delivery Inpatient Unit,22.0,Female,BSN,3.5 And Above,,,No,,No,,,,21931,Emory University,3.75
Emory Saint Joseph’s Hospital,	10/20/2014,	172553300,,Medical/Surgical Inpatient Unit,23.0,Female,BSN,3.0 - 3.49,,,No,,No,,,,21932,Emory University,3.25
Emory Saint Joseph’s Hospital,	07/13/2015,	1544402,,Medical/Surgical ICU Inpatient Unit,33.0,Female,BSN,3.0 - 3.49,,,No,,No,,,,21933,Emory University,3.25
Emory University Hospital,	11/12/2025,	2603443,10/26/2025,Cardiac/Heart/Vascular Critical Care,24.0,Female,MSN (CNL),3.5 And Above,Full-time,,No,,No,,,,21936,Emory University,3.75
Emory University Hospital,	08/20/2025,	2168165,07/28/2025,Medical ICU Inpatient Unit,26.0,Female,BSN,3.5 And Above,Full-time,,No,,No,,,,21945,Emory University,3.75
Emory University Hospital,	08/20/2025,	2508817,07/28/2025,Neurology/Neurosurgical ICU Inpatient Unit,22.0,Male,BSN,3.5 And Above,Full-time,,No,,No,,,,21950,Emory University,3.75
Emory University Hospital,	08/20/2025,	2543642,08/18/2025,Emergency Department,25.0,Female,Masters,3.5 And Above,Full-time,,No,,No,,,,21951,Emory University,3.75
Emory University Hospital Midtown,	08/20/2025,	2602478,07/21/2025,Perioperative OR,22.0,Female,BSN,3.5 And Above,Full-time,,No,,No,,,,21952,Emory University,3.75
Emory University Hospital,	08/20/2025,	2619074,07/28/2025,Cardiac/Heart/Vascular Critical Care,23.0,Female,BSN,3.5 And Above,Full-time,,No,,No,,,,21954,Emory University,3.75
Emory University Hospital,	08/20/2025,	2645686,07/28/2025,Neurology/Neurosurgical ICU Inpatient Unit,25.0,Female,Masters,3.5 And Above,Full-time,,No,,No,,,,21955,Emory University,3.75
Emory University Hospital,	08/20/2025,	2661855,08/18/2025,Emergency Department,31.0,Male,Masters,3.5 And Above,Full-time,,No,,No,,,,21957,Emory University,3.75
Emory Hillandale Hospital,	08/19/2025,	2663788,08/11/2025,General Medical Inpatient Unit,24.0,Female,Masters,3.5 And Above,Full-time,,No,,No,,,,21960,Emory University,3.75
Emory University Hospital,	08/18/2025,	2624368,09/14/2025,Oncology Inpatient Unit,25.0,Female,Masters,3.5 And Above,Full-time,,No,,No,,,,21961,Emory University,3.75
The Emory Clinic,	08/18/2025,	2657921,08/18/2025,Ambulatory Setting,23.0,Female,BSN,3.0 - 3.49,Full-time,,No,,No,,,,21962,Emory University,3.25
Emory University Hospital Midtown,	08/08/2025,	2643222,08/04/2025,Medical/Surgical Inpatient Unit,22.0,Female,BSN,3.5 And Above,Full-time,,No,,No,,,,21968,Emory University,3.75
Emory University Hospital Midtown,	08/08/2025,	2657904,08/18/2025,Cardiac/Heart/Vascular Critical Care,21.0,Female,BSN,3.5 And Above,Full-time,,No,,No,,,,21969,Emory University,3.75
Emory University Hospital,	02/15/2021,	2276191,02/15/2021,Perioperative OR,29.0,Female,Masters,3.5 And Above,,,No,,Yes,02/06/2022,0.9753424657534246,Obtained position representing a different job experience,21972,Emory University,3.75
Emory Saint Joseph’s Hospital,	02/21/2022,	2284568,02/21/2022,Emergency Department,23.0,Female,BSN,3.5 And Above,,,No,,Yes,11/12/2022,0.7232876712328767,Obtained position representing a different job experience,21973,Emory University,3.75
Emory Saint Joseph’s Hospital,	02/21/2022,	2425842,02/21/2022,Cardiac/Heart/Vascular Critical Care,25.0,Female,Masters,3.5 And Above,,,No,,Yes,09/09/2022,0.547945205479452,Relocating out of area,21974,Emory University,3.75
Emory Hillandale Hospital,	11/12/2024,	2603108,11/04/2024,Emergency Department,26.0,Female,Masters,3.5 And Above,Full-time,,No,,No,,,,21975,Emory University,3.75
Emory Hillandale Hospital,	11/12/2024,	2603544,10/27/2024,Emergency Department,24.0,Female,Masters,3.0 - 3.49,Full-time,,No,,No,,,,21976,Emory University,3.25
The Emory Clinic,	10/28/2024,	0439908,10/27/2024,Perioperative OR,54.0,Female,Masters,3.5 And Above,Full-time,,No,,No,,,,21977,Emory University,3.75
The Emory Clinic,	10/28/2024,	2560432,10/21/2024,Ambulatory Setting,25.0,Female,Masters,3.0 - 3.49,Full-time,,No,,No,,,,21978,Emory University,3.25
Emory Saint Joseph’s Hospital,	10/28/2024,	2601921,11/04/2024,Perioperative OR,24.0,Female,Masters,3.5 And Above,Full-time,,No,,No,,,,21979,Emory University,3.75
Emory University Hospital Midtown,	02/28/2019,	1875268,02/25/2019,Cardiac/Heart/Vascular Critical Care,26.0,Female,Accelerated BSN,3.5 And Above,Full-time,,No,,Yes,07/22/2019,0.40273972602739727,Obtained position representing a different job experience,21980,Emory University,3.75
Emory University Hospital,	04/23/2025,	2624360,03/03/2025,Emergency Department,23.0,Male,Masters,3.5 And Above,Full-time,,No,,Yes,10/24/2025,0.6438356164383562,Relocating out of area,21981,Emory University,3.75
Emory University Hospital,	04/26/2023,	2045614,03/06/2023,Cardiac/Heart/Vascular Critical Care,28.0,Female,Masters,3.5 And Above,Full-time,,No,,Yes,01/07/2024,0.8410958904109589,Other/Unknown,10281,Emory University,3.75
Emory University Hospital,	04/16/2021,	2386034,03/08/2021,Neurology/Neurosurgical ICU Inpatient Unit,29.0,Male,Accelerated BSN,3.5 And Above,,,No,,Yes,11/20/2021,0.7041095890410959,Other/Unknown,21984,Emory University,3.75
Emory University Hospital Midtown,	04/05/2024,	2543683,03/11/2024,Mother/Baby Unit,23.0,Female,Masters,3.0 - 3.49,Full-time,,No,,Yes,09/15/2024,0.5150684931506849,Returning to school full-time,21985,Emory University,3.25
Emory University Hospital,	04/24/2024,	0446767,03/04/2024,Cardiac/Heart/Vascular Critical Care,27.0,Female,Masters,3.5 And Above,Full-time,,No,,No,,,,21986,Emory University,3.75
Emory University Hospital,	04/24/2024,	1940412,03/04/2024,Surgical ICU Inpatient Unit,30.0,Male,Masters,3.5 And Above,Full-time,,No,,No,,,,11855,Emory University,3.75
Emory University Hospital,	04/24/2024,	2171842,03/05/2024,Cardiac/Heart/Vascular Critical Care,27.0,Female,Masters,3.5 And Above,Full-time,,No,,No,,,,11719,Emory University,3.75
Emory University Hospital,	04/24/2024,	2208742,03/11/2024,Emergency Department,26.0,Female,Masters,3.5 And Above,Full-time,,No,,No,,,,21989,Emory University,3.75
Emory University Hospital,	04/24/2024,	2255528,03/04/2024,Cardiac/Heart/Vascular Critical Care,25.0,Female,Masters,3.5 And Above,Full-time,,No,,No,,,,11718,Emory University,3.75
Emory University Hospital,	04/24/2024,	2541964,03/04/2024,Surgical ICU Inpatient Unit,25.0,Female,Masters,3.5 And Above,Full-time,,No,,No,,,,11740,Emory University,3.75
Emory University Hospital,	04/24/2024,	2542188,03/04/2024,Surgical ICU Inpatient Unit,31.0,Female,Masters,3.5 And Above,Full-time,,No,,No,,,,11883,Emory University,3.75
Emory University Hospital,	04/24/2024,	2542525,01/08/2024,Cardiac/Heart/Vascular Critical Care,23.0,Female,Masters,3.5 And Above,Full-time,,No,,Yes,10/28/2025,1.8054794520547945,Relocating out of area,11840,Emory University,3.75
Emory University Hospital,	04/24/2024,	2542692,03/04/2024,Emergency Department,27.0,Male,Masters,3.5 And Above,Full-time,,No,,No,,,,21994,Emory University,3.75
Emory University Hospital,	04/24/2024,	2542919,01/08/2024,Surgical ICU Inpatient Unit,23.0,Female,Masters,3.5 And Above,Full-time,,No,,No,,,,11817,Emory University,3.75
Emory University Hospital,	04/24/2024,	2542994,03/04/2024,Neurology/Neurosurgical ICU Inpatient Unit,26.0,Female,Masters,3.5 And Above,Full-time,,No,,No,,,,11885,Emory University,3.75
Emory University Hospital,	04/24/2024,	2543495,03/04/2024,Neurology/Neurosurgical ICU Inpatient Unit,24.0,Female,Masters,3.0 - 3.49,Full-time,,No,,No,,,,10217,Emory University,3.25
Emory University Hospital,	04/24/2024,	2552860,04/24/2024,Surgical ICU Inpatient Unit,35.0,Female,Masters,3.5 And Above,Full-time,,No,,Yes,11/09/2025,1.5452054794520549,Other/Unknown,11741,Emory University,3.75
Emory University Hospital,	04/24/2024,	2552864,03/04/2024,Surgical ICU Inpatient Unit,24.0,Female,Masters,3.5 And Above,Full-time,,No,,No,,,,11920,Emory University,3.75
Emory University Hospital,	04/24/2024,	2559816,03/04/2024,Neurology/Neurosurgical ICU Inpatient Unit,24.0,Female,Masters,3.5 And Above,Full-time,,No,,No,,,,11830,Emory University,3.75
Emory University Hospital Midtown,	04/05/2024,	0423256,04/01/2024,General Surgical Inpatient Unit,30.0,Female,Masters,3.5 And Above,Full-time,,No,,No,,,,11901,Emory University,3.75
Emory University Hospital Midtown,	04/05/2024,	2536770,01/30/2024,Surgical ICU Inpatient Unit,28.0,Female,Masters,3.0 - 3.49,Full-time,,No,,No,,,,11205,Emory University,3.25
Emory University Hospital Midtown,	04/05/2024,	2602214,04/01/2024,Cardiac/Heart/Vascular Critical Care,25.0,Male,BSN,3.5 And Above,Full-time,,No,,No,,,,22003,Emory University,3.75
Emory Decatur Hospital,	03/26/2024,	0435676,03/18/2024,Obstetrics/Labor & Delivery Inpatient Unit,30.0,Female,Masters,3.5 And Above,Full-time,,No,,No,,,,22004,Emory University,3.75
Emory Decatur Hospital,	03/26/2024,	2540514,03/18/2024,Mother/Baby Unit,26.0,Female,Masters,3.5 And Above,Full-time,,No,,No,,,,10220,Emory University,3.75
Emory Decatur Hospital,	03/26/2024,	2543217,03/18/2024,Emergency Department,27.0,Female,Masters,3.5 And Above,Full-time,,No,,No,,,,11887,Emory University,3.75
Emory Decatur Hospital,	03/26/2024,	2543665,03/31/2024,Emergency Department,23.0,Female,Masters,3.0 - 3.49,Full-time,,No,,No,,,,11730,Emory University,3.25
Emory Decatur Hospital,	03/26/2024,	2545062,03/18/2024,Mother/Baby Unit,31.0,Female,Masters,3.5 And Above,Full-time,,No,,No,,,,11738,Emory University,3.75
Emory Decatur Hospital,	03/26/2024,	2546505,03/18/2024,Psychiatric Inpatient Unit,34.0,Male,Masters,3.5 And Above,Full-time,,No,,No,,,,11745,Emory University,3.75
Emory Decatur Hospital,	03/26/2024,	2553001,03/18/2024,Neonatal ICU Inpatient Unit,25.0,Female,Masters,3.5 And Above,Full-time,,No,,No,,,,11894,Emory University,3.75
Emory Decatur Hospital,	03/26/2024,	2553005,03/18/2024,Neonatal ICU Inpatient Unit,23.0,Female,Masters,3.0 - 3.49,Full-time,,No,,No,,,,22011,Emory University,3.25
Emory Decatur Hospital,	03/26/2024,	2559810,03/18/2024,Obstetrics/Labor & Delivery Inpatient Unit,25.0,Female,Masters,3.5 And Above,Full-time,,No,,No,,,,22012,Emory University,3.75
Emory Decatur Hospital,	03/26/2024,	2559824,03/18/2024,Obstetrics/Labor & Delivery Inpatient Unit,23.0,Female,Masters,3.5 And Above,Full-time,,No,,No,,,,11746,Emory University,3.75
Emory University Hospital,	03/11/2024,	2541673,03/11/2024,Oncology Inpatient Unit,26.0,Female,Masters,3.0 - 3.49,Full-time,,No,,No,,,,22014,Emory University,3.25
Emory University Hospital,	03/11/2024,	2542738,04/01/2024,Medical/Surgical Intermediate Unit,24.0,Female,Masters,3.0 - 3.49,Full-time,,No,,No,,,,10218,Emory University,3.25
Emory Saint Joseph’s Hospital,	02/22/2024,	2288522,01/22/2024,Medical/Surgical Inpatient Unit,24.0,Female,Masters,3.5 And Above,Full-time,,No,,Yes,03/18/2025,1.1534246575342466,Unhappy with job/facility,10488,Emory University,3.75
Emory Johns Creek Hospital,	02/22/2024,	2542695,02/05/2024,Emergency Department,24.0,Female,Masters,3.5 And Above,Full-time,,No,,Yes,03/04/2025,1.0767123287671232,Relocating out of area,22017,Emory University,3.75
Emory Saint Joseph’s Hospital,	02/22/2024,	2542852,03/04/2024,Telemetry Unit,29.0,Female,Masters,3.5 And Above,Full-time,,No,,No,,,,11908,Emory University,3.75
Emory Saint Joseph’s Hospital,	02/22/2024,	2546506,02/19/2024,Perioperative OR,37.0,Female,Masters,3.0 - 3.49,Full-time,,No,,No,,,,11857,Emory University,3.25
Emory Johns Creek Hospital,	02/22/2024,	2560444,02/05/2024,Obstetrics/Labor & Delivery Inpatient Unit,23.0,Female,Masters,3.5 And Above,Full-time,,No,,No,,,,11729,Emory University,3.75
Emory Hillandale Hospital,	11/14/2023,	0460388,10/30/2023,Telemetry Unit,37.0,Female,Accelerated BSN,3.0 - 3.49,Full-time,,No,,No,,,,22021,Emory University,3.25
Emory Decatur Hospital,	11/14/2023,	2021623,08/08/2022,Mother/Baby Unit,48.0,Female,Masters,3.0 - 3.49,Full-time,,No,,No,,,,10237,Emory University,3.25
Emory Decatur Hospital,	11/14/2023,	2297507,10/30/2023,Medical/Surgical Intermediate Unit,24.0,Female,Masters,3.5 And Above,Full-time,,No,,No,,,,11178,Emory University,3.75
Emory Decatur Hospital,	11/14/2023,	2425884,10/30/2023,Obstetrics/Labor & Delivery Inpatient Unit,30.0,Female,Masters,3.0 - 3.49,Full-time,,No,,No,,,,22024,Emory University,3.25
Emory Hillandale Hospital,	11/14/2023,	2463715,11/27/2023,Emergency Department,45.0,Female,Masters,3.5 And Above,Full-time,,No,,No,,,,10982,Emory University,3.75
Emory Decatur Hospital,	11/14/2023,	2542053,10/30/2023,Obstetrics/Labor & Delivery Inpatient Unit,25.0,Female,Accelerated BSN,3.5 And Above,Full-time,,No,,No,,,,22026,Emory University,3.75
Emory Decatur Hospital,	11/14/2023,	2543613,09/11/2023,Emergency Department,25.0,Female,Masters,3.5 And Above,Full-time,,No,,No,,,,22027,Emory University,3.75
Emory Decatur Hospital,	11/14/2023,	2545010,10/30/2023,Mother/Baby Unit,25.0,Female,Masters,3.5 And Above,Full-time,,No,,No,,,,11661,Emory University,3.75
Emory University Hospital,	11/08/2023,	2376112,10/17/2023,Cardiac/Heart/Vascular Critical Care,22.0,Female,BSN,3.5 And Above,Full-time,,No,,No,,,,22029,Emory University,3.75
Emory University Hospital,	11/08/2023,	2543093,10/09/2023,Neurology/Neurosurgical ICU Inpatient Unit,25.0,Male,Masters,3.5 And Above,Full-time,,No,,No,,,,11181,Emory University,3.75
Emory University Hospital,	11/08/2023,	2543094,10/09/2023,Cardiac/Heart/Vascular Critical Care,25.0,Female,Masters,3.5 And Above,Full-time,,No,,No,,,,11221,Emory University,3.75
Emory University Hospital Midtown,	10/27/2023,	2479551,10/18/2023,General Surgical Inpatient Unit,26.0,Female,Masters,3.0 - 3.49,Full-time,,No,,No,,,,10681,Emory University,3.25
Emory University Hospital Midtown,	10/27/2023,	2542072,10/30/2023,Surgical ICU Inpatient Unit,23.0,Female,Masters,3.5 And Above,Full-time,,No,,Yes,11/08/2024,1.0273972602739727,Other/Unknown,11254,Emory University,3.75
Emory University Hospital Midtown,	10/27/2023,	2544251,10/23/2023,Obstetrics/Labor & Delivery Inpatient Unit,23.0,Female,Masters,3.5 And Above,Full-time,,No,,No,,,,11263,Emory University,3.75
Emory University Hospital,	10/23/2023,	2334438,10/09/2023,Oncology Inpatient Unit,28.0,Female,Masters,3.5 And Above,Full-time,,No,,No,,,,11284,Emory University,3.75
Emory University Hospital,	10/23/2023,	2538907,10/15/2023,Emergency Department,36.0,Male,MSN (CNL),3.5 And Above,Full-time,,No,,No,,,,10239,Emory University,3.75
Emory University Hospital,	10/23/2023,	2558886,10/16/2023,Oncology Inpatient Unit,23.0,Female,Masters,3.5 And Above,Full-time,,No,,No,,,,11303,Emory University,3.75
Emory Saint Joseph’s Hospital,	10/20/2023,	0431846,10/29/2023,Emergency Department,29.0,Female,Masters,3.5 And Above,Full-time,,No,,No,,,,22038,Emory University,3.75
Emory University Hospital Midtown,	07/04/2020,	2367535,05/01/2020,Oncology Inpatient Unit,33.0,Male,Accelerated BSN,3.0 - 3.49,,,No,,Yes,04/03/2021,0.9232876712328767,Obtained position representing a different job experience,22039,Emory University,3.25
Emory Saint Joseph’s Hospital,	10/20/2023,	1193722,10/16/2023,Cardiac/Heart/Vascular Critical Care,49.0,Female,Masters,3.5 And Above,Full-time,,No,,No,,,,11316,Emory University,3.75
Emory Johns Creek Hospital,	10/20/2023,	2304325,10/16/2023,Medical ICU Inpatient Unit,24.0,Female,Accelerated BSN,3.5 And Above,Full-time,,No,,No,,,,22041,Emory University,3.75
Emory Saint Joseph’s Hospital,	10/20/2023,	2542482,09/25/2023,Emergency Department,25.0,Female,Masters,3.5 And Above,Full-time,,No,,No,,,,11287,Emory University,3.75
Emory University Hospital,	08/16/2023,	1433667,07/25/2023,Surgical ICU Inpatient Unit,35.0,Male,Masters,3.5 And Above,Full-time,,No,,No,,,,10179,Emory University,3.75
Emory University Hospital,	08/16/2023,	2323322,08/28/2023,Emergency Department,26.0,Female,BSN,3.0 - 3.49,Full-time,,No,,No,,,,22044,Emory University,3.25
Emory University Hospital,	08/16/2023,	2375769,07/24/2023,Cardiac/Heart/Vascular Critical Care,22.0,Female,BSN,3.5 And Above,Full-time,,No,,No,,,,10388,Emory University,3.75
Emory University Hospital,	08/16/2023,	2377839,07/24/2023,Cardiac/Heart/Vascular Critical Care,23.0,Female,BSN,3.5 And Above,Full-time,,No,,No,,,,22046,Emory University,3.75
Emory University Hospital,	08/16/2023,	2399871,08/07/2023,Emergency Department,22.0,Female,BSN,3.5 And Above,Full-time,,No,,Yes,11/15/2025,2.276712328767123,Relocating out of area,10370,Emory University,3.75
Emory University Hospital,	08/16/2023,	2524126,07/31/2023,Cardiac/Heart/Vascular Critical Care,28.0,Female,Masters,3.5 And Above,Full-time,,No,,Yes,11/17/2024,1.3013698630136987,Other/Unknown,10202,Emory University,3.75
Emory University Hospital,	08/16/2023,	2540998,07/23/2023,Cardiac/Heart/Vascular Critical Care,29.0,Female,Masters,3.5 And Above,Full-time,,No,,Yes,11/08/2025,2.2986301369863016,Relocating out of area,10205,Emory University,3.75
Emory University Hospital,	08/16/2023,	2541048,07/24/2023,Neurology/Neurosurgical ICU Inpatient Unit,22.0,Female,Masters,3.5 And Above,Full-time,,No,,No,,,,10242,Emory University,3.75
Emory University Hospital,	08/16/2023,	2541154,07/24/2023,Cardiac/Heart/Vascular Critical Care,35.0,Male,Masters,3.5 And Above,Full-time,,No,,No,,,,22051,Emory University,3.75
Emory University Hospital,	08/16/2023,	2543150,07/24/2023,Cardiac/Heart/Vascular Critical Care,25.0,Female,Masters,3.5 And Above,Full-time,,No,,No,,,,22052,Emory University,3.75
Emory Decatur Hospital,	08/15/2023,	2377971,08/07/2023,Medical/Surgical ICU Inpatient Unit,22.0,Male,BSN,3.5 And Above,Full-time,,No,,No,,,,22053,Emory University,3.75
Emory Decatur Hospital,	08/15/2023,	2382476,08/07/2023,Medical/Surgical ICU Inpatient Unit,22.0,Female,BSN,3.5 And Above,Full-time,,No,,Yes,09/09/2024,1.093150684931507,Obtained position representing a different job experience,10412,Emory University,3.75
Emory Decatur Hospital,	08/15/2023,	2398009,08/07/2023,Neonatal ICU Inpatient Unit,22.0,Female,BSN,3.5 And Above,Full-time,,No,,No,,,,10844,Emory University,3.75
Emory Hillandale Hospital,	08/15/2023,	2491999,06/12/2023,Emergency Department,25.0,Female,Accelerated BSN,3.5 And Above,Full-time,,No,,Yes,11/01/2024,1.3917808219178083,Other/Unknown,10352,Emory University,3.75
Emory Decatur Hospital,	08/15/2023,	2540963,12/12/2022,Emergency Department,31.0,Female,Masters,3.5 And Above,Full-time,,No,,No,,,,22057,Emory University,3.75
Emory University Hospital Midtown,	08/11/2023,	2234235,08/08/2022,Cardiac/Heart/Vascular Critical Care,24.0,Female,Masters,3.5 And Above,Full-time,,No,,No,,,,10234,Emory University,3.75
Emory University Hospital Midtown,	08/11/2023,	2479435,07/31/2023,Mother/Baby Unit,26.0,Female,Masters,3.5 And Above,Full-time,,No,,No,,,,10219,Emory University,3.75
Emory University Hospital Midtown,	08/11/2023,	2496072,07/31/2023,Neonatal ICU Inpatient Unit,26.0,Male,Masters,3.0 - 3.49,Full-time,,No,,No,,,,11003,Emory University,3.25
Emory University Hospital Midtown,	08/11/2023,	2537286,08/07/2023,Neonatal ICU Inpatient Unit,23.0,Female,Masters,3.0 - 3.49,Full-time,,No,,No,,,,10206,Emory University,3.25
Emory University Hospital Midtown,	08/11/2023,	2539523,07/31/2023,Emergency Department,25.0,Female,Masters,3.5 And Above,Full-time,,No,,Yes,12/09/2024,1.3616438356164384,Other/Unknown,22062,Emory University,3.75
Emory University Hospital Midtown,	08/11/2023,	2543234,07/31/2023,Neonatal ICU Inpatient Unit,27.0,Male,Masters,3.5 And Above,Full-time,,No,,Yes,10/26/2024,1.2410958904109588,Other/Unknown,10203,Emory University,3.75
Emory University Hospital Midtown,	08/11/2023,	2544215,07/31/2023,Cardiac/Heart/Vascular Critical Care,25.0,Female,Masters,3.5 And Above,Full-time,,No,,No,,,,22064,Emory University,3.75
Emory Saint Joseph’s Hospital,	07/12/2021,	2423691,07/04/2021,Orthopedic Inpatient Unit,23.0,Female,BSN,3.5 And Above,,,No,,Yes,12/17/2021,0.4547945205479452,Other/Unknown,22065,Emory University,3.75
Emory University Hospital at Wesley Woods,	07/04/2021,	1910574,07/11/2021,Psychiatric Inpatient Unit,36.0,Female,Accelerated BSN,3.5 And Above,,,No,,Yes,09/01/2021,0.14246575342465753,Failed NCLEX,22066,Emory University,3.75
Emory University Orthopaedics & Spine Hospital ,	08/07/2023,	1265333,07/17/2023,Orthopedic Inpatient Unit,33.0,Female,Masters,3.5 And Above,Full-time,,No,,No,,,,10251,Emory University,3.75
Emory University Hospital,	08/07/2023,	2376495,07/24/2023,Oncology Inpatient Unit,22.0,Female,BSN,3.5 And Above,Full-time,,No,,No,,,,10405,Emory University,3.75
Emory University Hospital,	08/07/2023,	2379713,07/25/2023,Transplant Unit,22.0,Male,BSN,3.0 - 3.49,Full-time,,No,,No,,,,10410,Emory University,3.25
Emory University Orthopaedics & Spine Hospital ,	08/07/2023,	2531690,07/10/2023,Orthopedic Inpatient Unit,37.0,Male,Masters,3.5 And Above,Full-time,,No,,No,,,,22070,Emory University,3.75
Emory University Hospital Midtown,	08/07/2023,	2537617,07/25/2023,Ambulatory Setting,25.0,Female,Masters,3.5 And Above,Full-time,,No,,No,,,,10192,Emory University,3.75
Emory University Hospital,	07/21/2023,	2111691,07/17/2023,Perioperative OR,32.0,Female,Masters,3.5 And Above,Full-time,,No,,No,,,,22072,Emory University,3.75
Emory Johns Creek Hospital,	07/21/2023,	2331870,07/23/2023,Emergency Department,22.0,Female,Masters,3.5 And Above,Full-time,,No,,No,,,,10181,Emory University,3.75
Emory Johns Creek Hospital,	07/21/2023,	2378332,07/09/2023,Mother/Baby Unit,22.0,Female,BSN,3.5 And Above,Full-time,,No,,No,,,,10400,Emory University,3.75
Emory Johns Creek Hospital,	07/21/2023,	2482786,07/17/2023,Mother/Baby Unit,23.0,Female,Masters,3.5 And Above,Full-time,,No,,Yes,08/10/2024,1.0684931506849316,Other/Unknown,10339,Emory University,3.75
Emory Saint Joseph’s Hospital,	07/21/2023,	2538955,07/23/2023,Perioperative OR,25.0,Female,Masters,3.0 - 3.49,Full-time,,No,,No,,,,10245,Emory University,3.25
Emory Johns Creek Hospital,	07/21/2023,	2540966,07/17/2023,Emergency Department,28.0,Female,Masters,3.5 And Above,Full-time,,No,,No,,,,10252,Emory University,3.75
Emory Johns Creek Hospital,	07/21/2023,	2541018,07/23/2023,Emergency Department,61.0,Female,Masters,3.5 And Above,Full-time,,No,,Yes,08/06/2025,2.041095890410959,Family obligations (family/friend caregiving responsibility),10247,Emory University,3.75
Emory Johns Creek Hospital,	07/21/2023,	2542539,07/09/2023,Medical/Surgical Inpatient Unit,27.0,Female,Masters,3.0 - 3.49,Full-time,,No,,No,,,,10226,Emory University,3.25
Emory Saint Joseph’s Hospital,	07/21/2023,	2543025,07/17/2023,Cardiac/Heart/Vascular Critical Care,22.0,Female,Masters,3.5 And Above,Full-time,,No,,No,,,,10187,Emory University,3.75
Emory Saint Joseph’s Hospital,	07/21/2023,	2543312,07/17/2023,Telemetry Unit,30.0,Female,Masters,3.5 And Above,Full-time,,No,,No,,,,10229,Emory University,3.75
Emory University Hospital,	04/26/2023,	0429995,04/18/2023,Cardiac/Heart/Vascular Critical Care,32.0,Female,Masters,3.5 And Above,Full-time,,No,,Yes,12/08/2024,1.643835616438356,Other/Unknown,10269,Emory University,3.75
Emory University Hospital,	04/26/2023,	2479384,04/03/2023,Cardiac/Heart/Vascular Critical Care,23.0,Female,Masters,3.5 And Above,Full-time,,No,,No,,,,10256,Emory University,3.75
Emory University Hospital,	04/26/2023,	2522331,03/13/2023,Surgical ICU Inpatient Unit,28.0,Female,Masters,3.5 And Above,Full-time,,No,,No,,,,10357,Emory University,3.75
Emory Saint Joseph’s Hospital,	07/04/2020,	0439704,07/13/2020,Medical/Surgical Inpatient Unit,25.0,Female,BSN,3.5 And Above,,,No,,Yes,11/20/2020,0.3561643835616438,Staffing or workload,22085,Emory University,3.75
Emory University Hospital Midtown,	04/07/2023,	2479939,03/27/2023,Obstetrics/Labor & Delivery Inpatient Unit,25.0,Female,Masters,3.5 And Above,Full-time,,No,,No,,,,22086,Emory University,3.75
Emory Decatur Hospital,	03/28/2023,	1834337,03/20/2023,Neonatal ICU Inpatient Unit,35.0,Female,Masters,3.5 And Above,Full-time,,No,,No,,,,10817,Emory University,3.75
Emory Decatur Hospital,	03/28/2023,	2502369,03/20/2023,Neonatal ICU Inpatient Unit,23.0,Female,Masters,3.5 And Above,Full-time,,No,,No,,,,10328,Emory University,3.75
Emory Decatur Hospital,	07/23/2019,	1653729,07/15/2019,Obstetrics/Labor & Delivery Inpatient Unit,27.0,Female,Accelerated BSN,3.5 And Above,,,No,,Yes,04/04/2020,0.7232876712328767,Obtained position with a more desirable work schedule,22089,Emory University,3.75
Emory University Hospital,	04/26/2023,	2489782,03/06/2023,Neurology/Neurosurgical ICU Inpatient Unit,26.0,Female,Masters,3.5 And Above,Full-time,,No,,Yes,08/01/2023,0.4054794520547945,Other/Unknown,10277,Emory University,3.75
Emory University Hospital,	08/07/2023,	2378695,07/24/2023,General Medical Inpatient Unit,22.0,Female,BSN,3.5 And Above,Full-time,,No,,Yes,11/17/2023,0.3178082191780822,Unhappy with job/facility,10846,Emory University,3.75
Emory University Hospital,	03/13/2023,	2478707,03/20/2023,Medical/Surgical Intermediate Unit,25.0,Female,Masters,3.5 And Above,Full-time,,No,,No,,,,10849,Emory University,3.75
Emory University Hospital,	03/13/2023,	2479033,03/06/2023,General Surgical Inpatient Unit,24.0,Female,Masters,3.5 And Above,Full-time,,No,,Yes,02/22/2025,1.9698630136986301,Other/Unknown,22093,Emory University,3.75
Emory University Hospital,	03/13/2023,	2479626,03/06/2023,Telemetry Unit,24.0,Female,Masters,3.5 And Above,Full-time,,No,,No,,,,10353,Emory University,3.75
Emory Johns Creek Hospital,	07/18/2022,	2054559,08/29/2022,Emergency Department,48.0,Female,Masters,3.0 - 3.49,,,No,,Yes,02/07/2023,0.4438356164383562,Unsatisfactory performance,10712,Emory University,3.25
Emory Johns Creek Hospital,	07/18/2022,	2479873,07/18/2022,Medical ICU Inpatient Unit,26.0,Female,Masters,3.5 And Above,,,No,,Yes,11/11/2022,0.3178082191780822,Relocating out of area,10711,Emory University,3.75
Emory Johns Creek Hospital,	02/24/2023,	2441654,08/08/2022,Medical ICU Inpatient Unit,25.0,Female,Masters,3.5 And Above,Full-time,,No,,Yes,10/28/2023,1.2219178082191782,Family obligations (family/friend caregiving responsibility),10724,Emory University,3.75
Emory University Hospital,	07/04/2021,	2371276,07/19/2021,Transplant Unit,32.0,Female,Accelerated BSN,3.5 And Above,,,No,,Yes,03/27/2022,0.6876712328767123,Family obligations (family/friend caregiving responsibility),22098,Emory University,3.75
Emory Johns Creek Hospital,	02/24/2023,	2480041,02/20/2023,Emergency Department,27.0,Female,Masters,3.0 - 3.49,Full-time,,No,,No,,,,10533,Emory University,3.25
Emory Johns Creek Hospital,	02/24/2023,	2541001,12/20/2022,Medical/Surgical Inpatient Unit,25.0,Male,Accelerated BSN,3.5 And Above,Full-time,,No,,No,,,,22100,Emory University,3.75
Emory Johns Creek Hospital,	02/24/2023,	2543060,02/20/2023,Emergency Department,31.0,Male,Accelerated BSN,3.5 And Above,Full-time,,No,,No,,,,22101,Emory University,3.75
Emory Saint Joseph’s Hospital,	11/18/2022,	1824897,11/18/2022,Perioperative OR,32.0,Female,Masters,2.5 - 2.99,Full-time,,No,,No,,,,10983,Emory University,2.75
Emory University Hospital,	10/28/2022,	2038299,10/02/2022,Ambulatory Setting,26.0,Female,Masters,3.5 And Above,,,No,,No,,,,10981,Emory University,3.75
Emory University Hospital Midtown,	10/28/2022,	2237487,11/15/2022,Perioperative PACU,24.0,Female,Masters,3.5 And Above,,,No,,No,,,,10963,Emory University,3.75
Emory University Hospital Midtown,	10/28/2022,	2331965,09/12/2022,Obstetrics/Labor & Delivery Inpatient Unit,22.0,Female,BSN,3.5 And Above,,,No,,Yes,06/14/2023,0.7534246575342466,Other/Unknown,22105,Emory University,3.75
Emory University Hospital Midtown,	10/28/2022,	2477899,11/08/2022,Neonatal ICU Inpatient Unit,35.0,Female,Masters,3.5 And Above,,,No,,No,,,,10687,Emory University,3.75
Emory University Hospital Midtown,	10/28/2022,	2478204,10/24/2022,Neonatal ICU Inpatient Unit,32.0,Female,Masters,3.5 And Above,,,No,,No,,,,10831,Emory University,3.75
Emory University Hospital Midtown,	10/28/2022,	2479100,10/31/2022,Cardiac/Heart/Vascular Critical Care,29.0,Female,Masters,3.5 And Above,,,No,,Yes,05/01/2024,1.5013698630136987,Did not return from leave of absence,22108,Emory University,3.75
Emory University Hospital Midtown,	10/28/2022,	2479639,10/24/2022,Cardiac/Heart/Vascular Critical Care,26.0,Female,Masters,3.5 And Above,,,No,,No,,,,10448,Emory University,3.75
The Emory Clinic,	10/20/2023,	2499768,07/24/2023,Cardiac/Heart/Vascular Critical Care,25.0,Female,Masters,3.5 And Above,Full-time,,No,,Yes,04/23/2024,0.7506849315068493,Personal reasons,10223,Emory University,3.75
Emory Saint Joseph’s Hospital,	10/17/2022,	1654633,10/17/2022,Telemetry Unit,30.0,Female,Accelerated BSN,3.5 And Above,,,No,,No,,,,10483,Emory University,3.75
Emory Decatur Hospital,	10/11/2022,	2098688,10/03/2022,Emergency Department,26.0,Female,BSN,3.0 - 3.49,,,No,,Yes,08/05/2023,0.8383561643835616,Unhappy with job/facility,10816,Emory University,3.25
Emory University Hospital at Wesley Woods,	10/14/2022,	2022590,10/31/2022,Psychiatric Inpatient Unit,27.0,Female,Masters,3.5 And Above,,,No,,No,,,,10426,Emory University,3.75
Emory University Hospital,	10/14/2022,	2259483,09/26/2022,General Surgical Inpatient Unit,26.0,Female,Accelerated BSN,3.5 And Above,,,No,,No,,,,22114,Emory University,3.75
Emory University Hospital,	10/14/2022,	2505149,10/31/2022,Surgical ICU Inpatient Unit,23.0,Male,Masters,3.5 And Above,,,No,,Yes,02/02/2025,2.26027397260274,Other/Unknown,10433,Emory University,3.75
Emory University Hospital Midtown,	08/25/2022,	0423293,08/25/2022,Medical/Surgical Inpatient Unit,27.0,Female,Masters,3.5 And Above,Full-time,,No,,No,,,,10829,Emory University,3.75
Emory University Hospital Midtown,	08/25/2022,	1768120,09/01/2022,Neurology/Neurosurgical ICU Inpatient Unit,28.0,Female,Accelerated BSN,3.5 And Above,Full-time,,No,,No,,,,22117,Emory University,3.75
Emory University Hospital Midtown,	08/25/2022,	2051524,07/25/2022,Cardiac/Heart/Vascular Critical Care,26.0,Female,Masters,3.5 And Above,Full-time,,No,,Yes,12/13/2024,2.389041095890411,Other/Unknown,10708,Emory University,3.75
Emory University Hospital Midtown,	08/25/2022,	2426117,08/29/2022,Medical/Surgical ICU Inpatient Unit,39.0,Female,Masters,3.5 And Above,Full-time,,No,,No,,,,10839,Emory University,3.75
Emory University Hospital Midtown,	08/25/2022,	2480211,07/18/2022,Other (please specify),26.0,Male,Masters,3.5 And Above,Full-time,,No,,No,,,,10710,Emory University,3.75
Emory University Hospital,	08/25/2022,	2979782,07/18/2022,Perioperative OR,25.0,Female,Masters,3.5 And Above,Full-time,,No,,No,,,,22121,Emory University,3.75
Emory University Hospital,	08/17/2022,	1143186,07/11/2022,Cardiac/Heart/Vascular Critical Care,34.0,Female,Masters,3.5 And Above,,,No,,No,,,,10715,Emory University,3.75
Emory University Hospital,	08/17/2022,	1431629,07/11/2022,Emergency Department,33.0,Female,Masters,3.5 And Above,,,No,,No,,,,10853,Emory University,3.75
Emory University Hospital,	08/17/2022,	2303733,07/18/2022,Cardiac/Heart/Vascular Critical Care,22.0,Female,BSN,3.0 - 3.49,,,No,,Yes,01/14/2024,1.4931506849315068,Obtained position representing a different job experience,22125,Emory University,3.25
Emory University Hospital,	08/17/2022,	2318998,07/18/2022,Emergency Department,32.0,Female,Masters,3.5 And Above,,,No,,Yes,04/24/2024,1.7698630136986302,Other/Unknown,22126,Emory University,3.75
Emory University Hospital,	08/17/2022,	2323113,08/01/2022,Surgical ICU Inpatient Unit,22.0,Female,BSN,3.5 And Above,,,No,,No,,,,10820,Emory University,3.75
Emory University Hospital,	08/17/2022,	2324335,07/25/2022,Medical ICU Inpatient Unit,23.0,Female,BSN,3.5 And Above,,,No,,No,,,,22128,Emory University,3.75
Emory University Hospital,	08/17/2022,	2339942,06/27/2022,Cardiac/Heart/Vascular Critical Care,23.0,Female,BSN,3.5 And Above,,,No,,No,,,,22129,Emory University,3.75
Emory University Hospital,	08/17/2022,	2358188,07/11/2022,Surgical ICU Inpatient Unit,22.0,Female,BSN,3.5 And Above,,,No,,No,,,,10821,Emory University,3.75
Emory University Hospital,	08/17/2022,	2428529,08/01/2022,Emergency Department,22.0,Female,BSN,3.0 - 3.49,,,No,,Yes,06/10/2024,1.8602739726027397,Relocating out of area,22131,Emory University,3.25
Emory Decatur Hospital,	07/04/2021,	2282744,07/26/2021,Medical/Surgical Inpatient Unit,63.0,Female,Accelerated BSN,3.5 And Above,,,No,,Yes,06/30/2022,0.9287671232876712,Unsatisfactory performance,22132,Emory University,3.75
Emory University Hospital Midtown,	08/12/2022,	1708594,07/10/2022,Obstetrics/Labor & Delivery Inpatient Unit,30.0,Female,MSN (CNL),3.5 And Above,,,No,,No,,,,10830,Emory University,3.75
Emory University Hospital Midtown,	08/12/2022,	1945871,05/09/2022,Cardiac/Heart/Vascular Critical Care,28.0,Female,BSN,3.5 And Above,,,No,,No,,,,10709,Emory University,3.75
Emory University Hospital Midtown,	08/12/2022,	2216975,08/29/2022,Obstetrics/Labor & Delivery Inpatient Unit,29.0,Female,Masters,3.5 And Above,,,No,,No,,,,10984,Emory University,3.75
Emory University Hospital Midtown,	08/12/2022,	2322946,08/22/2022,Mother/Baby Unit,22.0,Female,BSN,3.0 - 3.49,,,No,,No,,,,10825,Emory University,3.25
Emory University Hospital Midtown,	08/12/2022,	2324721,08/08/2022,Neonatal ICU Inpatient Unit,22.0,Female,BSN,3.5 And Above,,,No,,No,,,,22137,Emory University,3.75
Emory University Hospital Midtown,	08/12/2022,	2348815,08/08/2022,Neonatal ICU Inpatient Unit,21.0,Female,BSN,3.5 And Above,,,No,,No,,,,10819,Emory University,3.75
Emory University Hospital Midtown,	08/12/2022,	2369551,08/08/2022,Obstetrics/Labor & Delivery Inpatient Unit,25.0,Female,BSN,3.5 And Above,,,No,,No,,,,10674,Emory University,3.75
Emory University Hospital Midtown,	07/25/2019,	2202662,07/29/2019,Emergency Department,22.0,Female,BSN,3.5 And Above,,,No,,Yes,04/20/2020,0.7287671232876712,Left due to pandemic/crisis,22140,Emory University,3.75
Emory Decatur Hospital,	08/02/2022,	2324404,07/25/2022,Neonatal ICU Inpatient Unit,22.0,Female,BSN,3.5 And Above,,,No,,No,,,,10670,Emory University,3.75
Emory Johns Creek Hospital,	07/18/2022,	0102136,07/25/2022,Emergency Department,43.0,Female,Masters,3.5 And Above,Full-time,,No,,No,,,,10713,Emory University,3.75
Emory Saint Joseph’s Hospital,	07/18/2022,	0422470,07/18/2022,Telemetry Unit,27.0,Female,Masters,3.5 And Above,Full-time,,No,,No,,,,22143,Emory University,3.75
The Emory Clinic,	07/18/2022,	2038299,08/22/2022,Ambulatory Setting,26.0,Female,MSN (CNL),3.0 - 3.49,,,No,,No,,,,10981,Emory University,3.25
Emory Saint Joseph’s Hospital,	07/18/2022,	2325371,07/18/2022,Oncology Inpatient Unit,22.0,Female,BSN,3.5 And Above,Full-time,,No,,No,,,,22145,Emory University,3.75
Emory Saint Joseph’s Hospital,	07/18/2022,	2330552,07/24/2022,Cardiac/Heart/Vascular Critical Care,21.0,Female,BSN,3.5 And Above,Full-time,,No,,No,,,,10822,Emory University,3.75
Emory Johns Creek Hospital,	07/18/2022,	2425375,07/18/2022,Emergency Department,25.0,Female,Masters,3.5 And Above,,,No,,No,,,,10666,Emory University,3.75
Emory University Hospital,	07/04/2020,	2321004,07/30/2020,Telemetry Unit,29.0,Female,Accelerated BSN,3.5 And Above,,,No,,Yes,10/09/2020,0.19452054794520549,Disability/Illness/Injury ,22148,Emory University,3.75
Emory University Hospital,	07/18/2022,	2479167,07/11/2022,Telemetry Unit,24.0,Female,Masters,3.5 And Above,,,No,,No,,,,10688,Emory University,3.75
Emory University Hospital,	07/18/2022,	2479861,08/21/2022,General Medical Inpatient Unit,25.0,Female,Masters,3.0 - 3.49,Full-time,,No,,No,,,,10534,Emory University,3.25
Emory University Hospital,	04/27/2022,	2052978,03/21/2022,Neurology/Neurosurgical ICU Inpatient Unit,26.0,Female,Masters,3.5 And Above,,,No,,No,,,,22151,Emory University,3.75
Emory University Hospital,	04/27/2022,	2184325,04/04/2022,Medical ICU Inpatient Unit,34.0,Female,Accelerated BSN,3.5 And Above,,,No,,No,,,,22152,Emory University,3.75
Emory University Hospital,	04/27/2022,	2426060,03/21/2022,Cardiac/Heart/Vascular Critical Care,23.0,Female,Masters,3.5 And Above,,,No,,No,,,,22153,Emory University,3.75
Emory University Hospital,	04/27/2022,	2426579,02/21/2022,Cardiac/Heart/Vascular Critical Care,35.0,Female,Masters,3.5 And Above,,,No,,No,,,,22154,Emory University,3.75
Emory University Hospital,	04/27/2022,	2427115,03/07/2022,Surgical ICU Inpatient Unit,22.0,Female,Masters,3.5 And Above,,,No,,No,,,,22155,Emory University,3.75
Emory University Hospital,	04/27/2022,	2428543,03/07/2022,Surgical ICU Inpatient Unit,25.0,Female,Masters,3.5 And Above,,,No,,No,,,,22156,Emory University,3.75
Emory University Hospital,	04/27/2022,	2441841,03/07/2022,Surgical ICU Inpatient Unit,34.0,Female,Masters,3.5 And Above,,,No,,No,,,,22157,Emory University,3.75
Emory University Hospital,	04/27/2022,	2463482,03/21/2022,Neurology/Neurosurgical ICU Inpatient Unit,27.0,Female,Masters,3.5 And Above,,,No,,No,,,,22158,Emory University,3.75
Emory University Hospital,	04/27/2022,	2463706,03/07/2022,Surgical ICU Inpatient Unit,27.0,Female,Masters,3.5 And Above,,,No,,No,,,,22159,Emory University,3.75
Emory University Hospital Midtown,	04/01/2022,	1769120,03/28/2022,Medical ICU Inpatient Unit,29.0,Female,Accelerated BSN,3.5 And Above,,,No,,No,,,,22160,Emory University,3.75
Emory University Hospital Midtown,	04/01/2022,	1898761,04/17/2022,Neonatal ICU Inpatient Unit,27.0,Female,Masters,3.5 And Above,,,No,,No,,,,22161,Emory University,3.75
Emory University Hospital Midtown,	04/01/2022,	2046387,03/28/2022,Obstetrics/Labor & Delivery Inpatient Unit,25.0,Female,Masters,3.5 And Above,,,No,,Yes,06/22/2024,2.2383561643835614,Other/Unknown,22162,Emory University,3.75
Emory University Hospital Midtown,	04/01/2022,	2364532,03/06/2022,Cardiac/Heart/Vascular Critical Care,30.0,Male,Masters,3.5 And Above,,,No,,Yes,10/09/2023,1.5945205479452054,Obtained position with a more desirable work schedule,22163,Emory University,3.75
Emory University Hospital Midtown,	04/01/2022,	2371135,03/28/2022,Mother/Baby Unit,24.0,Female,BSN,3.0 - 3.49,,,No,,No,,,,22164,Emory University,3.25
Emory University Hospital Midtown,	04/01/2022,	2372341,03/28/2022,Neonatal ICU Inpatient Unit,24.0,Female,Masters,3.0 - 3.49,,,No,,No,,,,22165,Emory University,3.25
Emory University Hospital Midtown,	04/01/2022,	2425094,03/28/2022,Neonatal ICU Inpatient Unit,25.0,Female,Accelerated BSN,3.5 And Above,,,No,,Yes,01/31/2025,2.8493150684931505,Relocating out of area,22166,Emory University,3.75
Emory University Hospital Midtown,	04/01/2022,	2425733,04/04/2022,Ambulatory Setting,25.0,Female,BSN,3.5 And Above,,,No,,No,,,,22167,Emory University,3.75
Emory Decatur Hospital,	03/22/2022,	2244300,03/14/2022,Neonatal ICU Inpatient Unit,24.0,Female,BSN,3.5 And Above,,,No,,No,,,,22168,Emory University,3.75
Emory University Hospital,	03/18/2022,	2427949,04/04/2022,Transplant Unit,23.0,Female,Masters,3.5 And Above,Full-time,,No,,No,,,,22169,Emory University,3.75
Emory University Hospital,	03/18/2022,	2441662,05/01/2022,General Surgical Inpatient Unit,23.0,Female,Masters,3.5 And Above,,,No,,No,,,,22170,Emory University,3.75
Emory Saint Joseph’s Hospital,	02/21/2022,	2371542,02/21/2022,Cardiac/Heart/Vascular Critical Care,26.0,Female,Masters,3.5 And Above,Full-time,,No,,Yes,02/26/2023,1.0136986301369864,Relocating out of area,22171,Emory University,3.75
Emory University Hospital Midtown,	08/12/2022,	2478069,08/08/2022,Neonatal ICU Inpatient Unit,24.0,Female,MSN (CNL),3.5 And Above,,,No,,Yes,11/10/2022,0.25753424657534246,Other/Unknown,10717,Emory University,3.75
Emory Johns Creek Hospital,	02/21/2022,	2441660,02/21/2022,Emergency Department,24.0,Female,Masters,3.5 And Above,,,No,,Yes,05/05/2024,2.202739726027397,Obtained position representing a different job experience,22173,Emory University,3.75
Emory University Hospital,	11/03/2021,	2167798,08/09/2021,Cardiac/Heart/Vascular Critical Care,25.0,Male,BSN,3.0 - 3.49,,,No,,Yes,11/03/2024,3.2383561643835614,Other/Unknown,22174,Emory University,3.25
Emory University Hospital Midtown,	08/13/2021,	2311034,08/09/2021,Cardiac/Heart/Vascular Critical Care,22.0,Female,BSN,3.5 And Above,,,No,,Yes,06/07/2022,0.8273972602739726,Relocating out of area,22175,Emory University,3.75
Emory University Hospital,	11/03/2021,	2425680,09/20/2021,Surgical ICU Inpatient Unit,23.0,Female,BSN,3.5 And Above,,,No,,No,,,,22176,Emory University,3.75
Emory University Hospital,	11/03/2021,	2426068,11/02/2021,Medical ICU Inpatient Unit,23.0,Female,Accelerated BSN,3.5 And Above,,,No,,Yes,04/11/2023,1.4383561643835616,Returning to school full-time,22177,Emory University,3.75
Emory University Hospital,	11/03/2021,	2426333,09/20/2021,Cardiac/Heart/Vascular Critical Care,23.0,Female,BSN,3.5 And Above,,,No,,No,,,,22178,Emory University,3.75
Emory University Hospital,	11/03/2021,	2426435,09/20/2021,Cardiac/Heart/Vascular Critical Care,24.0,Female,Accelerated BSN,3.5 And Above,,,No,,No,,,,22179,Emory University,3.75
Emory University Hospital,	11/03/2021,	2426830,09/20/2021,Cardiac/Heart/Vascular Critical Care,26.0,Male,Accelerated BSN,3.5 And Above,,,No,,No,,,,22180,Emory University,3.75
Emory University Hospital,	11/03/2021,	2434154,09/20/2021,Cardiac/Heart/Vascular Critical Care,23.0,Female,Accelerated BSN,3.5 And Above,,,No,,No,,,,22181,Emory University,3.75
Emory University Hospital,	11/03/2021,	2477704,08/20/2021,Surgical ICU Inpatient Unit,23.0,Female,BSN,3.5 And Above,,,No,,No,,,,22182,Emory University,3.75
Emory University Hospital Midtown,	10/29/2021,	2280259,10/11/2021,Neurology/Neurosurgical ICU Inpatient Unit,22.0,Female,BSN,3.5 And Above,,,No,,No,,,,22184,Emory University,3.75
Emory University Hospital Midtown,	10/29/2021,	2281415,10/04/2021,Obstetrics/Labor & Delivery Inpatient Unit,22.0,Female,BSN,3.5 And Above,,,No,,Yes,12/05/2023,2.16986301369863,Other/Unknown,22185,Emory University,3.75
Emory University Hospital Midtown,	10/29/2021,	2475846,10/17/2021,Obstetrics/Labor & Delivery Inpatient Unit,23.0,Female,Accelerated BSN,3.5 And Above,,,No,,Yes,04/16/2023,1.4958904109589042,Other/Unknown,22186,Emory University,3.75
Emory Saint Joseph’s Hospital,	10/18/2021,	0174258,10/18/2021,General Medical Inpatient Unit,52.0,Female,BSN,3.0 - 3.49,,,No,,No,,,,22187,Emory University,3.25
Emory Saint Joseph’s Hospital,	10/18/2021,	2425560,10/25/2021,Emergency Department,23.0,Female,Accelerated BSN,3.5 And Above,Per Diem,,No,,No,,,,22188,Emory University,3.75
Emory Hillandale Hospital,	10/12/2021,	2268636,10/03/2021,Emergency Department,26.0,Female,Accelerated BSN,3.5 And Above,,,No,,No,,,,22189,Emory University,3.75
Emory University Hospital,	09/27/2021,	2281403,11/29/2021,Emergency Department,23.0,Female,BSN,3.5 And Above,,,No,,No,,,,22190,Emory University,3.75
Emory University Hospital,	08/26/2021,	2238813,07/19/2021,Emergency Department,23.0,Female,BSN,3.5 And Above,,,No,,No,,,,22191,Emory University,3.75
Emory University Hospital Midtown,	08/26/2021,	2306512,08/09/2021,Cardiac/Heart/Vascular Critical Care,22.0,Female,BSN,3.5 And Above,,,No,,Yes,11/05/2022,1.2410958904109588,Family obligations (family/friend caregiving responsibility),22192,Emory University,3.75
Emory University Hospital,	08/26/2021,	2372312,07/26/2021,Perioperative OR,23.0,Female,BSN,3.5 And Above,,,No,,Yes,08/16/2023,2.0575342465753423,Other/Unknown,22193,Emory University,3.75
Emory University Hospital,	08/26/2021,	2387062,07/19/2021,Emergency Department,22.0,Female,BSN,3.5 And Above,,,No,,No,,,,22194,Emory University,3.75
Emory Johns Creek Hospital,	07/18/2022,	2489166,08/29/2022,Emergency Department,25.0,Male,BSN,3.0 - 3.49,,,No,,Yes,10/10/2022,0.11506849315068493,Unsatisfactory performance,22195,Emory University,3.25
Emory University Hospital,	08/18/2021,	2279193,07/19/2021,Neurology/Neurosurgical ICU Inpatient Unit,22.0,Female,BSN,3.5 And Above,,,No,,No,,,,22196,Emory University,3.75
Emory University Hospital,	08/18/2021,	2280353,07/19/2021,Medical ICU Inpatient Unit,22.0,Female,BSN,3.5 And Above,,,No,,Yes,02/18/2023,1.5863013698630137,Other/Unknown,22197,Emory University,3.75
Emory University Hospital,	08/18/2021,	2280559,07/19/2021,Neurology/Neurosurgical ICU Inpatient Unit,22.0,Female,BSN,3.5 And Above,,,No,,No,,,,22198,Emory University,3.75
Emory University Hospital,	08/18/2021,	2281101,07/19/2021,Surgical ICU Inpatient Unit,22.0,Female,BSN,3.5 And Above,,,No,,No,,,,22199,Emory University,3.75
Emory University Hospital,	08/18/2021,	2281873,07/19/2021,Surgical ICU Inpatient Unit,23.0,Female,BSN,3.5 And Above,,,No,,Yes,01/14/2024,2.4904109589041097,Other/Unknown,22200,Emory University,3.75
Emory University Hospital,	08/18/2021,	2298641,07/19/2021,Neurology/Neurosurgical ICU Inpatient Unit,22.0,Female,BSN,3.5 And Above,,,No,,Yes,06/11/2023,1.895890410958904,Other/Unknown,22201,Emory University,3.75
Emory University Hospital,	08/18/2021,	2301049,07/19/2021,Neurology/Neurosurgical ICU Inpatient Unit,22.0,Female,BSN,3.5 And Above,,,No,,No,,,,22202,Emory University,3.75
Emory University Hospital,	08/18/2021,	2302816,07/19/2021,Neurology/Neurosurgical ICU Inpatient Unit,21.0,Female,BSN,3.5 And Above,,,No,,Yes,09/03/2022,1.126027397260274,Relocating out of area,22203,Emory University,3.75
Emory University Hospital,	08/18/2021,	2419211,07/19/2021,Surgical ICU Inpatient Unit,45.0,Female,BSN,3.5 And Above,,,No,,Yes,03/05/2023,1.6273972602739726,Other/Unknown,22204,Emory University,3.75
Emory University Hospital,	08/18/2021,	2425681,08/02/2021,Cardiac/Heart/Vascular Critical Care,29.0,Female,Accelerated BSN,3.5 And Above,,,No,,No,,,,22205,Emory University,3.75
Emory University Hospital Midtown,	08/13/2021,	2235061,08/13/2021,Oncology Inpatient Unit,22.0,Female,BSN,2.5 - 2.99,,,No,,No,,,,22206,Emory University,2.75
Emory University Hospital Midtown,	08/13/2021,	2288447,08/09/2021,Emergency Department,22.0,Female,BSN,3.5 And Above,,,No,,Yes,06/25/2023,1.8767123287671232,Relocating out of area,22207,Emory University,3.75
Emory University Hospital Midtown,	08/13/2021,	2418671,08/09/2021,Neonatal ICU Inpatient Unit,22.0,Female,BSN,3.5 And Above,,,No,,No,,,,22208,Emory University,3.75
Emory Decatur Hospital,	07/26/2021,	2278966,07/26/2021,Oncology Inpatient Unit,22.0,Female,BSN,3.5 And Above,,,No,,No,,,,22209,Emory University,3.75
Emory Decatur Hospital,	07/26/2021,	2281411,07/26/2021,Emergency Department,22.0,Female,BSN,3.5 And Above,,,No,,Yes,07/15/2023,1.9698630136986301,Relocating out of area,22210,Emory University,3.75
Emory Decatur Hospital,	07/26/2021,	2282336,07/26/2021,Neonatal Intermediate Unit,22.0,Female,BSN,3.5 And Above,,,No,,No,,,,22211,Emory University,3.75
Emory Decatur Hospital,	07/26/2021,	2282443,08/09/2021,General Medical Inpatient Unit,22.0,Female,BSN,3.5 And Above,,,No,,Yes,06/23/2024,2.873972602739726,Relocating out of area,22212,Emory University,3.75
Emory Decatur Hospital,	07/26/2021,	2282608,07/26/2021,Neonatal ICU Inpatient Unit,22.0,Female,BSN,3.5 And Above,,,No,,Yes,05/07/2023,1.7808219178082192,Other/Unknown,22213,Emory University,3.75
Emory Decatur Hospital,	07/26/2021,	2368302,07/26/2021,Obstetrics/Labor & Delivery Inpatient Unit,22.0,Female,BSN,3.5 And Above,,,No,,No,,,,22214,Emory University,3.75
Emory University Hospital,	07/22/2021,	2281901,07/19/2021,General Medical Inpatient Unit,21.0,Female,BSN,3.0 - 3.49,,,No,,No,,,,22215,Emory University,3.25
Emory University Hospital at Wesley Woods,	07/22/2021,	2301162,07/12/2021,Psychiatric Inpatient Unit,22.0,Female,BSN,3.5 And Above,,,No,,No,,,,22216,Emory University,3.75
Emory Saint Joseph’s Hospital,	07/12/2021,	0447831,07/04/2021,Medical/Surgical Inpatient Unit,28.0,Female,BSN,3.5 And Above,Full-time,,No,,No,,,,22217,Emory University,3.75
Emory Saint Joseph’s Hospital,	07/12/2021,	2064672,07/04/2021,Orthopedic Inpatient Unit,26.0,Female,Accelerated BSN,3.5 And Above,Full-time,,No,,Yes,01/06/2024,2.5095890410958903,Returning to school full-time,22218,Emory University,3.75
Emory Saint Joseph’s Hospital,	07/12/2021,	2232510,07/04/2021,Cardiac/Heart/Vascular Critical Care,25.0,Female,Accelerated BSN,3.5 And Above,Full-time,,No,,Yes,03/02/2025,3.663013698630137,Other/Unknown,22219,Emory University,3.75
Emory Saint Joseph’s Hospital,	07/12/2021,	2423406,07/04/2021,Telemetry Unit,30.0,Female,Accelerated BSN,3.5 And Above,Full-time,,No,,No,,,,22220,Emory University,3.75
Emory Saint Joseph’s Hospital,	07/12/2021,	2423480,07/04/2021,Telemetry Unit,25.0,Female,Accelerated BSN,3.5 And Above,Full-time,,No,,Yes,03/15/2023,1.6958904109589041,Obtained position with a more desirable work schedule,22221,Emory University,3.75
Emory Saint Joseph’s Hospital,	07/12/2021,	2423555,07/04/2021,Medical/Surgical ICU Inpatient Unit,22.0,Female,BSN,3.5 And Above,Full-time,,No,,Yes,02/25/2024,2.6465753424657534,Relocating out of area,22222,Emory University,3.75
Emory Saint Joseph’s Hospital,	07/12/2021,	2427727,07/04/2021,Telemetry Unit,25.0,Female,BSN,3.5 And Above,Full-time,,No,,No,,,,22223,Emory University,3.75
Emory University Hospital Midtown,	07/04/2021,	0398161,08/09/2021,Cardiac/Heart/Vascular Critical Care,33.0,Female,Accelerated BSN,3.5 And Above,,,No,,No,,,,22224,Emory University,3.75
Emory University Hospital Midtown,	07/04/2021,	1745601,09/19/2021,Oncology Inpatient Unit,29.0,Female,Accelerated BSN,3.5 And Above,,,No,,No,,,,22225,Emory University,3.75
Emory University Hospital,	07/04/2021,	2068266,07/11/2021,Medical/Surgical Intermediate Unit,25.0,Female,Accelerated BSN,3.5 And Above,,,No,,No,,,,22227,Emory University,3.75
Emory Decatur Hospital,	07/04/2021,	2364413,07/26/2021,Medical/Surgical Intermediate Unit,27.0,Female,Accelerated BSN,3.5 And Above,,,No,,No,,,,22228,Emory University,3.75
Emory Decatur Hospital,	07/04/2021,	2381351,07/11/2021,Medical/Surgical Intermediate Unit,22.0,Female,Masters,3.5 And Above,,,No,,No,,,,22229,Emory University,3.75
Emory University Hospital,	07/04/2021,	2409667,10/25/2021,Oncology Inpatient Unit,26.0,Female,Accelerated BSN,3.5 And Above,,,No,,No,,,,22230,Emory University,3.75
Emory University Hospital,	07/04/2021,	2423850,07/19/2021,Telemetry Unit,26.0,Female,Accelerated BSN,3.5 And Above,,,No,,No,,,,22231,Emory University,3.75
Emory University Hospital Midtown,	07/04/2021,	2428528,07/11/2021,Cardiac/Heart/Vascular Critical Care,26.0,Female,Accelerated BSN,3.5 And Above,,,No,,No,,,,22232,Emory University,3.75
Emory University Hospital Midtown,	07/04/2021,	2431067,08/09/2021,Medical/Surgical Inpatient Unit,26.0,Female,Accelerated BSN,3.5 And Above,,,No,,Yes,10/02/2023,2.147945205479452,Other/Unknown,22233,Emory University,3.75
Emory University Hospital,	04/16/2021,	2018724,01/24/2021,Cardiac/Heart/Vascular Critical Care,23.0,Female,Accelerated BSN,3.5 And Above,,,No,,No,,,,22234,Emory University,3.75
Emory Rehabilitation Hospital,	04/16/2021,	2114971,03/22/2021,Rehabilitation Inpatient Unit,24.0,Female,Accelerated BSN,3.5 And Above,,,No,,Yes,11/11/2023,2.6410958904109587,Other/Unknown,22235,Emory University,3.75
Emory University Hospital,	04/16/2021,	2120710,03/01/2021,Medical/Surgical Intermediate Unit,25.0,Female,Accelerated BSN,3.5 And Above,Full-time,,No,,Yes,10/28/2022,1.6602739726027398,Relocating out of area,22236,Emory University,3.75
Emory University Hospital,	04/16/2021,	2319987,03/01/2021,Medical/Surgical Intermediate Unit,24.0,Female,Accelerated BSN,3.5 And Above,,,No,,No,,,,22237,Emory University,3.75
Emory University Hospital,	04/16/2021,	2370581,03/22/2021,Surgical ICU Inpatient Unit,30.0,Male,Accelerated BSN,3.5 And Above,,,No,,No,,,,22238,Emory University,3.75
Emory University Hospital,	04/16/2021,	2371327,05/03/2021,Cardiac/Heart/Vascular Critical Care,33.0,Male,Accelerated BSN,3.5 And Above,,,No,,Yes,08/03/2022,1.252054794520548,Travel Nurse,22239,Emory University,3.75
Emory University Hospital,	04/16/2021,	2371573,03/22/2021,Oncology Inpatient Unit,26.0,Female,Accelerated BSN,3.0 - 3.49,,,No,,Yes,09/20/2023,2.4986301369863013,Other/Unknown,22240,Emory University,3.25
Emory University Hospital,	04/16/2021,	2372561,02/22/2021,Cardiac/Heart/Vascular Critical Care,24.0,Female,Accelerated BSN,3.5 And Above,,,No,,Yes,09/10/2022,1.547945205479452,Relocating out of area,22241,Emory University,3.75
Emory University Hospital,	04/16/2021,	2388125,03/22/2021,Surgical ICU Inpatient Unit,29.0,Male,Accelerated BSN,3.5 And Above,,,No,,No,,,,22242,Emory University,3.75
Emory University Hospital,	04/16/2021,	2418607,03/22/2021,Neurology/Neurosurgical ICU Inpatient Unit,26.0,Female,BSN,3.5 And Above,,,No,,No,,,,22243,Emory University,3.75
Emory University Hospital,	04/16/2021,	2418609,04/05/2021,Oncology Inpatient Unit,24.0,Female,Accelerated BSN,3.5 And Above,,,No,,No,,,,22244,Emory University,3.75
Emory University Hospital Midtown,	04/01/2021,	2048641,04/19/2021,Neonatal ICU Inpatient Unit,26.0,Female,BSN,3.0 - 3.49,,,No,,Yes,03/15/2024,2.9068493150684933,Other/Unknown,22245,Emory University,3.25
Emory University Hospital Midtown,	04/01/2021,	2319107,02/07/2021,Medical/Surgical Inpatient Unit,40.0,Female,Accelerated BSN,3.5 And Above,,,No,,Yes,01/12/2024,2.9287671232876713,Compensation/pay,22246,Emory University,3.75
Emory University Hospital Midtown,	04/01/2021,	2371027,01/04/2021,Obstetrics/Labor & Delivery Inpatient Unit,26.0,Female,Accelerated BSN,3.5 And Above,,,No,,Yes,12/05/2022,1.917808219178082,Other/Unknown,22247,Emory University,3.75
Emory University Hospital Midtown,	04/01/2021,	2386658,01/11/2021,Obstetrics/Labor & Delivery Inpatient Unit,27.0,Female,Accelerated BSN,3.5 And Above,,,No,,No,,,,22248,Emory University,3.75
Emory Decatur Hospital,	03/15/2021,	1277000,03/15/2021,Neonatal ICU Inpatient Unit,32.0,Female,BSN,3.5 And Above,,,No,,No,,,,22249,Emory University,3.75
Emory Decatur Hospital,	03/15/2021,	2370702,03/07/2021,Emergency Department,24.0,Male,Accelerated BSN,3.5 And Above,,,No,,No,,,,22250,Emory University,3.75
Emory University Hospital,	09/27/2021,	2198354,10/04/2021,Transplant Unit,30.0,Female,Accelerated BSN,3.5 And Above,,,No,,Yes,09/13/2022,0.9424657534246575,Did not return from leave of absence,22251,Emory University,3.75
Emory Decatur Hospital,	10/13/2020,	2372331,10/05/2020,Emergency Department,26.0,Female,Accelerated BSN,3.5 And Above,,,No,,Yes,08/19/2021,0.8712328767123287,Returning to school full-time,22252,Emory University,3.75
Emory University Hospital,	02/15/2021,	2381355,02/15/2021,Perioperative OR,24.0,Female,Accelerated BSN,3.5 And Above,Full-time,,No,,No,,,,22253,Emory University,3.75
Emory Saint Joseph’s Hospital,	02/15/2021,	2386678,02/15/2021,Medical/Surgical Intermediate Unit,23.0,Female,Accelerated BSN,3.5 And Above,,,No,,Yes,06/16/2022,1.3315068493150686,Obtained position representing a different job experience,22254,Emory University,3.75
Emory University Hospital,	11/08/2023,	2522590,10/09/2023,Cardiac/Heart/Vascular Critical Care,24.0,Female,Masters,3.5 And Above,Full-time,,No,,Yes,06/08/2024,0.6657534246575343,Unhappy with job/facility,11218,Emory University,3.75
Emory University Hospital,	11/08/2023,	2543614,10/09/2023,Cardiac/Heart/Vascular Critical Care,33.0,Female,Masters,3.5 And Above,Full-time,,No,,Yes,06/01/2024,0.6465753424657534,Obtained position representing a different job experience,22256,Emory University,3.75
Emory University Hospital,	11/06/2020,	2252367,11/15/2020,Oncology Inpatient Unit,23.0,Female,BSN,3.0 - 3.49,,,No,,Yes,12/05/2021,1.0547945205479452,Obtained position representing a different job experience,22257,Emory University,3.25
Emory University Hospital,	10/15/2018,	1784935,10/15/2018,Medical/Surgical ICU Inpatient Unit,25.0,Female,Accelerated BSN,3.0 - 3.49,,,No,,Yes,03/01/2019,0.37534246575342467,Unsatisfactory performance,22258,Emory University,3.25
Emory University Hospital Midtown,	10/30/2020,	2257096,10/11/2020,Oncology Inpatient Unit,22.0,Female,BSN,3.0 - 3.49,,,No,,No,,,,22259,Emory University,3.25
Emory University Hospital Midtown,	10/30/2020,	2319500,10/09/2020,Medical/Surgical Inpatient Unit,24.0,Female,BSN,3.5 And Above,,,No,,No,,,,22260,Emory University,3.75
Emory University Hospital Midtown,	10/30/2020,	2374234,10/18/2020,Orthopedic Inpatient Unit,30.0,Male,Accelerated BSN,3.5 And Above,Full-time,,No,,Yes,04/26/2022,1.5205479452054795,Obtained position with a more desirable work schedule,22261,Emory University,3.75
Emory Decatur Hospital,	10/13/2020,	2256013,09/14/2020,Emergency Department,21.0,Female,BSN,3.5 And Above,,,No,,Yes,10/03/2021,1.0520547945205478,Obtained position representing a different job experience,22262,Emory University,3.75
Emory University Orthopaedics & Spine Hospital ,	10/13/2020,	2361801,10/19/2020,Perioperative PACU,25.0,Female,BSN,3.5 And Above,,,No,,Yes,05/25/2022,1.5972602739726027,Relocating out of area,22263,Emory University,3.75
Emory Saint Joseph’s Hospital,	10/12/2020,	1738152,10/12/2020,Medical/Surgical Inpatient Unit,29.0,Female,Accelerated BSN,3.5 And Above,Per Diem,,No,,No,,,,22264,Emory University,3.75
Emory Saint Joseph’s Hospital,	10/18/2021,	2425380,10/18/2021,Cardiac/Heart/Vascular Critical Care,23.0,Female,Accelerated BSN,3.5 And Above,,,No,,Yes,06/30/2022,0.6986301369863014,Obtained position with a more desirable work schedule,22265,Emory University,3.75
Emory University Hospital,	09/27/2021,	2290332,10/18/2021,Orthopedic Inpatient Unit,22.0,Female,BSN,3.5 And Above,,,No,,Yes,04/01/2022,0.4520547945205479,Returning to school full-time,22266,Emory University,3.75
Emory University Hospital,	08/06/2020,	2164580,08/03/2020,Oncology Inpatient Unit,23.0,Female,Accelerated BSN,3.5 And Above,,,No,,Yes,10/31/2022,2.243835616438356,Family obligations (family/friend caregiving responsibility),22267,Emory University,3.75
Emory University Hospital,	08/06/2020,	2236049,06/16/2020,Medical ICU Inpatient Unit,21.0,Female,BSN,3.5 And Above,Full-time,,No,,No,,,,22268,Emory University,3.75
Emory University Hospital,	08/06/2020,	2247859,07/26/2020,Perioperative OR,22.0,Female,BSN,3.5 And Above,,,No,,No,,,,22269,Emory University,3.75
Emory University Hospital,	08/06/2020,	2250706,08/03/2020,Perioperative OR,22.0,Female,BSN,3.5 And Above,,,No,,No,,,,22270,Emory University,3.75
Emory University Hospital,	08/06/2020,	2252326,07/27/2020,Neurology/Neurosurgical ICU Inpatient Unit,22.0,Male,BSN,3.5 And Above,,,No,,No,,,,22271,Emory University,3.75
Emory University Hospital,	08/06/2020,	2258198,07/27/2020,Perioperative OR,22.0,Female,BSN,3.5 And Above,,,No,,No,,,,22272,Emory University,3.75
Emory University Hospital Midtown,	08/01/2020,	1422523,08/10/2020,Cardiac/Heart/Vascular Critical Care,44.0,Female,BSN,3.5 And Above,,,No,,Yes,08/10/2021,1.0,Obtained position with a more desirable work schedule,22273,Emory University,3.75
Emory University Hospital Midtown,	08/01/2020,	2258198,07/27/2020,Perioperative OR,22.0,Female,BSN,3.5 And Above,,,No,,No,,,,22274,Emory University,3.75
Emory University Hospital Midtown,	08/01/2020,	2288320,08/06/2020,Oncology Inpatient Unit,24.0,Female,BSN,3.5 And Above,,,No,,No,,,,22275,Emory University,3.75
Emory University Hospital,	07/30/2020,	2195441,07/26/2020,Medical/Surgical Intermediate Unit,23.0,Female,BSN,3.5 And Above,,,No,,No,,,,22276,Emory University,3.75
Emory University Hospital,	07/30/2020,	2236808,08/03/2020,Medical/Surgical Intermediate Unit,22.0,Female,BSN,3.0 - 3.49,,,No,,Yes,04/20/2023,2.712328767123288,Other/Unknown,22277,Emory University,3.25
Emory University Hospital Midtown,	10/28/2022,	2134755,10/22/2022,Neonatal ICU Inpatient Unit,24.0,Female,Accelerated BSN,3.5 And Above,,,No,,Yes,10/28/2022,0.01643835616438356,Left before cohort started,22279,Emory University,3.75
Emory Decatur Hospital,	07/21/2020,	2233521,06/14/2020,Neonatal ICU Inpatient Unit,22.0,Female,BSN,3.5 And Above,,,No,,Yes,03/04/2023,2.7205479452054795,Relocating out of area,22280,Emory University,3.75
Emory Decatur Hospital,	07/21/2020,	2319262,07/13/2020,Neonatal ICU Inpatient Unit,31.0,Female,BSN,3.5 And Above,,,No,,No,,,,22281,Emory University,3.75
Emory Johns Creek Hospital,	07/13/2020,	2234389,07/20/2020,General Medical Inpatient Unit,22.0,Female,BSN,3.5 And Above,,,No,,Yes,07/25/2022,2.0136986301369864,Unhappy with job/facility,22282,Emory University,3.75
Emory Saint Joseph’s Hospital,	07/13/2020,	2234597,07/13/2020,Cardiac/Heart/Vascular Critical Care,22.0,Female,BSN,3.5 And Above,Full-time,,No,,No,,,,22283,Emory University,3.75
Emory Saint Joseph’s Hospital,	07/13/2020,	2361802,07/13/2020,General Medical Inpatient Unit,22.0,Female,BSN,3.5 And Above,Full-time,,No,,No,,,,22284,Emory University,3.75
Emory Johns Creek Hospital,	07/04/2020,	1290812,07/20/2020,Medical/Surgical ICU Inpatient Unit,32.0,Female,Accelerated BSN,3.5 And Above,Full-time,,No,,No,,,,22285,Emory University,3.75
Emory University Hospital Midtown,	07/04/2020,	1687825,06/08/2020,Cardiac/Heart/Vascular Critical Care,29.0,Male,BSN,3.5 And Above,,,No,,Yes,06/18/2021,1.0273972602739727,Relocating out of area,22286,Emory University,3.75
Emory University Hospital,	07/04/2020,	1790903,07/04/2020,Medical/Surgical Inpatient Unit,27.0,Female,BSN,3.5 And Above,,,No,,Yes,02/05/2022,1.5917808219178082,Obtained position representing a different job experience,22287,Emory University,3.75
Emory University Hospital,	07/04/2020,	1827824,07/04/2020,Oncology Inpatient Unit,53.0,Female,Accelerated BSN,3.5 And Above,,,No,,No,,,,22288,Emory University,3.75
Emory Saint Joseph’s Hospital,	07/04/2020,	2289172,07/13/2020,Medical/Surgical Intermediate Unit,24.0,Male,Accelerated BSN,3.5 And Above,,,No,,Yes,12/30/2022,2.4657534246575343,Other/Unknown,22290,Emory University,3.75
Emory University Hospital,	07/04/2020,	2314954,08/03/2020,Oncology Inpatient Unit,26.0,Female,Accelerated BSN,3.0 - 3.49,,,No,,Yes,09/04/2021,1.0876712328767124,Relocating out of area,22291,Emory University,3.25
Emory University Hospital,	07/04/2020,	2320970,07/04/2020,Transplant Unit,25.0,Female,Accelerated BSN,3.0 - 3.49,,,No,,No,,,,22292,Emory University,3.25
Emory Saint Joseph’s Hospital,	07/04/2020,	2332855,06/14/2020,Orthopedic Inpatient Unit,22.0,Female,Accelerated BSN,3.0 - 3.49,,,No,,Yes,09/22/2021,1.273972602739726,Returning to school full-time,22293,Emory University,3.25
Emory University Hospital,	07/04/2020,	2366481,07/30/2020,Medical/Surgical Inpatient Unit,33.0,Female,Accelerated BSN,3.5 And Above,,,No,,No,,,,22294,Emory University,3.75
Emory University Hospital Midtown,	10/29/2021,	2446928,10/24/2021,Mother/Baby Unit,24.0,Female,Accelerated BSN,3.5 And Above,,,No,,Yes,09/24/2022,0.9178082191780822,Relocating out of area,22295,Emory University,3.75
Emory Decatur Hospital,	07/04/2020,	2370349,07/04/2020,Oncology Inpatient Unit,26.0,Female,Accelerated BSN,3.5 And Above,,,No,,No,,,,22296,Emory University,3.75
Emory Saint Joseph’s Hospital,	07/04/2020,	2371164,07/13/2020,General Medical Inpatient Unit,25.0,Female,Accelerated BSN,3.0 - 3.49,,,No,,Yes,12/08/2021,1.4054794520547946,Did not return from leave of absence,22297,Emory University,3.25
Emory Johns Creek Hospital,	07/04/2020,	2371287,06/15/2020,Ambulatory Setting,46.0,Female,Accelerated BSN,3.5 And Above,Full-time,,No,,Yes,07/01/2023,3.043835616438356,Other/Unknown,22298,Emory University,3.75
Emory University Hospital Midtown,	07/04/2020,	2371889,06/15/2020,Medical/Surgical Inpatient Unit,27.0,Female,BSN,3.5 And Above,,,No,,No,,,,22299,Emory University,3.75
Emory University Hospital,	07/04/2020,	2372265,07/30/2020,Oncology Inpatient Unit,25.0,Female,Accelerated BSN,3.5 And Above,,,No,,No,,,,22300,Emory University,3.75
Emory University Hospital,	07/04/2020,	2372329,07/30/2020,Oncology Inpatient Unit,24.0,Female,Accelerated BSN,3.5 And Above,Full-time,,No,,No,,,,22301,Emory University,3.75
Emory University Hospital,	07/04/2020,	2374239,07/30/2020,General Surgical Inpatient Unit,23.0,Female,Accelerated BSN,3.5 And Above,,,No,,Yes,08/14/2021,1.0410958904109588,Relocating out of area,22302,Emory University,3.75
Emory University Hospital,	05/01/2020,	2162820,03/09/2020,Surgical ICU Inpatient Unit,23.0,Male,Accelerated BSN,3.5 And Above,,,No,,No,,,,22303,Emory University,3.75
Emory University Hospital Midtown,	04/01/2020,	1536161,03/30/2020,Cardiac/Heart/Vascular Critical Care,29.0,Female,Accelerated BSN,3.5 And Above,,,No,,Yes,12/31/2022,2.756164383561644,Travel Nurse,22304,Emory University,3.75
Emory University Hospital Midtown,	04/01/2020,	1825565,02/24/2020,General Medical Inpatient Unit,26.0,Male,BSN,3.5 And Above,,,No,,No,,,,22305,Emory University,3.75
Emory University Hospital Midtown,	04/01/2020,	2073929,03/31/2020,General Surgical Inpatient Unit,24.0,Female,Accelerated BSN,3.0 - 3.49,,,No,,No,,,,22306,Emory University,3.25
Emory University Hospital Midtown,	04/01/2020,	2121180,02/24/2020,Neurology/Neurosurgical ICU Inpatient Unit,24.0,Female,Accelerated BSN,3.5 And Above,,,No,,Yes,12/04/2022,2.778082191780822,Other/Unknown,22307,Emory University,3.75
Emory University Hospital Midtown,	04/01/2020,	2140875,03/30/2020,Oncology Inpatient Unit,23.0,Female,Accelerated BSN,3.5 And Above,,,No,,No,,,,22308,Emory University,3.75
Emory University Hospital Midtown,	04/01/2020,	2319524,02/24/2020,Medical/Surgical Intermediate Unit,37.0,Female,BSN,3.5 And Above,,,No,,No,,,,22309,Emory University,3.75
Emory University Hospital Midtown,	04/01/2020,	2319682,02/24/2020,Medical ICU Inpatient Unit,27.0,Male,Accelerated BSN,3.5 And Above,,,No,,No,,,,22310,Emory University,3.75
Emory University Hospital Midtown,	04/01/2020,	2320104,01/27/2020,General Surgical Inpatient Unit,25.0,Female,Accelerated BSN,3.5 And Above,,,No,,No,,,,22311,Emory University,3.75
Emory University Hospital Midtown,	04/01/2020,	2321775,03/30/2020,Medical/Surgical Intermediate Unit,29.0,Female,BSN,3.5 And Above,,,No,,No,,,,22312,Emory University,3.75
Emory University Hospital Midtown,	04/01/2020,	2326601,03/23/2020,Cardiac/Heart/Vascular Critical Care,24.0,Female,Accelerated BSN,3.5 And Above,Full-time,,No,,Yes,03/12/2022,1.9698630136986301,Returning to school full-time,22313,Emory University,3.75
Emory University Hospital Midtown,	04/01/2020,	2364733,03/30/2020,Oncology Inpatient Unit,25.0,Female,BSN,3.5 And Above,,,No,,Yes,05/19/2021,1.1369863013698631,Did not return from leave of absence,22314,Emory University,3.75
Emory University Hospital,	03/30/2020,	2023842,03/02/2020,Medical/Surgical Intermediate Unit,24.0,Female,Accelerated BSN,3.5 And Above,Full-time,,No,,No,,,,22315,Emory University,3.75
Emory University Hospital,	03/30/2020,	2299278,03/02/2020,Oncology Inpatient Unit,24.0,Female,Accelerated BSN,3.5 And Above,,,No,,Yes,05/24/2021,1.2273972602739727,Other/Unknown,22316,Emory University,3.75
Emory University Hospital,	03/30/2020,	2321517,03/02/2020,Neurology/Neurosurgical ICU Inpatient Unit,24.0,Female,BSN,3.5 And Above,Full-time,,No,,No,,,,22317,Emory University,3.75
Emory Decatur Hospital,	03/24/2020,	2313712,03/16/2020,Neonatal ICU Inpatient Unit,26.0,Female,Accelerated BSN,3.5 And Above,,,No,,Yes,10/14/2022,2.580821917808219,Travel Nurse,22318,Emory University,3.75
Emory Decatur Hospital,	03/24/2020,	2333937,03/16/2020,Neonatal ICU Inpatient Unit,25.0,Female,Accelerated BSN,3.5 And Above,,,No,,Yes,04/01/2022,2.043835616438356,Relocating out of area,22319,Emory University,3.75
Emory Decatur Hospital,	11/14/2023,	2541931,10/30/2023,Psychiatric Inpatient Unit,31.0,Female,Masters,3.5 And Above,Full-time,,No,,Yes,06/15/2024,0.6273972602739726,Other/Unknown,11305,Emory University,3.75
Emory Saint Joseph’s Hospital,	02/24/2020,	0407165,02/24/2020,Emergency Department,29.0,Female,Accelerated BSN,3.5 And Above,Full-time,,No,,Yes,12/09/2022,2.791780821917808,Disability/Illness/Injury ,22321,Emory University,3.75
Emory University Hospital Midtown,	10/27/2023,	2544219,10/30/2023,Neonatal ICU Inpatient Unit,23.0,Female,Masters,3.5 And Above,Full-time,,No,,Yes,03/25/2024,0.40273972602739727,Unsatisfactory performance,11279,Emory University,3.75
Emory Saint Joseph’s Hospital,	02/24/2020,	2082407,02/24/2020,Ambulatory Setting,24.0,Female,Accelerated BSN,3.5 And Above,Full-time,,No,,No,,,,22323,Emory University,3.75
Emory Saint Joseph’s Hospital,	02/24/2020,	2273697,02/24/2020,Ambulatory Setting,44.0,Female,Accelerated BSN,3.5 And Above,Full-time,,No,,Yes,07/23/2023,3.410958904109589,Other/Unknown,22324,Emory University,3.75
Emory Saint Joseph’s Hospital,	02/24/2020,	2319874,02/24/2020,Medical/Surgical Intermediate Unit,23.0,Female,Accelerated BSN,3.5 And Above,Full-time,,No,,Yes,04/27/2021,1.1726027397260275,Unsatisfactory performance,22325,Emory University,3.75
Emory Saint Joseph’s Hospital,	02/24/2020,	2320990,02/24/2020,Emergency Department,24.0,Female,Accelerated BSN,3.5 And Above,Per Diem,,No,,No,,,,22326,Emory University,3.75
Emory Saint Joseph’s Hospital,	02/24/2020,	2335596,02/24/2020,Medical/Surgical Intermediate Unit,24.0,Female,Accelerated BSN,3.5 And Above,Per Diem,,No,,Yes,05/12/2023,3.213698630136986,Other/Unknown,22327,Emory University,3.75
Emory Johns Creek Hospital,	02/24/2020,	2336829,02/24/2020,Neonatal Intermediate Unit,24.0,Female,Accelerated BSN,3.5 And Above,Full-time,,No,,Yes,01/13/2022,1.8876712328767122,Other/Unknown,22328,Emory University,3.75
Emory University Hospital Midtown,	10/31/2019,	2317744,10/28/2019,Neonatal ICU Inpatient Unit,25.0,Female,BSN,3.5 And Above,,,No,,No,,,,22329,Emory University,3.75
Emory University Hospital,	10/24/2019,	0438635,10/21/2019,Neurology/Neurosurgical ICU Inpatient Unit,22.0,Female,BSN,3.5 And Above,,,No,,No,,,,22330,Emory University,3.75
Emory University Hospital,	10/24/2019,	2192087,10/21/2019,Oncology Inpatient Unit,24.0,Female,BSN,3.0 - 3.49,,,No,,No,,,,22331,Emory University,3.25
Emory University Hospital,	10/24/2019,	2196989,10/21/2019,Cardiac/Heart/Vascular Critical Care,22.0,Female,BSN,3.0 - 3.49,,,No,,Yes,05/02/2021,1.5315068493150685,Obtained position representing a different job experience,22332,Emory University,3.25
Emory University Hospital,	10/24/2019,	2319991,10/28/2019,Oncology Inpatient Unit,23.0,Female,BSN,3.5 And Above,,,No,,Yes,06/26/2021,1.663013698630137,Obtained position representing a promotion/career advancement,22333,Emory University,3.75
Emory Decatur Hospital,	10/22/2019,	0710397,10/14/2019,Obstetrics/Labor & Delivery Inpatient Unit,35.0,Female,Accelerated BSN,3.5 And Above,,,No,,Yes,06/25/2022,2.6986301369863015,Other/Unknown,22334,Emory University,3.75
Emory Hillandale Hospital,	10/22/2019,	2072654,10/14/2019,Emergency Department,24.0,Female,Accelerated BSN,3.5 And Above,,,No,,Yes,02/20/2021,1.356164383561644,Relocating out of area,22335,Emory University,3.75
Emory Decatur Hospital,	10/22/2019,	2320110,10/28/2019,Neonatal ICU Inpatient Unit,22.0,Female,Accelerated BSN,3.5 And Above,,,No,,Yes,05/06/2022,2.5232876712328767,Other/Unknown,22336,Emory University,3.75
Emory University Hospital at Wesley Woods,	08/01/2019,	2030136,07/22/2019,Psychiatric Inpatient Unit,22.0,Female,BSN,3.5 And Above,,,No,,No,,,,22337,Emory University,3.75
Emory University Hospital,	08/01/2019,	2116626,07/22/2019,Surgical ICU Inpatient Unit,22.0,Female,BSN,3.5 And Above,Full-time,,No,,No,,,,22338,Emory University,3.75
Emory University Hospital,	08/01/2019,	2190030,07/22/2019,Surgical ICU Inpatient Unit,22.0,Female,BSN,3.5 And Above,Full-time,,No,,No,,,,22339,Emory University,3.75
Emory University Hospital,	08/01/2019,	2195043,07/22/2019,Telemetry Unit,22.0,Female,BSN,3.5 And Above,,,No,,No,,,,22340,Emory University,3.75
The Emory Clinic,	08/01/2019,	2195339,07/29/2019,Ambulatory Setting,22.0,Female,BSN,3.5 And Above,,,No,,Yes,02/11/2021,1.5424657534246575,Unhappy with job/facility,22341,Emory University,3.75
Emory University Hospital,	08/01/2019,	2202908,07/22/2019,Medical/Surgical Intermediate Unit,22.0,Female,BSN,3.5 And Above,,,No,,Yes,08/14/2021,2.0657534246575344,Relocating out of area,22342,Emory University,3.75
Emory University Hospital,	08/01/2019,	2202912,07/22/2019,Cardiac/Heart/Vascular Critical Care,22.0,Female,BSN,3.5 And Above,Full-time,,No,,No,,,,22343,Emory University,3.75
Emory University Hospital,	08/01/2019,	2206621,07/29/2019,Perioperative OR,22.0,Female,BSN,3.0 - 3.49,,,No,,No,,,,22344,Emory University,3.25
Emory University Hospital,	08/01/2019,	2316919,07/22/2019,Medical ICU Inpatient Unit,22.0,Female,BSN,3.5 And Above,Full-time,,No,,Yes,05/15/2022,2.8164383561643835,Compensation/pay,22345,Emory University,3.75
Emory Decatur Hospital,	03/26/2024,	2279934,11/06/2023,Medical/Surgical Inpatient Unit,24.0,Male,BSN,3.0 - 3.49,Full-time,,No,,Yes,09/06/2024,0.8356164383561644,Unsatisfactory performance,22346,Emory University,3.25
Emory University Hospital Midtown,	07/25/2019,	2187499,07/29/2019,General Surgical Inpatient Unit,23.0,Female,BSN,3.0 - 3.49,,,No,,No,,,,22347,Emory University,3.25
Emory University Hospital Midtown,	07/25/2019,	2188580,07/29/2019,Neonatal ICU Inpatient Unit,22.0,Female,BSN,3.5 And Above,,,No,,No,,,,22348,Emory University,3.75
Emory University Hospital Midtown,	07/25/2019,	2211654,08/05/2019,Emergency Department,21.0,Female,BSN,3.0 - 3.49,,,No,,No,,,,22349,Emory University,3.25
Emory University Hospital Midtown,	07/25/2019,	2211952,09/09/2019,Obstetrics/Labor & Delivery Inpatient Unit,22.0,Female,BSN,3.5 And Above,,,No,,No,,,,22350,Emory University,3.75
Emory University Orthopaedics & Spine Hospital ,	07/23/2019,	0674723,07/15/2019,Orthopedic Inpatient Unit,35.0,Female,BSN,3.0 - 3.49,,,No,,Yes,07/23/2021,2.0246575342465754,Other/Unknown,22351,Emory University,3.25
Emory Decatur Hospital,	07/23/2019,	2190600,07/29/2019,Obstetrics/Labor & Delivery Inpatient Unit,21.0,Female,BSN,3.5 And Above,,,No,,Yes,09/29/2020,1.1726027397260275,Unhappy with job/facility,22352,Emory University,3.75
Emory Decatur Hospital,	07/23/2019,	2318992,07/15/2019,Medical/Surgical ICU Inpatient Unit,22.0,Female,BSN,3.0 - 3.49,,,No,,Yes,03/28/2021,1.704109589041096,Other/Unknown,22353,Emory University,3.25
Emory University Hospital Midtown,	02/28/2019,	1532284,02/25/2019,Emergency Department,27.0,Female,Accelerated BSN,3.0 - 3.49,Full-time,,No,,No,,,,22354,Emory University,3.25
Emory University Hospital Midtown,	02/28/2019,	2071266,02/25/2019,Neonatal ICU Inpatient Unit,24.0,Female,Accelerated BSN,3.0 - 3.49,Full-time,,No,,Yes,06/14/2020,1.3013698630136987,Relocating out of area,22355,Emory University,3.25
Emory University Hospital Midtown,	02/28/2019,	2071722,02/25/2019,Medical ICU Inpatient Unit,23.0,Male,BSN,3.0 - 3.49,Full-time,,No,,No,,,,22356,Emory University,3.25
Emory University Hospital Midtown,	02/28/2019,	2232882,02/25/2019,Neurology/Neurosurgical ICU Inpatient Unit,27.0,Female,Accelerated BSN,3.5 And Above,Full-time,,No,,No,,,,22357,Emory University,3.75
Emory University Hospital Midtown,	02/28/2019,	2245552,02/25/2019,Emergency Department,28.0,Female,BSN,3.5 And Above,Full-time,,No,,No,,,,22358,Emory University,3.75
Emory University Hospital Midtown,	02/28/2019,	2272368,02/25/2019,Mother/Baby Unit,25.0,Female,Accelerated BSN,3.5 And Above,Full-time,,No,,No,,,,22359,Emory University,3.75
Emory University Hospital Midtown,	02/28/2019,	2290563,02/25/2019,Neurology/Neurosurgical ICU Inpatient Unit,26.0,Female,Accelerated BSN,3.5 And Above,Full-time,,No,,No,,,,22360,Emory University,3.75
Emory University Hospital Midtown,	02/28/2019,	2297075,02/25/2019,Neonatal ICU Inpatient Unit,23.0,Female,Accelerated BSN,3.5 And Above,Full-time,,No,,Yes,08/09/2020,1.4547945205479451,Family obligations (family/friend caregiving responsibility),22361,Emory University,3.75
Emory Decatur Hospital,	02/27/2019,	2021372,02/25/2019,Neonatal ICU Inpatient Unit,24.0,Female,Accelerated BSN,3.5 And Above,,,No,,No,,,,22362,Emory University,3.75
Emory Decatur Hospital,	02/27/2019,	2276777,02/25/2019,Obstetrics/Labor & Delivery Inpatient Unit,23.0,Female,Accelerated BSN,3.5 And Above,,,No,,Yes,06/13/2021,2.2986301369863016,Other/Unknown,22363,Emory University,3.75
Emory University Hospital,	02/26/2019,	0433961,02/28/2019,Neurology/Neurosurgical ICU Inpatient Unit,26.0,Female,Accelerated BSN,3.0 - 3.49,,,No,,No,,,,22364,Emory University,3.25
The Emory Clinic,	02/26/2019,	0975086,02/18/2019,Ambulatory Setting,32.0,Female,Accelerated BSN,3.5 And Above,Full-time,,No,,Yes,10/31/2020,1.7013698630136986,Obtained position with a more desirable work schedule,22365,Emory University,3.75
Emory University Hospital,	02/26/2019,	1411486,03/04/2019,Surgical ICU Inpatient Unit,27.0,Female,Accelerated BSN,3.5 And Above,Full-time,,No,,No,,,,22366,Emory University,3.75
Emory University Hospital,	02/26/2019,	1471370,03/04/2019,Cardiac/Heart/Vascular Critical Care,28.0,Female,BSN,3.5 And Above,,,No,,Yes,05/02/2020,1.1643835616438356,Unsatisfactory performance,22367,Emory University,3.75
Emory University Hospital,	02/26/2019,	1692468,03/04/2019,Medical ICU Inpatient Unit,26.0,Female,BSN,3.5 And Above,Full-time,,No,,No,,,,22368,Emory University,3.75
Emory University Hospital,	02/26/2019,	2022220,03/04/2019,Perioperative OR,24.0,Female,Accelerated BSN,3.5 And Above,Full-time,,No,,No,,,,22369,Emory University,3.75
Emory University Hospital,	02/26/2019,	2064715,02/28/2019,General Surgical Inpatient Unit,23.0,Female,BSN,3.0 - 3.49,,,No,,No,,,,22370,Emory University,3.25
Emory University Hospital,	02/26/2019,	2067385,02/25/2019,Emergency Department,24.0,Female,Accelerated BSN,3.0 - 3.49,Full-time,,No,,No,,,,22371,Emory University,3.25
Emory University Hospital,	02/26/2019,	2069389,03/04/2019,Oncology Inpatient Unit,24.0,Female,Accelerated BSN,3.5 And Above,Full-time,,No,,No,,,,22372,Emory University,3.75
Emory Rehabilitation Hospital,	02/26/2019,	2230557,02/18/2019,Rehabilitation Inpatient Unit,27.0,Female,BSN,3.0 - 3.49,Full-time,,No,,No,,,,22373,Emory University,3.25
Emory University Hospital at Wesley Woods,	02/26/2019,	2274351,03/04/2019,Psychiatric Inpatient Unit,27.0,Male,Accelerated BSN,3.5 And Above,,,No,,No,,,,10423,Emory University,3.75
Emory University Hospital,	02/26/2019,	2276189,03/04/2019,Transplant Unit,26.0,Female,Accelerated BSN,3.5 And Above,,,No,,Yes,10/02/2021,2.5835616438356164,Travel Nurse,22375,Emory University,3.75
Emory University Hospital,	02/26/2019,	2276302,03/04/2019,Cardiac/Heart/Vascular Critical Care,25.0,Male,Accelerated BSN,3.5 And Above,Full-time,,No,,Yes,10/25/2020,1.6465753424657534,Obtained position representing a different job experience,22376,Emory University,3.75
Emory University Hospital,	02/26/2019,	2276366,03/04/2019,Oncology Inpatient Unit,27.0,Female,Accelerated BSN,3.5 And Above,Full-time,,No,,Yes,06/21/2020,1.3013698630136987,Relocating out of area,22377,Emory University,3.75
Emory University Hospital,	02/26/2019,	2276396,03/04/2019,Oncology Inpatient Unit,24.0,Female,Accelerated BSN,3.5 And Above,Full-time,,No,,No,,,,22378,Emory University,3.75
Emory University Hospital,	02/26/2019,	2276552,03/04/2019,Medical ICU Inpatient Unit,23.0,Female,Accelerated BSN,3.5 And Above,,,No,,Yes,09/25/2021,2.5643835616438357,Other/Unknown,22379,Emory University,3.75
Emory University Hospital,	02/26/2019,	2276591,02/25/2019,Emergency Department,25.0,Female,BSN,3.5 And Above,Full-time,,No,,No,,,,22380,Emory University,3.75
Emory University Hospital,	02/26/2019,	2277109,03/04/2019,Orthopedic Inpatient Unit,25.0,Male,Accelerated BSN,3.0 - 3.49,Full-time,,No,,No,,,,22381,Emory University,3.25
Emory University Hospital,	02/26/2019,	2287870,03/04/2019,General Surgical Inpatient Unit,24.0,Female,Accelerated BSN,3.0 - 3.49,Full-time,,No,,No,,,,22382,Emory University,3.25
Emory University Hospital,	02/26/2019,	2290547,03/04/2019,Neurology/Neurosurgical ICU Inpatient Unit,31.0,Female,Accelerated BSN,3.5 And Above,Full-time,,No,,Yes,10/05/2020,1.5917808219178082,Relocating out of area,22383,Emory University,3.75
Emory University Hospital,	02/26/2019,	2313299,02/25/2019,Emergency Department,27.0,Female,Accelerated BSN,3.5 And Above,Full-time,,No,,No,,,,22384,Emory University,3.75
Emory Saint Joseph’s Hospital,	02/18/2019,	1216126,02/18/2019,Emergency Department,38.0,Female,Accelerated BSN,3.5 And Above,Full-time,,No,,No,,,,22385,Emory University,3.75
Emory Saint Joseph’s Hospital,	02/18/2019,	2029853,02/18/2019,Orthopedic Inpatient Unit,23.0,Female,Accelerated BSN,3.5 And Above,Full-time,,No,,Yes,02/01/2021,1.9561643835616438,Obtained position representing a promotion/career advancement,22386,Emory University,3.75
Emory Saint Joseph’s Hospital,	02/18/2019,	2081941,02/18/2019,General Medical Inpatient Unit,25.0,Female,BSN,2.5 - 2.99,Full-time,,No,,Yes,04/19/2021,2.1671232876712327,Obtained position representing a promotion/career advancement,22387,Emory University,2.75
Emory Saint Joseph’s Hospital,	02/18/2019,	2275995,02/18/2019,Medical/Surgical Intermediate Unit,23.0,Female,BSN,3.5 And Above,Full-time,,No,,No,,,,22388,Emory University,3.75
Emory Saint Joseph’s Hospital,	02/18/2019,	2282765,02/18/2019,Medical/Surgical Intermediate Unit,24.0,Female,Accelerated BSN,3.0 - 3.49,Full-time,,No,,No,,,,22389,Emory University,3.25
Emory Saint Joseph’s Hospital,	02/18/2019,	2287599,02/18/2019,Orthopedic Inpatient Unit,23.0,Female,Accelerated BSN,3.5 And Above,Full-time,,No,,No,,,,22390,Emory University,3.75
Emory University Hospital,	10/16/2018,	2019278,10/15/2018,Oncology Inpatient Unit,29.0,Female,Accelerated BSN,3.5 And Above,,,No,,No,,,,22391,Emory University,3.75
Emory University Hospital,	10/16/2018,	2272256,10/22/2018,General Surgical Inpatient Unit,48.0,Male,Accelerated BSN,3.0 - 3.49,,,No,,No,,,,22392,Emory University,3.25
Emory University Hospital,	10/16/2018,	2276469,10/15/2018,Medical ICU Inpatient Unit,23.0,Male,Accelerated BSN,3.5 And Above,,,No,,No,,,,22393,Emory University,3.75
Emory University Hospital,	10/16/2018,	2299277,10/15/2018,Neurology/Neurosurgical ICU Inpatient Unit,30.0,Female,Accelerated BSN,3.5 And Above,,,No,,Yes,10/31/2020,2.0465753424657533,Returning to school full-time,22394,Emory University,3.75
Emory University Hospital,	10/15/2018,	1931042,10/15/2018,Neonatal ICU Inpatient Unit,24.0,Female,Accelerated BSN,3.5 And Above,,,No,,No,,,,22395,Emory University,3.75
Emory University Hospital,	10/15/2018,	2024034,10/15/2018,Medical/Surgical Inpatient Unit,22.0,Female,BSN,3.0 - 3.49,Full-time,,No,,No,,,,22396,Emory University,3.25
Emory University Hospital,	10/15/2018,	2087437,10/15/2018,Mother/Baby Unit,23.0,Female,BSN,3.0 - 3.49,,,No,,No,,,,22397,Emory University,3.25
Emory Saint Joseph’s Hospital,	10/08/2018,	017368,10/22/2018,Perioperative OR,27.0,Male,BSN,3.0 - 3.49,,,No,,No,,,,22398,Emory University,3.25
Emory Saint Joseph’s Hospital,	10/08/2018,	110346,10/22/2018,Perioperative OR,33.0,Female,Accelerated BSN,3.5 And Above,,,No,,Yes,03/18/2021,2.4054794520547946,Compensation/pay,22399,Emory University,3.75
Emory Saint Joseph’s Hospital,	10/08/2018,	2015468,10/08/2018,General Medical Inpatient Unit,32.0,Male,Accelerated BSN,3.0 - 3.49,Full-time,,No,,No,,,,22400,Emory University,3.25
Emory Saint Joseph’s Hospital,	10/08/2018,	514177,,Emergency Department,24.0,Female,Accelerated BSN,3.5 And Above,,,No,,No,,,,22402,Emory University,3.75
Emory Saint Joseph’s Hospital,	10/08/2018,	600548,,Cardiac/Heart/Vascular Critical Care,34.0,Female,Accelerated BSN,3.5 And Above,,,No,,Yes,02/22/2020,,Relocating out of area,22403,Emory University,3.75
Emory Saint Joseph’s Hospital,	10/08/2018,	703648,,Medical/Surgical Intermediate Unit,36.0,Female,Accelerated BSN,3.0 - 3.49,,,No,,No,,,,22404,Emory University,3.25
Emory University Hospital,	07/30/2018,	0404404,07/30/2018,Oncology Inpatient Unit,39.0,Female,BSN,3.0 - 3.49,,,No,,No,,,,22405,Emory University,3.25
Emory University Hospital,	07/30/2018,	0408894,07/30/2018,Oncology Inpatient Unit,42.0,Male,BSN,3.0 - 3.49,,,No,,No,,,,22406,Emory University,3.25
Emory University Hospital,	07/30/2018,	0425990,07/30/2018,Oncology Inpatient Unit,22.0,Female,BSN,3.5 And Above,,,No,,Yes,08/29/2020,2.084931506849315,Relocating out of area,22407,Emory University,3.75
Emory University Hospital,	07/30/2018,	1538126,07/30/2018,Oncology Inpatient Unit,39.0,Female,BSN,3.0 - 3.49,,,No,,No,,,,22408,Emory University,3.25
Emory University Hospital,	07/30/2018,	2023012,,Neurology/Neurosurgical ICU Inpatient Unit,22.0,Female,BSN,3.0 - 3.49,,,No,,Yes,05/04/2020,,Relocating out of area,22409,Emory University,3.25
Emory University Hospital,	07/30/2018,	2059747,07/30/2018,Transplant Unit,22.0,Female,BSN,3.0 - 3.49,,,No,,No,,,,22410,Emory University,3.25
Emory University Hospital,	07/30/2018,	2132633,,Cardiac/Heart/Vascular Critical Care,22.0,Female,BSN,3.0 - 3.49,,,No,,Yes,07/27/2020,,Relocating out of area,22411,Emory University,3.25
Emory University Hospital,	07/30/2018,	2139696,07/30/2018,Neurology/Neurosurgical ICU Inpatient Unit,22.0,Male,BSN,3.5 And Above,,,No,,Yes,07/20/2020,1.9753424657534246,Returning to school full-time,22412,Emory University,3.75
Emory University Hospital,	07/30/2018,	2142757,07/30/2018,Oncology Inpatient Unit,22.0,Female,BSN,3.0 - 3.49,,,No,,No,,,,22413,Emory University,3.25
Emory University Hospital,	07/30/2018,	2171000,07/30/2018,Medical/Surgical Intermediate Unit,22.0,Female,BSN,3.0 - 3.49,,,No,,Yes,09/11/2020,2.1205479452054794,Returning to school full-time,22415,Emory University,3.25
Emory University Hospital,	07/30/2018,	2230263,07/30/2018,Rehabilitation Inpatient Unit,26.0,Female,BSN,3.0 - 3.49,,,No,,No,,,,22416,Emory University,3.25
Emory University Hospital,	07/30/2018,	2232214,,Neonatal ICU Inpatient Unit,22.0,Female,BSN,3.0 - 3.49,,,No,,No,,,,22417,Emory University,3.25
Emory University Hospital,	07/30/2018,	2232297,07/30/2018,Medical/Surgical Intermediate Unit,29.0,Female,BSN,3.5 And Above,,,No,,Yes,05/01/2021,2.756164383561644,Relocating out of area,22418,Emory University,3.75
Emory University Hospital,	07/30/2018,	2247420,,Cardiac/Heart/Vascular Critical Care,22.0,Female,BSN,3.5 And Above,,,No,,No,,,,22419,Emory University,3.75
Emory University Hospital,	07/23/2018,	2148922,,Obstetrics/Labor & Delivery Inpatient Unit,21.0,Female,BSN,3.0 - 3.49,,,No,,Yes,03/01/2019,,Unhappy with job/facility,22420,Emory University,3.25
Emory University Hospital,	07/23/2018,	2171298,,Neonatal ICU Inpatient Unit,21.0,Female,BSN,3.5 And Above,,,No,,No,,,,22421,Emory University,3.75
Emory Saint Joseph’s Hospital,	07/23/2018,	280657,,Neonatal ICU Inpatient Unit,23.0,Female,BSN,3.5 And Above,,,No,,No,,,,22422,Emory University,3.75
Emory Saint Joseph’s Hospital,	07/23/2018,	283690,,Obstetrics/Labor & Delivery Inpatient Unit,21.0,Female,BSN,3.5 And Above,,,No,,No,,,,22423,Emory University,3.75
Emory Saint Joseph’s Hospital,	03/05/2018,	311467,,Emergency Department,30.0,Male,Accelerated BSN,3.5 And Above,,,No,,Yes,05/09/2019,,Relocating out of area,22424,Emory University,3.75
Emory Saint Joseph’s Hospital,	03/05/2018,	718945,,Medical/Surgical Inpatient Unit,28.0,Female,Accelerated BSN,3.5 And Above,,,No,,No,,,,22425,Emory University,3.75
Emory University Hospital,	02/28/2018,	1529682,02/28/2018,Ambulatory Setting,26.0,Female,Accelerated BSN,3.0 - 3.49,Full-time,,No,,No,,,,22426,Emory University,3.25
Emory University Hospital,	02/28/2018,	1915276,02/28/2018,Ambulatory Setting,23.0,Female,Accelerated BSN,3.5 And Above,Full-time,,No,,Yes,08/07/2020,2.441095890410959,Returning to school full-time,22427,Emory University,3.75
Emory University Hospital,	02/28/2018,	2231795,,Ambulatory Setting,30.0,Female,Accelerated BSN,3.5 And Above,,,Yes,maternity,Yes,07/07/2020,,Left due to pandemic/crisis,22428,Emory University,3.75
Emory Saint Joseph’s Hospital,	02/26/2018,	184350,02/26/2018,Other (please specify),23.0,Male,Accelerated BSN,3.5 And Above,Full-time,,No,,No,,,,22430,Emory University,3.75
Emory Saint Joseph’s Hospital,	02/26/2018,	279918,02/26/2018,Emergency Department,30.0,Female,Accelerated BSN,3.0 - 3.49,,,No,,Yes,03/14/2020,2.0465753424657533,Relocating out of area,22431,Emory University,3.25
Emory University Hospital,	02/23/2018,	1486754,,Surgical ICU Inpatient Unit,28.0,Female,Accelerated BSN,3.0 - 3.49,,,No,,No,,,,22432,Emory University,3.25
Emory University Hospital,	02/23/2018,	1501576,,Neonatal ICU Inpatient Unit,27.0,Female,Accelerated BSN,3.5 And Above,,,No,,No,,,,22433,Emory University,3.75
Emory University Hospital,	02/23/2018,	1555772,,Obstetrics/Labor & Delivery Inpatient Unit,27.0,Male,(Other) ABSN/AMSN,3.0 - 3.49,,,No,,No,,,,22434,Emory University,3.25
Emory University Hospital,	02/23/2018,	1633197,,Medical ICU Inpatient Unit,25.0,Female,Accelerated BSN,3.5 And Above,,,No,,Yes,03/14/2020,,Relocating out of area,22435,Emory University,3.75
Emory University Hospital,	02/23/2018,	1798435,,Oncology Inpatient Unit,24.0,Female,BSN,3.0 - 3.49,,,No,,Yes,09/22/2018,,Returning to school full-time,22436,Emory University,3.25
Emory University Hospital,	02/23/2018,	1824061,,Emergency Department,25.0,Female,Accelerated BSN,3.5 And Above,,,No,,No,,,,22437,Emory University,3.75
Emory University Hospital,	02/23/2018,	1867567,,General Medical Inpatient Unit,24.0,Female,Accelerated BSN,3.0 - 3.49,,,No,,Yes,02/29/2020,,Obtained position representing a different job experience,22438,Emory University,3.25
Emory University Hospital,	02/23/2018,	1961469,,Cardiac/Heart/Vascular Critical Care,24.0,Female,Accelerated BSN,3.5 And Above,,,No,,No,,,,22439,Emory University,3.75
Emory University Hospital,	02/23/2018,	1976565,,General Medical Inpatient Unit,23.0,Female,Accelerated BSN,3.5 And Above,,,No,,Yes,10/22/2020,,Obtained position representing a different job experience,22440,Emory University,3.75
Emory University Hospital,	02/23/2018,	1977945,,Medical/Surgical ICU Inpatient Unit,24.0,Female,Accelerated BSN,3.5 And Above,,,No,,No,,,,22441,Emory University,3.75
Emory University Hospital,	02/23/2018,	1991736,,Cardiac/Heart/Vascular Critical Care,23.0,Female,Accelerated BSN,3.5 And Above,,,No,,Yes,07/28/2019,,Relocating out of area,22442,Emory University,3.75
Emory University Hospital,	02/23/2018,	2006309,,Medical/Surgical ICU Inpatient Unit,23.0,Female,Accelerated BSN,3.0 - 3.49,,,No,,No,,,,22443,Emory University,3.25
Emory University Hospital,	02/23/2018,	2016582,,Medical/Surgical Inpatient Unit,23.0,Female,Accelerated BSN,3.0 - 3.49,,,No,,No,,,,22444,Emory University,3.25
Emory University Hospital,	02/23/2018,	2141867,,Perioperative OR,34.0,Female,Accelerated BSN,3.0 - 3.49,,,No,,No,,,,22445,Emory University,3.25
Emory University Hospital,	02/23/2018,	2158015,,Medical ICU Inpatient Unit,27.0,Male,Accelerated BSN,3.5 And Above,,,No,,Yes,08/23/2021,,Travel Nurse,22446,Emory University,3.75
Emory University Hospital,	02/23/2018,	2182885,,Surgical ICU Inpatient Unit,25.0,Female,Accelerated BSN,3.5 And Above,,,No,,Yes,05/05/2019,,Obtained position representing a promotion/career advancement,22447,Emory University,3.75
Emory University Hospital,	02/23/2018,	2232321,,Emergency Department,25.0,Female,Accelerated BSN,3.0 - 3.49,,,No,,No,,,,22448,Emory University,3.25
Emory University Hospital,	02/23/2018,	2232508,02/23/2018,Transplant Unit,45.0,Female,Accelerated BSN,3.5 And Above,Full-time,,No,,Yes,11/10/2019,1.7123287671232876,Obtained position representing a different job experience,22449,Emory University,3.75
Emory University Hospital,	02/23/2018,	2236342,,Obstetrics/Labor & Delivery Inpatient Unit,35.0,Female,Accelerated BSN,3.0 - 3.49,,,No,,No,,,,22450,Emory University,3.25
Emory University Hospital,	02/23/2018,	2244395,,Medical/Surgical ICU Inpatient Unit,27.0,Female,Accelerated BSN,3.5 And Above,,,No,,No,,,,22451,Emory University,3.75
Emory Saint Joseph’s Hospital,	10/16/2017,	0235,10/16/2017,General Medical Inpatient Unit,23.0,Male,BSN,3.5 And Above,,,No,,Yes,10/18/2019,2.0054794520547947,Obtained position representing a promotion/career advancement,22452,Emory University,3.75
Emory University Hospital,	07/18/2017,	1798695,,Surgical ICU Inpatient Unit,23.0,Female,BSN,3.0 - 3.49,,,No,,No,,,,22453,Emory University,3.25
Emory University Hospital,	07/18/2017,	1823668,,Oncology Inpatient Unit,26.0,Female,BSN,3.5 And Above,,,No,,No,,,,22454,Emory University,3.75
Emory University Hospital,	07/18/2017,	1877750,,Transplant Unit,26.0,Female,BSN,2.5 - 2.99,,,No,,No,,,,22455,Emory University,2.75
Emory University Hospital,	07/18/2017,	1991831,,Oncology Inpatient Unit,23.0,Female,BSN,3.0 - 3.49,,,No,,No,,,,22456,Emory University,3.25
Emory University Hospital,	07/18/2017,	1995327,,Oncology Inpatient Unit,23.0,Female,BSN,3.0 - 3.49,,,No,,No,,,,22457,Emory University,3.25
Emory University Hospital,	07/18/2017,	2007821,,Transplant Unit,23.0,Female,BSN,3.5 And Above,,,No,,No,,,,22458,Emory University,3.75
Emory University Hospital,	07/18/2017,	2041631,,Oncology Inpatient Unit,21.0,Female,BSN,3.0 - 3.49,,,No,,No,,,,22460,Emory University,3.25
Emory University Hospital,	07/18/2017,	2045523,,Medical/Surgical Inpatient Unit,22.0,Female,BSN,3.0 - 3.49,,,No,,No,,,,22461,Emory University,3.25
Emory University Hospital,	07/18/2017,	2067159,,Oncology Inpatient Unit,36.0,Female,BSN,3.0 - 3.49,,,No,,Yes,10/10/2018,,Obtained position representing a different job experience,22462,Emory University,3.25
Emory University Hospital,	07/18/2017,	2078027,,Oncology Inpatient Unit,22.0,Female,BSN,3.5 And Above,,,No,,No,,,,22463,Emory University,3.75
Emory University Hospital,	07/18/2017,	2091540,,Surgical ICU Inpatient Unit,22.0,Female,BSN,3.5 And Above,,,No,,Yes,09/22/2018,,Relocating out of area,22464,Emory University,3.75
Emory University Hospital,	07/18/2017,	2187077,,Cardiac/Heart/Vascular Critical Care,23.0,Female,BSN,3.0 - 3.49,,,No,,No,,,,22465,Emory University,3.25
Emory University Hospital,	07/18/2017,	2188151,,Rehabilitation Inpatient Unit,44.0,Female,BSN,3.0 - 3.49,,,No,,No,,,,22466,Emory University,3.25
Emory University Hospital,	07/18/2017,	2215372,,Neurology/Neurosurgical ICU Inpatient Unit,23.0,Female,BSN,3.5 And Above,,,No,,No,,,,22467,Emory University,3.75
Emory Saint Joseph’s Hospital,	07/17/2017,	091630,,Medical/Surgical Inpatient Unit,22.0,Female,BSN,3.0 - 3.49,,,No,,No,,,,22468,Emory University,3.25
Emory Saint Joseph’s Hospital,	07/17/2017,	180925,,Medical/Surgical Intermediate Unit,23.0,Female,BSN,3.5 And Above,,,No,,No,,,,22469,Emory University,3.75
Emory University Hospital,	07/17/2017,	1875059,,Emergency Department,22.0,Female,BSN,3.0 - 3.49,,,No,,No,,,,22470,Emory University,3.25
Emory University Hospital,	07/17/2017,	1903842,,Obstetrics/Labor & Delivery Inpatient Unit,23.0,Female,BSN,3.0 - 3.49,,,No,,No,,,,22471,Emory University,3.25
Emory University Hospital,	07/17/2017,	1957266,,Newborn Nursery,22.0,Female,BSN,3.5 And Above,,,No,,No,,,,22472,Emory University,3.75
Emory University Hospital,	07/17/2017,	1992345,,Mother/Baby Unit,23.0,Female,BSN,3.0 - 3.49,,,No,,Yes,04/10/2020,,Other/Unknown,22473,Emory University,3.25
Emory University Hospital,	07/17/2017,	2004532,,Emergency Department,27.0,Male,Accelerated BSN,3.5 And Above,,,No,,Yes,07/23/2019,,Unsatisfactory performance,22474,Emory University,3.75
Emory University Hospital,	07/17/2017,	2085054,,Neonatal ICU Inpatient Unit,22.0,Female,BSN,3.5 And Above,,,No,,No,,,,22475,Emory University,3.75
Emory University Hospital,	07/17/2017,	2085081,,Neurology/Neurosurgical ICU Inpatient Unit,22.0,Female,BSN,3.0 - 3.49,,,No,,No,,,,22476,Emory University,3.25
Emory University Hospital,	07/17/2017,	2107110,,Neonatal ICU Inpatient Unit,22.0,Female,BSN,3.5 And Above,,,No,,No,,,,22477,Emory University,3.75
Emory University Hospital,	07/17/2017,	2140587,,Medical ICU Inpatient Unit,34.0,Female,BSN,3.5 And Above,,,No,,No,,,,22478,Emory University,3.75
Emory University Hospital,	07/17/2017,	2193968,,Cardiac/Heart/Vascular Critical Care,23.0,Female,BSN,3.0 - 3.49,,,No,,No,,,,22479,Emory University,3.25
Emory Saint Joseph’s Hospital,	07/17/2017,	238753,,Emergency Department,21.0,Female,BSN,3.0 - 3.49,,,No,,No,,,,22480,Emory University,3.25
Emory Saint Joseph’s Hospital,	07/17/2017,	638281,,Medical/Surgical Intermediate Unit,32.0,Female,BSN,3.5 And Above,,,No,,No,,,,22482,Emory University,3.75
Emory Saint Joseph’s Hospital,	07/17/2017,	660411,,Medical/Surgical Inpatient Unit,23.0,Male,BSN,3.0 - 3.49,,,No,,No,,,,22483,Emory University,3.25
Emory Saint Joseph’s Hospital,	07/17/2017,	670398,07/17/2017,Medical/Surgical Inpatient Unit,23.0,Female,BSN,3.0 - 3.49,,,No,,Yes,11/27/2021,4.367123287671233,Travel Nurse,22484,Emory University,3.25
Emory University Hospital,	07/17/2017,	7369997,,Surgical ICU Inpatient Unit,24.0,Female,BSN,3.0 - 3.49,,,No,,No,,,,22485,Emory University,3.25
Emory University Hospital,	02/26/2017,	059366,,Ambulatory Setting,23.0,Female,BSN,3.0 - 3.49,,,No,,Yes,08/03/2019,,Relocating out of area,22487,Emory University,3.25
Emory University Hospital,	02/26/2017,	269208,,Ambulatory Setting,22.0,Female,BSN,3.0 - 3.49,,,No,,Yes,08/30/2019,,Other/Unknown,22488,Emory University,3.25
Emory University Hospital,	02/26/2017,	399297,,Ambulatory Setting,32.0,Female,Accelerated BSN,3.0 - 3.49,,,No,,No,,,,22489,Emory University,3.25
Emory University Hospital,	02/26/2017,	701391,,Ambulatory Setting,24.0,Female,Accelerated BSN,3.5 And Above,,,No,,No,,,,22490,Emory University,3.75
Emory University Hospital,	02/26/2017,	938203,,Ambulatory Setting,39.0,Female,BSN,3.5 And Above,,,No,,No,,,,22491,Emory University,3.75
Emory University Hospital,	02/25/2017,	208367,,Medical ICU Inpatient Unit,28.0,Female,Accelerated BSN,3.5 And Above,,,No,,No,,,,22492,Emory University,3.75
Emory University Hospital,	02/25/2017,	294575,,Medical/Surgical Inpatient Unit,25.0,Female,BSN,3.0 - 3.49,,,No,,No,,,,22493,Emory University,3.25
Emory University Hospital,	02/25/2017,	301667,,Cardiac/Heart/Vascular Critical Care,26.0,Female,Accelerated BSN,3.0 - 3.49,,,No,,No,,,,22494,Emory University,3.25
Emory University Hospital,	02/25/2017,	3455,,Medical/Surgical Inpatient Unit,22.0,Female,BSN,2.5 - 2.99,,,No,,No,,,,22495,Emory University,2.75
Emory University Hospital,	02/25/2017,	455598,,Oncology Inpatient Unit,27.0,Female,Accelerated BSN,3.5 And Above,,,No,,No,,,,22497,Emory University,3.75
Emory University Hospital,	02/25/2017,	462718,,Surgical ICU Inpatient Unit,28.0,Female,Accelerated BSN,3.5 And Above,,,No,,No,,,,22498,Emory University,3.75
Emory University Hospital,	02/25/2017,	472756,,Oncology Inpatient Unit,30.0,Female,Accelerated BSN,3.5 And Above,,,No,,No,,,,22499,Emory University,3.75
Emory University Hospital,	02/25/2017,	486555,,Oncology Inpatient Unit,28.0,Female,Masters,3.5 And Above,,,No,,Yes,06/15/2019,,Other/Unknown,22500,Emory University,3.75
Emory University Hospital,	02/25/2017,	749150,,Neurology/Neurosurgical ICU Inpatient Unit,24.0,Female,BSN,3.5 And Above,,,No,,No,,,,22502,Emory University,3.75
Emory University Hospital,	02/24/2017,	085953,,General Medical Inpatient Unit,26.0,Female,BSN,3.5 And Above,,,No,,No,,,,22503,Emory University,3.75
Emory University Hospital,	02/24/2017,	679917,,Oncology Inpatient Unit,24.0,Female,BSN,3.0 - 3.49,,,No,,No,,,,22504,Emory University,3.25
Emory University Hospital,	02/24/2017,	993178,,Neurology/Neurosurgical ICU Inpatient Unit,44.0,Female,BSN,3.5 And Above,,,No,,No,,,,22505,Emory University,3.75
Emory University Hospital,	10/13/2016,	040915800,,Cardiac/Heart/Vascular Critical Care,23.0,Male,BSN,3.0 - 3.49,,,No,,No,,,,22506,Emory University,3.25
Emory University Hospital,	10/13/2016,	1874007,,General Surgical Inpatient Unit,22.0,Female,BSN,2.5 - 2.99,,,No,,No,,,,22507,Emory University,2.75
Emory University Hospital,	10/13/2016,	1936879,,General Surgical Inpatient Unit,22.0,Female,BSN,3.0 - 3.49,,,No,,No,,,,22508,Emory University,3.25
Emory University Hospital,	10/13/2016,	1949774,,Transplant Unit,22.0,Female,BSN,3.5 And Above,,,No,,No,,,,22509,Emory University,3.75
Emory University Hospital,	10/13/2016,	4986,,General Surgical Inpatient Unit,22.0,Female,BSN,3.0 - 3.49,,,No,,No,,,,22510,Emory University,3.25
Emory University Hospital,	10/13/2016,	5196,,Neurology/Neurosurgical ICU Inpatient Unit,37.0,Female,BSN,3.0 - 3.49,,,No,,No,,,,22511,Emory University,3.25
Emory University Hospital,	10/12/2016,	1991953,,Other (please specify),23.0,Female,BSN,3.0 - 3.49,,,No,,No,,,,22512,Emory University,3.25
Emory University Hospital,	10/10/2016,	0387591,,Obstetrics/Labor & Delivery Inpatient Unit,34.0,Female,BSN,3.0 - 3.49,,,No,,No,,,,22513,Emory University,3.25
Emory University Hospital,	10/10/2016,	1843260,,Cardiac/Heart/Vascular Critical Care,22.0,Female,BSN,3.5 And Above,,,No,,No,,,,22514,Emory University,3.75
Emory University Hospital,	10/10/2016,	2756,,Neonatal ICU Inpatient Unit,22.0,Female,BSN,3.0 - 3.49,,,No,,No,,,,22516,Emory University,3.25
Emory University Hospital,	10/10/2016,	369575,,Cardiac/Heart/Vascular Critical Care,22.0,Female,BSN,3.0 - 3.49,,,No,,No,,,,22517,Emory University,3.25
Emory University Hospital,	10/10/2016,	465373,,Other (please specify),22.0,Female,BSN,3.5 And Above,,,No,,No,,,,22518,Emory University,3.75
Emory University Hospital,	10/10/2016,	728821,,Other (please specify),23.0,Female,BSN,3.5 And Above,,,No,,No,,,,22519,Emory University,3.75
Emory University Hospital,	04/22/2016,	0013501,,Medical/Surgical ICU Inpatient Unit,23.0,Female,BSN,3.0 - 3.49,,,No,,No,,,,22521,Emory University,3.25
Emory University Hospital,	04/22/2016,	193680,,General Medical Inpatient Unit,33.0,Female,Accelerated BSN,3.5 And Above,,,No,,No,,,,22522,Emory University,3.75
Emory University Hospital,	04/15/2016,	1908127,,Emergency Department,28.0,Female,Accelerated BSN,3.0 - 3.49,,,No,,No,,,,22523,Emory University,3.25
Emory University Hospital,	04/12/2016,	694964,,Medical/Surgical ICU Inpatient Unit,44.0,Female,Accelerated BSN,3.5 And Above,,,No,,No,,,,22524,Emory University,3.75
Emory University Hospital,	04/12/2016,	786343,,Neonatal ICU Inpatient Unit,28.0,Female,Accelerated BSN,3.0 - 3.49,,,No,,No,,,,22525,Emory University,3.25
Emory Saint Joseph’s Hospital,	03/07/2016,	536066,,Perioperative OR,35.0,Male,BSN,3.5 And Above,,,No,,No,,,,22526,Emory University,3.75
Emory Saint Joseph’s Hospital,	03/07/2016,	587738,,Medical/Surgical ICU Inpatient Unit,38.0,Male,BSN,3.5 And Above,,,No,,Yes,06/03/2016,,Unsatisfactory performance,22527,Emory University,3.75
Emory University Hospital,	10/08/2015,	1503673,,Medical/Surgical ICU Inpatient Unit,24.0,Female,BSN,3.0 - 3.49,,,No,,No,,,,22528,Emory University,3.25
Emory University Hospital,	10/08/2015,	2104849,,Medical/Surgical ICU Inpatient Unit,22.0,Female,BSN,3.0 - 3.49,,,No,,No,,,,22530,Emory University,3.25
Emory University Hospital,	10/08/2015,	2104853,,Medical/Surgical ICU Inpatient Unit,28.0,Female,BSN,3.5 And Above,,,No,,No,,,,22531,Emory University,3.75
Emory University Hospital,	10/08/2015,	2108827,,Medical/Surgical ICU Inpatient Unit,26.0,Female,BSN,3.5 And Above,,,No,,No,,,,22532,Emory University,3.75
Emory University Hospital,	10/07/2015,	1691791,,Oncology Inpatient Unit,23.0,Female,BSN,3.5 And Above,,,No,,No,,,,22534,Emory University,3.75
Emory University Hospital,	10/07/2015,	1791493,,General Surgical Inpatient Unit,22.0,Female,BSN,3.0 - 3.49,,,No,,No,,,,22535,Emory University,3.25
Emory University Hospital,	10/07/2015,	1975637,,Oncology Inpatient Unit,25.0,Female,BSN,3.0 - 3.49,,,No,,No,,,,22536,Emory University,3.25
Emory University Hospital,	10/07/2015,	250068,,Transplant Unit,23.0,Female,BSN,3.0 - 3.49,,,No,,No,,,,22537,Emory University,3.25
Emory University Hospital,	10/07/2015,	250790,,Oncology Inpatient Unit,23.0,Female,BSN,3.5 And Above,,,No,,No,,,,22538,Emory University,3.75
Emory University Hospital,	10/05/2015,	1270109,,Medical/Surgical ICU Inpatient Unit,25.0,Female,BSN,3.5 And Above,,,No,,No,,,,22539,Emory University,3.75
Emory University Hospital,	10/05/2015,	1426956,,Medical/Surgical ICU Inpatient Unit,25.0,Female,BSN,3.5 And Above,,,No,,No,,,,22540,Emory University,3.75
Emory University Hospital,	10/05/2015,	1826745,,General Medical Inpatient Unit,22.0,Female,BSN,3.0 - 3.49,,,No,,No,,,,22541,Emory University,3.25
Emory University Hospital,	10/05/2015,	1835700,,Neonatal ICU Inpatient Unit,22.0,Female,BSN,3.5 And Above,,,No,,No,,,,22542,Emory University,3.75
Emory Saint Joseph’s Hospital,	07/13/2015,	390409,,Emergency Department,44.0,Female,BSN,3.5 And Above,,,No,,No,,,,22543,Emory University,3.75
Emory University Hospital,	03/02/2015,	122555,,Medical/Surgical ICU Inpatient Unit,22.0,Female,BSN,3.5 And Above,,,No,,No,,,,22544,Emory University,3.75
Emory Saint Joseph’s Hospital,	03/02/2015,	178834601,,Medical/Surgical ICU Inpatient Unit,23.0,Female,BSN,3.0 - 3.49,,,No,,No,,,,22545,Emory University,3.25
Emory University Hospital,	03/02/2015,	347889,,Medical/Surgical ICU Inpatient Unit,23.0,Female,BSN,3.0 - 3.49,,,No,,No,,,,22546,Emory University,3.25
Emory University Hospital,	03/02/2015,	716054,,Oncology Inpatient Unit,42.0,Female,BSN,3.5 And Above,,,No,,No,,,,22547,Emory University,3.75
Emory University Hospital,	02/16/2015,	2018337,,Neonatal ICU Inpatient Unit,27.0,Female,BSN,3.0 - 3.49,,,No,,No,,,,22548,Emory University,3.25
Emory University Hospital,	09/12/2014,	0401700,,General Medical Inpatient Unit,36.0,Female,BSN,3.0 - 3.49,,,No,,No,,,,22550,Emory University,3.25
Emory University Hospital,	09/08/2014,	0401505,,General Medical Inpatient Unit,22.0,Female,BSN,3.0 - 3.49,,,No,,No,,,,22551,Emory University,3.25
Emory University Hospital,	09/08/2014,	0406609,,Oncology Inpatient Unit,26.0,Female,BSN,3.5 And Above,,,No,,No,,,,22552,Emory University,3.75
Emory University Hospital,	09/08/2014,	0994028,,Medical/Surgical ICU Inpatient Unit,26.0,Female,BSN,3.0 - 3.49,,,No,,No,,,,22553,Emory University,3.25
Emory University Hospital,	09/08/2014,	1435783,,Medical/Surgical ICU Inpatient Unit,24.0,Female,BSN,3.5 And Above,,,No,,No,,,,22554,Emory University,3.75
Emory University Hospital,	09/08/2014,	1794449,,Obstetrics/Labor & Delivery Inpatient Unit,22.0,Female,BSN,3.5 And Above,,,No,,No,,,,22555,Emory University,3.75
Emory University Hospital,	09/08/2014,	1803259,,Oncology Inpatient Unit,22.0,Female,BSN,3.5 And Above,,,No,,No,,,,22556,Emory University,3.75
Emory University Hospital,	09/08/2014,	1936860,,Perioperative OR,23.0,Female,BSN,3.5 And Above,,,No,,No,,,,22558,Emory University,3.75
Emory University Hospital,	09/08/2014,	2017742,,Emergency Department,22.0,Female,BSN,3.0 - 3.49,,,No,,No,,,,22559,Emory University,3.25
Emory University Hospital,	09/08/2014,	4046609,,Oncology Inpatient Unit,26.0,Female,BSN,3.5 And Above,,,No,,No,,,,22560,Emory University,3.75
Emory University Hospital,	08/25/2014,	1763715,,Telemetry Unit,22.0,Female,BSN,3.5 And Above,,,No,,No,,,,22562,Emory University,3.75
Emory University Hospital,	08/25/2014,	1972199,,Medical/Surgical ICU Inpatient Unit,33.0,Female,BSN,3.5 And Above,,,No,,No,,,,22563,Emory University,3.75
Emory University Hospital,	08/25/2014,	2011744,,Medical/Surgical ICU Inpatient Unit,34.0,Female,BSN,3.0 - 3.49,,,No,,No,,,,22564,Emory University,3.25
Emory University Hospital,	08/25/2014,	2019824,,Oncology Inpatient Unit,24.0,Female,BSN,3.0 - 3.49,,,No,,No,,,,22565,Emory University,3.25
Emory University Hospital,	08/11/2014,	1978146,,General Surgical Inpatient Unit,44.0,Female,BSN,3.5 And Above,,,No,,No,,,,22566,Emory University,3.75
Emory Saint Joseph’s Hospital,	07/14/2014,	179338800,,Emergency Department,22.0,Female,BSN,3.5 And Above,,,No,,No,,,,22567,Emory University,3.75
Emory Saint Joseph’s Hospital,	07/14/2014,	180001900,,Medical/Surgical Inpatient Unit,21.0,Female,BSN,3.5 And Above,,,No,,No,,,,22568,Emory University,3.75
Emory University Hospital,	03/31/2014,	4115,,Medical/Surgical ICU Inpatient Unit,35.0,Female,BSN,3.5 And Above,,,No,,No,,,,22569,Emory University,3.75
Emory Saint Joseph’s Hospital,	10/07/2013,	193782700,,Medical/Surgical Inpatient Unit,29.0,Male,BSN,3.0 - 3.49,,,No,,No,,,,22570,Emory University,3.25
Emory University Hospital,	09/23/2013,	121601,,General Medical Inpatient Unit,33.0,Female,BSN,3.0 - 3.49,,,No,,No,,,,22571,Emory University,3.25
Emory University Hospital,	09/16/2013,	1681887,,General Surgical Inpatient Unit,23.0,Female,BSN,3.5 And Above,,,No,,Yes,04/26/2015,,Other/Unknown,22572,Emory University,3.75
Emory University Hospital,	09/16/2013,	29038,,Oncology Inpatient Unit,34.0,Female,BSN,3.5 And Above,,,No,,No,,,,22573,Emory University,3.75
Emory University Hospital,	09/09/2013,	9262,,Obstetrics/Labor & Delivery Inpatient Unit,26.0,Female,BSN,3.5 And Above,,,No,,No,,,,22574,Emory University,3.75
Emory University Hospital,	09/05/2013,	3412,,Telemetry Unit,22.0,Female,BSN,3.0 - 3.49,,,No,,No,,,,22575,Emory University,3.25
Emory University Hospital,	08/29/2013,	9742,,General Surgical Inpatient Unit,22.0,Female,BSN,3.0 - 3.49,,,No,,No,,,,22576,Emory University,3.25
Emory University Hospital,	08/26/2013,	0402519,,Medical/Surgical ICU Inpatient Unit,22.0,Female,BSN,3.5 And Above,,,No,,No,,,,22577,Emory University,3.75
Emory University Hospital,	08/26/2013,	0520,,Medical/Surgical ICU Inpatient Unit,32.0,Female,BSN,3.5 And Above,,,No,,No,,,,22578,Emory University,3.75
Emory University Hospital,	08/26/2013,	2319,,General Medical Inpatient Unit,22.0,Female,BSN,3.5 And Above,,,No,,No,,,,22579,Emory University,3.75
Emory University Hospital,	08/26/2013,	5085,,Telemetry Unit,29.0,Female,BSN,3.5 And Above,,,No,,No,,,,22580,Emory University,3.75
Emory University Hospital,	08/26/2013,	5124,,Emergency Department,23.0,Female,BSN,3.0 - 3.49,,,No,,No,,,,22581,Emory University,3.25
Emory University Hospital,	08/26/2013,	5154,,Obstetrics/Labor & Delivery Inpatient Unit,22.0,Female,BSN,3.5 And Above,,,No,,No,,,,22582,Emory University,3.75
Emory University Hospital,	08/26/2013,	7676,,Medical/Surgical ICU Inpatient Unit,23.0,Female,BSN,3.0 - 3.49,,,No,,No,,,,22583,Emory University,3.25
Emory University Hospital,	08/26/2013,	8299,,Medical/Surgical ICU Inpatient Unit,24.0,Male,BSN,3.5 And Above,,,No,,No,,,,22584,Emory University,3.75
Emory University Hospital,	08/26/2013,	8876,,Medical/Surgical ICU Inpatient Unit,22.0,Female,BSN,3.5 And Above,,,No,,No,,,,22585,Emory University,3.75
Emory University Hospital,	08/26/2013,	9024,,Medical/Surgical ICU Inpatient Unit,22.0,Male,BSN,3.0 - 3.49,,,No,,No,,,,22586,Emory University,3.25
Emory University Hospital,	08/19/2013,	1909849,,General Surgical Inpatient Unit,35.0,Female,BSN,3.0 - 3.49,,,No,,No,,,,22587,Emory University,3.25
Emory University Hospital,	08/19/2013,	3187,,General Surgical Inpatient Unit,22.0,Female,BSN,3.0 - 3.49,,,No,,No,,,,22588,Emory University,3.25
Emory University Hospital,	08/19/2013,	7128,,General Surgical Inpatient Unit,28.0,Female,BSN,3.5 And Above,,,No,,No,,,,22589,Emory University,3.75
Emory University Hospital,	08/19/2013,	9462,,Neonatal ICU Inpatient Unit,35.0,Female,BSN,3.5 And Above,,,No,,No,,,,22590,Emory University,3.75
Emory University Hospital,	08/16/2013,	4886,,Obstetrics/Labor & Delivery Inpatient Unit,23.0,Female,BSN,3.0 - 3.49,,,No,,No,,,,22591,Emory University,3.25
Emory Saint Joseph’s Hospital,	08/12/2013,	149487800,,Medical/Surgical ICU Inpatient Unit,26.0,Male,BSN,3.5 And Above,,,No,,Yes,07/01/2015,,Unsatisfactory performance,22592,Emory University,3.75
Emory Saint Joseph’s Hospital,	08/12/2013,	182536900,,Medical/Surgical Inpatient Unit,23.0,Female,BSN,3.5 And Above,,,No,,No,,,,22593,Emory University,3.75
Emory Saint Joseph’s Hospital,	08/12/2013,	183614100,,Medical/Surgical Inpatient Unit,23.0,Female,BSN,3.0 - 3.49,,,No,,Yes,09/30/2015,,Relocating out of area,22594,Emory University,3.25
Emory Saint Joseph’s Hospital,	08/12/2013,	189974700,,Emergency Department,23.0,Female,BSN,3.5 And Above,,,No,,No,,,,22595,Emory University,3.75
Emory Saint Joseph’s Hospital,	08/12/2013,	191301500,,Medical/Surgical Inpatient Unit,24.0,Female,BSN,3.5 And Above,,,No,,No,,,,22596,Emory University,3.75
Emory University Hospital,	03/11/2013,	0849,,Medical/Surgical ICU Inpatient Unit,27.0,Female,Accelerated BSN,3.5 And Above,,,No,,No,,,,22597,Emory University,3.75
Emory University Hospital,	03/11/2013,	3700,,General Medical Inpatient Unit,24.0,Female,BSN,3.0 - 3.49,,,No,,No,,,,22598,Emory University,3.25
Emory University Hospital,	03/11/2013,	4518,,Medical/Surgical ICU Inpatient Unit,26.0,Female,Accelerated BSN,3.0 - 3.49,,,No,,No,,,,22599,Emory University,3.25
Emory University Hospital,	09/10/2012,	0531,,General Surgical Inpatient Unit,24.0,Female,BSN,3.5 And Above,,,No,,No,,,,22600,Emory University,3.75
Emory University Hospital,	09/10/2012,	0574,,General Surgical Inpatient Unit,49.0,Female,BSN,3.5 And Above,,,No,,No,,,,22601,Emory University,3.75
Emory University Hospital,	09/10/2012,	2171,,Neonatal ICU Inpatient Unit,41.0,Female,BSN,3.5 And Above,,,No,,No,,,,22602,Emory University,3.75
Emory University Hospital,	09/10/2012,	3454,,General Medical Inpatient Unit,32.0,Male,BSN,3.5 And Above,,,No,,No,,,,22603,Emory University,3.75
Emory University Hospital,	09/10/2012,	4412,,General Medical Inpatient Unit,22.0,Female,BSN,3.5 And Above,,,No,,No,,,,22604,Emory University,3.75
Emory University Hospital,	09/10/2012,	7535,,Oncology Inpatient Unit,29.0,Female,BSN,3.5 And Above,,,No,,No,,,,22605,Emory University,3.75
Emory University Hospital,	09/10/2012,	8186,,Oncology Inpatient Unit,22.0,Female,BSN,3.5 And Above,,,No,,No,,,,22606,Emory University,3.75
Emory University Hospital,	09/10/2012,	8315,,Emergency Department,47.0,Male,BSN,3.5 And Above,,,No,,No,,,,22607,Emory University,3.75
Emory University Hospital,	09/10/2012,	8806,,Medical/Surgical ICU Inpatient Unit,24.0,Female,BSN,3.0 - 3.49,,,No,,No,,,,22608,Emory University,3.25
Emory University Hospital,	09/06/2012,	4053,,General Surgical Inpatient Unit,22.0,Female,BSN,3.5 And Above,,,No,,No,,,,22609,Emory University,3.75
Emory University Hospital,	08/20/2012,	8761,,Medical/Surgical ICU Inpatient Unit,21.0,Female,BSN,3.5 And Above,,,No,,No,,,,22610,Emory University,3.75
Emory University Hospital,	08/16/2012,	9596,,Medical/Surgical ICU Inpatient Unit,33.0,Male,BSN,3.5 And Above,,,No,,No,,,,22611,Emory University,3.75
Emory Saint Joseph’s Hospital,	07/23/2012,	038501900,,Medical/Surgical Inpatient Unit,24.0,Female,BSN,3.0 - 3.49,,,No,,No,,,,22612,Emory University,3.25
Emory University Hospital,	07/23/2012,	1089,,General Surgical Inpatient Unit,24.0,Female,BSN,3.0 - 3.49,,,No,,No,,,,22614,Emory University,3.25
Emory Saint Joseph’s Hospital,	07/23/2012,	155989600,,Medical/Surgical Inpatient Unit,22.0,Female,BSN,3.0 - 3.49,,,No,,No,,,,22615,Emory University,3.25
Emory Saint Joseph’s Hospital,	07/23/2012,	170580700,,Medical/Surgical ICU Inpatient Unit,29.0,Female,BSN,3.5 And Above,,,No,,Yes,07/01/2014,,Relocating out of area,22616,Emory University,3.75
Emory Saint Joseph’s Hospital,	07/23/2012,	176999100,,Medical/Surgical Inpatient Unit,28.0,Female,BSN,3.5 And Above,,,No,,Yes,07/01/2014,,Unhappy with job/facility,22617,Emory University,3.75
Emory Saint Joseph’s Hospital,	07/23/2012,	180573000,,Medical/Surgical Inpatient Unit,24.0,Female,BSN,3.5 And Above,,,No,,Yes,07/01/2015,,Unhappy with job/facility,22618,Emory University,3.75
Emory University Hospital,	07/22/2012,	5633,,Medical/Surgical ICU Inpatient Unit,24.0,Female,BSN,3.5 And Above,,,No,,No,,,,22619,Emory University,3.75
Emory University Hospital,	07/22/2012,	6680,,Medical/Surgical ICU Inpatient Unit,25.0,Female,BSN,3.0 - 3.49,,,No,,No,,,,22620,Emory University,3.25
Emory University Hospital,	06/04/2012,	2746,,Neonatal ICU Inpatient Unit,41.0,Female,BSN,3.5 And Above,,,No,,No,,,,22621,Emory University,3.75
Emory University Hospital,	10/20/2011,	0172,,Emergency Department,27.0,Male,BSN,3.5 And Above,,,No,,No,,,,22622,Emory University,3.75
Emory University Hospital,	10/20/2011,	0732,,Medical/Surgical Inpatient Unit,23.0,Female,Accelerated BSN,3.5 And Above,,,No,,No,,,,22623,Emory University,3.75
Emory University Hospital,	10/20/2011,	1063,,Oncology Inpatient Unit,28.0,Female,BSN,3.0 - 3.49,,,No,,Yes,09/01/2012,,Did not return from leave of absence,22624,Emory University,3.25
Emory University Hospital,	10/20/2011,	1293,,General Medical Inpatient Unit,27.0,Female,BSN,3.5 And Above,,,No,,No,,,,22625,Emory University,3.75
Emory University Hospital,	10/20/2011,	1520,,Mother/Baby Unit,29.0,Female,BSN,3.5 And Above,,,No,,No,,,,22626,Emory University,3.75
Emory University Hospital,	10/20/2011,	2435,,Medical/Surgical Inpatient Unit,36.0,Female,BSN,3.0 - 3.49,,,No,,No,,,,22627,Emory University,3.25
Emory University Hospital,	10/20/2011,	3555,,Other (please specify),23.0,Female,BSN,3.5 And Above,,,No,,No,,,,22628,Emory University,3.75
Emory University Hospital,	10/20/2011,	4921,,General Medical Inpatient Unit,30.0,Female,BSN,3.5 And Above,,,No,,No,,,,22630,Emory University,3.75
Emory University Hospital,	10/20/2011,	5188,,Oncology Inpatient Unit,34.0,Female,BSN,3.5 And Above,,,No,,No,,,,22631,Emory University,3.75
Emory University Hospital,	10/20/2011,	5910,,Medical/Surgical Inpatient Unit,34.0,Male,BSN,3.5 And Above,,,No,,No,,,,22632,Emory University,3.75
Emory University Hospital,	10/20/2011,	6040,,Medical/Surgical ICU Inpatient Unit,31.0,Female,BSN,3.5 And Above,,,No,,No,,,,22633,Emory University,3.75
Emory University Hospital,	10/20/2011,	6338,,Emergency Department,24.0,Male,BSN,3.5 And Above,,,No,,No,,,,22634,Emory University,3.75
Emory University Hospital,	10/20/2011,	6534,,Medical/Surgical ICU Inpatient Unit,24.0,Female,BSN,3.5 And Above,,,No,,No,,,,22635,Emory University,3.75
Emory University Hospital,	10/20/2011,	7526,,Medical/Surgical ICU Inpatient Unit,23.0,Female,BSN,3.5 And Above,,,No,,Yes,01/01/2113,,Relocating out of area,22636,Emory University,3.75
Emory University Hospital,	10/20/2011,	7798,,Medical/Surgical Inpatient Unit,34.0,Female,BSN,3.5 And Above,,,No,,Yes,03/01/2012,,Unsatisfactory performance,22637,Emory University,3.75
Emory University Hospital,	10/20/2011,	8169,,Medical/Surgical ICU Inpatient Unit,31.0,Female,BSN,3.0 - 3.49,,,No,,No,,,,22638,Emory University,3.25
Emory University Hospital,	10/20/2011,	8680,,Oncology Inpatient Unit,22.0,Female,BSN,3.5 And Above,,,No,,Yes,01/01/2013,,Returning to school full-time,22639,Emory University,3.75
Emory University Hospital,	10/20/2011,	9311,,General Medical Inpatient Unit,22.0,Female,BSN,3.5 And Above,,,No,,No,,,,22640,Emory University,3.75
Emory University Hospital,	11/30/2004,	2487,,,22.0,Female,BSN,3.0 - 3.49,,,No,,No,,,,22641,Emory University,3.25
Emory University Hospital,	11/30/2004,	519,,,34.0,Female,BSN,3.5 And Above,,,No,,No,,,,22642,Emory University,3.75
Emory University Hospital,	11/30/2004,	5207,,,24.0,Female,BSN,3.0 - 3.49,,,No,,No,,,,22643,Emory University,3.25
Emory University Hospital,	10/31/2004,	4340,,,28.0,Female,BSN,3.5 And Above,,,No,,No,,,,22644,Emory University,3.75
Emory University Hospital,	10/31/2004,	8431,,,21.0,Female,BSN,3.5 And Above,,,No,,No,,,,22645,Emory University,3.75
Emory University Hospital,	06/24/2004,	2559,,,26.0,Female,BSN,3.5 And Above,,,No,,No,,,,22646,Emory University,3.75
Emory University Hospital,	06/24/2004,	5934,,,27.0,Female,BSN,3.5 And Above,,,No,,No,,,,22647,Emory University,3.75
Emory University Hospital,	11/12/2025,	2663284,11/17/2025,Surgical ICU Inpatient Unit,32.0,Female,Masters,3.5 And Above,Full-time,,No,,No,,,,22649,Emory University,3.75
Emory University Hospital,	08/18/2025,	2481839,09/22/2025,Neurology Inpatient Unit,22.0,Female,BSN,3.5 And Above,Full-time,,No,,No,,,,22654,Emory University,3.75
Emory University Hospital,	03/10/2025,	2603427,03/03/2025,Neurology Inpatient Unit,23.0,Female,Masters,3.5 And Above,Full-time,,No,,No,,,,22656,Emory University,3.75
Emory Hillandale Hospital,	03/22/2022,	2426632,03/14/2022,Emergency Department,23.0,Female,Masters,3.0 - 3.49,,,No,,Yes,10/13/2022,0.5835616438356165,Failed NCLEX,22657,Emory University,3.25
Emory Saint Joseph’s Hospital,	02/22/2024,	0420029,02/18/2024,Medical/Surgical ICU Inpatient Unit,30.0,Female,Accelerated BSN,3.5 And Above,Full-time,,No,,No,,,,22658,Emory University,3.75
Emory Decatur Hospital,	03/28/2023,	2306611,04/24/2023,Mother/Baby Unit,24.0,Female,BSN,3.0 - 3.49,Full-time,,No,,No,,,,11538,Emory University,3.25
Emory University Hospital,	10/14/2022,	2501522,10/17/2022,Cardiac/Heart/Vascular Critical Care,25.0,Female,Masters,3.5 And Above,Full-time,,No,,Yes,11/24/2023,1.104109589041096,Family obligations (family/friend caregiving responsibility),10449,Emory University,3.75
Emory Decatur Hospital,	08/02/2022,	2323538,08/01/2022,Psychiatric Inpatient Unit,22.0,Female,BSN,3.5 And Above,,,No,,Yes,06/20/2023,0.8849315068493151,Relocating out of area,22661,Emory University,3.75
Emory Hillandale Hospital,	10/11/2022,	2480198,09/18/2022,Emergency Department,30.0,Female,Masters,3.5 And Above,,,No,,No,,,,10512,Emory University,3.75
Emory Decatur Hospital,	08/02/2022,	2325417,07/25/2022,Emergency Department,21.0,Female,BSN,3.0 - 3.49,,,No,,Yes,02/14/2024,1.558904109589041,Relocating out of area,10665,Emory University,3.25
Emory Decatur Hospital,	08/02/2022,	2331931,07/25/2022,Neonatal ICU Inpatient Unit,22.0,Female,BSN,3.5 And Above,,,No,,No,,,,10668,Emory University,3.75
Emory University Hospital,	07/04/2020,	2373684,07/30/2020,Orthopedic Inpatient Unit,36.0,Female,Accelerated BSN,3.5 And Above,,,No,,Yes,06/12/2021,0.8684931506849315,Relocating out of area,22665,Emory University,3.75
Emory University Hospital,	07/04/2020,	2374754,07/30/2020,Medical/Surgical Intermediate Unit,24.0,Male,BSN,3.5 And Above,,,No,,Yes,06/26/2021,0.9068493150684932,Family obligations (family/friend caregiving responsibility),22666,Emory University,3.75
Emory Decatur Hospital,	10/12/2021,	2284935,10/04/2021,Mother/Baby Unit,23.0,Female,BSN,3.5 And Above,,,No,,No,,,,22667,Emory University,3.75
Emory Decatur Hospital,	10/12/2021,	2425338,10/04/2021,Oncology Inpatient Unit,24.0,Male,Accelerated BSN,3.5 And Above,,,No,,Yes,01/06/2024,2.2575342465753425,Relocating out of area,22668,Emory University,3.75
Emory University Hospital Midtown,	08/26/2021,	2303100,08/09/2021,Neurology/Neurosurgical ICU Inpatient Unit,22.0,Female,BSN,3.5 And Above,,,No,,No,,,,22669,Emory University,3.75
Emory Decatur Hospital,	07/04/2021,	2423467,09/20/2021,Telemetry Unit,25.0,Female,BSN,3.5 And Above,,,No,,Yes,03/11/2024,2.473972602739726,Family obligations (family/friend caregiving responsibility),22670,Emory University,3.75
Emory Decatur Hospital,	10/12/2021,	2276463,10/04/2021,Mother/Baby Unit,37.0,Female,Accelerated BSN,3.5 And Above,,,No,,Yes,11/11/2021,0.10410958904109589,Family obligations (family/friend caregiving responsibility),22671,Emory University,3.75
Emory University Hospital,	09/18/2020,	2370945,09/07/2020,Emergency Department,24.0,Female,Accelerated BSN,3.5 And Above,,,No,,No,,,,22672,Emory University,3.75
Emory University Hospital,	07/30/2020,	2197462,06/02/2020,Emergency Department,22.0,Female,BSN,3.5 And Above,,,No,,No,,,,22673,Emory University,3.75
Emory University Hospital,	07/30/2020,	2251580,07/27/2020,Cardiac/Heart/Vascular Critical Care,22.0,Male,BSN,3.5 And Above,,,No,,No,,,,22674,Emory University,3.75
Emory University Hospital,	07/04/2020,	1713554,07/30/2020,Oncology Inpatient Unit,29.0,Female,BSN,3.5 And Above,,,No,,Yes,04/27/2023,2.7424657534246575,Family obligations (family/friend caregiving responsibility),22675,Emory University,3.75
Emory University Hospital,	07/04/2020,	2381875,07/30/2020,Orthopedic Inpatient Unit,24.0,Female,Accelerated BSN,3.5 And Above,,,No,,Yes,01/23/2022,1.484931506849315,Travel Nurse,22676,Emory University,3.75
Emory University Hospital,	05/01/2020,	2141113,03/02/2020,General Medical Inpatient Unit,24.0,Female,Accelerated BSN,3.5 And Above,,,No,,No,,,,22677,Emory University,3.75
Emory University Hospital,	05/01/2020,	2269084,03/02/2020,General Medical Inpatient Unit,29.0,Male,BSN,3.5 And Above,,,No,,No,,,,22678,Emory University,3.75
Emory University Hospital,	03/30/2020,	2140875,03/30/2020,Oncology Inpatient Unit,23.0,Female,Accelerated BSN,3.5 And Above,,,No,,No,,,,22679,Emory University,3.75
Emory University Hospital,	03/30/2020,	2297082,03/02/2020,Orthopedic Inpatient Unit,25.0,Female,Accelerated BSN,3.5 And Above,,,No,,No,,,,22680,Emory University,3.75
Emory University Hospital,	03/30/2020,	2314675,03/02/2020,General Medical Inpatient Unit,27.0,Female,Accelerated BSN,3.5 And Above,,,No,,Yes,04/09/2022,2.1041095890410957,Relocating out of area,22681,Emory University,3.75
Emory University Hospital,	03/30/2020,	2319670,03/02/2020,Oncology Inpatient Unit,24.0,Female,Accelerated BSN,3.5 And Above,,,No,,Yes,05/15/2022,2.202739726027397,Relocating out of area,22682,Emory University,3.75
Emory University Hospital,	03/30/2020,	2326604,03/02/2020,Medical/Surgical Intermediate Unit,28.0,Female,Accelerated BSN,3.5 And Above,Full-time,,No,,No,,,,22683,Emory University,3.75
Emory University Hospital,	03/30/2020,	2338690,03/09/2020,Neurology/Neurosurgical ICU Inpatient Unit,25.0,Male,BSN,3.5 And Above,,,No,,No,,,,22684,Emory University,3.75
Emory University Hospital,	03/30/2020,	2362103,02/24/2020,Emergency Department,24.0,Female,Accelerated BSN,3.5 And Above,,,No,,Yes,03/11/2022,2.043835616438356,Travel Nurse,22685,Emory University,3.75
Emory University Hospital,	03/30/2020,	2369498,02/10/2020,General Surgical Inpatient Unit,48.0,Female,BSN,3.5 And Above,,,No,,No,,,,22686,Emory University,3.75
Emory University Hospital Midtown,	10/24/2025,	0460109,10/13/2025,Orthopedic Inpatient Unit,25.0,Female,Masters,3.5 And Above,Full-time,,No,,No,,,,22687,Emory University,3.75
Emory Johns Creek Hospital,	10/02/2025,	2485518,11/24/2025,General Medical Inpatient Unit,22.0,Female,BSN,3.5 And Above,Full-time,,No,,No,,,,22697,Emory University,3.75
Emory Saint Joseph’s Hospital,	10/02/2025,	2666368,11/03/2025,Telemetry Unit,21.0,Female,Masters,3.5 And Above,Full-time,,No,,No,,,,22701,Emory University,3.75
Emory Johns Creek Hospital,	10/02/2025,	2689969,11/17/2025,Emergency Department,25.0,Female,Masters,3.5 And Above,Full-time,,No,,No,,,,22702,Emory University,3.75
Emory Saint Joseph’s Hospital,	07/10/2025,	2485609,07/07/2025,Cardiac/Heart/Vascular Critical Care,21.0,Female,BSN,3.5 And Above,Full-time,,No,,No,,,,22707,Emory University,3.75
Emory Saint Joseph’s Hospital,	07/10/2025,	2487217,07/21/2025,Neurology Inpatient Unit,22.0,Female,BSN,3.5 And Above,Full-time,,No,,No,,,,22708,Emory University,3.75
Emory Saint Joseph’s Hospital,	07/10/2025,	2487401,07/14/2025,Medical/Surgical Inpatient Unit,22.0,Female,BSN,3.5 And Above,Full-time,,No,,No,,,,22709,Emory University,3.75
Emory Saint Joseph’s Hospital,	10/02/2024,	2124235,10/21/2024,Medical/Surgical Inpatient Unit,28.0,Female,Masters,3.5 And Above,Full-time,,No,,No,,,,22713,Emory University,3.75
Emory Saint Joseph’s Hospital,	10/02/2024,	2602819,09/30/2024,Telemetry Unit,28.0,Female,Masters,3.5 And Above,Full-time,,No,,No,,,,22714,Emory University,3.75
Emory Saint Joseph’s Hospital,	10/02/2024,	2603485,10/07/2024,Medical/Surgical Intermediate Unit,25.0,Female,Masters,3.5 And Above,Full-time,,No,,No,,,,22715,Emory University,3.75
Emory Saint Joseph’s Hospital,	07/12/2024,	0450827,07/21/2024,Medical/Surgical ICU Inpatient Unit,25.0,Female,Masters,3.5 And Above,Full-time,,No,,No,,,,22716,Emory University,3.75
Emory Johns Creek Hospital,	07/12/2024,	2395451,08/04/2024,Medical/Surgical Inpatient Unit,29.0,Male,Masters,3.5 And Above,Full-time,,No,,Yes,08/06/2025,1.0054794520547945,Other/Unknown,22717,Emory University,3.75
Emory Saint Joseph’s Hospital,	07/12/2024,	2602456,08/05/2024,Medical/Surgical Inpatient Unit,25.0,Female,Masters,3.5 And Above,Full-time,,No,,No,,,,22718,Emory University,3.75
Emory Johns Creek Hospital,	07/12/2024,	0074691,06/24/2024,Obstetrics/Labor & Delivery Inpatient Unit,40.0,Female,Masters,3.5 And Above,Full-time,,No,,Yes,10/11/2024,0.29863013698630136,Personal reasons,22719,Emory University,3.75
Emory Saint Joseph’s Hospital,	10/02/2024,	2618815,09/29/2024,Emergency Department,25.0,Female,Masters,3.5 And Above,Full-time,,No,,Yes,12/04/2024,0.18082191780821918,Relocating out of area,22720,Emory University,3.75
Emory Hillandale Hospital,	08/22/2024,	2187790,08/26/2024,Medical/Surgical Inpatient Unit,34.0,Female,Masters,3.5 And Above,Full-time,,No,,No,,,,22721,Emory University,3.75
Emory Decatur Hospital,	08/28/2025,	2492323,08/11/2025,Oncology Inpatient Unit,22.0,Female,BSN,3.5 And Above,Full-time,,No,,No,,,,22724,Emory University,3.75
Emory University Hospital,	08/18/2025,	2486683,07/28/2025,Medical/Surgical Intermediate Unit,22.0,Female,BSN,3.0 - 3.49,Full-time,,No,,No,,,,22726,Emory University,3.25
Emory University Hospital,	04/23/2025,	0455803,04/07/2025,Cardiac/Heart/Vascular Critical Care,23.0,Female,Masters,3.0 - 3.49,Full-time,,No,,No,,,,22728,Emory University,3.25
Emory University Hospital,	04/23/2025,	2643217,03/03/2025,Surgical ICU Inpatient Unit,23.0,Female,Masters,3.5 And Above,Full-time,,No,,No,,,,22733,Emory University,3.75
Emory University Hospital,	04/23/2025,	2643218,03/03/2025,Surgical ICU Inpatient Unit,23.0,Female,Masters,3.5 And Above,Full-time,,No,,No,,,,22734,Emory University,3.75
Emory University Hospital,	04/23/2025,	2657326,03/31/2025,Cardiac/Heart/Vascular Critical Care,30.0,Male,Masters,3.5 And Above,Full-time,,No,,No,,,,22736,Emory University,3.75
Emory University Hospital Midtown,	04/04/2025,	2480056,04/21/2025,Obstetrics/Labor & Delivery Inpatient Unit,31.0,Female,Accelerated BSN,3.5 And Above,Full-time,,No,,No,,,,22737,Emory University,3.75
Emory University Hospital Midtown,	04/04/2025,	2619076,03/03/2025,Emergency Department,23.0,Female,Masters,3.0 - 3.49,Full-time,,No,,No,,,,22744,Emory University,3.25
Emory Decatur Hospital,	04/01/2025,	2602441,03/24/2025,Obstetrics/Labor & Delivery Inpatient Unit,30.0,Female,Masters,3.0 - 3.49,Full-time,,No,,No,,,,22751,Emory University,3.25
Emory Decatur Hospital,	04/01/2025,	2603237,03/17/2025,Neonatal ICU Inpatient Unit,31.0,Female,Masters,3.5 And Above,Full-time,,No,,No,,,,22752,Emory University,3.75
Emory University Hospital,	02/17/2025,	2645025,02/17/2025,Perioperative OR,24.0,Female,Masters,3.5 And Above,Full-time,,No,,Yes,09/23/2025,0.5972602739726027,Unhappy with job/facility,22756,Emory University,3.75
Emory University Hospital,	11/13/2024,	2475832,10/28/2024,Neurology/Neurosurgical ICU Inpatient Unit,26.0,Female,Masters,3.5 And Above,Full-time,,No,,No,,,,22758,Emory University,3.75
Emory University Hospital,	11/13/2024,	2480917,10/21/2024,Cardiac/Heart/Vascular Critical Care,24.0,Female,Masters,3.5 And Above,Full-time,,No,,No,,,,22759,Emory University,3.75
Emory University Hospital,	11/13/2024,	2543152,10/15/2024,Cardiac/Heart/Vascular Critical Care,26.0,Female,Masters,3.5 And Above,Full-time,,No,,No,,,,22760,Emory University,3.75
Emory University Hospital,	11/13/2024,	2559078,10/21/2024,Surgical ICU Inpatient Unit,22.0,Male,BSN,3.5 And Above,Full-time,,No,,No,,,,11786,Emory University,3.75
Emory University Hospital,	11/13/2024,	2601762,10/21/2024,Cardiac/Heart/Vascular Critical Care,25.0,Female,Masters,3.5 And Above,Full-time,,No,,No,,,,22762,Emory University,3.75
Emory Decatur Hospital,	11/12/2024,	2427070,11/04/2024,Obstetrics/Labor & Delivery Inpatient Unit,26.0,Female,Masters,3.0 - 3.49,Full-time,,No,,No,,,,22763,Emory University,3.25
Emory Decatur Hospital,	11/12/2024,	2602663,11/04/2024,Medical/Surgical ICU Inpatient Unit,31.0,Female,Masters,3.5 And Above,Full-time,,No,,No,,,,22764,Emory University,3.75
Emory Decatur Hospital,	11/12/2024,	2603323,11/04/2024,Obstetrics/Labor & Delivery Inpatient Unit,24.0,Female,Masters,3.0 - 3.49,Full-time,,No,,No,,,,22765,Emory University,3.25
Emory Decatur Hospital,	11/12/2024,	2622549,11/04/2024,Medical/Surgical ICU Inpatient Unit,25.0,Female,Masters,3.5 And Above,Full-time,,No,,No,,,,22766,Emory University,3.75
Emory University Hospital,	10/28/2024,	0416035,10/15/2024,Oncology Inpatient Unit,43.0,Female,Masters,3.0 - 3.49,Full-time,,No,,No,,,,22767,Emory University,3.25
Emory University Hospital,	10/28/2024,	2601474,10/21/2024,Emergency Department,31.0,Female,Masters,3.0 - 3.49,Full-time,,No,,No,,,,22768,Emory University,3.25
Emory University Hospital Midtown,	10/28/2024,	2603172,10/21/2024,Oncology Inpatient Unit,25.0,Female,Masters,3.5 And Above,Full-time,,No,,No,,,,22769,Emory University,3.75
Emory University Hospital Midtown,	10/25/2024,	1824762,12/09/2024,Medical/Surgical Inpatient Unit,55.0,Female,Masters,3.5 And Above,Full-time,,No,,No,,,,22770,Emory University,3.75
Emory University Hospital Midtown,	10/25/2024,	2378742,10/28/2024,Cardiac/Heart/Vascular Critical Care,23.0,Female,BSN,3.5 And Above,Full-time,,No,,No,,,,22771,Emory University,3.75
Emory University Hospital Midtown,	10/25/2024,	2601187,09/16/2024,Mother/Baby Unit,24.0,Female,Masters,3.5 And Above,Full-time,,No,,No,,,,22772,Emory University,3.75
Emory University Hospital Midtown,	10/25/2024,	2603286,10/14/2024,Emergency Department,22.0,Female,Masters,3.5 And Above,Full-time,,No,,No,,,,22773,Emory University,3.75
Emory University Hospital Midtown,	10/25/2024,	2624382,10/14/2024,Emergency Department,24.0,Female,Masters,3.5 And Above,Full-time,,No,,No,,,,22774,Emory University,3.75
Emory University Hospital,	08/22/2024,	2404811,08/05/2024,Oncology Inpatient Unit,25.0,Female,BSN,3.5 And Above,Full-time,,No,,No,,,,11795,Emory University,3.75
Emory University Hospital Midtown,	08/22/2024,	2456293,08/05/2024,Oncology Inpatient Unit,21.0,Female,BSN,3.5 And Above,Full-time,,No,,No,,,,22776,Emory University,3.75
Emory University Hospital,	08/22/2024,	2601366,08/05/2024,Oncology Inpatient Unit,25.0,Female,Masters,3.5 And Above,Full-time,,No,,No,,,,22777,Emory University,3.75
Emory University Hospital,	08/22/2024,	2602442,08/12/2024,Oncology Inpatient Unit,27.0,Female,Accelerated BSN,3.5 And Above,Full-time,,No,,No,,,,22778,Emory University,3.75
Emory Decatur Hospital,	08/22/2024,	2602814,08/05/2024,Oncology Inpatient Unit,28.0,Female,Masters,3.5 And Above,Full-time,,No,,No,,,,22779,Emory University,3.75
Emory University Hospital,	08/21/2024,	2063788,07/21/2024,Neurology/Neurosurgical ICU Inpatient Unit,28.0,Male,Masters,3.5 And Above,Full-time,,No,,No,,,,22780,Emory University,3.75
Emory University Hospital,	08/21/2024,	2250508,07/29/2024,Neurology/Neurosurgical ICU Inpatient Unit,25.0,Female,Masters,3.5 And Above,Full-time,,No,,No,,,,22781,Emory University,3.75
Emory University Hospital,	08/21/2024,	2308361,07/29/2024,Cardiac/Heart/Vascular Critical Care,25.0,Female,Masters,3.0 - 3.49,Full-time,,No,,No,,,,22782,Emory University,3.25
Emory University Hospital,	08/21/2024,	2433630,07/29/2024,Cardiac/Heart/Vascular Critical Care,22.0,Female,BSN,3.5 And Above,Full-time,,No,,No,,,,11789,Emory University,3.75
Emory University Hospital,	08/21/2024,	2543660,07/22/2024,Medical ICU Inpatient Unit,22.0,Female,BSN,3.5 And Above,Full-time,,No,,No,,,,11782,Emory University,3.75
Emory University Hospital,	08/21/2024,	2590182,07/22/2024,Neurology/Neurosurgical ICU Inpatient Unit,24.0,Female,Masters,3.5 And Above,Full-time,,No,,No,,,,22785,Emory University,3.75
Emory University Hospital,	08/21/2024,	2590581,07/29/2024,Neurology/Neurosurgical ICU Inpatient Unit,23.0,Female,Masters,3.5 And Above,Full-time,,No,,No,,,,22786,Emory University,3.75
Emory University Hospital,	08/21/2024,	2601006,08/05/2024,Cardiac/Heart/Vascular Critical Care,24.0,Non-binary or gender fluid,Masters,3.5 And Above,Full-time,,No,,No,,,,22787,Emory University,3.75
Emory University Hospital,	08/21/2024,	2601220,08/05/2024,Neurology/Neurosurgical ICU Inpatient Unit,38.0,Female,Masters,3.5 And Above,Full-time,,No,,No,,,,22788,Emory University,3.75
Emory University Hospital,	08/21/2024,	2601916,07/29/2024,Emergency Department,24.0,Female,Masters,3.5 And Above,Full-time,,No,,No,,,,22789,Emory University,3.75
Emory University Hospital,	08/21/2024,	2602790,07/22/2024,Cardiac/Heart/Vascular Critical Care,25.0,Male,Masters,3.5 And Above,Full-time,,No,,No,,,,22790,Emory University,3.75
Emory Decatur Hospital,	08/20/2024,	2386137,08/20/2024,Medical/Surgical ICU Inpatient Unit,23.0,Female,BSN,3.5 And Above,Full-time,,No,,No,,,,11794,Emory University,3.75
Emory Decatur Hospital,	08/20/2024,	2435357,08/19/2024,Medical/Surgical ICU Inpatient Unit,22.0,Female,BSN,3.5 And Above,Full-time,,No,,No,,,,22792,Emory University,3.75
Emory Decatur Hospital,	08/20/2024,	2600915,08/12/2024,Medical/Surgical ICU Inpatient Unit,27.0,Female,Masters,3.5 And Above,Full-time,,No,,No,,,,22793,Emory University,3.75
Emory Decatur Hospital,	08/20/2024,	2601312,08/12/2024,Neonatal ICU Inpatient Unit,25.0,Female,Masters,3.5 And Above,Full-time,,No,,No,,,,22794,Emory University,3.75
Emory Decatur Hospital,	08/20/2024,	2602560,08/12/2024,Observation Unit,32.0,Female,Masters,3.5 And Above,Full-time,,No,,No,,,,22795,Emory University,3.75
Emory Decatur Hospital,	08/20/2024,	2602672,08/12/2024,Mother/Baby Unit,26.0,Female,Masters,3.5 And Above,Full-time,,No,,No,,,,22796,Emory University,3.75
Emory University Hospital Midtown,	08/09/2024,	2428390,08/05/2024,Cardiac/Heart/Vascular Critical Care,20.0,Female,BSN,3.5 And Above,Full-time,,No,,No,,,,22797,Emory University,3.75
Emory University Hospital Midtown,	08/09/2024,	2484952,08/05/2024,Medical/Surgical Inpatient Unit,35.0,Female,Masters,3.5 And Above,Full-time,,No,,No,,,,22798,Emory University,3.75
Emory University Hospital Midtown,	08/09/2024,	2485466,07/22/2024,Perioperative OR,20.0,Female,BSN,3.5 And Above,Full-time,,No,,No,,,,11762,Emory University,3.75
Emory University Hospital Midtown,	08/09/2024,	2524544,08/19/2024,Neonatal ICU Inpatient Unit,29.0,Female,Masters,3.0 - 3.49,Full-time,,No,,No,,,,10227,Emory University,3.25
Emory University Hospital Midtown,	08/09/2024,	2543125,08/05/2024,General Medical Inpatient Unit,27.0,Female,Masters,3.5 And Above,Full-time,,No,,No,,,,11300,Emory University,3.75
Emory University Hospital Midtown,	08/09/2024,	2543321,08/12/2024,Neurology/Neurosurgical ICU Inpatient Unit,24.0,Female,Masters,3.5 And Above,Full-time,,No,,No,,,,22802,Emory University,3.75
Emory University Hospital Midtown,	08/09/2024,	2598136,07/15/2024,Cardiac/Heart/Vascular Critical Care,28.0,Female,Masters,3.5 And Above,Full-time,,No,,No,,,,22803,Emory University,3.75
Emory University Hospital Midtown,	08/09/2024,	2600749,08/05/2024,General Medical Inpatient Unit,23.0,Female,Masters,3.5 And Above,Full-time,,No,,No,,,,22804,Emory University,3.75
Emory University Hospital Midtown,	08/09/2024,	2603048,07/22/2024,Perioperative OR,28.0,Female,Masters,3.5 And Above,Full-time,,No,,No,,,,22805,Emory University,3.75
Emory University Hospital,	08/05/2024,	2429274,07/29/2024,Emergency Department,22.0,Female,BSN,3.5 And Above,Full-time,,No,,No,,,,11759,Emory University,3.75
Emory University Hospital,	08/05/2024,	2480036,07/29/2024,General Medical Inpatient Unit,41.0,Female,Masters,3.5 And Above,Full-time,,No,,No,,,,22807,Emory University,3.75
Emory University Hospital,	08/05/2024,	2595660,07/29/2024,Telemetry Unit,51.0,Female,Masters,3.5 And Above,Full-time,,No,,No,,,,22808,Emory University,3.75
Emory Saint Joseph’s Hospital,	07/12/2024,	0440238,07/07/2024,Cardiac/Heart/Vascular Critical Care,24.0,Female,Accelerated BSN,3.5 And Above,Full-time,,No,,No,,,,22809,Emory University,3.75
Emory Saint Joseph’s Hospital,	07/12/2024,	0441567,07/07/2024,Cardiac/Heart/Vascular Critical Care,24.0,Female,Accelerated BSN,3.0 - 3.49,Full-time,,No,,No,,,,22810,Emory University,3.25
Emory Johns Creek Hospital,	07/12/2024,	2601491,06/23/2024,Medical/Surgical ICU Inpatient Unit,23.0,Female,Masters,3.5 And Above,Full-time,,No,,No,,,,22811,Emory University,3.75
Emory University Hospital,	08/21/2024,	2598937,07/29/2024,Neurology/Neurosurgical ICU Inpatient Unit,25.0,Female,BSN,3.5 And Above,Full-time,,No,,Yes,09/07/2024,0.1095890410958904,Other/Unknown,22814,Emory University,3.75
Emory University Hospital,	08/21/2024,	2099782,08/10/2024,Cardiac/Heart/Vascular Critical Care,28.0,Male,Masters,3.0 - 3.49,Full-time,,No,,Yes,08/01/2025,0.9753424657534246,Relocating out of area,11735,Emory University,3.25
Emory University Hospital Midtown,	08/09/2024,	2595541,08/12/2024,Emergency Department,23.0,Female,Masters,3.5 And Above,Full-time,,No,,Yes,03/25/2025,0.6164383561643836,Unsatisfactory performance,22816,Emory University,3.75
Emory University Hospital,	08/05/2024,	2430433,08/19/2024,Medical/Surgical Intermediate Unit,22.0,Female,BSN,3.5 And Above,Full-time,,No,,Yes,07/03/2025,0.8712328767123287,Obtained position representing a different job experience,11788,Emory University,3.75
Emory University Hospital,	11/13/2024,	2622581,10/28/2024,Emergency Department,22.0,Female,Masters,3.5 And Above,Full-time,,No,,Yes,10/08/2025,0.9452054794520548,Unsatisfactory performance,22818,Emory University,3.75
Emory Decatur Hospital,	11/12/2024,	0401443,11/04/2024,Emergency Department,34.0,Female,Masters,3.0 - 3.49,Full-time,,No,,Yes,06/13/2025,0.6054794520547945,Unsatisfactory performance,11526,Emory University,3.25
Emory University Hospital,	07/17/2017,	2167847,,Mother/Baby Unit,40.0,Female,BSN,3.0 - 3.49,,,No,,No,,,,22820,Emory University,3.25
Emory University Hospital,	08/20/2025,	0452360,07/21/2025,Surgical ICU Inpatient Unit,24.0,Female,BSN,3.5 And Above,Full-time,,No,,No,,,,23107,Georgia College And State University,3.75
Emory University Hospital,	02/25/2017,	315622,,Neurology/Neurosurgical ICU Inpatient Unit,23.0,Female,BSN,3.0 - 3.49,,,No,,No,,,,23118,Georgia College And State University,3.25
Emory University Hospital,	02/24/2017,	126442,,General Medical Inpatient Unit,22.0,Female,BSN,3.0 - 3.49,,,No,,No,,,,23119,Georgia College And State University,3.25
Emory University Hospital,	10/13/2016,	0415471,,Neurology/Neurosurgical ICU Inpatient Unit,23.0,Female,BSN,3.0 - 3.49,,,No,,No,,,,23120,Georgia College And State University,3.25
Emory University Hospital,	10/13/2016,	0415481,,General Surgical Inpatient Unit,22.0,Female,BSN,3.0 - 3.49,,,No,,No,,,,23121,Georgia College And State University,3.25
Emory University Hospital,	10/10/2016,	0415911,,Newborn Nursery,23.0,Female,BSN,3.0 - 3.49,,,No,,No,,,,23122,Georgia College And State University,3.25
Emory University Hospital,	09/08/2014,	0406590,,General Medical Inpatient Unit,24.0,Male,BSN,3.0 - 3.49,,,No,,No,,,,23123,Georgia College And State University,3.25
Emory University Hospital,	03/17/2014,	010444600,,General Surgical Inpatient Unit,24.0,Female,BSN,3.0 - 3.49,,,No,,No,,,,23124,Georgia College And State University,3.25
Emory University Hospital,	08/19/2013,	1048,,Oncology Inpatient Unit,25.0,Female,BSN,3.5 And Above,,,No,,No,,,,23125,Georgia College And State University,3.75
Emory Saint Joseph’s Hospital,	03/29/2010,	1337,,Other (please specify),23.0,Female,BSN,3.0 - 3.49,,,No,,No,,,,23126,Georgia College And State University,3.25
Emory Saint Joseph’s Hospital,	03/29/2010,	4185,,Other (please specify),22.0,Female,BSN,3.0 - 3.49,,,No,,No,,,,23127,Georgia College And State University,3.25
Emory Saint Joseph’s Hospital,	08/16/2009,	7154,,Other (please specify),22.0,Female,BSN,3.0 - 3.49,,,No,,No,,,,23128,Georgia College And State University,3.25
Emory Saint Joseph’s Hospital,	02/20/2017,	898254,02/20/2017,Cardiac/Heart/Vascular Critical Care,38.0,Female,BSN,3.5 And Above,Full-time,,No,,No,,,,23133,Georgia Gwinnett College,3.75
Emory Saint Joseph’s Hospital,	02/17/2025,	0476883,03/03/2025,Oncology Inpatient Unit,29.0,Female,BSN,3.0 - 3.49,Full-time,,No,,No,,,,23138,Georgia Gwinnett College,3.25
Emory Saint Joseph’s Hospital,	10/28/2024,	2480274,11/04/2024,Perioperative OR,29.0,Male,BSN,3.5 And Above,Full-time,,No,,No,,,,23139,Georgia Gwinnett College,3.75
The Emory Clinic,	08/22/2024,	0410832,07/08/2024,Ambulatory Setting,32.0,Female,BSN,3.5 And Above,Full-time,,No,,No,,,,23140,Georgia Gwinnett College,3.75
Emory Johns Creek Hospital,	07/12/2024,	0468339,06/23/2024,Emergency Department,25.0,Female,BSN,3.5 And Above,Full-time,,No,,No,,,,23141,Georgia Gwinnett College,3.75
Emory Decatur Hospital,	03/26/2024,	0468719,03/18/2024,Medical/Surgical ICU Inpatient Unit,29.0,Male,BSN,3.0 - 3.49,Full-time,,No,,Yes,03/28/2025,1.0273972602739727,Other/Unknown,23142,Georgia Gwinnett College,3.25
Emory University Hospital,	03/11/2024,	0468867,03/04/2024,General Medical Inpatient Unit,26.0,Male,BSN,3.5 And Above,Full-time,,No,,No,,,,10082,Georgia Gwinnett College,3.75
Emory Johns Creek Hospital,	07/12/2021,	0447725,07/12/2021,General Surgical Inpatient Unit,25.0,Female,BSN,3.0 - 3.49,Full-time,,No,,Yes,05/31/2022,0.8849315068493151,Returning to school full-time,23144,Georgia Gwinnett College,3.25
Emory Decatur Hospital,	08/02/2022,	0456230,07/25/2022,Rehabilitation Inpatient Unit,23.0,Female,BSN,3.5 And Above,,,No,,No,,,,23145,Georgia Gwinnett College,3.75
Emory Johns Creek Hospital,	07/18/2022,	0452944,02/21/2022,Oncology Inpatient Unit,34.0,Female,BSN,2.5 - 2.99,,,No,,No,,,,23146,Georgia Gwinnett College,2.75
Emory University Hospital at Wesley Woods,	03/18/2022,	0453108,03/21/2022,Psychiatric Inpatient Unit,28.0,Male,BSN,3.5 And Above,,,No,,No,,,,23147,Georgia Gwinnett College,3.75
Emory Johns Creek Hospital,	10/18/2021,	0450906,10/18/2021,General Medical Inpatient Unit,22.0,Female,BSN,3.0 - 3.49,Full-time,,No,,Yes,10/18/2022,1.0,Unsatisfactory performance,23148,Georgia Gwinnett College,3.25
Emory Decatur Hospital,	10/12/2021,	0436454,10/03/2021,Obstetrics/Labor & Delivery Inpatient Unit,22.0,Female,BSN,3.5 And Above,,,No,,No,,,,23149,Georgia Gwinnett College,3.75
Emory Johns Creek Hospital,	07/12/2021,	0447727,07/12/2021,General Surgical Inpatient Unit,21.0,Female,BSN,3.5 And Above,Full-time,,No,,Yes,07/14/2024,3.0082191780821916,Relocating out of area,23150,Georgia Gwinnett College,3.75
Emory University Hospital,	04/16/2021,	0445534,03/22/2021,Orthopedic Inpatient Unit,22.0,Female,BSN,3.5 And Above,,,No,,No,,,,23151,Georgia Gwinnett College,3.75
Emory University Hospital,	04/16/2021,	0445542,03/21/2021,Oncology Inpatient Unit,23.0,Male,BA in Nursing,3.5 And Above,,,No,,No,,,,23152,Georgia Gwinnett College,3.75
Emory University Hospital,	04/16/2021,	0445597,03/01/2021,Other (please specify),24.0,Female,BSN,3.5 And Above,,,No,,No,,,,23153,Georgia Gwinnett College,3.75
Emory University Hospital,	08/06/2020,	0442611,07/27/2020,Medical ICU Inpatient Unit,26.0,Female,BSN,3.0 - 3.49,,,No,,Yes,10/09/2022,2.202739726027397,Obtained position representing a different job experience,23155,Georgia Gwinnett College,3.25
Emory University Hospital Midtown,	08/01/2020,	0442390,08/10/2020,Medical/Surgical Inpatient Unit,22.0,Male,BSN,3.5 And Above,Full-time,,No,,Yes,09/01/2021,1.0602739726027397,Travel Nurse,23156,Georgia Gwinnett College,3.75
Emory Decatur Hospital,	07/21/2020,	0442394,07/13/2020,General Medical Inpatient Unit,23.0,Female,BSN,3.0 - 3.49,,,No,,No,,,,23157,Georgia Gwinnett College,3.25
Emory Decatur Hospital,	07/21/2020,	2319575,07/13/2020,Medical/Surgical ICU Inpatient Unit,34.0,Male,BSN,3.5 And Above,,,No,,No,,,,23158,Georgia Gwinnett College,3.75
Emory Saint Joseph’s Hospital,	07/13/2020,	0442295,07/13/2020,General Medical Inpatient Unit,25.0,Female,BSN,3.0 - 3.49,Per Diem,,No,,No,,,,23159,Georgia Gwinnett College,3.25
Emory Johns Creek Hospital,	07/22/2019,	2216603,07/22/2019,Emergency Department,29.0,Female,BSN,3.0 - 3.49,Full-time,,No,,No,,,,23160,Georgia Gwinnett College,3.25
Emory University Hospital Midtown,	02/28/2019,	0422665,02/25/2019,Neurology/Neurosurgical ICU Inpatient Unit,24.0,Female,BSN,3.5 And Above,,,No,,No,,,,23161,Georgia Gwinnett College,3.75
Emory University Hospital,	10/15/2018,	0430568,10/15/2018,Psychiatric Inpatient Unit,23.0,Male,BSN,3.0 - 3.49,,,No,,No,,,,23162,Georgia Gwinnett College,3.25
Emory Saint Joseph’s Hospital,	10/08/2018,	680289,,Emergency Department,25.0,Male,BSN,3.0 - 3.49,,,No,,Yes,10/09/2020,,Other/Unknown,23163,Georgia Gwinnett College,3.25
Emory Saint Joseph’s Hospital,	07/23/2018,	970965,07/23/2018,Medical/Surgical Inpatient Unit,30.0,Male,BSN,3.0 - 3.49,Full-time,,No,,Yes,01/16/2021,2.4876712328767123,Compensation/pay,23164,Georgia Gwinnett College,3.25
Emory University Hospital,	07/16/2018,	0405243,07/16/2018,Medical ICU Inpatient Unit,44.0,Female,BSN,3.5 And Above,Full-time,,No,,No,,,,23165,Georgia Gwinnett College,3.75
Emory University Hospital,	02/23/2018,	0415733,,Emergency Department,34.0,Male,BSN,3.5 And Above,,,No,,No,,,,23166,Georgia Gwinnett College,3.75
Emory University Hospital,	02/23/2018,	0422830,,Neurology/Neurosurgical ICU Inpatient Unit,27.0,Female,BSN,3.5 And Above,,,No,,Yes,05/30/2020,,Other/Unknown,23167,Georgia Gwinnett College,3.75
Emory University Hospital,	02/23/2018,	0422831,,Neurology/Neurosurgical ICU Inpatient Unit,25.0,Male,BSN,3.0 - 3.49,,,No,,No,,,,23168,Georgia Gwinnett College,3.25
Emory University Hospital,	02/23/2018,	0423391,,Mother/Baby Unit,24.0,Female,BSN,3.0 - 3.49,,,No,,No,,,,23169,Georgia Gwinnett College,3.25
Emory University Hospital,	02/23/2018,	0423392,,Mother/Baby Unit,28.0,Female,BSN,3.5 And Above,,,No,,No,,,,23170,Georgia Gwinnett College,3.75
Emory University Hospital,	02/23/2018,	0423512,02/23/2018,Medical ICU Inpatient Unit,24.0,Male,BSN,3.0 - 3.49,Full-time,,No,,No,,,,23171,Georgia Gwinnett College,3.25
Emory University Hospital,	02/23/2018,	2320084,,Transplant Unit,40.0,Female,BSN,3.5 And Above,,,No,,Yes,03/15/2020,,Obtained position representing a different job experience,23172,Georgia Gwinnett College,3.75
Emory University Hospital,	10/13/2016,	107892,,Medical/Surgical Inpatient Unit,22.0,Male,BSN,3.0 - 3.49,,,No,,No,,,,23173,Georgia Gwinnett College,3.25
Emory University Hospital,	10/10/2016,	039957600,,Other (please specify),32.0,Female,BSN,3.0 - 3.49,,,No,,No,,,,23174,Georgia Gwinnett College,3.25
Emory University Hospital Midtown,	10/25/2024,	0474355,10/14/2024,Obstetrics/Labor & Delivery Inpatient Unit,25.0,Female,ADN/ASN,3.0 - 3.49,Full-time,,No,,No,,,,23189,Georgia Highlands College,3.25
Emory University Hospital,	03/21/2011,	1956,,General Medical Inpatient Unit,56.0,Male,ADN/ASN,3.0 - 3.49,,,No,,No,,,,23190,Georgia Highlands College,3.25
Emory Saint Joseph’s Hospital,	03/07/2016,	098593,,Medical/Surgical Inpatient Unit,31.0,Male,Accelerated BSN,3.0 - 3.49,,,No,,Yes,10/30/2017,,Other/Unknown,23392,Georgia State University,3.25
Emory Saint Joseph’s Hospital,	03/07/2016,	475531,,Other (please specify),26.0,Female,Accelerated BSN,3.5 And Above,,,No,,No,,,,23393,Georgia State University,3.75
Emory Saint Joseph’s Hospital,	03/07/2016,	825884,,General Medical Inpatient Unit,22.0,Female,BSN,3.5 And Above,,,No,,No,,,,23394,Georgia State University,3.75
Emory Saint Joseph’s Hospital,	11/02/2015,	445231,,Emergency Department,22.0,Female,Masters,3.5 And Above,,,No,,No,,,,23395,Georgia State University,3.75
Emory University Hospital,	09/10/2012,	1207,,General Medical Inpatient Unit,34.0,Female,Accelerated BSN,3.5 And Above,,,No,,No,,,,23396,Georgia State University,3.75
Emory University Hospital,	11/12/2025,	0481233,10/20/2025,Cardiac/Heart/Vascular Critical Care,22.0,Male,BSN,3.5 And Above,Full-time,,No,,No,,,,23401,Georgia State University,3.75
Emory Decatur Hospital,	08/19/2025,	0479945,08/11/2025,Medical/Surgical Inpatient Unit,23.0,Female,BSN,3.5 And Above,Full-time,,No,,No,,,,23408,Georgia State University,3.75
Emory Decatur Hospital,	03/24/2020,	0439664,01/27/2020,Oncology Inpatient Unit,22.0,Female,BSN,3.5 And Above,,,No,,Yes,04/16/2020,0.2191780821917808,VISA expired,23409,Georgia State University,3.75
Emory University Hospital,	03/30/2020,	0424262,02/13/2020,Orthopedic Inpatient Unit,24.0,Female,ADN/ASN,2.5 - 2.99,Full-time,,No,,Yes,01/16/2021,0.9260273972602739,Obtained position representing a different job experience,23416,Georgia State University,2.75
Emory Decatur Hospital,	04/01/2025,	0476507,03/17/2025,Medical/Surgical ICU Inpatient Unit,23.0,Female,BSN,3.5 And Above,Full-time,,No,,No,,,,23417,Georgia State University,3.75
Emory Long Term Acute Care,	04/01/2025,	0476563,03/17/2025,Other (please specify),43.0,Female,ADN/ASN,2.5 - 2.99,Full-time,,No,,No,,,,23418,Georgia State University,2.75
Emory Long Term Acute Care,	04/01/2025,	0476587,03/17/2025,Other (please specify),22.0,Female,BSN,3.5 And Above,Full-time,,No,,No,,,,23419,Georgia State University,3.75
Emory Saint Joseph’s Hospital,	02/17/2025,RN0029,03/24/2025,Medical/Surgical Inpatient Unit,22.0,Female,BSN,3.5 And Above,Full-time,,No,,No,,,,23425,Georgia State University,3.75
Emory University Hospital,	11/13/2024,	0474498,10/21/2024,Medical ICU Inpatient Unit,22.0,Female,BSN,3.0 - 3.49,Full-time,,No,,No,,,,23426,Georgia State University,3.25
Emory Decatur Hospital,	11/12/2024,	0474843,11/11/2024,Medical/Surgical Intermediate Unit,24.0,Female,BSN,3.0 - 3.49,Full-time,,No,,No,,,,23427,Georgia State University,3.25
Emory University Hospital Midtown,	10/25/2024,	0416817,10/14/2024,Emergency Department,32.0,Female,ADN/ASN,3.0 - 3.49,Full-time,,No,,No,,,,23429,Georgia State University,3.25
The Emory Clinic,	10/02/2024,	0413108,09/01/2024,Ambulatory Setting,35.0,Female,BSN,3.0 - 3.49,Full-time,,No,,No,,,,23430,Georgia State University,3.25
Emory University Hospital Midtown,	02/17/2025,	2626365,02/24/2025,Perioperative OR,26.0,Female,Masters,3.5 And Above,Full-time,,No,,Yes,08/16/2025,0.473972602739726,Unhappy with job/facility,23431,Georgia State University,3.75
Emory University Hospital Midtown,	02/28/2019,	0427835,02/25/2019,Perioperative OR,26.0,Female,ADN/ASN,2.5 - 2.99,Full-time,,No,,Yes,01/03/2020,0.8547945205479452,Did not return from leave of absence,23432,Georgia State University,2.75
Emory Decatur Hospital,	08/20/2024,	0472583,08/12/2024,General Medical Inpatient Unit,21.0,Female,BSN,3.5 And Above,Full-time,,No,,No,,,,23433,Georgia State University,3.75
Emory University Hospital,	02/26/2019,	0433229,03/04/2019,Oncology Inpatient Unit,25.0,Female,Accelerated BSN,3.5 And Above,,,No,,Yes,07/12/2019,0.3561643835616438,Obtained position representing a different job experience,23434,Georgia State University,3.75
Emory Long Term Acute Care,	08/20/2024,	0473364,08/26/2024,Other (please specify),35.0,Female,ADN/ASN,3.0 - 3.49,Full-time,,No,,No,,,,23435,Georgia State University,3.25
Emory University Hospital Midtown,	08/09/2024,	0408669,08/05/2024,General Medical Inpatient Unit,38.0,Male,ADN/ASN,3.0 - 3.49,Full-time,,No,,No,,,,23436,Georgia State University,3.25
Emory University Hospital Midtown,	08/09/2024,	0430311,09/10/2024,Orthopedic Inpatient Unit,35.0,Female,BSN,3.0 - 3.49,Full-time,,No,,No,,,,23437,Georgia State University,3.25
Emory University Hospital Midtown,	08/09/2024,	0463685,08/06/2024,Emergency Department,36.0,Male,ADN/ASN,3.5 And Above,Full-time,,No,,No,,,,23438,Georgia State University,3.75
Emory University Hospital Midtown,	08/09/2024,	0472120,07/22/2024,Perioperative OR,23.0,Female,ADN/ASN,3.5 And Above,Full-time,,No,,No,,,,23439,Georgia State University,3.75
Emory University Hospital Midtown,	08/09/2024,	0473603,09/16/2024,Medical/Surgical Inpatient Unit,22.0,Male,BSN,3.5 And Above,Full-time,,No,,No,,,,23440,Georgia State University,3.75
Emory University Hospital,	08/05/2024,	0469739,04/01/2024,General Medical Inpatient Unit,23.0,Male,ADN/ASN,2.5 - 2.99,Full-time,,No,,No,,,,23441,Georgia State University,2.75
Emory University Hospital,	08/05/2024,	0472723,07/29/2024,Neurology Inpatient Unit,42.0,Female,BSN,3.5 And Above,Full-time,,No,,No,,,,23442,Georgia State University,3.75
Emory University Hospital,	08/05/2024,	0473349,08/19/2024,Medical/Surgical Intermediate Unit,24.0,Female,BA in Nursing,3.5 And Above,Full-time,,No,,No,,,,23443,Georgia State University,3.75
Emory University Hospital,	04/24/2024,	0468749,03/04/2024,Neurology/Neurosurgical ICU Inpatient Unit,22.0,Male,BSN,3.5 And Above,Full-time,,No,,No,,,,23444,Georgia State University,3.75
Emory University Hospital Midtown,	04/05/2024,	0463219,02/26/2024,Emergency Department,29.0,Female,ADN/ASN,2.5 - 2.99,Full-time,,No,,No,,,,23445,Georgia State University,2.75
Emory Decatur Hospital,	03/24/2020,	0424859,03/16/2020,Obstetrics/Labor & Delivery Inpatient Unit,44.0,Female,ADN/ASN,3.5 And Above,,,No,,Yes,11/05/2020,0.6410958904109589,Obtained position representing a different job experience,23446,Georgia State University,3.75
Emory Decatur Hospital,	03/26/2024,	0468744,03/18/2024,Medical/Surgical ICU Inpatient Unit,23.0,Female,BSN,3.5 And Above,Full-time,,No,,Yes,03/28/2025,1.0273972602739727,Relocating out of area,23447,Georgia State University,3.75
Emory University Hospital,	03/11/2024,	0468859,03/04/2024,Oncology Inpatient Unit,24.0,Female,BSN,3.5 And Above,Full-time,,No,,No,,,,23448,Georgia State University,3.75
Emory University Hospital Midtown,	02/22/2024,	0461864,06/05/2023,Perioperative OR,23.0,Female,BSN,3.5 And Above,Full-time,,No,,No,,,,23449,Georgia State University,3.75
Emory Johns Creek Hospital,	02/22/2024,	1973414,02/04/2024,Medical/Surgical ICU Inpatient Unit,29.0,Female,ADN/ASN,3.0 - 3.49,Full-time,,No,,No,,,,23450,Georgia State University,3.25
Emory Decatur Hospital,	03/28/2023,	0462100,03/27/2023,Medical/Surgical Intermediate Unit,34.0,Female,BSN,3.5 And Above,Full-time,,No,,Yes,03/22/2024,0.989041095890411,Staffing or workload,23451,Georgia State University,3.75
Emory University Hospital,	10/23/2023,	0467151,11/13/2023,Oncology Inpatient Unit,23.0,Female,BSN,3.5 And Above,Full-time,,No,,No,,,,23452,Georgia State University,3.75
Emory University Hospital,	08/16/2023,	0464313,07/24/2023,Emergency Department,22.0,Female,BSN,3.5 And Above,Full-time,,No,,No,,,,23453,Georgia State University,3.75
Emory Long Term Acute Care,	08/15/2023,	0464094,06/26/2023,Other (please specify),39.0,Female,ADN/ASN,3.0 - 3.49,Full-time,,No,,No,,,,23454,Georgia State University,3.25
Emory Decatur Hospital,	08/15/2023,	0465015,08/07/2023,Medical/Surgical Intermediate Unit,28.0,Female,BSN,3.5 And Above,Full-time,,No,,No,,,,23455,Georgia State University,3.75
Emory Decatur Hospital,	08/15/2023,	2474967,07/18/2022,Telemetry Unit,29.0,Female,ADN/ASN,3.5 And Above,Full-time,,No,,Yes,10/18/2024,2.254794520547945,Obtained position representing a different job experience,23456,Georgia State University,3.75
Emory University Hospital,	08/07/2023,	0464304,07/24/2023,General Surgical Inpatient Unit,22.0,Female,BSN,3.5 And Above,Full-time,,No,,No,,,,23457,Georgia State University,3.75
Emory University Hospital,	08/07/2023,	0464607,07/24/2023,Telemetry Unit,40.0,Female,ADN/ASN,3.0 - 3.49,Full-time,,No,,No,,,,23458,Georgia State University,3.25
Emory Saint Joseph’s Hospital,	07/21/2023,	0464230,07/17/2023,Medical/Surgical Intermediate Unit,27.0,Female,ADN/ASN,3.0 - 3.49,Full-time,,No,,No,,,,23459,Georgia State University,3.25
Emory Johns Creek Hospital,	07/21/2023,	0464239,07/17/2023,Medical/Surgical Inpatient Unit,45.0,Female,ADN/ASN,3.0 - 3.49,Full-time,,No,,No,,,,23460,Georgia State University,3.25
Emory Johns Creek Hospital,	07/21/2023,	0464444,08/14/2023,Mother/Baby Unit,21.0,Female,ADN/ASN,3.0 - 3.49,Full-time,,No,,No,,,,23461,Georgia State University,3.25
Emory Johns Creek Hospital,	07/21/2023,	1078664,07/09/2023,Medical/Surgical Inpatient Unit,52.0,Female,BSN,3.0 - 3.49,Full-time,,No,,No,,,,23462,Georgia State University,3.25
Emory University Hospital,	04/26/2023,	0447323,03/06/2023,Emergency Department,34.0,Female,ADN/ASN,3.5 And Above,Full-time,,No,,No,,,,23463,Georgia State University,3.75
Emory University Hospital,	04/26/2023,	0456428,06/27/2022,Medical ICU Inpatient Unit,24.0,Female,ADN/ASN,3.5 And Above,Full-time,,No,,No,,,,23464,Georgia State University,3.75
Emory University Hospital,	04/26/2023,	0461568,03/13/2023,Emergency Department,21.0,Female,BSN,3.5 And Above,Full-time,,No,,No,,,,23465,Georgia State University,3.75
Emory University Hospital,	04/26/2023,	0786507,03/06/2023,Emergency Department,39.0,Female,ADN/ASN,3.0 - 3.49,Full-time,,No,,No,,,,23466,Georgia State University,3.25
Emory University Hospital,	04/26/2023,	1539920,03/06/2023,Emergency Department,33.0,Male,ADN/ASN,3.0 - 3.49,Full-time,,No,,No,,,,23467,Georgia State University,3.25
Emory University Hospital Midtown,	04/07/2023,	0461863,03/27/2023,Medical ICU Inpatient Unit,24.0,Male,BSN,3.5 And Above,Full-time,,No,,No,,,,23468,Georgia State University,3.75
Emory Hillandale Hospital,	03/28/2023,	0461768,03/20/2023,Emergency Department,35.0,Female,ADN/ASN,3.0 - 3.49,Full-time,,No,,No,,,,23469,Georgia State University,3.25
Emory Decatur Hospital,	03/28/2023,	0461778,03/20/2023,Emergency Department,28.0,Female,Accelerated BSN,3.5 And Above,Full-time,,No,,Yes,05/31/2025,2.2,Travel Nurse,23470,Georgia State University,3.75
The Emory Clinic,	03/13/2023,	0415245,02/06/2023,Oncology Inpatient Unit,33.0,Female,BSN,3.0 - 3.49,Full-time,,No,,No,,,,23471,Georgia State University,3.25
Emory Decatur Hospital,	03/13/2023,	0461365,02/20/2023,Oncology Inpatient Unit,46.0,Female,BSN,3.5 And Above,Full-time,,No,,No,,,,23472,Georgia State University,3.75
Emory Saint Joseph’s Hospital,	02/24/2023,	0396848,02/20/2023,Medical/Surgical Inpatient Unit,40.0,Female,BSN,3.5 And Above,Full-time,,No,,No,,,,23473,Georgia State University,3.75
Emory Saint Joseph’s Hospital,	02/24/2023,	2375155,10/17/2022,Medical/Surgical Intermediate Unit,23.0,Female,ADN/ASN,3.0 - 3.49,Full-time,,No,,No,,,,23474,Georgia State University,3.25
Emory University Hospital,	10/14/2022,	0447489,09/14/2022,General Medical Inpatient Unit,24.0,Female,BSN,3.0 - 3.49,,,No,,No,,,,23475,Georgia State University,3.25
Emory University Hospital,	10/14/2022,	0457875,09/19/2022,Emergency Department,24.0,Female,BSN,3.0 - 3.49,,,No,,No,,,,23476,Georgia State University,3.25
Emory University Hospital,	10/14/2022,	0458257,10/24/2022,Cardiac/Heart/Vascular Critical Care,30.0,Male,BSN,3.5 And Above,,,No,,No,,,,23477,Georgia State University,3.75
Emory University Hospital,	10/14/2022,	0458673,09/19/2022,Cardiac/Heart/Vascular Critical Care,23.0,Female,BSN,3.5 And Above,,,No,,No,,,,23478,Georgia State University,3.75
Emory Decatur Hospital,	10/11/2022,	0451963,10/16/2022,Obstetrics/Labor & Delivery Inpatient Unit,23.0,Female,BSN,3.5 And Above,,,No,,No,,,,23479,Georgia State University,3.75
Emory Decatur Hospital,	10/11/2022,	0459387,10/31/2022,Orthopedic Inpatient Unit,44.0,Female,BSN,3.5 And Above,,,No,,No,,,,23480,Georgia State University,3.75
Emory Decatur Hospital,	10/11/2022,	1356661,10/24/2022,Obstetrics/Labor & Delivery Inpatient Unit,32.0,Female,Accelerated BSN,3.5 And Above,,,No,,No,,,,23481,Georgia State University,3.75
Emory University Hospital Midtown,	08/12/2022,	0446852,08/08/2022,Cardiac/Heart/Vascular Critical Care,28.0,Female,ADN/ASN,3.5 And Above,,,No,,No,,,,23482,Georgia State University,3.75
Emory University Hospital Midtown,	08/12/2022,	2364832,08/08/2022,Neonatal ICU Inpatient Unit,24.0,Female,BSN,3.5 And Above,,,No,,No,,,,23483,Georgia State University,3.75
Emory Long Term Acute Care,	08/02/2022,	0456416,07/25/2022,Other (please specify),30.0,Female,ADN/ASN,3.0 - 3.49,Full-time,,No,,No,,,,23484,Georgia State University,3.25
Emory University Hospital,	08/05/2024,	0435905,07/29/2024,Emergency Department,44.0,Female,ADN/ASN,3.5 And Above,Full-time,,No,,Yes,10/06/2024,0.18904109589041096,Family obligations (family/friend caregiving responsibility),23485,Georgia State University,3.75
Emory University Hospital,	08/05/2024,	0472203,07/29/2024,Medical/Surgical Intermediate Unit,20.0,Female,BSN,3.5 And Above,Full-time,,No,,Yes,06/06/2025,0.8547945205479452,Other/Unknown,23486,Georgia State University,3.75
Emory University Hospital,	04/27/2022,	0453110,03/21/2022,Neurology/Neurosurgical ICU Inpatient Unit,22.0,Female,BSN,3.5 And Above,,,No,,No,,,,23487,Georgia State University,3.75
Emory University Hospital,	04/27/2022,	2027911,04/04/2022,Cardiac/Heart/Vascular Critical Care,33.0,Female,ADN/ASN,3.0 - 3.49,Full-time,,No,,No,,,,23488,Georgia State University,3.25
Emory University Hospital Midtown,	03/13/2023,	0461602,03/06/2023,Oncology Inpatient Unit,29.0,Male,BSN,3.5 And Above,Full-time,,No,,Yes,07/20/2023,0.3726027397260274,Unsatisfactory performance,23489,Georgia State University,3.75
Emory Decatur Hospital,	08/15/2023,	2601937,08/07/2023,Emergency Department,23.0,Female,BSN,3.5 And Above,Full-time,,No,,Yes,12/23/2023,0.3780821917808219,Family obligations (family/friend caregiving responsibility),23490,Georgia State University,3.75
Emory Decatur Hospital,	03/22/2022,	0452959,03/14/2022,Medical/Surgical Intermediate Unit,28.0,Female,BSN,3.5 And Above,,,No,,No,,,,23491,Georgia State University,3.75
Emory University Hospital,	08/21/2024,	1881690,08/05/2024,Cardiac/Heart/Vascular Critical Care,31.0,Male,ADN/ASN,3.0 - 3.49,Full-time,,No,,Yes,05/06/2025,0.7506849315068493,Unsatisfactory performance,23492,Georgia State University,3.25
Emory Decatur Hospital,	08/15/2023,	0465014,08/21/2023,Medical/Surgical ICU Inpatient Unit,25.0,Female,BSN,3.0 - 3.49,Full-time,,No,,Yes,10/10/2023,0.136986301369863,Family obligations (family/friend caregiving responsibility),23493,Georgia State University,3.25
Emory University Hospital,	03/18/2022,	0955749,02/06/2022,Oncology Inpatient Unit,39.0,Female,ADN/ASN,3.5 And Above,Full-time,,No,,No,,,,23494,Georgia State University,3.75
The Emory Clinic,	02/21/2022,	0440111,01/09/2022,Ambulatory Setting,36.0,Female,BSN,3.0 - 3.49,,,No,,No,,,,23495,Georgia State University,3.25
Emory University Hospital Midtown,	08/12/2022,	0367106,08/08/2022,Obstetrics/Labor & Delivery Inpatient Unit,45.0,Female,ADN/ASN,3.0 - 3.49,,,No,,Yes,11/09/2022,0.2547945205479452,Obtained position representing a different job experience,23496,Georgia State University,3.25
Emory University Hospital,	02/21/2022,	2367555,02/21/2022,Perioperative OR,24.0,Female,BSN,3.5 And Above,,,No,,No,,,,23497,Georgia State University,3.75
Emory University Hospital,	11/03/2021,	0450822,11/01/2021,Neurology/Neurosurgical ICU Inpatient Unit,23.0,Female,BSN,3.5 And Above,,,No,,Yes,06/07/2023,1.5972602739726027,Other/Unknown,23498,Georgia State University,3.75
Emory University Hospital Midtown,	10/29/2021,	1531476,10/24/2021,Neonatal ICU Inpatient Unit,30.0,Female,BSN,3.5 And Above,,,No,,Yes,04/02/2025,3.441095890410959,Other/Unknown,23499,Georgia State University,3.75
Emory University Hospital,	09/27/2021,	0449898,09/20/2021,Medical/Surgical Intermediate Unit,23.0,Female,BSN,3.5 And Above,,,No,,No,,,,23500,Georgia State University,3.75
Emory University Hospital,	09/27/2021,	0449938,09/20/2021,Oncology Inpatient Unit,22.0,Female,BSN,3.5 And Above,,,No,,No,,,,23501,Georgia State University,3.75
Emory University Hospital,	09/27/2021,	0450367,09/20/2021,Telemetry Unit,29.0,Female,BSN,3.5 And Above,,,No,,No,,,,23502,Georgia State University,3.75
Emory Decatur Hospital,	08/15/2023,	2524548,08/28/2023,Medical/Surgical Inpatient Unit,20.0,Female,ADN/ASN,3.5 And Above,Full-time,,No,,Yes,01/27/2024,0.41643835616438357,Staffing or workload,23503,Georgia State University,3.75
Emory University Orthopaedics & Spine Hospital ,	08/26/2021,	0448223,08/26/2021,Perioperative OR,22.0,Female,BSN,3.5 And Above,Full-time,,No,,Yes,08/25/2023,1.9972602739726026,Other/Unknown,23504,Georgia State University,3.75
Emory University Hospital,	08/18/2021,	2359826,07/19/2021,Cardiac/Heart/Vascular Critical Care,21.0,Female,BSN,3.5 And Above,,,No,,Yes,07/07/2024,2.96986301369863,Other/Unknown,23505,Georgia State University,3.75
Emory University Hospital Midtown,	08/13/2021,	0448225,08/09/2021,Medical/Surgical Inpatient Unit,28.0,Female,BSN,3.5 And Above,,,No,,No,,,,23506,Georgia State University,3.75
Emory Decatur Hospital,	07/26/2021,	0448099,07/26/2021,General Medical Inpatient Unit,38.0,Female,Accelerated BSN,3.5 And Above,,,No,,No,,,,23507,Georgia State University,3.75
Emory University Hospital,	07/22/2021,	0399008,07/11/2021,General Medical Inpatient Unit,35.0,Female,ADN/ASN,2.5 - 2.99,Full-time,,No,,Yes,11/30/2022,1.389041095890411,Other/Unknown,23508,Georgia State University,2.75
Emory University Hospital,	07/22/2021,	0401226,07/11/2021,Orthopedic Inpatient Unit,33.0,Female,ADN/ASN,3.0 - 3.49,Full-time,,No,,No,,,,23509,Georgia State University,3.25
Emory University Hospital,	07/22/2021,	0418517,07/19/2021,General Medical Inpatient Unit,28.0,Female,Accelerated BSN,3.5 And Above,,,No,,Yes,03/25/2023,1.6821917808219178,Unhappy with job/facility,23510,Georgia State University,3.75
Emory University Hospital,	07/22/2021,	0430409,06/13/2021,Medical/Surgical Intermediate Unit,27.0,Female,BSN,3.5 And Above,,,No,,No,,,,23511,Georgia State University,3.75
Emory University Hospital,	07/22/2021,	0448862,07/19/2021,Transplant Unit,26.0,Female,BSN,3.5 And Above,,,No,,No,,,,23512,Georgia State University,3.75
Emory Johns Creek Hospital,	07/12/2021,	0447689,07/12/2021,General Medical Inpatient Unit,22.0,Female,BSN,3.5 And Above,Full-time,,No,,No,,,,23513,Georgia State University,3.75
Emory University Hospital,	04/16/2021,	0396909,03/07/2021,Medical ICU Inpatient Unit,32.0,Female,BSN,3.5 And Above,,,No,,No,,,,23514,Georgia State University,3.75
Emory University Hospital,	04/16/2021,	0445576,03/22/2021,General Medical Inpatient Unit,23.0,Female,BSN,3.5 And Above,,,No,,Yes,08/06/2022,1.3753424657534246,Staffing or workload,23515,Georgia State University,3.75
Emory University Hospital,	04/16/2021,	2359602,03/22/2021,Orthopedic Inpatient Unit,20.0,Female,Accelerated BSN,3.5 And Above,,,No,,No,,,,23516,Georgia State University,3.75
Emory Hillandale Hospital,	10/12/2021,	2227996,10/04/2021,Medical ICU Inpatient Unit,30.0,Female,ADN/ASN,3.0 - 3.49,Full-time,,No,,Yes,02/11/2022,0.3561643835616438,Unsatisfactory performance,23517,Georgia State University,3.25
Emory University Hospital Midtown,	04/01/2021,	0444614,03/21/2021,Cardiac/Heart/Vascular Critical Care,35.0,Male,BSN,3.5 And Above,,,No,,Yes,06/01/2023,2.197260273972603,Unsatisfactory performance,23518,Georgia State University,3.75
Emory University Hospital Midtown,	04/01/2021,	0445621,03/29/2021,Medical ICU Inpatient Unit,32.0,Female,Accelerated BSN,3.5 And Above,,,No,,No,,,,23519,Georgia State University,3.75
Emory University Hospital Midtown,	04/01/2021,	0445761,03/29/2021,Telemetry Unit,21.0,Female,BSN,3.5 And Above,,,No,,Yes,03/26/2023,1.9917808219178081,Relocating out of area,23520,Georgia State University,3.75
Emory Decatur Hospital,	03/15/2021,	0445417,03/15/2021,Mother/Baby Unit,22.0,Female,BSN,3.5 And Above,,,No,,No,,,,23521,Georgia State University,3.75
Emory Hillandale Hospital,	03/15/2021,	0446231,03/29/2021,Medical/Surgical Inpatient Unit,24.0,Female,BSN,3.0 - 3.49,,,No,,No,,,,23522,Georgia State University,3.25
Emory Saint Joseph’s Hospital,	02/15/2021,	0445141,02/15/2021,Medical/Surgical Intermediate Unit,21.0,Female,Accelerated BSN,3.5 And Above,Full-time,,No,,Yes,12/23/2024,3.8547945205479452,Obtained position representing a different job experience,23523,Georgia State University,3.75
Emory University Hospital,	11/06/2020,	0443486,09/28/2020,Emergency Department,27.0,Other,Accelerated BSN,3.5 And Above,Full-time,,No,,No,,,,23524,Georgia State University,3.75
Emory University Hospital Midtown,	10/30/2020,	0442759,10/18/2020,Mother/Baby Unit,24.0,Female,BSN,3.5 And Above,,,No,,No,,,,23525,Georgia State University,3.75
Emory University Hospital,	10/15/2018,	0425614,10/15/2018,Rehabilitation Inpatient Unit,24.0,Male,BSN,3.5 And Above,,,No,,Yes,08/20/2019,0.8465753424657534,Other/Unknown,23526,Georgia State University,3.75
Emory Decatur Hospital,	10/13/2020,	0443151,10/05/2020,Orthopedic Inpatient Unit,23.0,Female,BSN,3.5 And Above,,,No,,No,,,,23527,Georgia State University,3.75
Emory Decatur Hospital,	10/13/2020,	2045764,10/05/2020,Medical/Surgical Inpatient Unit,23.0,Female,BSN,3.5 And Above,,,No,,Yes,01/31/2023,2.3232876712328765,Family obligations (family/friend caregiving responsibility),23528,Georgia State University,3.75
Emory Saint Joseph’s Hospital,	10/12/2020,	0443098,10/12/2020,Ambulatory Setting,30.0,Male,BSN,3.5 And Above,Full-time,,No,,No,,,,23530,Georgia State University,3.75
Emory University Hospital,	08/06/2020,	2185028,08/03/2020,General Medical Inpatient Unit,34.0,Female,BA in Nursing,3.5 And Above,,,No,,Yes,08/08/2021,1.0136986301369864,Compensation/pay,23531,Georgia State University,3.75
Emory University Hospital Midtown,	08/01/2020,	0442199,08/02/2020,Mother/Baby Unit,22.0,Female,BSN,3.5 And Above,,,No,,No,,,,23532,Georgia State University,3.75
Emory University Hospital Midtown,	08/01/2020,	0442442,08/10/2020,General Surgical Inpatient Unit,23.0,Other,BA in Nursing,3.0 - 3.49,,,No,,Yes,10/30/2021,1.2219178082191782,Travel Nurse,23533,Georgia State University,3.25
Emory Decatur Hospital,	07/21/2020,	0442330,08/03/2020,Telemetry Unit,22.0,Female,Accelerated BSN,3.5 And Above,,,No,,No,,,,23534,Georgia State University,3.75
Emory Johns Creek Hospital,	07/13/2020,	0442202,07/20/2020,Medical/Surgical ICU Inpatient Unit,23.0,Female,BSN,3.0 - 3.49,Full-time,,No,,Yes,07/19/2023,2.9972602739726026,Other/Unknown,23535,Georgia State University,3.25
Emory Johns Creek Hospital,	07/13/2020,	0442203,06/22/2020,Oncology Inpatient Unit,20.0,Female,Accelerated BSN,3.5 And Above,Full-time,,No,,Yes,03/17/2023,2.734246575342466,Obtained position representing a different job experience,23536,Georgia State University,3.75
Emory Saint Joseph’s Hospital,	07/13/2020,	0442762,08/10/2020,Cardiac/Heart/Vascular Critical Care,23.0,Female,BSN,3.5 And Above,Full-time,,No,,No,,,,23537,Georgia State University,3.75
Emory Johns Creek Hospital,	07/13/2020,	2278620,06/15/2020,General Surgical Inpatient Unit,20.0,Female,BSN,3.5 And Above,,,No,,Yes,12/03/2021,1.4684931506849315,Relocating out of area,23538,Georgia State University,3.75
Emory University Hospital Midtown,	10/30/2020,	0443323,10/26/2020,General Medical Inpatient Unit,23.0,Male,BSN,3.0 - 3.49,,,No,,Yes,07/17/2021,0.7232876712328767,Staffing or workload,23539,Georgia State University,3.25
Emory University Hospital,	05/01/2020,	0441414,04/13/2020,Oncology Inpatient Unit,22.0,Female,BSN,3.5 And Above,,,No,,Yes,11/12/2021,1.5835616438356164,Unhappy with job/facility,23540,Georgia State University,3.75
Emory University Hospital Midtown,	04/01/2020,	0438066,03/30/2020,Cardiac/Heart/Vascular Critical Care,31.0,Female,BSN,3.5 And Above,,,No,,No,,,,23541,Georgia State University,3.75
Emory University Hospital Midtown,	04/01/2020,	0440632,03/30/2020,Orthopedic Inpatient Unit,21.0,Female,BSN,3.5 And Above,,,No,,Yes,08/24/2021,1.4027397260273973,Relocating out of area,23542,Georgia State University,3.75
Emory University Hospital,	03/30/2020,	0415292,02/23/2020,General Medical Inpatient Unit,27.0,Male,ADN/ASN,3.0 - 3.49,Full-time,,No,,Yes,01/25/2022,1.9232876712328768,Obtained position representing a different job experience,23543,Georgia State University,3.25
Emory Decatur Hospital,	03/24/2020,	0426800,03/16/2020,Mother/Baby Unit,37.0,Female,ADN/ASN,3.0 - 3.49,Full-time,,No,,No,,,,23544,Georgia State University,3.25
Emory Hillandale Hospital,	03/24/2020,	2117976,02/10/2020,Medical/Surgical ICU Inpatient Unit,21.0,Female,BSN,3.5 And Above,,,No,,Yes,10/10/2021,1.6657534246575343,Other/Unknown,23545,Georgia State University,3.75
Emory Saint Joseph’s Hospital,	02/24/2020,	0440331,02/24/2020,Orthopedic Inpatient Unit,21.0,Female,BSN,3.5 And Above,Full-time,,No,,No,,,,23546,Georgia State University,3.75
Emory University Hospital Midtown,	10/31/2019,	0438065,10/28/2019,Medical ICU Inpatient Unit,28.0,Female,BSN,3.5 And Above,,,No,,No,,,,23547,Georgia State University,3.75
Emory University Hospital Midtown,	10/31/2019,	0438071,10/28/2019,Medical/Surgical Inpatient Unit,24.0,Female,BSN,3.5 And Above,,,No,,Yes,09/12/2022,2.8767123287671232,Did not return from leave of absence,23548,Georgia State University,3.75
Emory Decatur Hospital,	10/22/2019,	0429521,10/14/2019,Medical/Surgical Inpatient Unit,27.0,Female,BSN,3.5 And Above,,,No,,Yes,01/31/2021,1.3013698630136987,Unhappy with job/facility,23549,Georgia State University,3.75
Emory Saint Joseph’s Hospital,	10/14/2019,	0434063,10/14/2019,Medical/Surgical Intermediate Unit,45.0,Female,BSN,3.5 And Above,Full-time,,No,,No,,,,23550,Georgia State University,3.75
Emory Saint Joseph’s Hospital,	10/14/2019,	0437796,10/14/2019,Medical/Surgical Intermediate Unit,22.0,Female,BSN,3.5 And Above,Full-time,,No,,Yes,05/01/2022,2.547945205479452,Obtained position representing a different job experience,23551,Georgia State University,3.75
Emory University Hospital,	08/01/2019,	0421555,07/22/2019,Cardiac/Heart/Vascular Critical Care,28.0,Female,ADN/ASN,3.5 And Above,,,No,,Yes,12/08/2021,2.3835616438356166,Relocating out of area,23552,Georgia State University,3.75
Emory University Hospital,	08/01/2019,	0435982,07/22/2019,General Medical Inpatient Unit,21.0,Female,BSN,3.5 And Above,,,No,,No,,,,23553,Georgia State University,3.75
Emory University Hospital,	08/01/2019,	0436781,07/22/2019,Neurology/Neurosurgical ICU Inpatient Unit,23.0,Female,BSN,3.5 And Above,,,No,,Yes,10/30/2021,2.276712328767123,Travel Nurse,23554,Georgia State University,3.75
Emory University Hospital Midtown,	07/25/2019,	0425150,07/29/2019,Neurology/Neurosurgical ICU Inpatient Unit,23.0,Female,BSN,3.5 And Above,,,No,,No,,,,23555,Georgia State University,3.75
Emory University Hospital Midtown,	07/25/2019,	0436216,07/29/2019,Neonatal ICU Inpatient Unit,20.0,Female,Accelerated BSN,3.0 - 3.49,Full-time,,No,,No,,,,23556,Georgia State University,3.25
Emory University Hospital Midtown,	07/25/2019,	0436236,07/29/2019,Emergency Department,23.0,Female,BSN,3.5 And Above,,,No,,No,,,,23557,Georgia State University,3.75
Emory University Hospital Midtown,	07/25/2019,	2034128,07/29/2019,Medical/Surgical Inpatient Unit,33.0,Female,BSN,3.5 And Above,,,No,,No,,,,23558,Georgia State University,3.75
Emory University Hospital Midtown,	07/25/2019,	2276566,08/28/2019,Neurology/Neurosurgical ICU Inpatient Unit,31.0,Female,ADN/ASN,3.0 - 3.49,Full-time,,No,,Yes,10/21/2021,2.1506849315068495,Family obligations (family/friend caregiving responsibility),23559,Georgia State University,3.25
Emory University Hospital Midtown,	07/25/2019,	2318579,07/29/2019,Neonatal ICU Inpatient Unit,24.0,Female,BSN,3.5 And Above,,,No,,Yes,12/01/2021,2.345205479452055,Travel Nurse,23560,Georgia State University,3.75
Emory Hillandale Hospital,	07/23/2019,	0413077,07/15/2019,Emergency Department,26.0,Female,ADN/ASN,2.5 - 2.99,Full-time,,No,,Yes,10/24/2020,1.2794520547945205,Compensation/pay,23561,Georgia State University,2.75
Emory Decatur Hospital,	07/23/2019,	0429525,07/15/2019,Emergency Department,22.0,Female,BSN,3.0 - 3.49,,,No,,Yes,11/08/2021,2.3205479452054796,Other/Unknown,23562,Georgia State University,3.25
Emory Decatur Hospital,	07/23/2019,	0435737,07/15/2019,Medical/Surgical ICU Inpatient Unit,29.0,Male,Accelerated BSN,3.5 And Above,,,No,,Yes,09/19/2021,2.1835616438356165,Other/Unknown,23563,Georgia State University,3.75
Emory Hillandale Hospital,	07/23/2019,	0435785,07/15/2019,Medical/Surgical ICU Inpatient Unit,29.0,Female,BSN,3.5 And Above,,,No,,Yes,02/06/2022,2.5671232876712327,Other/Unknown,23564,Georgia State University,3.75
Emory Decatur Hospital,	07/23/2019,	1565277,07/15/2019,Medical/Surgical Intermediate Unit,29.0,Male,Accelerated BSN,3.0 - 3.49,,,No,,No,,,,23565,Georgia State University,3.25
Emory Saint Joseph’s Hospital,	07/15/2019,	0425972,07/15/2019,Oncology Inpatient Unit,32.0,Female,ADN/ASN,2.5 - 2.99,Full-time,,No,,No,,,,23566,Georgia State University,2.75
Emory University Hospital Midtown,	02/28/2019,	0420156,02/24/2019,General Surgical Inpatient Unit,21.0,Female,ADN/ASN,3.0 - 3.49,Full-time,,No,,Yes,06/21/2020,1.3232876712328767,Relocating out of area,23567,Georgia State University,3.25
Emory University Hospital Midtown,	02/28/2019,	0432903,02/25/2019,Surgical ICU Inpatient Unit,25.0,Female,BSN,3.5 And Above,Full-time,,No,,No,,,,23568,Georgia State University,3.75
Emory University Hospital Midtown,	02/28/2019,	0432983,02/25/2019,Surgical ICU Inpatient Unit,24.0,Female,BSN,3.5 And Above,Full-time,,No,,Yes,09/18/2021,2.5643835616438357,Travel Nurse,23569,Georgia State University,3.75
Emory University Hospital Midtown,	02/28/2019,	0886010,02/25/2019,Medical ICU Inpatient Unit,38.0,Female,Accelerated BSN,3.5 And Above,Full-time,,No,,No,,,,23570,Georgia State University,3.75
Emory Decatur Hospital,	02/27/2019,	2237648,02/25/2019,Medical/Surgical Inpatient Unit,41.0,Female,ADN/ASN,3.0 - 3.49,Full-time,,No,,Yes,11/20/2021,2.736986301369863,Travel Nurse,23571,Georgia State University,3.25
Emory University Hospital,	02/26/2019,	0417227,02/24/2019,Emergency Department,34.0,Female,ADN/ASN,3.0 - 3.49,Full-time,,No,,Yes,09/22/2021,2.578082191780822,Travel Nurse,23572,Georgia State University,3.25
Emory University Hospital,	02/26/2019,	0433068,03/04/2019,General Medical Inpatient Unit,39.0,Female,BSN,3.5 And Above,,,No,,No,,,,23573,Georgia State University,3.75
Emory Rehabilitation Hospital,	02/26/2019,	0433262,03/04/2019,Rehabilitation Inpatient Unit,24.0,Female,BSN,3.0 - 3.49,,,No,,No,,,,23574,Georgia State University,3.25
Emory University Hospital,	02/26/2019,	1397394,02/25/2019,Orthopedic Inpatient Unit,28.0,Female,BSN,3.5 And Above,Full-time,,No,,No,,,,23575,Georgia State University,3.75
The Emory Clinic,	02/26/2019,	167589,02/24/2013,Ambulatory Setting,51.0,Female,ADN/ASN,3.0 - 3.49,Full-time,,No,,No,,,,23576,Georgia State University,3.25
Emory University Hospital,	02/26/2019,	2183116,03/04/2019,General Surgical Inpatient Unit,22.0,Female,Accelerated BSN,3.5 And Above,,,No,,No,,,,23577,Georgia State University,3.75
Emory University Hospital,	02/26/2019,	2315006,02/25/2019,Surgical ICU Inpatient Unit,24.0,Female,Accelerated BSN,3.5 And Above,Full-time,,No,,Yes,10/03/2021,2.6054794520547944,Relocating out of area,23578,Georgia State University,3.75
Emory Saint Joseph’s Hospital,	02/18/2019,	2208059,02/18/2019,Emergency Department,21.0,Female,BSN,3.5 And Above,Full-time,,No,,Yes,11/14/2021,2.73972602739726,Other/Unknown,23579,Georgia State University,3.75
Emory University Hospital,	10/16/2018,	0420815,10/15/2018,Orthopedic Inpatient Unit,23.0,Male,BSN,3.5 And Above,,,No,,No,,,,23580,Georgia State University,3.75
Emory University Hospital,	10/15/2018,	0396747,10/15/2018,Medical ICU Inpatient Unit,39.0,Female,BSN,3.0 - 3.49,,,No,,Yes,08/23/2020,1.8575342465753424,Family obligations (family/friend caregiving responsibility),23581,Georgia State University,3.25
Emory University Hospital,	10/15/2018,	0430762,10/15/2018,Surgical ICU Inpatient Unit,32.0,Female,Accelerated BSN,3.5 And Above,,,No,,No,,,,23582,Georgia State University,3.75
Emory University Hospital,	10/15/2018,	1427478,10/15/2018,Surgical ICU Inpatient Unit,29.0,Female,BSN,3.5 And Above,,,No,,No,,,,23583,Georgia State University,3.75
Emory University Hospital,	11/03/2021,	0451227,11/14/2021,Neurology/Neurosurgical ICU Inpatient Unit,22.0,Male,BSN,3.5 And Above,,,No,,Yes,09/10/2022,0.821917808219178,Relocating out of area,23584,Georgia State University,3.75
Emory University Hospital,	10/15/2018,	2191869,10/15/2018,Cardiac/Heart/Vascular Critical Care,21.0,Female,BSN,3.5 And Above,,,No,,Yes,04/05/2020,1.473972602739726,Obtained position representing a different job experience,23585,Georgia State University,3.75
Emory University Hospital,	07/30/2018,	0425304,,General Medical Inpatient Unit,35.0,Female,BSN,2.0 - 2.49,,,No,,No,,,,23586,Georgia State University,2.25
Emory University Hospital,	07/30/2018,	0425426,07/30/2018,Perioperative OR,40.0,Female,BSN,2.5 - 2.99,Full-time,,No,,Yes,05/20/2021,2.808219178082192,Relocating out of area,23587,Georgia State University,2.75
Emory University Hospital,	07/30/2018,	0425433,07/30/2018,Neurology/Neurosurgical ICU Inpatient Unit,34.0,Female,Accelerated BSN,3.5 And Above,Full-time,,No,,Yes,04/07/2020,1.6904109589041096,Other/Unknown,23588,Georgia State University,3.75
Emory University Hospital,	07/30/2018,	1917542,,Neurology/Neurosurgical ICU Inpatient Unit,30.0,Male,Accelerated BSN,3.5 And Above,,,No,,Yes,02/06/2021,,Obtained position representing a different job experience,23589,Georgia State University,3.75
Emory University Hospital,	07/30/2018,	2198066,,General Surgical Inpatient Unit,21.0,Female,Accelerated BSN,3.5 And Above,,,No,,Yes,11/08/2020,,Relocating out of area,23590,Georgia State University,3.75
Emory University Hospital,	07/30/2018,	683724,,Perioperative OR,24.0,Female,BSN,3.5 And Above,,,No,,No,,,,23591,Georgia State University,3.75
Emory University Hospital,	07/16/2018,	0412992,07/16/2018,Ambulatory Setting,53.0,Female,ADN/ASN,3.0 - 3.49,Full-time,,No,,No,,,,23592,Georgia State University,3.25
Emory University Hospital,	07/16/2018,	0425669,,Rehabilitation Inpatient Unit,21.0,Female,BSN,3.5 And Above,,,No,,Yes,12/27/2019,,Other/Unknown,23593,Georgia State University,3.75
Emory University Hospital,	07/16/2018,	662373,07/16/2018,Ambulatory Setting,48.0,Female,ADN/ASN,3.0 - 3.49,Full-time,,No,,No,,,,23594,Georgia State University,3.25
Emory Saint Joseph’s Hospital,	02/26/2018,	269958,,Medical/Surgical Inpatient Unit,25.0,Female,BSN,3.5 And Above,,,No,,Yes,07/26/2020,,Relocating out of area,23595,Georgia State University,3.75
Emory University Hospital,	02/23/2018,	0422861,,Perioperative OR,24.0,Male,BSN,3.5 And Above,,,No,,No,,,,23596,Georgia State University,3.75
Emory University Hospital,	02/23/2018,	0423510,,Cardiac/Heart/Vascular Critical Care,21.0,Female,BSN,3.5 And Above,,,No,,No,,,,23597,Georgia State University,3.75
Emory University Hospital,	02/23/2018,	0423517,,Neurology/Neurosurgical ICU Inpatient Unit,41.0,Female,BSN,3.5 And Above,,,No,,No,,,,23598,Georgia State University,3.75
Emory University Hospital,	07/18/2017,	0409915,,Neurology/Neurosurgical ICU Inpatient Unit,27.0,Male,BSN,3.5 And Above,,,No,,No,,,,23600,Georgia State University,3.75
Emory University Hospital,	07/18/2017,	0414671,,Surgical ICU Inpatient Unit,28.0,Male,BSN,3.5 And Above,,,No,,No,,,,23601,Georgia State University,3.75
Emory University Hospital,	07/18/2017,	0419910,,Cardiac/Heart/Vascular Critical Care,35.0,Female,Accelerated BSN,3.0 - 3.49,,,No,,No,,,,23602,Georgia State University,3.25
Emory University Hospital,	07/18/2017,	0419979,,Transplant Unit,29.0,Male,BA in Nursing,3.0 - 3.49,,,No,,Yes,11/19/2019,,Relocating out of area,23603,Georgia State University,3.25
Emory University Hospital,	07/18/2017,	2232562,,Oncology Inpatient Unit,25.0,Female,Accelerated BSN,3.0 - 3.49,,,No,,No,,,,23604,Georgia State University,3.25
Emory Saint Joseph’s Hospital,	07/17/2017,	178400,07/17/2017,Medical/Surgical Inpatient Unit,41.0,Female,BSN,3.5 And Above,,,No,,Yes,10/06/2021,4.2246575342465755,Relocating out of area,23605,Georgia State University,3.75
Emory University Hospital,	02/25/2017,	197892,,Cardiac/Heart/Vascular Critical Care,22.0,Male,Accelerated BSN,3.5 And Above,,,No,,No,,,,23606,Georgia State University,3.75
Emory University Hospital,	02/25/2017,	286730,,General Surgical Inpatient Unit,37.0,Female,Accelerated BSN,3.5 And Above,,,No,,No,,,,23607,Georgia State University,3.75
Emory University Hospital,	02/25/2017,	357851,,Oncology Inpatient Unit,25.0,Female,Accelerated BSN,3.5 And Above,,,No,,No,,,,23608,Georgia State University,3.75
Emory University Hospital,	02/25/2017,	364115,,Neurology/Neurosurgical ICU Inpatient Unit,22.0,Male,Accelerated BSN,3.5 And Above,,,No,,No,,,,23609,Georgia State University,3.75
Emory University Hospital,	02/25/2017,	473625,,Neurology/Neurosurgical ICU Inpatient Unit,21.0,Female,BSN,3.5 And Above,,,No,,No,,,,23610,Georgia State University,3.75
Emory University Hospital,	02/25/2017,	517825,,General Surgical Inpatient Unit,22.0,Female,Accelerated BSN,3.5 And Above,,,No,,No,,,,23611,Georgia State University,3.75
Emory University Hospital,	02/25/2017,	978295,,Telemetry Unit,24.0,Female,MSN (CNL),3.5 And Above,,,No,,No,,,,23612,Georgia State University,3.75
Emory University Hospital,	02/25/2017,	992369,,Surgical ICU Inpatient Unit,21.0,Male,BSN,3.5 And Above,,,No,,No,,,,23613,Georgia State University,3.75
Emory University Hospital,	02/24/2017,	534216,,Emergency Department,26.0,Male,Accelerated BSN,3.5 And Above,,,No,,No,,,,23614,Georgia State University,3.75
Emory University Hospital,	10/13/2016,	0415513,,Medical/Surgical Inpatient Unit,40.0,Female,Accelerated BSN,3.5 And Above,,,No,,No,,,,23615,Georgia State University,3.75
Emory University Hospital,	10/12/2016,	0415476,,Oncology Inpatient Unit,24.0,Female,BSN,3.5 And Above,,,No,,No,,,,23616,Georgia State University,3.75
Emory University Hospital,	10/11/2016,	0410644,,Rehabilitation Inpatient Unit,22.0,Female,ADN/ASN,3.0 - 3.49,,,No,,No,,,,23617,Georgia State University,3.25
Emory University Hospital,	04/22/2016,	0246867,,Medical/Surgical ICU Inpatient Unit,34.0,Female,Accelerated BSN,3.5 And Above,,,No,,No,,,,23618,Georgia State University,3.75
Emory University Hospital,	04/22/2016,	0408000,,Perioperative OR,23.0,Female,BSN,3.5 And Above,,,No,,No,,,,23619,Georgia State University,3.75
Emory University Hospital,	04/22/2016,	0410296,,Medical/Surgical ICU Inpatient Unit,37.0,Female,Accelerated BSN,3.5 And Above,,,No,,No,,,,23620,Georgia State University,3.75
Emory University Hospital,	04/22/2016,	0681324,,Medical/Surgical ICU Inpatient Unit,33.0,Female,Accelerated BSN,3.5 And Above,,,No,,No,,,,23621,Georgia State University,3.75
Emory University Hospital,	04/22/2016,	1523928,,General Surgical Inpatient Unit,24.0,Female,Accelerated BSN,3.5 And Above,,,No,,No,,,,23622,Georgia State University,3.75
Emory University Hospital,	04/12/2016,	0866750,,Oncology Inpatient Unit,21.0,Female,Accelerated BSN,3.0 - 3.49,,,No,,No,,,,23623,Georgia State University,3.25
Emory University Hospital,	10/07/2015,	0410845,,Oncology Inpatient Unit,26.0,Female,BSN,3.5 And Above,,,No,,No,,,,23624,Georgia State University,3.75
Emory University Hospital,	10/07/2015,	0410847,,General Medical Inpatient Unit,24.0,Female,BSN,3.0 - 3.49,,,No,,No,,,,23625,Georgia State University,3.25
Emory University Hospital,	10/07/2015,	0410892,,General Medical Inpatient Unit,22.0,Female,BSN,3.5 And Above,,,No,,Yes,06/03/2017,,Other/Unknown,23626,Georgia State University,3.75
Emory University Hospital,	10/05/2015,	1667839,,General Surgical Inpatient Unit,22.0,Female,BSN,3.5 And Above,,,No,,No,,,,23627,Georgia State University,3.75
Emory Saint Joseph’s Hospital,	03/02/2015,	040819000,03/02/2015,Medical/Surgical Inpatient Unit,23.0,Female,BSN,3.0 - 3.49,,,No,,Yes,07/04/2020,5.345205479452055,Obtained position representing a promotion/career advancement,23628,Georgia State University,3.25
Emory University Hospital,	03/02/2015,	1269280,,Medical/Surgical ICU Inpatient Unit,24.0,Female,BSN,3.5 And Above,,,No,,No,,,,23629,Georgia State University,3.75
Emory University Hospital,	03/02/2015,	408258,,General Surgical Inpatient Unit,22.0,Female,BSN,3.5 And Above,,,No,,No,,,,23630,Georgia State University,3.75
Emory University Hospital,	02/16/2015,	0408071,,Medical/Surgical Inpatient Unit,25.0,Female,BSN,3.0 - 3.49,,,No,,No,,,,23631,Georgia State University,3.25
Emory University Hospital,	02/16/2015,	0408092,,Medical/Surgical ICU Inpatient Unit,28.0,Female,Accelerated BSN,3.0 - 3.49,,,No,,No,,,,23632,Georgia State University,3.25
Emory University Hospital,	02/16/2015,	1870289,,Medical/Surgical ICU Inpatient Unit,44.0,Male,BSN,3.5 And Above,,,No,,No,,,,23633,Georgia State University,3.75
Emory Saint Joseph’s Hospital,	10/20/2014,	173678400,,Medical/Surgical Inpatient Unit,22.0,Female,BSN,3.5 And Above,,,No,,No,,,,23635,Georgia State University,3.75
Emory Saint Joseph’s Hospital,	10/20/2014,	188120500,,Medical/Surgical Inpatient Unit,27.0,Female,BSN,3.5 And Above,,,No,,Yes,05/31/2015,,Did not return from leave of absence,23636,Georgia State University,3.75
Emory University Hospital,	09/24/2014,	0403369,,Medical/Surgical ICU Inpatient Unit,25.0,Female,BSN,3.5 And Above,,,No,,No,,,,23637,Georgia State University,3.75
Emory University Hospital,	09/08/2014,	0397711,,Medical/Surgical ICU Inpatient Unit,27.0,Male,BSN,3.0 - 3.49,,,No,,No,,,,23638,Georgia State University,3.25
Emory University Hospital,	09/08/2014,	0406565,,Oncology Inpatient Unit,23.0,Female,BSN,3.5 And Above,,,No,,No,,,,23639,Georgia State University,3.75
Emory University Hospital,	09/08/2014,	1835018,,Oncology Inpatient Unit,27.0,Female,Accelerated BSN,3.5 And Above,,,No,,No,,,,23640,Georgia State University,3.75
Emory Saint Joseph’s Hospital,	07/14/2014,	040596800,,Medical/Surgical Inpatient Unit,34.0,Female,BSN,3.5 And Above,,,No,,No,,,,23641,Georgia State University,3.75
Emory University Hospital,	04/10/2014,	0404966,,Other (please specify),29.0,Female,BSN,2.5 - 2.99,,,No,,No,,,,23642,Georgia State University,2.75
Emory University Hospital,	03/31/2014,	040476600,,General Surgical Inpatient Unit,27.0,Female,BSN,3.5 And Above,,,No,,No,,,,23643,Georgia State University,3.75
Emory University Hospital,	03/17/2014,	040434100,,Other (please specify),29.0,Male,BSN,3.0 - 3.49,,,No,,No,,,,23645,Georgia State University,3.25
Emory University Hospital,	03/17/2014,	4230,,General Medical Inpatient Unit,21.0,Female,BSN,3.5 And Above,,,No,,No,,,,23646,Georgia State University,3.75
Emory University Hospital,	03/17/2014,	8686,,Other (please specify),45.0,Male,BSN,3.5 And Above,,,No,,No,,,,23647,Georgia State University,3.75
Emory University Hospital,	03/10/2014,	040436300,,Other (please specify),42.0,Male,BSN,3.0 - 3.49,,,No,,No,,,,23648,Georgia State University,3.25
Emory Saint Joseph’s Hospital,	03/10/2014,	040438700,,Telemetry Unit,36.0,Female,BSN,3.5 And Above,,,No,,No,,,,23649,Georgia State University,3.75
Emory Saint Joseph’s Hospital,	03/10/2014,	040450300,,Medical/Surgical Inpatient Unit,33.0,Female,BSN,3.0 - 3.49,,,No,,Yes,11/28/2014,,Disability/Illness/Injury ,23650,Georgia State University,3.25
Emory University Hospital,	03/10/2014,	2019846,,Telemetry Unit,35.0,Female,Accelerated BSN,3.5 And Above,,,No,,No,,,,23651,Georgia State University,3.75
Emory Saint Joseph’s Hospital,	10/07/2013,	039723000,,Telemetry Unit,22.0,Female,BSN,3.5 And Above,,,No,,No,,,,23652,Georgia State University,3.75
Emory Saint Joseph’s Hospital,	10/07/2013,	040306600,,Medical/Surgical Inpatient Unit,22.0,Female,BSN,3.5 And Above,,,No,,No,,,,23653,Georgia State University,3.75
Emory Saint Joseph’s Hospital,	10/07/2013,	040307700,,Medical/Surgical Inpatient Unit,23.0,Male,Accelerated BSN,3.5 And Above,,,No,,No,,,,23654,Georgia State University,3.75
Emory University Hospital,	09/23/2013,	050951,,Medical/Surgical ICU Inpatient Unit,31.0,Female,BSN,3.0 - 3.49,,,No,,No,,,,23655,Georgia State University,3.25
Emory University Hospital,	09/16/2013,	040288500,,Perioperative OR,36.0,Female,BSN,3.5 And Above,,,No,,No,,,,23657,Georgia State University,3.75
Emory University Hospital,	09/16/2013,	2243,,Medical/Surgical ICU Inpatient Unit,24.0,Female,BSN,3.5 And Above,,,No,,No,,,,23658,Georgia State University,3.75
Emory University Hospital,	08/26/2013,	402569,,Medical/Surgical ICU Inpatient Unit,23.0,Female,Accelerated BSN,3.5 And Above,,,No,,No,,,,23659,Georgia State University,3.75
Emory University Hospital,	08/19/2013,	0978,,General Medical Inpatient Unit,30.0,Female,Accelerated BSN,3.5 And Above,,,No,,No,,,,23660,Georgia State University,3.75
Emory University Hospital,	08/19/2013,	9824,,Mother/Baby Unit,23.0,Female,BSN,3.0 - 3.49,,,No,,No,,,,23661,Georgia State University,3.25
Emory Saint Joseph’s Hospital,	08/12/2013,	039725400,,Medical/Surgical ICU Inpatient Unit,22.0,Female,BSN,3.0 - 3.49,,,No,,Yes,03/03/2014,,Unsatisfactory performance,23662,Georgia State University,3.25
Emory University Hospital,	03/11/2013,	1387,,Medical/Surgical ICU Inpatient Unit,24.0,Female,BSN,3.5 And Above,,,No,,No,,,,23665,Georgia State University,3.75
Emory University Hospital,	03/11/2013,	3811,,General Medical Inpatient Unit,26.0,Female,Accelerated BSN,3.5 And Above,,,No,,No,,,,23666,Georgia State University,3.75
Emory University Hospital,	03/11/2013,	7285,,Medical/Surgical ICU Inpatient Unit,27.0,Male,Accelerated BSN,3.5 And Above,,,No,,No,,,,23667,Georgia State University,3.75
Emory University Hospital,	03/11/2013,	9038,,General Medical Inpatient Unit,29.0,Male,BSN,3.5 And Above,,,No,,No,,,,23668,Georgia State University,3.75
Emory University Hospital,	03/11/2013,	9075,,Medical/Surgical ICU Inpatient Unit,29.0,Female,Accelerated BSN,3.5 And Above,,,No,,No,,,,23669,Georgia State University,3.75
Emory Saint Joseph’s Hospital,	10/22/2012,	039918900,,Medical/Surgical Inpatient Unit,29.0,Female,Accelerated BSN,3.5 And Above,,,No,,No,,,,23670,Georgia State University,3.75
Emory University Hospital,	09/10/2012,	1812,,Other (please specify),22.0,Female,BSN,3.5 And Above,,,No,,No,,,,23672,Georgia State University,3.75
Emory University Hospital,	09/06/2012,	5739,,Oncology Inpatient Unit,23.0,Female,BSN,3.5 And Above,,,No,,No,,,,23673,Georgia State University,3.75
Emory University Hospital,	07/30/2012,	5828,,Medical/Surgical ICU Inpatient Unit,32.0,Female,BSN,3.0 - 3.49,,,No,,No,,,,23674,Georgia State University,3.25
Emory Saint Joseph’s Hospital,	07/23/2012,	021632800,,Medical/Surgical ICU Inpatient Unit,36.0,Female,Accelerated BSN,3.5 And Above,,,No,,No,,,,23675,Georgia State University,3.75
Emory Saint Joseph’s Hospital,	07/23/2012,	039817300,,Medical/Surgical ICU Inpatient Unit,33.0,Female,Accelerated BSN,3.5 And Above,,,No,,No,,,,23676,Georgia State University,3.75
Emory Saint Joseph’s Hospital,	07/23/2012,	039819200,,Medical/Surgical Inpatient Unit,30.0,Female,Accelerated BSN,3.5 And Above,,,No,,Yes,07/31/2014,,Relocating out of area,23677,Georgia State University,3.75
Emory University Hospital,	06/14/2012,	0143,,Medical/Surgical ICU Inpatient Unit,36.0,Female,Accelerated BSN,3.5 And Above,,,No,,No,,,,23679,Georgia State University,3.75
Emory University Hospital,	06/14/2012,	1258,,Telemetry Unit,22.0,Female,BSN,3.5 And Above,,,No,,No,,,,23680,Georgia State University,3.75
Emory University Hospital,	06/14/2012,	1665,,General Medical Inpatient Unit,21.0,Female,Accelerated BSN,3.0 - 3.49,,,No,,No,,,,23681,Georgia State University,3.25
Emory University Hospital,	06/14/2012,	7512,,General Medical Inpatient Unit,39.0,Male,BSN,3.0 - 3.49,,,No,,No,,,,23682,Georgia State University,3.25
Emory Saint Joseph’s Hospital,	03/26/2012,	039664600,,Oncology Inpatient Unit,29.0,Female,BSN,3.5 And Above,,,No,,Yes,01/01/2015,,Unhappy with job/facility,23683,Georgia State University,3.75
Emory University Hospital,	10/20/2011,	0067,,Perioperative PACU,26.0,Male,BSN,3.0 - 3.49,,,No,,No,,,,23684,Georgia State University,3.25
Emory University Hospital,	10/20/2011,	2095,,Mother/Baby Unit,25.0,Female,BSN,3.0 - 3.49,,,No,,No,,,,23685,Georgia State University,3.25
Emory University Hospital,	10/20/2011,	2186,,Medical/Surgical ICU Inpatient Unit,24.0,Female,BSN,3.5 And Above,,,No,,Yes,01/01/2013,,Relocating out of area,23686,Georgia State University,3.75
Emory University Hospital,	10/20/2011,	3551,,Emergency Department,41.0,Female,Accelerated BSN,3.5 And Above,,,No,,No,,,,23687,Georgia State University,3.75
Emory University Hospital,	10/20/2011,	8164,,Medical/Surgical ICU Inpatient Unit,23.0,Female,BSN,3.5 And Above,,,No,,No,,,,23688,Georgia State University,3.75
Emory Saint Joseph’s Hospital,	06/06/2011,	24441,,Medical/Surgical Inpatient Unit,29.0,Female,BSN,3.0 - 3.49,,,No,,No,,,,23689,Georgia State University,3.25
Emory Saint Joseph’s Hospital,	06/06/2011,	24444,,Medical/Surgical Inpatient Unit,22.0,Female,BSN,3.0 - 3.49,,,No,,Yes,01/01/2014,,Relocating out of area,23690,Georgia State University,3.25
Emory Saint Joseph’s Hospital,	03/14/2011,	24321,,Medical/Surgical Inpatient Unit,30.0,Male,BSN,3.0 - 3.49,,,No,,No,,,,23691,Georgia State University,3.25
Emory Saint Joseph’s Hospital,	03/14/2011,	24323,,Medical/Surgical Inpatient Unit,26.0,Female,BSN,3.5 And Above,,,No,,No,,,,23692,Georgia State University,3.75
Emory Saint Joseph’s Hospital,	03/29/2010,	5090,,Other (please specify),33.0,Female,BSN,3.5 And Above,,,No,,No,,,,23693,Georgia State University,3.75
Emory Saint Joseph’s Hospital,	08/16/2009,	7829,,Other (please specify),31.0,Male,BSN,2.5 - 2.99,,,No,,No,,,,23695,Georgia State University,2.75
Emory Saint Joseph’s Hospital,	08/16/2009,	8204,,Other (please specify),50.0,Female,BSN,3.5 And Above,,,No,,No,,,,23696,Georgia State University,3.75
Emory Saint Joseph’s Hospital,	03/30/2009,	1188,,Other (please specify),31.0,Female,Accelerated BSN,3.5 And Above,,,No,,No,,,,23697,Georgia State University,3.75
Emory University Hospital,	11/30/2004,	599,,,49.0,Female,BSN,3.5 And Above,,,No,,No,,,,23698,Georgia State University,3.75
Emory University Hospital,	11/30/2004,	7519,,,29.0,Female,BSN,3.0 - 3.49,,,No,,No,,,,23699,Georgia State University,3.25
Emory University Hospital,	10/31/2004,	4632,,,37.0,Female,BSN,3.5 And Above,,,No,,No,,,,23700,Georgia State University,3.75
Emory Saint Joseph’s Hospital,	10/24/2016,	021678,,Medical/Surgical Inpatient Unit,25.0,Female,Accelerated BSN,3.5 And Above,,,No,,No,,,,23711,Georgia State University,3.75
Emory University Hospital,	10/20/2025,	0484106,11/03/2025,Procedural Unit,42.0,Female,BSN,3.5 And Above,Full-time,,No,,No,,,,23714,Gordon State College,3.75
Emory University Hospital,	08/28/2025,	736516,08/18/2025,Transplant Unit,28.0,Female,BSN,3.0 - 3.49,Full-time,,No,,No,,,,23715,Gordon State College,3.25
Emory Decatur Hospital,	08/20/2024,	0472536,08/12/2024,Neonatal ICU Inpatient Unit,24.0,Female,BSN,3.5 And Above,Full-time,,No,,No,,,,23716,Gordon State College,3.75
Emory University Hospital Midtown,	04/05/2024,	0454987,04/01/2024,Neonatal ICU Inpatient Unit,23.0,Female,ADN/ASN,3.0 - 3.49,Full-time,,No,,No,,,,23717,Gordon State College,3.25
Emory University Hospital Midtown,	08/11/2023,	0464095,06/26/2023,Cardiac/Heart/Vascular Critical Care,39.0,Female,ADN/ASN,2.5 - 2.99,Full-time,,No,,No,,,,23718,Gordon State College,2.75
Emory University Hospital,	03/18/2022,	0404352,03/06/2022,General Surgical Inpatient Unit,35.0,Female,ADN/ASN,2.5 - 2.99,,,No,,No,,,,23719,Gordon State College,2.75
Emory University Hospital Midtown,	08/12/2022,	0457070,08/29/2022,Obstetrics/Labor & Delivery Inpatient Unit,24.0,Female,BSN,3.0 - 3.49,Full-time,,No,,Yes,06/01/2023,0.7561643835616438,Other/Unknown,23720,Gordon State College,3.25
Emory Johns Creek Hospital,	07/12/2021,	0447920,07/19/2021,Medical/Surgical ICU Inpatient Unit,23.0,Female,BSN,3.0 - 3.49,Per Diem,,No,,Yes,02/27/2024,2.610958904109589,Other/Unknown,23721,Gordon State College,3.25
Emory University Hospital,	03/31/2014,	171500900,,Medical/Surgical Inpatient Unit,46.0,Female,BSN,3.0 - 3.49,,,No,,No,,,,23729,Georgia State University,3.25
Emory University Hospital Midtown,	04/04/2025,	0476887,03/31/2025,Medical/Surgical Inpatient Unit,38.0,Male,BSN,3.5 And Above,Full-time,,No,,No,,,,23774,Herzing University,3.75
Emory Long Term Acute Care,	11/12/2024,	0474776,11/04/2024,Rehabilitation Inpatient Unit,50.0,Female,BSN,3.0 - 3.49,Full-time,,No,,Yes,11/29/2025,1.0684931506849316,Obtained position representing a different job experience,23775,Herzing University,3.25
Emory Decatur Hospital,	11/12/2024,	0475140,11/18/2024,Medical/Surgical Intermediate Unit,33.0,Female,BSN,3.0 - 3.49,Full-time,,No,,No,,,,23776,Herzing University,3.25
Emory University Hospital Midtown,	10/28/2024,	0444304,11/10/2024,Ambulatory Setting,31.0,Female,BSN,2.5 - 2.99,Full-time,,No,,No,,,,16702,Herzing University,2.75
The Emory Clinic,	08/22/2024,	0436682,08/04/2024,Perioperative OR,48.0,Female,BSN,3.5 And Above,Full-time,,No,,No,,,,23778,Herzing University,3.75
Emory Hillandale Hospital,	08/22/2024,	0473139,08/12/2024,Emergency Department,26.0,Female,BSN,3.5 And Above,Full-time,,No,,No,,,,23779,Herzing University,3.75
Emory Decatur Hospital,	08/20/2024,	0401442,09/10/2024,Psychiatric Inpatient Unit,63.0,Female,BSN,3.0 - 3.49,Full-time,,No,,No,,,,23780,Herzing University,3.25
Emory Long Term Acute Care,	08/20/2024,	0442244,08/18/2024,Other (please specify),37.0,Female,BSN,3.0 - 3.49,Full-time,,No,,No,,,,23781,Herzing University,3.25
Emory University Hospital,	03/11/2024,	0462943,03/04/2024,Oncology Inpatient Unit,23.0,Female,BSN,3.5 And Above,Full-time,,No,,Yes,01/18/2025,0.8767123287671232,Other/Unknown,14440,Herzing University,3.75
Emory University Hospital Midtown,	08/09/2024,	0468444,07/22/2024,Perioperative OR,25.0,Female,BSN,3.0 - 3.49,Full-time,,No,,No,,,,23783,Herzing University,3.25
Emory University Hospital,	08/05/2024,	1756340,08/19/2024,Transplant Unit,31.0,Female,BSN,3.0 - 3.49,Full-time,,No,,No,,,,23784,Herzing University,3.25
Emory Hillandale Hospital,	03/26/2024,	0469582,03/25/2024,Emergency Department,34.0,Female,ADN/ASN,2.5 - 2.99,Full-time,,No,,No,,,,23785,Herzing University,2.75
Emory University Hospital,	03/11/2024,	0468058,01/22/2024,General Medical Inpatient Unit,25.0,Female,BSN,3.0 - 3.49,Full-time,,No,,No,,,,23786,Herzing University,3.25
Emory University Hospital,	03/11/2024,	2540275,02/19/2024,Telemetry Unit,23.0,Female,BSN,3.0 - 3.49,Full-time,,No,,No,,,,23787,Herzing University,3.25
Emory University Hospital,	02/22/2024,	0468753,02/19/2024,Perioperative OR,24.0,Female,BSN,3.0 - 3.49,Full-time,,No,,No,,,,23788,Herzing University,3.25
Emory University Hospital,	11/08/2023,	0465697,10/30/2023,Cardiac/Heart/Vascular Critical Care,42.0,Female,BSN,3.0 - 3.49,Full-time,,No,,No,,,,23789,Herzing University,3.25
Emory University Hospital,	08/07/2023,	2543638,07/24/2023,Medical/Surgical Intermediate Unit,24.0,Female,ADN/ASN,3.0 - 3.49,Full-time,,No,,No,,,,23790,Herzing University,3.25
Emory University Hospital Midtown,	03/13/2023,	0352103,01/09/2023,Oncology Inpatient Unit,57.0,Female,BSN,3.0 - 3.49,Full-time,,No,,No,,,,23791,Herzing University,3.25
Emory University Hospital Midtown,	10/28/2022,	0443732,07/25/2021,Cardiac/Heart/Vascular Critical Care,29.0,Male,BSN,3.5 And Above,,,No,,No,,,,23792,Herzing University,3.75
Emory Saint Joseph’s Hospital,	10/17/2022,	0459752,11/14/2022,Medical/Surgical Inpatient Unit,31.0,Female,ADN/ASN,3.5 And Above,,,No,,No,,,,23793,Herzing University,3.75
Emory Decatur Hospital,	08/20/2024,	0472535,08/12/2024,Observation Unit,31.0,Female,BSN,3.5 And Above,Full-time,,No,,Yes,02/28/2025,0.547945205479452,Other/Unknown,23795,Herzing University,3.75
Emory Decatur Hospital,	10/20/2023,	0466076,09/18/2023,Perioperative OR,30.0,Female,BS,3.0 - 3.49,Full-time,,No,,Yes,08/13/2024,0.9041095890410958,Obtained position representing a different job experience,23796,Herzing University,3.25
Emory Johns Creek Hospital,	07/12/2021,	0442785,08/23/2021,General Medical Inpatient Unit,29.0,Female,BSN,3.5 And Above,Full-time,,No,,No,,,,23797,Herzing University,3.75
Emory University Hospital,	04/16/2021,	0401479,03/21/2021,Emergency Department,30.0,Female,BSN,3.0 - 3.49,,,No,,No,,,,23798,Herzing University,3.25
Emory University Hospital Midtown,	10/30/2020,	0442422,10/26/2020,Neurology/Neurosurgical ICU Inpatient Unit,35.0,Male,BSN,3.0 - 3.49,Full-time,,No,,No,,,,23799,Herzing University,3.25
Emory University Hospital Midtown,	10/30/2020,	0442599,09/13/2020,Medical/Surgical Inpatient Unit,46.0,Female,BSN,2.5 - 2.99,,,No,,Yes,09/28/2022,2.041095890410959,Family obligations (family/friend caregiving responsibility),23800,Herzing University,2.75
Emory Hillandale Hospital,	10/13/2020,	0443006,10/05/2020,Medical/Surgical Inpatient Unit,38.0,Female,BSN,3.5 And Above,,,No,,No,,,,23801,Herzing University,3.75
Emory University Hospital Midtown,	10/31/2019,	0438311,12/02/2019,General Medical Inpatient Unit,35.0,Female,BSN,3.5 And Above,,,No,,No,,,,23802,Herzing University,3.75
Emory University Hospital Midtown,	10/31/2019,	2198381,10/28/2019,Cardiac/Heart/Vascular Critical Care,37.0,Female,BSN,3.5 And Above,,,No,,No,,,,23803,Herzing University,3.75
Emory University Hospital,	08/01/2019,	0432986,07/22/2019,General Medical Inpatient Unit,23.0,Male,BSN,3.0 - 3.49,,,No,,Yes,09/06/2021,2.128767123287671,Relocating out of area,23804,Herzing University,3.25
Emory Saint Joseph’s Hospital,	07/15/2019,	0436134,07/15/2019,Orthopedic Inpatient Unit,24.0,Male,BSN,3.0 - 3.49,Full-time,,No,,No,,,,23805,Herzing University,3.25
Emory University Hospital Midtown,	02/28/2019,	0430742,02/25/2019,Medical/Surgical Intermediate Unit,29.0,Female,BSN,3.0 - 3.49,Full-time,,No,,No,,,,23806,Herzing University,3.25
Emory Decatur Hospital,	02/26/2019,	0430570,03/04/2019,Emergency Department,26.0,Male,BSN,3.0 - 3.49,Full-time,,No,,Yes,03/01/2021,1.9945205479452055,Obtained position representing a different job experience,23807,Herzing University,3.25
Emory University Hospital,	02/26/2019,	0433101,03/04/2019,General Medical Inpatient Unit,29.0,Female,BSN,3.0 - 3.49,Full-time,,No,,Yes,07/14/2020,1.3643835616438356,Obtained position with a more desirable work schedule,23808,Herzing University,3.25
Emory University Hospital,	02/26/2019,	1040884,03/04/2019,General Medical Inpatient Unit,53.0,Male,BSN,3.0 - 3.49,Full-time,,No,,Yes,05/01/2020,1.1616438356164382,Compensation/pay,23809,Herzing University,3.25
Emory University Hospital,	10/16/2018,	040332400,10/15/2018,General Medical Inpatient Unit,29.0,Female,Accelerated BSN,3.5 And Above,,,No,,No,,,,23810,Herzing University,3.75
Emory Saint Joseph’s Hospital,	10/08/2018,	009885,10/08/2018,Medical/Surgical Inpatient Unit,30.0,Female,BSN,3.0 - 3.49,,,No,,Yes,04/16/2021,2.5232876712328767,Compensation/pay,23811,Herzing University,3.25
Emory Saint Joseph’s Hospital,	03/07/2016,	893392,,General Medical Inpatient Unit,34.0,Female,BSN,3.0 - 3.49,,,No,,No,,,,23813,Herzing University,3.25
Emory University Hospital,	03/11/2013,	0882,,General Medical Inpatient Unit,35.0,Female,Accelerated BSN,3.5 And Above,,,No,,No,,,,23864,Jacksonville University,3.75
Emory University Hospital,	11/12/2025,	0484173,11/03/2025,Medical ICU Inpatient Unit,23.0,Female,BSN,3.5 And Above,Full-time,,No,,No,,,,23923,Kennesaw State University,3.75
Emory University Hospital,	08/20/2025,	0479068,07/28/2025,Medical/Surgical ICU Inpatient Unit,29.0,Female,Accelerated BSN,3.5 And Above,Full-time,,No,,No,,,,15558,Kennesaw State University,3.75
The Emory Clinic,	08/18/2025,	0476719,08/18/2025,Ambulatory Setting,26.0,Female,BSN,3.0 - 3.49,Full-time,,No,,No,,,,23932,Kennesaw State University,3.25
Emory University Hospital,	08/18/2025,	0479041,07/28/2025,Transplant Unit,25.0,Female,Accelerated BSN,3.5 And Above,Full-time,,No,,No,,,,23933,Kennesaw State University,3.75
Emory Saint Joseph’s Hospital,	07/10/2025,	0478705,07/07/2025,Medical/Surgical Inpatient Unit,29.0,Female,Accelerated BSN,3.5 And Above,Full-time,,No,,No,,,,23935,Kennesaw State University,3.75
Emory Decatur Hospital,	04/01/2025,	0477345,03/24/2025,Obstetrics/Labor & Delivery Inpatient Unit,26.0,Female,Accelerated BSN,3.0 - 3.49,Full-time,,No,,No,,,,23937,Kennesaw State University,3.25
Emory University Hospital Midtown,	02/15/2021,	444994,02/15/2021,Perioperative OR,24.0,Female,BSN,3.0 - 3.49,,,No,,Yes,06/04/2021,0.29863013698630136,Family obligations (family/friend caregiving responsibility),23938,Kennesaw State University,3.25
Emory Saint Joseph’s Hospital,	02/17/2025,	0476348,03/24/2025,Emergency Department,22.0,Male,BSN,3.0 - 3.49,Full-time,,No,,No,,,,23939,Kennesaw State University,3.25
Emory University Hospital,	11/13/2024,	0463216,06/05/2023,Surgical ICU Inpatient Unit,23.0,Female,BSN,3.0 - 3.49,Full-time,,No,,No,,,,23940,Kennesaw State University,3.25
Emory Saint Joseph’s Hospital,	02/24/2023,	2481478,02/20/2023,Emergency Department,28.0,Female,Accelerated BSN,3.5 And Above,Full-time,,No,,Yes,02/01/2024,0.947945205479452,Relocating out of area,23941,Kennesaw State University,3.75
Emory Decatur Hospital,	11/12/2024,	0474849,11/04/2024,Medical/Surgical Intermediate Unit,25.0,Female,BSN,3.5 And Above,Full-time,,No,,No,,,,23942,Kennesaw State University,3.75
Emory University Hospital Midtown,	10/25/2024,	0474493,10/14/2024,Neonatal ICU Inpatient Unit,22.0,Female,BSN,3.5 And Above,Full-time,,No,,No,,,,23943,Kennesaw State University,3.75
Emory University Hospital Midtown,	04/01/2020,	0440009,02/24/2020,Emergency Department,24.0,Female,BSN,3.0 - 3.49,,,No,,Yes,03/23/2020,0.07671232876712329,Unhappy with job/facility,23944,Kennesaw State University,3.25
Emory University Hospital Midtown,	10/25/2024,	0474734,10/28/2024,Medical ICU Inpatient Unit,23.0,Female,BSN,3.5 And Above,Full-time,,No,,No,,,,23945,Kennesaw State University,3.75
Emory Saint Joseph’s Hospital,	10/02/2024,	2424874,09/30/2024,Medical/Surgical Inpatient Unit,37.0,Female,BSN,3.0 - 3.49,Full-time,,No,,No,,,,23946,Kennesaw State University,3.25
Emory University Hospital Midtown,	04/05/2024,	2543572,02/26/2024,Emergency Department,22.0,Female,BSN,3.5 And Above,Full-time,,No,,Yes,09/14/2024,0.5506849315068493,Other/Unknown,11689,Kennesaw State University,3.75
Emory Decatur Hospital,	08/20/2024,	0472352,07/15/2024,Emergency Department,33.0,Female,Accelerated BSN,3.5 And Above,Full-time,,No,,No,,,,23948,Kennesaw State University,3.75
Emory University Hospital Midtown,	08/09/2024,	0472661,08/05/2024,Medical/Surgical Inpatient Unit,25.0,Female,BSN,3.5 And Above,Full-time,,No,,No,,,,23949,Kennesaw State University,3.75
Emory University Hospital,	03/11/2024,	2327778,03/04/2024,Medical/Surgical Intermediate Unit,24.0,Female,Accelerated BSN,3.5 And Above,Full-time,,No,,Yes,02/22/2025,0.9726027397260274,Other/Unknown,12742,Kennesaw State University,3.75
Emory University Hospital Midtown,	08/09/2024,	2171989,08/05/2024,Medical ICU Inpatient Unit,28.0,Female,Accelerated BSN,3.5 And Above,Full-time,,No,,No,,,,23951,Kennesaw State University,3.75
Emory University Hospital,	08/05/2024,	0473143,08/19/2024,Neurology Inpatient Unit,27.0,Female,BSN,3.0 - 3.49,Full-time,,No,,No,,,,23952,Kennesaw State University,3.25
Emory University Hospital,	04/24/2024,	2470763,10/04/2021,Cardiac/Heart/Vascular Critical Care,36.0,Female,BSN,3.5 And Above,Full-time,,No,,No,,,,23953,Kennesaw State University,3.75
Emory Saint Joseph’s Hospital,	02/22/2024,	0468376,02/05/2024,Medical/Surgical ICU Inpatient Unit,29.0,Male,Accelerated BSN,3.0 - 3.49,Full-time,,No,,No,,,,23954,Kennesaw State University,3.25
Emory Saint Joseph’s Hospital,	02/22/2024,	0468440,02/19/2024,Perioperative OR,23.0,Female,BSN,3.0 - 3.49,Full-time,,No,,Yes,05/26/2025,1.2657534246575342,Obtained position representing a different job experience,23955,Kennesaw State University,3.25
Emory Saint Joseph’s Hospital,	02/22/2024,	0468557,02/05/2024,Cardiac/Heart/Vascular Critical Care,24.0,Female,BSN,3.5 And Above,Full-time,,No,,No,,,,23956,Kennesaw State University,3.75
Emory Saint Joseph’s Hospital,	02/22/2024,	0468979,02/26/2024,Telemetry Unit,24.0,Female,BSN,3.0 - 3.49,Full-time,,No,,No,,,,23957,Kennesaw State University,3.25
Emory Decatur Hospital,	11/14/2023,	2481193,10/30/2023,Obstetrics/Labor & Delivery Inpatient Unit,23.0,Female,BSN,3.5 And Above,Full-time,,No,,No,,,,23958,Kennesaw State University,3.75
Emory University Hospital,	11/08/2023,	0461430,10/09/2023,Cardiac/Heart/Vascular Critical Care,23.0,Female,BSN,3.5 And Above,Full-time,,No,,No,,,,14330,Kennesaw State University,3.75
Emory University Hospital Midtown,	04/01/2020,	1601754,03/30/2020,Obstetrics/Labor & Delivery Inpatient Unit,49.0,Female,BSN,3.5 And Above,,,No,,Yes,02/14/2021,0.8794520547945206,Family obligations (family/friend caregiving responsibility),23960,Kennesaw State University,3.75
Emory University Hospital,	11/08/2023,	0465829,10/08/2023,Surgical ICU Inpatient Unit,22.0,Female,BSN,3.5 And Above,Full-time,,No,,No,,,,23961,Kennesaw State University,3.75
Emory University Hospital Midtown,	10/27/2023,	0466325,10/23/2023,Cardiac/Heart/Vascular Critical Care,23.0,Female,BSN,3.5 And Above,Full-time,,No,,No,,,,23962,Kennesaw State University,3.75
Emory University Hospital Midtown,	04/05/2024,	2426478,04/29/2024,Cardiac/Heart/Vascular Critical Care,23.0,Female,BSN,3.0 - 3.49,Full-time,,No,,Yes,10/23/2024,0.4849315068493151,Other/Unknown,23963,Kennesaw State University,3.25
Emory Saint Joseph’s Hospital,	10/20/2023,	0466201,10/16/2023,Medical/Surgical Intermediate Unit,26.0,Female,Accelerated BSN,3.0 - 3.49,Full-time,,No,,No,,,,10069,Kennesaw State University,3.25
Emory University Hospital,	08/16/2023,	0463035,08/06/2023,Neurology/Neurosurgical ICU Inpatient Unit,24.0,Male,Accelerated BSN,3.0 - 3.49,Full-time,,No,,No,,,,23965,Kennesaw State University,3.25
Emory University Hospital,	08/16/2023,	0464294,07/24/2023,Surgical ICU Inpatient Unit,24.0,Female,Accelerated BSN,3.5 And Above,Full-time,,No,,No,,,,23966,Kennesaw State University,3.75
Emory Saint Joseph’s Hospital,	07/12/2024,	0471026,06/24/2024,Medical/Surgical Inpatient Unit,33.0,Female,BSN,3.0 - 3.49,Full-time,,No,,Yes,11/15/2024,0.39452054794520547,Did not return from leave of absence,23967,Kennesaw State University,3.25
Emory Decatur Hospital,	08/15/2023,	0461777,06/19/2023,Medical/Surgical Intermediate Unit,40.0,Female,BSN,3.0 - 3.49,Full-time,,No,,Yes,08/31/2024,1.2027397260273973,Unsatisfactory performance,23968,Kennesaw State University,3.25
Emory Saint Joseph’s Hospital,	07/12/2024,	2479751,06/24/2024,Medical/Surgical Inpatient Unit,25.0,Female,BSN,3.0 - 3.49,Full-time,,No,,Yes,10/06/2024,0.28493150684931506,Other/Unknown,23969,Kennesaw State University,3.25
Emory University Hospital Midtown,	08/11/2023,	0464369,07/31/2023,Emergency Department,33.0,Female,Accelerated BSN,3.0 - 3.49,Full-time,,No,,No,,,,23970,Kennesaw State University,3.25
Emory Saint Joseph’s Hospital,	07/21/2023,	0460283,06/05/2023,Medical/Surgical Intermediate Unit,23.0,Female,BSN,3.0 - 3.49,Full-time,,No,,No,,,,23971,Kennesaw State University,3.25
Emory University Hospital,	04/26/2023,	0420550,04/04/2023,Cardiac/Heart/Vascular Critical Care,29.0,Male,Accelerated BSN,3.0 - 3.49,Full-time,,No,,No,,,,10060,Kennesaw State University,3.25
Emory University Hospital,	04/26/2023,	0461570,03/06/2023,Emergency Department,26.0,Female,Accelerated BSN,3.5 And Above,Full-time,,No,,Yes,03/10/2025,2.0136986301369864,Other/Unknown,23973,Kennesaw State University,3.75
Emory University Hospital,	04/26/2023,	0461572,03/06/2023,Cardiac/Heart/Vascular Critical Care,32.0,Male,BSN,3.5 And Above,Full-time,,No,,Yes,07/05/2024,1.3342465753424657,Other/Unknown,23974,Kennesaw State University,3.75
Emory University Hospital,	04/26/2023,	2183685,03/13/2023,Cardiac/Heart/Vascular Critical Care,25.0,Male,BSN,3.0 - 3.49,Full-time,,No,,Yes,05/18/2025,2.1835616438356165,Other/Unknown,23975,Kennesaw State University,3.25
Emory University Hospital Midtown,	04/07/2023,	2463258,03/27/2023,Neurology/Neurosurgical ICU Inpatient Unit,22.0,Female,BSN,3.5 And Above,Full-time,,No,,No,,,,23976,Kennesaw State University,3.75
Emory University Hospital,	03/13/2023,	1974904,03/06/2023,Orthopedic Inpatient Unit,28.0,Female,Accelerated BSN,3.5 And Above,Full-time,,No,,No,,,,23977,Kennesaw State University,3.75
Emory University Hospital Midtown,	10/28/2022,	0458370,10/31/2022,Medical ICU Inpatient Unit,22.0,Female,BSN,3.5 And Above,,,No,,Yes,04/13/2024,1.452054794520548,Relocating out of area,23978,Kennesaw State University,3.75
Emory University Hospital Midtown,	10/28/2022,	0459460,10/24/2022,Neonatal ICU Inpatient Unit,35.0,Female,BSN,3.5 And Above,,,No,,No,,,,23979,Kennesaw State University,3.75
Emory Saint Joseph’s Hospital,	10/17/2022,	0459384,10/17/2022,Telemetry Unit,23.0,Female,BSN,3.0 - 3.49,Full-time,,No,,No,,,,23980,Kennesaw State University,3.25
The Emory Clinic,	10/17/2022,	2320658,10/17/2022,Ambulatory Setting,23.0,Female,BSN,3.5 And Above,,,No,,No,,,,23981,Kennesaw State University,3.75
The Emory Clinic,	10/17/2022,	2428542,10/31/2022,Ambulatory Setting,41.0,Female,BSN,3.5 And Above,,,No,,No,,,,23982,Kennesaw State University,3.75
Emory University Hospital,	10/14/2022,	0459037,10/31/2022,Neurology/Neurosurgical ICU Inpatient Unit,22.0,Female,BSN,3.5 And Above,Full-time,,No,,No,,,,23983,Kennesaw State University,3.75
Emory University Hospital,	10/14/2022,	0459055,10/31/2022,Surgical ICU Inpatient Unit,23.0,Female,BSN,3.5 And Above,,,No,,No,,,,23984,Kennesaw State University,3.75
Emory University Hospital,	10/14/2022,	0459478,10/24/2022,Cardiac/Heart/Vascular Critical Care,22.0,Female,BSN,3.5 And Above,,,No,,No,,,,23985,Kennesaw State University,3.75
Emory University Hospital,	10/14/2022,	2360197,10/10/2022,Cardiac/Heart/Vascular Critical Care,22.0,Female,BSN,3.5 And Above,,,No,,Yes,01/05/2025,2.241095890410959,Other/Unknown,23986,Kennesaw State University,3.75
Emory University Hospital,	08/17/2022,	2465057,07/11/2022,Cardiac/Heart/Vascular Critical Care,25.0,Female,Accelerated BSN,3.0 - 3.49,,,No,,No,,,,23987,Kennesaw State University,3.25
Emory Johns Creek Hospital,	07/18/2022,	2357544,07/25/2022,Obstetrics/Labor & Delivery Inpatient Unit,30.0,Female,Accelerated BSN,3.5 And Above,,,No,,No,,,,23988,Kennesaw State University,3.75
Emory University Hospital,	04/27/2022,	0443847,03/28/2022,Surgical ICU Inpatient Unit,26.0,Female,BSN,3.0 - 3.49,,,No,,No,,,,23989,Kennesaw State University,3.25
Emory University Hospital Midtown,	04/01/2022,	0453216,03/28/2022,Cardiac/Heart/Vascular Critical Care,23.0,Female,BSN,3.5 And Above,,,No,,No,,,,23990,Kennesaw State University,3.75
Emory University Hospital,	03/18/2022,	0453440,04/04/2022,Oncology Inpatient Unit,22.0,Female,BSN,3.5 And Above,,,No,,No,,,,23991,Kennesaw State University,3.75
The Emory Clinic,	02/21/2022,	0452469,01/10/2022,Ambulatory Setting,26.0,Male,BSN,3.5 And Above,,,No,,No,,,,23992,Kennesaw State University,3.75
Emory Saint Joseph’s Hospital,	02/21/2022,	0452784,02/21/2022,Cardiac/Heart/Vascular Critical Care,22.0,Female,BSN,3.5 And Above,,,No,,No,,,,23993,Kennesaw State University,3.75
Emory Johns Creek Hospital,	02/21/2022,	0452886,02/21/2022,General Medical Inpatient Unit,39.0,Female,BSN,3.5 And Above,,,No,,No,,,,23994,Kennesaw State University,3.75
Emory University Hospital Midtown,	08/12/2022,	0456199,08/08/2022,Mother/Baby Unit,24.0,Female,BSN,3.5 And Above,,,No,,Yes,11/16/2022,0.273972602739726,Obtained position with a more desirable work schedule,23995,Kennesaw State University,3.75
Emory University Hospital,	11/03/2021,	0450898,11/01/2021,Cardiac/Heart/Vascular Critical Care,23.0,Female,BSN,3.5 And Above,,,No,,Yes,04/01/2023,1.4136986301369863,Compensation/pay,23996,Kennesaw State University,3.75
Emory University Hospital Midtown,	09/27/2021,	2371050,10/11/2021,Perioperative OR,22.0,Female,BSN,3.5 And Above,,,No,,Yes,11/07/2022,1.073972602739726,Other/Unknown,23997,Kennesaw State University,3.75
Emory University Hospital,	08/26/2021,	0445508,07/19/2021,Emergency Department,24.0,Female,BSN,3.5 And Above,,,No,,No,,,,23998,Kennesaw State University,3.75
Emory University Hospital Midtown,	08/26/2021,	0448617,08/09/2021,Neurology/Neurosurgical ICU Inpatient Unit,26.0,Female,BSN,3.5 And Above,,,No,,Yes,10/04/2024,3.1561643835616437,Other/Unknown,23999,Kennesaw State University,3.75
Emory University Hospital Midtown,	08/26/2021,	2425568,08/09/2021,Surgical ICU Inpatient Unit,37.0,Female,Accelerated BSN,3.5 And Above,,,No,,No,,,,24000,Kennesaw State University,3.75
Emory University Hospital,	08/18/2021,	0447958,07/19/2021,Cardiac/Heart/Vascular Critical Care,25.0,Male,BSN,3.0 - 3.49,,,No,,No,,,,24001,Kennesaw State University,3.25
Emory University Hospital,	07/22/2021,	0445345,07/19/2021,Orthopedic Inpatient Unit,22.0,Female,BSN,3.5 And Above,,,No,,No,,,,24002,Kennesaw State University,3.75
Emory University Hospital,	04/16/2021,	0445547,03/22/2021,Medical ICU Inpatient Unit,22.0,Male,BSN,3.5 And Above,Full-time,,No,,No,,,,24003,Kennesaw State University,3.75
Emory University Hospital,	04/16/2021,	0445577,03/22/2021,Emergency Department,33.0,Female,BSN,3.0 - 3.49,,,No,,Yes,05/29/2022,1.1863013698630136,Other/Unknown,24004,Kennesaw State University,3.25
Emory University Hospital,	04/16/2021,	1823737,03/22/2021,Neurology/Neurosurgical ICU Inpatient Unit,28.0,Female,BSN,3.0 - 3.49,,,No,,Yes,08/28/2023,2.4356164383561643,Obtained position representing a different job experience,24005,Kennesaw State University,3.25
Emory University Hospital,	04/16/2021,	2258165,12/14/2020,Cardiac/Heart/Vascular Critical Care,22.0,Male,BSN,3.5 And Above,,,No,,No,,,,24006,Kennesaw State University,3.75
Emory University Hospital,	04/16/2021,	2371442,02/08/2021,Neurology/Neurosurgical ICU Inpatient Unit,23.0,Female,Accelerated BSN,3.5 And Above,,,No,,Yes,09/02/2023,2.5643835616438357,Other/Unknown,24007,Kennesaw State University,3.75
Emory University Hospital Midtown,	04/01/2021,	0445622,03/29/2021,Medical ICU Inpatient Unit,25.0,Female,BSN,3.5 And Above,,,No,,No,,,,24008,Kennesaw State University,3.75
Emory University Hospital Midtown,	04/01/2021,	0446164,03/29/2021,Cardiac/Heart/Vascular Critical Care,25.0,Female,BSN,3.5 And Above,,,No,,Yes,07/09/2023,2.2794520547945205,Relocating out of area,24009,Kennesaw State University,3.75
Emory Saint Joseph’s Hospital,	02/15/2021,	0445126,02/15/2021,Oncology Inpatient Unit,26.0,Female,Accelerated BSN,3.5 And Above,Full-time,,Yes,Unknown,Yes,02/22/2023,2.0191780821917806,Family obligations (family/friend caregiving responsibility),24010,Kennesaw State University,3.75
Emory Saint Joseph’s Hospital,	02/15/2021,	0445235,03/15/2021,Cardiac/Heart/Vascular Critical Care,24.0,Female,BSN,3.0 - 3.49,Full-time,,No,,No,,,,24011,Kennesaw State University,3.25
Emory University Hospital,	11/06/2020,	2179233,09/28/2020,Neurology/Neurosurgical ICU Inpatient Unit,23.0,Female,BSN,3.0 - 3.49,,,No,,Yes,09/28/2021,1.0,Travel Nurse,24012,Kennesaw State University,3.25
Emory University Hospital Midtown,	10/30/2020,	0443322,11/15/2020,Medical/Surgical Inpatient Unit,46.0,Female,BSN,3.5 And Above,,,No,,No,,,,24013,Kennesaw State University,3.75
Emory Saint Joseph’s Hospital,	10/12/2020,	0443088,10/12/2020,General Medical Inpatient Unit,25.0,Female,BSN,3.0 - 3.49,,,Yes,Visa issue,Yes,09/20/2021,0.9397260273972603,VISA expired,24014,Kennesaw State University,3.25
Emory University Hospital Midtown,	10/30/2020,	0443574,10/26/2020,General Surgical Inpatient Unit,25.0,Male,BSN,3.0 - 3.49,,,No,,No,,,,24015,Kennesaw State University,3.25
Emory University Hospital Midtown,	10/30/2020,	2321019,10/26/2020,Medical ICU Inpatient Unit,22.0,Female,BSN,3.5 And Above,,,No,,Yes,07/17/2023,2.723287671232877,Family obligations (family/friend caregiving responsibility),24016,Kennesaw State University,3.75
Emory University Hospital Midtown,	10/30/2020,	2362102,10/26/2020,General Medical Inpatient Unit,22.0,Female,BSN,3.5 And Above,Full-time,,No,,Yes,05/28/2022,1.5863013698630137,Obtained position representing a different job experience,24017,Kennesaw State University,3.75
Emory Decatur Hospital,	10/13/2020,	0443105,10/05/2020,Telemetry Unit,23.0,Female,BSN,3.5 And Above,,,No,,No,,,,24018,Kennesaw State University,3.75
Emory Saint Joseph’s Hospital,	10/18/2021,	2280030,10/18/2021,Medical/Surgical Intermediate Unit,23.0,Female,BSN,3.5 And Above,,,No,,Yes,09/19/2022,0.9205479452054794,Obtained position representing a different job experience,24019,Kennesaw State University,3.75
Emory Saint Joseph’s Hospital,	10/12/2020,	0443094,10/12/2020,Emergency Department,23.0,Male,BSN,3.0 - 3.49,Per Diem,,No,,No,,,,24020,Kennesaw State University,3.25
Emory Saint Joseph’s Hospital,	10/12/2020,	0443096,10/12/2020,Medical/Surgical Intermediate Unit,23.0,Female,BSN,3.5 And Above,,,No,,No,,,,24021,Kennesaw State University,3.75
Emory University Hospital,	10/24/2019,	0438251,10/21/2019,General Medical Inpatient Unit,25.0,Male,BSN,3.5 And Above,,,No,,Yes,04/16/2020,0.4876712328767123,Did not return from leave of absence,24022,Kennesaw State University,3.75
Emory University Hospital,	05/01/2020,	2242446,03/09/2020,Medical ICU Inpatient Unit,25.0,Male,BSN,3.0 - 3.49,,,No,,No,,,,24024,Kennesaw State University,3.25
Emory University Hospital,	05/01/2020,	2351118,03/09/2020,Surgical ICU Inpatient Unit,27.0,Female,Accelerated BSN,3.0 - 3.49,,,No,,No,,,,24025,Kennesaw State University,3.25
Emory University Hospital Midtown,	04/01/2020,	0440649,03/30/2020,Medical ICU Inpatient Unit,34.0,Male,BSN,3.5 And Above,,,No,,Yes,12/25/2021,1.7397260273972603,Travel Nurse,24026,Kennesaw State University,3.75
Emory University Hospital Midtown,	04/01/2020,	0440659,03/30/2020,General Medical Inpatient Unit,23.0,Female,BSN,3.5 And Above,,,No,,No,,,,24027,Kennesaw State University,3.75
Emory University Hospital Midtown,	04/01/2020,	0784769,03/30/2020,Medical ICU Inpatient Unit,36.0,Female,BSN,3.0 - 3.49,,,No,,No,,,,24028,Kennesaw State University,3.25
Emory University Hospital Midtown,	04/01/2020,	1870466,02/24/2020,Neurology/Neurosurgical ICU Inpatient Unit,25.0,Female,Accelerated BSN,3.5 And Above,,,No,,No,,,,24029,Kennesaw State University,3.75
Emory Decatur Hospital,	03/24/2020,	1707785,03/16/2020,Medical/Surgical ICU Inpatient Unit,28.0,Male,BSN,3.5 And Above,,,No,,Yes,03/25/2022,2.0246575342465754,Other/Unknown,24030,Kennesaw State University,3.75
Emory Decatur Hospital,	03/24/2020,	1797989,03/16/2020,Emergency Department,33.0,Female,BSN,3.5 And Above,,,No,,Yes,09/02/2022,2.4657534246575343,Other/Unknown,24031,Kennesaw State University,3.75
Emory Decatur Hospital,	03/24/2020,	2425998,03/16/2020,Obstetrics/Labor & Delivery Inpatient Unit,23.0,Female,BSN,3.5 And Above,,,No,,Yes,02/13/2022,1.915068493150685,Other/Unknown,24032,Kennesaw State University,3.75
Emory Saint Joseph’s Hospital,	02/24/2020,	0440114,02/24/2020,General Medical Inpatient Unit,22.0,Female,BSN,3.5 And Above,Full-time,,No,,Yes,10/06/2022,2.6164383561643834,Unhappy with job/facility,24033,Kennesaw State University,3.75
Emory Saint Joseph’s Hospital,	02/24/2020,	0440304,02/24/2020,Medical/Surgical Inpatient Unit,27.0,Male,Accelerated BSN,3.0 - 3.49,Full-time,,No,,Yes,02/25/2022,2.0054794520547947,Travel Nurse,24034,Kennesaw State University,3.25
Emory University Hospital Midtown,	10/31/2019,	0438050,10/28/2019,Medical ICU Inpatient Unit,23.0,Male,BSN,3.0 - 3.49,,,No,,No,,,,24035,Kennesaw State University,3.25
Emory University Hospital Midtown,	10/31/2019,	0438376,10/28/2019,Cardiac/Heart/Vascular Critical Care,27.0,Female,BSN,3.5 And Above,,,No,,Yes,09/04/2021,1.8547945205479452,Travel Nurse,24036,Kennesaw State University,3.75
Emory University Hospital,	10/24/2019,	0437855,10/21/2019,Cardiac/Heart/Vascular Critical Care,25.0,Male,BSN,3.5 And Above,,,No,,Yes,08/04/2022,2.789041095890411,Returning to school full-time,24037,Kennesaw State University,3.75
Emory University Hospital Midtown,	07/25/2019,	0436604,07/29/2019,Medical/Surgical Intermediate Unit,25.0,Female,Accelerated BSN,3.5 And Above,,,No,,No,,,,24038,Kennesaw State University,3.75
Emory University Hospital Midtown,	07/25/2019,	1600696,07/29/2019,Medical/Surgical Inpatient Unit,29.0,Female,Accelerated BSN,3.5 And Above,,,No,,Yes,09/06/2021,2.1095890410958904,Other/Unknown,24039,Kennesaw State University,3.75
Emory University Hospital Midtown,	07/25/2019,	1882092,07/29/2019,Medical ICU Inpatient Unit,26.0,Female,Accelerated BSN,3.5 And Above,,,No,,No,,,,24040,Kennesaw State University,3.75
Emory Johns Creek Hospital,	07/22/2019,	0435853,07/22/2019,General Medical Inpatient Unit,27.0,Female,Accelerated BSN,3.5 And Above,Full-time,,No,,No,,,,24041,Kennesaw State University,3.75
Emory Saint Joseph’s Hospital,	07/15/2019,	0435734,07/15/2019,Medical/Surgical Inpatient Unit,24.0,Female,Accelerated BSN,3.0 - 3.49,Full-time,,No,,No,,,,24042,Kennesaw State University,3.25
Emory Saint Joseph’s Hospital,	07/15/2019,	0435742,07/15/2019,Medical/Surgical Intermediate Unit,27.0,Female,Accelerated BSN,3.5 And Above,Full-time,,No,,No,,,,24043,Kennesaw State University,3.75
Emory University Hospital Midtown,	02/28/2019,	0422428,02/25/2019,Neurology/Neurosurgical ICU Inpatient Unit,21.0,Female,BSN,3.5 And Above,Full-time,,No,,No,,,,24044,Kennesaw State University,3.75
Emory University Hospital Midtown,	02/28/2019,	0433514,02/25/2019,General Surgical Inpatient Unit,30.0,Female,BSN,3.0 - 3.49,Full-time,,No,,No,,,,24045,Kennesaw State University,3.25
Emory University Hospital Midtown,	02/28/2019,	2082952,02/25/2019,Emergency Department,22.0,Female,BSN,3.5 And Above,Full-time,,No,,Yes,03/02/2020,1.0164383561643835,Obtained position with a more desirable commute,24046,Kennesaw State University,3.75
Emory University Hospital Midtown,	02/28/2019,	2186777,02/25/2019,Neonatal ICU Inpatient Unit,26.0,Female,Accelerated BSN,3.0 - 3.49,Full-time,,No,,Yes,01/30/2021,1.9315068493150684,Obtained position representing a different job experience,24047,Kennesaw State University,3.25
Emory University Hospital Midtown,	02/28/2019,	2307844,02/25/2019,Cardiac/Heart/Vascular Critical Care,36.0,Male,Accelerated BSN,3.5 And Above,Full-time,,No,,Yes,01/09/2022,2.873972602739726,Compensation/pay,24048,Kennesaw State University,3.75
Emory University Hospital,	02/26/2019,	0433049,03/04/2019,Oncology Inpatient Unit,35.0,Female,BSN,3.5 And Above,,,No,,No,,,,24049,Kennesaw State University,3.75
Emory University Hospital,	02/26/2019,	0433070,03/04/2019,Oncology Inpatient Unit,35.0,Female,Accelerated BSN,3.5 And Above,,,No,,No,,,,24050,Kennesaw State University,3.75
Emory University Hospital,	02/26/2019,	0433098,03/04/2019,General Surgical Inpatient Unit,23.0,Female,BSN,3.5 And Above,,,No,,No,,,,24051,Kennesaw State University,3.75
Emory University Hospital,	02/26/2019,	0433112,03/04/2019,Oncology Inpatient Unit,23.0,Female,BSN,3.5 And Above,,,No,,Yes,03/11/2022,3.021917808219178,Travel Nurse,24052,Kennesaw State University,3.75
Emory University Hospital,	02/26/2019,	0433114,02/28/2019,Neurology/Neurosurgical ICU Inpatient Unit,22.0,Female,BSN,3.0 - 3.49,,,No,,No,,,,24053,Kennesaw State University,3.25
Emory University Hospital,	02/26/2019,	0433117,03/04/2019,Surgical ICU Inpatient Unit,22.0,Female,BSN,3.5 And Above,,,No,,Yes,06/13/2021,2.2794520547945205,Obtained position representing a different job experience,24054,Kennesaw State University,3.75
Emory University Hospital,	02/26/2019,	1813881,03/04/2019,Oncology Inpatient Unit,25.0,Female,BSN,3.5 And Above,,,No,,No,,,,24055,Kennesaw State University,3.75
Emory University Hospital,	02/26/2019,	2276237,03/04/2019,Oncology Inpatient Unit,22.0,Female,BSN,3.5 And Above,,,No,,No,,,,24056,Kennesaw State University,3.75
Emory Saint Joseph’s Hospital,	02/18/2019,	0405396,02/18/2019,General Medical Inpatient Unit,27.0,Female,Accelerated BSN,3.5 And Above,Full-time,,No,,No,,,,24057,Kennesaw State University,3.75
Emory Saint Joseph’s Hospital,	02/18/2019,	0432728,02/18/2019,Medical/Surgical Intermediate Unit,23.0,Female,BSN,3.0 - 3.49,Full-time,,No,,Yes,08/06/2021,2.4657534246575343,Other/Unknown,24058,Kennesaw State University,3.25
Emory Saint Joseph’s Hospital,	02/18/2019,	1954073,02/18/2019,Medical/Surgical Intermediate Unit,24.0,Female,BSN,3.5 And Above,Full-time,,No,,Yes,08/26/2021,2.5205479452054793,Other/Unknown,24059,Kennesaw State University,3.75
Emory University Hospital,	10/15/2018,	0430733,10/15/2018,Cardiac/Heart/Vascular Critical Care,36.0,Female,BSN,3.5 And Above,,,No,,No,,,,24060,Kennesaw State University,3.75
Emory University Hospital,	10/15/2018,	2370341,10/15/2018,Other (please specify),21.0,Female,BSN,3.5 And Above,,,No,,No,,,,24061,Kennesaw State University,3.75
Emory Saint Joseph’s Hospital,	10/08/2018,	238863,,Medical/Surgical Intermediate Unit,29.0,Female,BSN,3.5 And Above,,,No,,Yes,05/02/2021,,Relocating out of area,24062,Kennesaw State University,3.75
Emory University Hospital,	07/30/2018,	0425251,07/30/2018,Oncology Inpatient Unit,23.0,Female,Accelerated BSN,3.5 And Above,,,No,,Yes,03/18/2021,2.6356164383561644,Obtained position representing a different job experience,24063,Kennesaw State University,3.75
Emory University Hospital,	07/30/2018,	0425282,,Medical/Surgical Inpatient Unit,34.0,Female,Accelerated BSN,3.0 - 3.49,,,No,,No,,,,24064,Kennesaw State University,3.25
Emory University Hospital,	07/30/2018,	2245927,,General Medical Inpatient Unit,25.0,Female,Accelerated BSN,3.5 And Above,,,No,,No,,,,24065,Kennesaw State University,3.75
Emory University Hospital,	07/23/2018,	1717058,,Emergency Department,27.0,Female,Accelerated BSN,2.0 - 2.49,,,No,,No,,,,24066,Kennesaw State University,2.25
Emory Saint Joseph’s Hospital,	07/16/2018,	823408,,Medical/Surgical Intermediate Unit,34.0,Female,Accelerated BSN,3.0 - 3.49,,,No,,Yes,10/20/2020,,Other/Unknown,24067,Kennesaw State University,3.25
Emory University Hospital,	02/23/2018,	0406583,,Cardiac/Heart/Vascular Critical Care,31.0,Female,Accelerated BSN,3.5 And Above,,,No,,Yes,04/19/2020,,Military,24068,Kennesaw State University,3.75
Emory University Hospital,	02/23/2018,	0422399,,Oncology Inpatient Unit,22.0,Female,BSN,3.5 And Above,,,No,,No,,,,24069,Kennesaw State University,3.75
Emory Saint Joseph’s Hospital,	10/16/2017,	875837,,Emergency Department,27.0,Female,BSN,3.5 And Above,,,No,,No,,,,24070,Kennesaw State University,3.75
Emory University Hospital,	07/18/2017,	0419861,,Medical ICU Inpatient Unit,48.0,Female,Accelerated BSN,3.5 And Above,,,No,,No,,,,24071,Kennesaw State University,3.75
Emory University Hospital,	07/18/2017,	0420074,,Perioperative OR,22.0,Female,Accelerated BSN,3.0 - 3.49,,,No,,Yes,06/08/2020,,Relocating out of area,24072,Kennesaw State University,3.25
Emory University Hospital,	07/17/2017,	0419705,,Medical/Surgical Inpatient Unit,24.0,Female,Accelerated BSN,3.5 And Above,,,No,,No,,,,24073,Kennesaw State University,3.75
Emory University Hospital,	07/17/2017,	2216586,,Medical/Surgical Inpatient Unit,42.0,Female,Accelerated BSN,3.0 - 3.49,,,No,,Yes,10/09/2017,,Family obligations (family/friend caregiving responsibility),24074,Kennesaw State University,3.25
Emory University Hospital,	02/25/2017,	003109,,Oncology Inpatient Unit,24.0,Female,BSN,3.5 And Above,,,No,,No,,,,24075,Kennesaw State University,3.75
Emory University Hospital,	02/25/2017,	015744,,Cardiac/Heart/Vascular Critical Care,29.0,Female,BSN,3.5 And Above,,,No,,No,,,,24076,Kennesaw State University,3.75
Emory University Hospital,	02/25/2017,	230047,,Cardiac/Heart/Vascular Critical Care,24.0,Female,BSN,3.5 And Above,,,No,,No,,,,24077,Kennesaw State University,3.75
Emory University Hospital,	02/25/2017,	335824,,Medical ICU Inpatient Unit,23.0,Female,Accelerated BSN,3.5 And Above,,,No,,No,,,,24078,Kennesaw State University,3.75
Emory University Hospital,	02/25/2017,	433340,,Medical/Surgical Inpatient Unit,47.0,Female,BSN,3.5 And Above,,,No,,No,,,,24079,Kennesaw State University,3.75
Emory University Hospital,	02/25/2017,	792847,,Cardiac/Heart/Vascular Critical Care,28.0,Female,BSN,3.5 And Above,,,No,,No,,,,24080,Kennesaw State University,3.75
Emory University Hospital,	02/24/2017,	713881,,General Medical Inpatient Unit,27.0,Female,BSN,3.5 And Above,,,No,,No,,,,24081,Kennesaw State University,3.75
Emory University Hospital,	02/24/2017,	745923,,Medical ICU Inpatient Unit,26.0,Female,Accelerated BSN,3.5 And Above,,,No,,No,,,,24082,Kennesaw State University,3.75
Emory University Hospital,	10/13/2016,	0415508,,Medical/Surgical Inpatient Unit,53.0,Female,Accelerated BSN,3.0 - 3.49,,,No,,No,,,,24084,Kennesaw State University,3.25
Emory University Hospital,	10/12/2016,	1647160,,Other (please specify),25.0,Female,BSN,3.0 - 3.49,,,No,,No,,,,24085,Kennesaw State University,3.25
Emory University Hospital,	10/10/2016,	592806,,Medical ICU Inpatient Unit,35.0,Male,BSN,3.5 And Above,,,No,,No,,,,24086,Kennesaw State University,3.75
Emory University Hospital,	04/15/2016,	0413494,,General Medical Inpatient Unit,26.0,Female,Accelerated BSN,3.5 And Above,,,No,,No,,,,24088,Kennesaw State University,3.75
Emory University Hospital,	04/15/2016,	725385,,Telemetry Unit,31.0,Female,Accelerated BSN,3.5 And Above,,,No,,No,,,,24089,Kennesaw State University,3.75
Emory University Hospital,	04/12/2016,	0405212,,Telemetry Unit,35.0,Female,BSN,3.5 And Above,,,No,,No,,,,24090,Kennesaw State University,3.75
Emory University Hospital,	04/12/2016,	0657863,,General Surgical Inpatient Unit,23.0,Female,BSN,3.0 - 3.49,,,No,,No,,,,24091,Kennesaw State University,3.25
Emory University Hospital,	04/12/2016,	563509,,Medical/Surgical ICU Inpatient Unit,23.0,Female,BSN,3.5 And Above,,,No,,No,,,,24092,Kennesaw State University,3.75
Emory University Hospital,	10/08/2015,	0410823,,Medical/Surgical ICU Inpatient Unit,24.0,Female,Accelerated BSN,3.5 And Above,,,No,,No,,,,24093,Kennesaw State University,3.75
Emory University Hospital,	10/07/2015,	0410861,,Oncology Inpatient Unit,34.0,Female,Accelerated BSN,3.5 And Above,,,No,,No,,,,24094,Kennesaw State University,3.75
Emory University Hospital,	03/02/2015,	017391,,Obstetrics/Labor & Delivery Inpatient Unit,24.0,Female,BSN,3.5 And Above,,,No,,No,,,,24096,Kennesaw State University,3.75
Emory Saint Joseph’s Hospital,	03/02/2015,	040818700,,Emergency Department,24.0,Female,Accelerated BSN,3.5 And Above,,,No,,No,,,,24097,Kennesaw State University,3.75
Emory Saint Joseph’s Hospital,	03/02/2015,	040819200,,Medical/Surgical Inpatient Unit,23.0,Female,BSN,3.0 - 3.49,,,No,,No,,,,24098,Kennesaw State University,3.25
Emory Saint Joseph’s Hospital,	03/02/2015,	040819700,,Medical/Surgical Inpatient Unit,29.0,Female,BSN,3.0 - 3.49,,,No,,No,,,,24099,Kennesaw State University,3.25
Emory University Hospital,	03/02/2015,	0408213,,Other (please specify),41.0,Female,BSN,3.5 And Above,,,No,,No,,,,24100,Kennesaw State University,3.75
Emory University Hospital,	03/02/2015,	1435303,,Medical/Surgical ICU Inpatient Unit,25.0,Male,Accelerated BSN,3.5 And Above,,,No,,No,,,,24101,Kennesaw State University,3.75
Emory University Hospital,	03/02/2015,	353022,,General Medical Inpatient Unit,28.0,Male,BSN,3.5 And Above,,,No,,No,,,,24103,Kennesaw State University,3.75
Emory University Hospital,	03/02/2015,	408241,,General Surgical Inpatient Unit,23.0,Female,BSN,3.5 And Above,,,No,,No,,,,24104,Kennesaw State University,3.75
Emory University Hospital,	03/02/2015,	474340,,General Medical Inpatient Unit,22.0,Female,BSN,3.5 And Above,,,No,,No,,,,24105,Kennesaw State University,3.75
Emory University Hospital,	03/02/2015,	531096,,Emergency Department,27.0,Female,BSN,3.5 And Above,,,No,,No,,,,24106,Kennesaw State University,3.75
Emory Saint Joseph’s Hospital,	10/20/2014,	040702400,,Medical/Surgical Inpatient Unit,36.0,Female,Accelerated BSN,3.0 - 3.49,,,No,,Yes,11/30/2015,,Unhappy with job/facility,24108,Kennesaw State University,3.25
Emory University Hospital,	08/25/2014,	0402966,,Perioperative OR,28.0,Female,Accelerated BSN,3.5 And Above,,,No,,No,,,,24109,Kennesaw State University,3.75
Emory Saint Joseph’s Hospital,	07/14/2014,	040598100,,Medical/Surgical Inpatient Unit,42.0,Female,BSN,3.0 - 3.49,,,No,,No,,,,24110,Kennesaw State University,3.25
Emory Saint Joseph’s Hospital,	07/14/2014,	040598900,,Medical/Surgical Inpatient Unit,25.0,Female,Accelerated BSN,3.5 And Above,,,No,,No,,,,24111,Kennesaw State University,3.75
Emory University Hospital,	04/07/2014,	040485800,,Medical/Surgical ICU Inpatient Unit,23.0,Female,Accelerated BSN,3.5 And Above,,,No,,No,,,,24112,Kennesaw State University,3.75
Emory University Hospital,	03/21/2014,	040125600,,Medical/Surgical Inpatient Unit,35.0,Male,BSN,3.5 And Above,,,No,,No,,,,24113,Kennesaw State University,3.75
Emory Saint Joseph’s Hospital,	03/10/2014,	040436100,,Medical/Surgical Inpatient Unit,46.0,Female,BSN,3.5 And Above,,,No,,No,,,,24115,Kennesaw State University,3.75
Emory Saint Joseph’s Hospital,	03/10/2014,	040436400,,Medical/Surgical Inpatient Unit,24.0,Female,BSN,3.5 And Above,,,No,,No,,,,24116,Kennesaw State University,3.75
Emory Saint Joseph’s Hospital,	03/10/2014,	040437600,,Telemetry Unit,50.0,Male,BSN,3.5 And Above,,,No,,No,,,,24117,Kennesaw State University,3.75
Emory Saint Joseph’s Hospital,	03/10/2014,	040437900,,Medical/Surgical Inpatient Unit,33.0,Female,Accelerated BSN,3.5 And Above,,,No,,No,,,,24118,Kennesaw State University,3.75
Emory Saint Joseph’s Hospital,	03/10/2014,	040438100,03/10/2014,Medical/Surgical Inpatient Unit,22.0,Female,BSN,3.0 - 3.49,,,No,,Yes,12/17/2020,6.778082191780822,Compensation/pay,24119,Kennesaw State University,3.25
Emory Saint Joseph’s Hospital,	03/10/2014,	040439500,,Medical/Surgical Inpatient Unit,25.0,Female,BSN,3.0 - 3.49,,,No,,No,,,,24120,Kennesaw State University,3.25
Emory University Hospital,	03/10/2014,	092624101,,Obstetrics/Labor & Delivery Inpatient Unit,27.0,Female,Accelerated BSN,3.5 And Above,,,No,,No,,,,24121,Kennesaw State University,3.75
Emory University Hospital,	11/05/2013,	9084,,Perioperative OR,26.0,Female,BSN,3.0 - 3.49,,,No,,No,,,,24122,Kennesaw State University,3.25
Emory Saint Joseph’s Hospital,	10/07/2013,	040307900,,General Medical Inpatient Unit,31.0,Female,BSN,3.0 - 3.49,,,No,,Yes,03/01/2015,,Unhappy with job/facility,24123,Kennesaw State University,3.25
Emory Saint Joseph’s Hospital,	10/07/2013,	187945500,,Medical/Surgical Inpatient Unit,38.0,Male,BSN,3.0 - 3.49,,,No,,Yes,09/30/2014,,Unhappy with job/facility,24124,Kennesaw State University,3.25
Emory Saint Joseph’s Hospital,	10/07/2013,	188703500,,General Medical Inpatient Unit,23.0,Female,BSN,3.5 And Above,,,No,,Yes,03/01/2015,,Unhappy with job/facility,24125,Kennesaw State University,3.75
Emory University Hospital,	09/16/2013,	040287100,,Perioperative OR,26.0,Female,BSN,3.0 - 3.49,,,No,,No,,,,24126,Kennesaw State University,3.25
Emory University Hospital,	08/26/2013,	8523,,Emergency Department,29.0,Male,BSN,3.5 And Above,,,No,,No,,,,24127,Kennesaw State University,3.75
Emory University Hospital,	08/26/2013,	963579,,Telemetry Unit,25.0,Female,Accelerated BSN,3.5 And Above,,,No,,No,,,,24128,Kennesaw State University,3.75
Emory University Hospital,	08/19/2013,	5086,,Oncology Inpatient Unit,49.0,Female,Accelerated BSN,3.5 And Above,,,No,,No,,,,24129,Kennesaw State University,3.75
Emory University Hospital,	08/19/2013,	7174,,General Medical Inpatient Unit,24.0,Female,Accelerated BSN,3.0 - 3.49,,,No,,No,,,,24130,Kennesaw State University,3.25
Emory University Hospital,	08/19/2013,	7532,,General Surgical Inpatient Unit,26.0,Female,BSN,3.0 - 3.49,,,No,,No,,,,24131,Kennesaw State University,3.25
Emory Saint Joseph’s Hospital,	03/11/2013,	040039200,,Medical/Surgical Inpatient Unit,35.0,Female,BSN,3.0 - 3.49,,,No,,Yes,03/19/2014,,Unsatisfactory performance,24133,Kennesaw State University,3.25
Emory University Hospital,	03/11/2013,	2677,,Oncology Inpatient Unit,35.0,Female,BSN,3.0 - 3.49,,,No,,No,,,,24135,Kennesaw State University,3.25
Emory University Hospital,	03/11/2013,	3839,,General Medical Inpatient Unit,23.0,Female,BSN,3.0 - 3.49,,,No,,No,,,,24136,Kennesaw State University,3.25
Emory University Hospital,	03/11/2013,	8061,,General Surgical Inpatient Unit,24.0,Female,BSN,3.5 And Above,,,No,,No,,,,24137,Kennesaw State University,3.75
Emory University Hospital,	03/11/2013,	9739,,Other (please specify),34.0,Female,Accelerated BSN,3.5 And Above,,,No,,No,,,,24138,Kennesaw State University,3.75
Emory University Hospital,	03/11/2013,	97652,,Oncology Inpatient Unit,25.0,Female,BSN,3.0 - 3.49,,,No,,No,,,,24139,Kennesaw State University,3.25
Emory University Hospital,	11/05/2012,	2825,,Perioperative OR,49.0,Female,BSN,3.0 - 3.49,,,No,,No,,,,24141,Kennesaw State University,3.25
Emory University Hospital,	11/05/2012,	5291,,Perioperative OR,26.0,Female,BSN,3.0 - 3.49,,,No,,No,,,,24142,Kennesaw State University,3.25
Emory Saint Joseph’s Hospital,	10/22/2012,	001250200,,Emergency Department,38.0,Female,Accelerated BSN,3.5 And Above,,,No,,No,,,,24143,Kennesaw State University,3.75
Emory Saint Joseph’s Hospital,	10/22/2012,	039918700,,Medical/Surgical Inpatient Unit,24.0,Female,BSN,3.0 - 3.49,,,No,,No,,,,24144,Kennesaw State University,3.25
Emory University Hospital,	06/14/2012,	4148,,Medical/Surgical ICU Inpatient Unit,23.0,Female,BSN,3.5 And Above,,,No,,No,,,,24146,Kennesaw State University,3.75
Emory University Hospital,	06/14/2012,	4503,,Medical/Surgical ICU Inpatient Unit,23.0,Female,BSN,3.0 - 3.49,,,No,,No,,,,24147,Kennesaw State University,3.25
Emory University Hospital,	06/14/2012,	6216,,Medical/Surgical Inpatient Unit,30.0,Female,BSN,3.0 - 3.49,,,No,,No,,,,24148,Kennesaw State University,3.25
Emory University Hospital,	06/14/2012,	7283,,General Surgical Inpatient Unit,44.0,Female,Accelerated BSN,3.5 And Above,,,No,,No,,,,24149,Kennesaw State University,3.75
Emory University Hospital,	06/10/2012,	9980,,Other (please specify),47.0,Male,BSN,3.0 - 3.49,,,No,,No,,,,24150,Kennesaw State University,3.25
Emory Saint Joseph’s Hospital,	03/26/2012,	167967500,,Medical/Surgical Inpatient Unit,31.0,Female,BSN,3.5 And Above,,,No,,Yes,03/01/2014,,Did not return from leave of absence,24151,Kennesaw State University,3.75
Emory University Hospital,	10/20/2011,	0900,,General Medical Inpatient Unit,22.0,Female,BSN,3.0 - 3.49,,,No,,No,,,,24152,Kennesaw State University,3.25
Emory University Hospital,	10/20/2011,	0970,,General Medical Inpatient Unit,42.0,Female,BSN,3.0 - 3.49,,,No,,No,,,,24153,Kennesaw State University,3.25
Emory University Hospital,	10/20/2011,	2058,,Oncology Inpatient Unit,37.0,Female,BSN,3.0 - 3.49,,,No,,No,,,,24154,Kennesaw State University,3.25
Emory University Hospital,	10/20/2011,	6348,,General Medical Inpatient Unit,25.0,Female,Accelerated BSN,3.5 And Above,,,No,,No,,,,24155,Kennesaw State University,3.75
Emory Saint Joseph’s Hospital,	08/15/2011,	24525,,Medical/Surgical Inpatient Unit,41.0,Female,BSN,3.5 And Above,,,No,,No,,,,24156,Kennesaw State University,3.75
Emory Saint Joseph’s Hospital,	06/06/2011,	24451,,Medical/Surgical Inpatient Unit,22.0,Female,BSN,3.0 - 3.49,,,No,,No,,,,24157,Kennesaw State University,3.25
Emory Saint Joseph’s Hospital,	03/14/2011,	24313,,Medical/Surgical Inpatient Unit,22.0,Female,BSN,3.5 And Above,,,No,,Yes,01/01/2014,,Unhappy with job/facility,24158,Kennesaw State University,3.75
Emory Saint Joseph’s Hospital,	03/29/2010,	4764,,Other (please specify),24.0,Male,Accelerated BSN,3.0 - 3.49,,,No,,No,,,,24159,Kennesaw State University,3.25
Emory Saint Joseph’s Hospital,	03/29/2010,	5107,,Other (please specify),24.0,Female,Accelerated BSN,3.5 And Above,,,No,,No,,,,24160,Kennesaw State University,3.75
Emory Saint Joseph’s Hospital,	03/29/2010,	7624,,Other (please specify),35.0,Female,BSN,3.0 - 3.49,,,No,,No,,,,24161,Kennesaw State University,3.25
Emory Saint Joseph’s Hospital,	03/29/2010,	79,,Other (please specify),47.0,Female,BSN,3.5 And Above,,,No,,No,,,,24162,Kennesaw State University,3.75
Emory Saint Joseph’s Hospital,	03/29/2010,	8237,,Other (please specify),39.0,Female,BSN,3.5 And Above,,,No,,No,,,,24163,Kennesaw State University,3.75
Emory Saint Joseph’s Hospital,	03/29/2010,	891,,Other (please specify),21.0,Female,BSN,3.5 And Above,,,No,,No,,,,24164,Kennesaw State University,3.75
Emory Saint Joseph’s Hospital,	08/16/2009,	7059,,Other (please specify),53.0,Female,BSN,3.5 And Above,,,No,,No,,,,24165,Kennesaw State University,3.75
Emory Saint Joseph’s Hospital,	03/30/2009,	2393,,Other (please specify),29.0,Female,BSN,3.0 - 3.49,,,No,,No,,,,24166,Kennesaw State University,3.25
Emory Saint Joseph’s Hospital,	03/30/2009,	5098,,Other (please specify),26.0,Female,BSN,3.5 And Above,,,No,,No,,,,24167,Kennesaw State University,3.75
Emory Saint Joseph’s Hospital,	03/30/2009,	7974,,Other (please specify),20.0,Female,BSN,3.5 And Above,,,No,,No,,,,24168,Kennesaw State University,3.75
Emory Saint Joseph’s Hospital,	03/30/2009,	9896,,Other (please specify),23.0,Female,BSN,3.0 - 3.49,,,No,,No,,,,24169,Kennesaw State University,3.25
Emory University Hospital,	11/12/2025,	0457937,11/10/2025,Neurology/Neurosurgical ICU Inpatient Unit,26.0,Female,Accelerated BSN,3.5 And Above,Full-time,,No,,No,,,,24295,Mercer University,3.75
Emory University Hospital,	11/12/2025,	0481250,10/20/2025,Cardiac/Heart/Vascular Critical Care,27.0,Female,Accelerated BSN,3.0 - 3.49,Full-time,,No,,No,,,,24296,Mercer University,3.25
Emory University Hospital,	11/12/2025,	0483849,11/10/2025,Medical ICU Inpatient Unit,25.0,Female,Accelerated BSN,3.0 - 3.49,Full-time,,No,,No,,,,24297,Mercer University,3.25
Emory Decatur Hospital,	11/11/2025,	2565737,10/20/2025,Telemetry Unit,24.0,Female,BSN,3.0 - 3.49,Full-time,,No,,No,,,,24298,Mercer University,3.25
Emory University Hospital,	08/20/2025,	2662042,08/18/2025,Emergency Department,24.0,Female,Accelerated BSN,3.5 And Above,Full-time,,No,,No,,,,24300,Mercer University,3.75
Emory University Hospital,	03/10/2025,	2004681,03/03/2025,Other (please specify),52.0,Male,Accelerated BSN,3.0 - 3.49,Full-time,,No,,No,,,,24303,Mercer University,3.25
Emory University Hospital,	08/22/2024,	2597501,05/13/2024,Oncology Inpatient Unit,26.0,Female,Accelerated BSN,3.5 And Above,Full-time,,No,,No,,,,24304,Mercer University,3.75
Emory University Hospital,	08/21/2024,	0472172,07/29/2024,Cardiac/Heart/Vascular Critical Care,23.0,Female,BSN,3.5 And Above,Full-time,,No,,No,,,,24305,Mercer University,3.75
Emory University Hospital,	04/24/2024,	0466293,01/08/2024,Neurology/Neurosurgical ICU Inpatient Unit,25.0,Female,BSN,3.0 - 3.49,Full-time,,No,,No,,,,24306,Mercer University,3.25
Emory University Hospital,	04/24/2024,	0468748,03/04/2024,Neurology/Neurosurgical ICU Inpatient Unit,29.0,Female,Accelerated BSN,3.5 And Above,Full-time,,No,,No,,,,24307,Mercer University,3.75
Emory Decatur Hospital,	03/26/2024,	2599965,04/01/2024,Medical/Surgical Intermediate Unit,28.0,Female,Accelerated BSN,3.0 - 3.49,Full-time,,No,,Yes,08/11/2025,1.3616438356164384,Unhappy with job/facility,24308,Mercer University,3.25
Emory Saint Joseph’s Hospital,	02/22/2024,	0468379,02/05/2024,Emergency Department,23.0,Female,BSN,3.5 And Above,Full-time,,No,,No,,,,24309,Mercer University,3.75
Emory University Hospital,	11/08/2023,	0465698,10/09/2023,Cardiac/Heart/Vascular Critical Care,25.0,Female,Accelerated BSN,3.0 - 3.49,Full-time,,No,,No,,,,24310,Mercer University,3.25
Emory University Hospital Midtown,	10/27/2023,	2502366,10/23/2023,Neurology/Neurosurgical ICU Inpatient Unit,22.0,Female,BSN,3.0 - 3.49,Full-time,,No,,No,,,,24311,Mercer University,3.25
Emory Saint Joseph’s Hospital,	10/20/2023,	2551102,11/06/2023,Perioperative OR,38.0,Female,Accelerated BSN,3.0 - 3.49,Full-time,,No,,Yes,07/17/2025,1.6958904109589041,Unhappy with job/facility,24312,Mercer University,3.25
Emory University Hospital,	08/16/2023,	1636247,07/24/2023,Cardiac/Heart/Vascular Critical Care,30.0,Male,Accelerated BSN,3.5 And Above,Full-time,,No,,No,,,,24313,Mercer University,3.75
Emory University Hospital,	08/16/2023,	2298064,07/24/2023,Neurology/Neurosurgical ICU Inpatient Unit,23.0,Female,Accelerated BSN,3.5 And Above,Full-time,,No,,No,,,,24314,Mercer University,3.75
Emory University Hospital,	08/16/2023,	2480039,07/24/2023,Cardiac/Heart/Vascular Critical Care,23.0,Female,BSN,3.5 And Above,Full-time,,No,,Yes,12/31/2024,1.441095890410959,Other/Unknown,24315,Mercer University,3.75
Emory Decatur Hospital,	08/15/2023,	2461723,08/07/2023,Mother/Baby Unit,25.0,Female,BSN,3.5 And Above,Full-time,,No,,No,,,,24316,Mercer University,3.75
Emory Johns Creek Hospital,	07/12/2021,	0446947,06/27/2021,Obstetrics/Labor & Delivery Inpatient Unit,22.0,Female,BSN,3.5 And Above,,,No,,Yes,05/26/2022,0.9123287671232877,Did not return from leave of absence,24317,Mercer University,3.75
Emory University Hospital Midtown,	08/11/2023,	0463650,06/12/2023,Emergency Department,25.0,Female,BSN,3.0 - 3.49,Full-time,,No,,Yes,07/25/2024,1.1205479452054794,Other/Unknown,24318,Mercer University,3.25
Emory University Hospital Midtown,	08/11/2023,	0464372,07/31/2023,Orthopedic Inpatient Unit,24.0,Female,BSN,3.0 - 3.49,Full-time,,No,,Yes,05/27/2025,1.8246575342465754,Other/Unknown,24319,Mercer University,3.25
Emory University Hospital Midtown,	08/11/2023,	0465120,08/14/2023,Emergency Department,22.0,Female,BSN,3.5 And Above,Full-time,,No,,No,,,,24320,Mercer University,3.75
The Emory Clinic,	08/07/2023,	2489790,07/17/2023,Oncology Inpatient Unit,38.0,Female,BSN,3.0 - 3.49,Full-time,,No,,No,,,,24321,Mercer University,3.25
Emory Saint Joseph’s Hospital,	07/21/2023,	0464238,07/17/2023,Oncology Inpatient Unit,22.0,Female,BSN,3.0 - 3.49,Full-time,,No,,Yes,07/27/2024,1.0301369863013699,Military,24322,Mercer University,3.25
Emory Long Term Acute Care,	07/21/2020,	0442083,07/13/2020,Medical/Surgical Intermediate Unit,23.0,Female,BSN,3.0 - 3.49,,,No,,Yes,04/24/2021,0.7808219178082192,Compensation/pay,24323,Mercer University,3.25
Emory Decatur Hospital,	03/28/2023,	0461780,03/20/2023,Emergency Department,37.0,Female,Accelerated BSN,3.0 - 3.49,Full-time,,No,,Yes,06/22/2024,1.2602739726027397,Other/Unknown,24324,Mercer University,3.25
Emory Decatur Hospital,	07/23/2019,	0366066,07/15/2019,Obstetrics/Labor & Delivery Inpatient Unit,35.0,Female,BSN,3.0 - 3.49,,,No,,Yes,05/10/2020,0.821917808219178,Obtained position with a more desirable work schedule,24325,Mercer University,3.25
Emory Decatur Hospital,	03/28/2023,	0462591,04/24/2023,Medical/Surgical Inpatient Unit,35.0,Male,Accelerated BSN,3.0 - 3.49,Full-time,,No,,No,,,,24326,Mercer University,3.25
Emory Decatur Hospital,	03/28/2023,	2428521,03/21/2023,Obstetrics/Labor & Delivery Inpatient Unit,23.0,Female,BSN,3.0 - 3.49,Full-time,,No,,No,,,,24327,Mercer University,3.25
Emory University Hospital,	03/13/2023,	0461582,03/06/2023,Oncology Inpatient Unit,38.0,Female,Accelerated BSN,3.5 And Above,Full-time,,No,,No,,,,24328,Mercer University,3.75
Emory University Hospital,	08/18/2021,	0447959,07/19/2021,Neurology/Neurosurgical ICU Inpatient Unit,27.0,Female,BSN,3.5 And Above,,,No,,Yes,09/25/2021,0.1863013698630137,Unsatisfactory performance,24329,Mercer University,3.75
Emory University Hospital,	08/18/2021,	0447963,07/19/2021,Medical ICU Inpatient Unit,25.0,Female,Accelerated BSN,3.5 And Above,,,No,,Yes,09/17/2021,0.1643835616438356,Unsatisfactory performance,24330,Mercer University,3.75
Emory University Hospital Midtown,	11/18/2022,	0459039,11/18/2022,Perioperative OR,25.0,Female,Accelerated BSN,3.0 - 3.49,Full-time,,No,,No,,,,24331,Mercer University,3.25
Emory University Hospital,	11/18/2022,	2013275,11/18/2022,Perioperative OR,29.0,Female,Accelerated BSN,3.5 And Above,Full-time,,No,,No,,,,24332,Mercer University,3.75
Emory University Hospital,	07/23/2018,	0425635,07/23/2018,Medical/Surgical Inpatient Unit,26.0,Female,BSN,3.0 - 3.49,,,No,,Yes,06/25/2019,0.9232876712328767,Other/Unknown,24333,Mercer University,3.25
Emory Saint Joseph’s Hospital,	10/17/2022,	0455969,10/17/2022,Cardiac/Heart/Vascular Critical Care,22.0,Female,BSN,3.5 And Above,Full-time,,No,,No,,,,24334,Mercer University,3.75
Emory Johns Creek Hospital,	10/17/2022,	0459449,10/17/2022,Emergency Department,40.0,Female,Accelerated BSN,3.5 And Above,Full-time,,No,,No,,,,24335,Mercer University,3.75
Emory Johns Creek Hospital,	10/17/2022,	0459450,10/17/2022,Mother/Baby Unit,25.0,Female,Accelerated BSN,3.5 And Above,,,No,,No,,,,24336,Mercer University,3.75
Emory Johns Creek Hospital,	10/17/2022,	2536814,10/17/2022,Emergency Department,40.0,Female,Accelerated BSN,3.5 And Above,Full-time,,No,,No,,,,24337,Mercer University,3.75
Emory University Hospital,	10/14/2022,	0455396,09/26/2022,Medical/Surgical Intermediate Unit,41.0,Male,Accelerated BSN,3.5 And Above,,,No,,No,,,,24338,Mercer University,3.75
Emory University Hospital,	10/14/2022,	0459038,10/31/2022,Neurology/Neurosurgical ICU Inpatient Unit,45.0,Female,Accelerated BSN,3.5 And Above,,,No,,No,,,,24339,Mercer University,3.75
Emory University Hospital,	10/14/2022,	2524985,10/31/2022,Neurology/Neurosurgical ICU Inpatient Unit,26.0,Female,Accelerated BSN,3.0 - 3.49,,,No,,No,,,,24340,Mercer University,3.25
Emory University Hospital,	08/17/2022,	0446770,07/11/2022,Neurology/Neurosurgical ICU Inpatient Unit,25.0,Female,BSN,3.5 And Above,,,No,,No,,,,24341,Mercer University,3.75
Emory University Hospital,	08/17/2022,	2523276,08/22/2022,Cardiac/Heart/Vascular Critical Care,24.0,Male,Accelerated BSN,3.0 - 3.49,,,No,,Yes,04/22/2025,2.6684931506849314,Other/Unknown,24342,Mercer University,3.25
Emory Saint Joseph’s Hospital,	07/18/2022,	0455857,07/11/2022,Emergency Department,25.0,Female,BSN,3.5 And Above,Full-time,,No,,No,,,,24343,Mercer University,3.75
Emory Saint Joseph’s Hospital,	07/18/2022,	0456043,07/18/2022,Cardiac/Heart/Vascular Critical Care,24.0,Male,BSN,3.0 - 3.49,Full-time,,No,,Yes,10/17/2024,2.252054794520548,Other/Unknown,24344,Mercer University,3.25
Emory Johns Creek Hospital,	07/18/2022,	0456299,07/18/2022,Medical ICU Inpatient Unit,23.0,Female,BSN,3.0 - 3.49,Full-time,,No,,No,,,,24345,Mercer University,3.25
Emory University Hospital Midtown,	04/01/2022,	0453218,03/28/2022,Mother/Baby Unit,29.0,Female,Accelerated BSN,3.5 And Above,,,No,,No,,,,24346,Mercer University,3.75
Emory University Hospital,	03/18/2022,	1769502,02/28/2022,General Surgical Inpatient Unit,26.0,Male,Accelerated BSN,3.0 - 3.49,,,No,,No,,,,24347,Mercer University,3.25
Emory University Orthopaedics & Spine Hospital ,	03/18/2022,	2481165,03/14/2022,Orthopedic Inpatient Unit,27.0,Female,Accelerated BSN,3.5 And Above,Full-time,,No,,No,,,,24348,Mercer University,3.75
Emory University Hospital,	02/21/2022,	2419098,02/21/2022,Perioperative OR,23.0,Female,BSN,3.0 - 3.49,,,No,,No,,,,24349,Mercer University,3.25
Emory University Hospital,	11/03/2021,	0449819,09/20/2021,Medical ICU Inpatient Unit,25.0,Male,Accelerated BSN,3.5 And Above,,,No,,No,,,,24350,Mercer University,3.75
Emory University Hospital,	11/03/2021,	2418737,09/20/2021,Cardiac/Heart/Vascular Critical Care,24.0,Female,BSN,3.5 And Above,,,No,,Yes,11/20/2022,1.167123287671233,Obtained position with a more desirable commute,24351,Mercer University,3.75
Emory University Hospital,	11/03/2021,	2479377,07/19/2021,Emergency Department,22.0,Male,BSN,3.5 And Above,Full-time,,No,,Yes,10/23/2022,1.263013698630137,Returning to school full-time,24352,Mercer University,3.75
Emory University Hospital Midtown,	10/29/2021,	0425403,11/07/2021,Orthopedic Inpatient Unit,29.0,Female,BSN,3.0 - 3.49,,,No,,No,,,,24353,Mercer University,3.25
Emory University Hospital Midtown,	10/29/2021,	0450030,10/18/2021,Obstetrics/Labor & Delivery Inpatient Unit,29.0,Female,Accelerated BSN,3.5 And Above,,,No,,Yes,12/09/2023,2.1424657534246574,Relocating out of area,24354,Mercer University,3.75
Emory University Hospital Midtown,	10/29/2021,	0450452,10/24/2021,Medical ICU Inpatient Unit,31.0,Female,Accelerated BSN,3.5 And Above,,,No,,Yes,12/14/2022,1.1397260273972603,Other/Unknown,24355,Mercer University,3.75
Emory University Hospital Midtown,	10/29/2021,	0450454,10/24/2021,Cardiac/Heart/Vascular Critical Care,28.0,Female,Accelerated BSN,3.5 And Above,,,No,,No,,,,24356,Mercer University,3.75
Emory University Hospital Midtown,	10/29/2021,	0450457,10/24/2021,Neurology/Neurosurgical ICU Inpatient Unit,24.0,Female,Accelerated BSN,3.5 And Above,,,No,,No,,,,24357,Mercer University,3.75
Emory Johns Creek Hospital,	10/18/2021,	0024631,10/18/2021,Obstetrics/Labor & Delivery Inpatient Unit,47.0,Female,BSN,3.5 And Above,Per Diem,,No,,No,,,,24358,Mercer University,3.75
Emory Johns Creek Hospital,	10/18/2021,	0450083,10/18/2021,Obstetrics/Labor & Delivery Inpatient Unit,27.0,Female,Accelerated BSN,3.5 And Above,,,No,,No,,,,24359,Mercer University,3.75
Emory Johns Creek Hospital,	10/18/2021,	0451062,10/18/2021,Emergency Department,27.0,Female,BSN,3.0 - 3.49,,,No,,Yes,10/16/2024,2.9972602739726026,Other/Unknown,24360,Mercer University,3.25
Emory Johns Creek Hospital,	10/18/2021,	2208471,10/18/2021,Emergency Department,24.0,Female,BSN,3.0 - 3.49,,,No,,Yes,01/02/2024,2.208219178082192,Travel Nurse,24361,Mercer University,3.25
Emory Saint Joseph’s Hospital,	10/18/2021,	2313836,10/18/2021,Medical/Surgical Intermediate Unit,28.0,Female,Accelerated BSN,3.0 - 3.49,Per Diem,,No,,No,,,,24362,Mercer University,3.25
Emory Saint Joseph’s Hospital,	10/18/2021,	2463702,10/18/2021,Medical/Surgical Intermediate Unit,26.0,Female,Accelerated BSN,3.5 And Above,Full-time,,No,,Yes,08/26/2024,2.8575342465753426,Other/Unknown,24363,Mercer University,3.75
Emory University Hospital,	09/27/2021,	0413019,10/04/2021,Medical/Surgical Inpatient Unit,34.0,Female,Accelerated BSN,3.0 - 3.49,,,No,,No,,,,24364,Mercer University,3.25
Emory University Hospital at Wesley Woods,	09/27/2021,	0450439,12/06/2021,Psychiatric Inpatient Unit,23.0,Female,Accelerated BSN,3.0 - 3.49,,,No,,Yes,04/07/2024,2.336986301369863,Other/Unknown,24365,Mercer University,3.25
Emory University Hospital Midtown,	09/27/2021,	0450668,10/11/2021,Perioperative OR,22.0,Female,BSN,3.0 - 3.49,,,No,,No,,,,24366,Mercer University,3.25
Emory University Orthopaedics & Spine Hospital ,	09/27/2021,	2425782,10/11/2021,Perioperative OR,28.0,Female,BSN,3.5 And Above,,,No,,Yes,01/03/2023,1.2301369863013698,Other/Unknown,24367,Mercer University,3.75
Emory University Hospital Midtown,	08/26/2021,	0448569,08/19/2021,Medical ICU Inpatient Unit,23.0,Female,BSN,3.5 And Above,,,No,,Yes,08/20/2023,2.0027397260273974,Obtained position representing a different job experience,24368,Mercer University,3.75
Emory University Hospital Midtown,	08/26/2021,	2023692,07/27/2021,Medical ICU Inpatient Unit,25.0,Female,BSN,3.0 - 3.49,,,No,,No,,,,24369,Mercer University,3.25
Emory University Hospital Midtown,	08/26/2021,	2423394,08/09/2021,Surgical ICU Inpatient Unit,24.0,Female,Accelerated BSN,3.0 - 3.49,,,No,,Yes,04/01/2024,2.6465753424657534,Other/Unknown,24370,Mercer University,3.25
Emory University Hospital Midtown,	08/26/2021,	2425397,07/26/2021,Perioperative OR,34.0,Female,Accelerated BSN,3.5 And Above,,,No,,No,,,,24371,Mercer University,3.75
Emory University Hospital Midtown,	08/26/2021,	2462890,08/09/2021,Medical ICU Inpatient Unit,37.0,Female,Accelerated BSN,3.5 And Above,,,No,,Yes,01/14/2023,1.4328767123287671,Returning to school full-time,24372,Mercer University,3.75
Emory University Hospital,	08/18/2021,	0443620,07/12/2021,Surgical ICU Inpatient Unit,23.0,Female,BSN,3.5 And Above,,,No,,Yes,03/30/2025,3.717808219178082,Other/Unknown,24373,Mercer University,3.75
Emory University Hospital,	08/18/2021,	0447982,07/19/2021,Cardiac/Heart/Vascular Critical Care,24.0,Female,Accelerated BSN,3.5 And Above,,,No,,Yes,11/19/2022,1.336986301369863,Obtained position with a more desirable work schedule,24374,Mercer University,3.75
Emory University Hospital Midtown,	08/13/2021,	0448116,07/26/2021,Mother/Baby Unit,22.0,Female,BSN,3.5 And Above,,,No,,Yes,11/18/2023,2.315068493150685,Obtained position with a more desirable commute,24375,Mercer University,3.75
Emory Decatur Hospital,	07/26/2021,	0441798,07/26/2021,Medical ICU Inpatient Unit,21.0,Female,BSN,3.5 And Above,,,No,,Yes,08/12/2022,1.0465753424657533,Other/Unknown,24376,Mercer University,3.75
Emory Saint Joseph’s Hospital,	07/18/2022,	2445719,07/18/2022,Ambulatory Setting,23.0,Female,BSN,3.0 - 3.49,Full-time,,No,,Yes,01/13/2023,0.4904109589041096,Unhappy with job/facility,24377,Mercer University,3.25
Emory Decatur Hospital,	07/26/2021,	0448102,07/26/2021,Medical ICU Inpatient Unit,25.0,Female,BSN,3.5 And Above,,,No,,Yes,12/30/2022,1.4301369863013698,Obtained position with a more desirable work schedule,24378,Mercer University,3.75
Emory Saint Joseph’s Hospital,	07/12/2021,	0441838,07/12/2021,Emergency Department,22.0,Female,BSN,3.5 And Above,Full-time,,No,,Yes,04/02/2025,3.7260273972602738,Relocating out of area,24379,Mercer University,3.75
Emory Saint Joseph’s Hospital,	07/12/2021,	0447807,07/12/2021,Cardiac/Heart/Vascular Critical Care,23.0,Female,BSN,3.5 And Above,,,No,,No,,,,24380,Mercer University,3.75
Emory University Hospital,	04/16/2021,	0445341,03/01/2021,Cardiac/Heart/Vascular Critical Care,24.0,Female,Accelerated BSN,3.0 - 3.49,,,No,,No,,,,24381,Mercer University,3.25
Emory University Hospital,	04/16/2021,	0445540,03/22/2021,Emergency Department,32.0,Female,Accelerated BSN,3.5 And Above,,,No,,Yes,02/11/2024,2.893150684931507,Did not return from leave of absence,24382,Mercer University,3.75
Emory University Hospital Midtown,	04/01/2021,	0445884,04/19/2021,General Surgical Inpatient Unit,25.0,Female,BSN,3.0 - 3.49,,,No,,Yes,01/22/2023,1.7616438356164383,Disability/Illness/Injury ,24383,Mercer University,3.25
Emory University Hospital Midtown,	04/01/2021,	2179403,02/01/2021,Cardiac/Heart/Vascular Critical Care,24.0,Female,Accelerated BSN,3.5 And Above,,,No,,Yes,09/11/2023,2.6082191780821917,Other/Unknown,24384,Mercer University,3.75
Emory University Orthopaedics & Spine Hospital ,	03/15/2021,	2028806,03/15/2021,Orthopedic Inpatient Unit,37.0,Female,BSN,3.5 And Above,,,No,,No,,,,24385,Mercer University,3.75
Emory University Hospital,	02/15/2021,	2426231,02/15/2021,Perioperative OR,23.0,Female,BSN,3.0 - 3.49,Full-time,,No,,Yes,03/29/2022,1.115068493150685,Obtained position representing a different job experience,24386,Mercer University,3.25
Emory University Hospital,	11/06/2020,	0442142,06/08/2020,Orthopedic Inpatient Unit,33.0,Female,BSN,3.0 - 3.49,,,No,,Yes,11/22/2021,1.4575342465753425,Other/Unknown,24387,Mercer University,3.25
Emory University Hospital,	11/06/2020,	0442997,09/28/2020,Neurology/Neurosurgical ICU Inpatient Unit,30.0,Female,BSN,3.5 And Above,Full-time,,No,,No,,,,24388,Mercer University,3.75
Emory University Hospital,	11/06/2020,	0443612,10/05/2020,Emergency Department,32.0,Female,BSN,3.0 - 3.49,,,No,,No,,,,24389,Mercer University,3.25
Emory University Hospital,	11/06/2020,	0443637,10/12/2020,Ambulatory Setting,30.0,Female,BSN,3.5 And Above,,,No,,Yes,01/08/2021,0.2410958904109589,Family obligations (family/friend caregiving responsibility),24390,Mercer University,3.75
Emory University Hospital Midtown,	10/30/2020,	0443308,10/26/2020,Orthopedic Inpatient Unit,26.0,Female,Accelerated BSN,3.5 And Above,,,No,,Yes,11/13/2021,1.0493150684931507,Travel Nurse,24391,Mercer University,3.75
Emory University Hospital Midtown,	10/30/2020,	0443309,10/26/2020,Orthopedic Inpatient Unit,26.0,Female,Accelerated BSN,3.5 And Above,,,No,,No,,,,24392,Mercer University,3.75
Emory University Hospital Midtown,	10/30/2020,	0443492,10/26/2020,Neurology/Neurosurgical ICU Inpatient Unit,25.0,Female,Accelerated BSN,3.5 And Above,,,No,,No,,,,24393,Mercer University,3.75
Emory University Hospital Midtown,	10/30/2020,	2318904,10/26/2020,Medical ICU Inpatient Unit,26.0,Female,Accelerated BSN,3.5 And Above,,,No,,No,,,,24394,Mercer University,3.75
Emory Decatur Hospital,	10/13/2020,	0443010,10/05/2020,Obstetrics/Labor & Delivery Inpatient Unit,26.0,Female,Accelerated BSN,3.0 - 3.49,,,No,,Yes,12/12/2022,2.186301369863014,Other/Unknown,24395,Mercer University,3.25
Emory Saint Joseph’s Hospital,	10/18/2021,	0450394,10/18/2021,Oncology Inpatient Unit,26.0,Female,BSN,3.0 - 3.49,Full-time,,No,,Yes,09/17/2022,0.915068493150685,Family obligations (family/friend caregiving responsibility),24396,Mercer University,3.25
Emory Saint Joseph’s Hospital,	10/18/2021,	0450399,10/18/2021,Oncology Inpatient Unit,24.0,Female,BSN,3.0 - 3.49,,,No,,Yes,09/04/2022,0.8794520547945206,Staffing or workload,24397,Mercer University,3.25
Emory Decatur Hospital,	10/13/2020,	2408920,10/05/2020,Obstetrics/Labor & Delivery Inpatient Unit,31.0,Female,Accelerated BSN,3.5 And Above,,,No,,No,,,,24398,Mercer University,3.75
Emory Saint Joseph’s Hospital,	10/12/2020,	0443081,10/12/2020,Medical/Surgical Inpatient Unit,36.0,Female,Accelerated BSN,3.0 - 3.49,,,No,,Yes,08/10/2022,1.8273972602739725,Relocating out of area,24399,Mercer University,3.25
Emory University Hospital,	09/18/2020,	2276389,09/14/2020,Neurology/Neurosurgical ICU Inpatient Unit,49.0,Female,BSN,3.0 - 3.49,Full-time,,No,,Yes,03/30/2023,2.5397260273972604,Other/Unknown,24400,Mercer University,3.25
Emory University Hospital,	08/06/2020,	0435167,07/27/2020,Surgical ICU Inpatient Unit,22.0,Female,BSN,3.5 And Above,,,No,,No,,,,24401,Mercer University,3.75
Emory University Hospital,	08/06/2020,	0442409,08/03/2020,Orthopedic Inpatient Unit,26.0,Female,BSN,3.0 - 3.49,,,No,,Yes,09/26/2022,2.147945205479452,Other/Unknown,24402,Mercer University,3.25
Emory University Hospital Midtown,	08/01/2020,	0435391,08/10/2020,Medical/Surgical Inpatient Unit,25.0,Female,BSN,3.0 - 3.49,,,No,,No,,,,24403,Mercer University,3.25
Emory University Hospital Midtown,	08/01/2020,	0439711,06/14/2020,Cardiac/Heart/Vascular Critical Care,30.0,Female,BSN,3.0 - 3.49,,,No,,Yes,12/26/2021,1.5342465753424657,Relocating out of area,24404,Mercer University,3.25
Emory University Hospital Midtown,	08/01/2020,	0441544,04/27/2020,Emergency Department,26.0,Female,BSN,3.0 - 3.49,,,No,,Yes,08/13/2022,2.2958904109589042,Staffing or workload,24405,Mercer University,3.25
Emory University Hospital Midtown,	08/01/2020,	0442438,08/10/2020,Mother/Baby Unit,23.0,Female,BSN,3.0 - 3.49,,,No,,No,,,,24406,Mercer University,3.25
Emory University Hospital Midtown,	08/01/2020,	0442647,08/10/2020,Cardiac/Heart/Vascular Critical Care,23.0,Female,BSN,3.5 And Above,,,No,,Yes,08/10/2022,2.0,Travel Nurse,24407,Mercer University,3.75
Emory University Hospital Midtown,	08/01/2020,	1682783,07/27/2020,Medical ICU Inpatient Unit,29.0,Female,BSN,3.5 And Above,,,No,,No,,,,24408,Mercer University,3.75
Emory University Hospital Midtown,	08/01/2020,	2319863,06/17/2020,Medical ICU Inpatient Unit,32.0,Female,MSN (CNL),3.5 And Above,,,No,,No,,,,24409,Mercer University,3.75
Emory University Hospital Midtown,	08/01/2020,	2362106,07/20/2020,Medical/Surgical ICU Inpatient Unit,28.0,Female,BSN,3.5 And Above,Full-time,,No,,No,,,,24410,Mercer University,3.75
Emory Saint Joseph’s Hospital,	07/13/2020,	0442496,07/13/2020,Orthopedic Inpatient Unit,23.0,Female,BSN,3.0 - 3.49,Per Diem,,No,,No,,,,24412,Mercer University,3.25
Emory University Hospital Midtown,	10/29/2021,	0450453,10/24/2021,Medical ICU Inpatient Unit,27.0,Female,Accelerated BSN,3.5 And Above,,,No,,Yes,10/01/2022,0.936986301369863,Other/Unknown,24413,Mercer University,3.75
Emory University Hospital Midtown,	04/01/2020,	2183458,02/24/2020,Emergency Department,22.0,Female,BSN,3.0 - 3.49,,,No,,No,,,,24414,Mercer University,3.25
Emory University Hospital Midtown,	10/31/2019,	0438077,10/28/2019,Perioperative OR,25.0,Female,BSN,3.0 - 3.49,,,No,,No,,,,24415,Mercer University,3.25
Emory University Hospital,	10/24/2019,	2046472,10/28/2019,Perioperative OR,23.0,Female,BSN,3.0 - 3.49,,,No,,No,,,,24416,Mercer University,3.25
Emory Hillandale Hospital,	10/22/2019,	0435730,10/14/2019,Emergency Department,23.0,Female,BSN,3.0 - 3.49,,,No,,Yes,05/17/2022,2.591780821917808,Other/Unknown,24417,Mercer University,3.25
Emory University Hospital,	08/01/2019,	0359422,07/22/2019,Neurology/Neurosurgical ICU Inpatient Unit,58.0,Female,BSN,3.0 - 3.49,,,No,,No,,,,24418,Mercer University,3.25
Emory University Hospital,	08/01/2019,	0377401,07/22/2019,Transplant Unit,46.0,Female,BSN,3.5 And Above,,,No,,No,,,,24419,Mercer University,3.75
Emory University Hospital,	08/01/2019,	0425423,07/22/2019,Emergency Department,24.0,Female,BSN,3.0 - 3.49,,,No,,Yes,06/05/2021,1.873972602739726,Relocating out of area,24420,Mercer University,3.25
Emory University Hospital,	08/01/2019,	0435927,07/22/2019,Cardiac/Heart/Vascular Critical Care,35.0,Male,BSN,3.0 - 3.49,,,No,,No,,,,24421,Mercer University,3.25
Emory University Hospital,	08/01/2019,	0435947,07/22/2019,Medical ICU Inpatient Unit,23.0,Female,BSN,3.5 And Above,Full-time,,No,,Yes,11/04/2021,2.2904109589041095,Other/Unknown,24422,Mercer University,3.75
Emory University Hospital,	08/01/2019,	0436158,07/22/2019,Neurology/Neurosurgical ICU Inpatient Unit,23.0,Female,BSN,3.5 And Above,,,No,,Yes,04/16/2021,1.736986301369863,Obtained position representing a different job experience,24423,Mercer University,3.75
Emory University Hospital,	08/01/2019,	1696108,07/22/2019,Neurology/Neurosurgical ICU Inpatient Unit,28.0,Female,BSN,3.5 And Above,,,No,,No,,,,24424,Mercer University,3.75
Emory University Hospital,	08/01/2019,	2022754,07/22/2019,General Surgical Inpatient Unit,24.0,Male,BSN,3.5 And Above,Full-time,,No,,Yes,06/05/2021,1.873972602739726,Obtained position representing a different job experience,24425,Mercer University,3.75
Emory University Hospital,	08/01/2019,	2131970,07/22/2019,Neurology/Neurosurgical ICU Inpatient Unit,23.0,Female,BSN,3.5 And Above,,,No,,Yes,10/16/2021,2.2383561643835614,Travel Nurse,24426,Mercer University,3.75
Emory University Hospital,	08/01/2019,	2270556,07/22/2019,Oncology Inpatient Unit,24.0,Female,BSN,3.0 - 3.49,,,No,,No,,,,24427,Mercer University,3.25
Emory University Hospital Midtown,	07/25/2019,	0436586,09/09/2019,Obstetrics/Labor & Delivery Inpatient Unit,23.0,Female,BSN,3.0 - 3.49,,,No,,No,,,,24428,Mercer University,3.25
Emory University Hospital Midtown,	07/25/2019,	0436606,07/29/2019,Perioperative OR,23.0,Female,BSN,3.5 And Above,Full-time,,No,,No,,,,24429,Mercer University,3.75
Emory University Hospital Midtown,	07/25/2019,	0436607,07/29/2019,Cardiac/Heart/Vascular Critical Care,24.0,Female,BSN,3.0 - 3.49,Full-time,,No,,Yes,01/02/2022,2.4328767123287673,Travel Nurse,24430,Mercer University,3.25
Emory Decatur Hospital,	07/23/2019,	0435898,07/15/2019,Emergency Department,39.0,Female,BSN,3.5 And Above,,,No,,Yes,04/01/2021,1.715068493150685,Unhappy with job/facility,24431,Mercer University,3.75
Emory Saint Joseph’s Hospital,	07/15/2019,	0424589,07/15/2019,Orthopedic Inpatient Unit,25.0,Female,BSN,3.0 - 3.49,Full-time,,No,,No,,,,24432,Mercer University,3.25
Emory Saint Joseph’s Hospital,	07/15/2019,	0424707,07/15/2019,Emergency Department,25.0,Female,BSN,3.0 - 3.49,Full-time,,No,,No,,,,24433,Mercer University,3.25
Emory Saint Joseph’s Hospital,	07/15/2019,	0435736,07/15/2019,Medical/Surgical Intermediate Unit,22.0,Female,BSN,3.5 And Above,Full-time,,No,,No,,,,24434,Mercer University,3.75
Emory Saint Joseph’s Hospital,	07/15/2019,	0435741,07/15/2019,Medical/Surgical Intermediate Unit,23.0,Female,BSN,3.0 - 3.49,Full-time,,No,,Yes,02/01/2022,2.5534246575342467,Returning to school full-time,24435,Mercer University,3.25
Emory Saint Joseph’s Hospital,	07/15/2019,	2030053,07/15/2019,Cardiac/Heart/Vascular Critical Care,24.0,Female,BSN,3.0 - 3.49,Full-time,,No,,Yes,12/28/2021,2.4575342465753423,Travel Nurse,24436,Mercer University,3.25
Emory University Hospital,	10/16/2018,	2243714,11/15/2018,Oncology Inpatient Unit,23.0,Female,BSN,3.0 - 3.49,,,No,,No,,,,24437,Mercer University,3.25
Emory Decatur Hospital,	11/14/2023,	2124154,11/13/2023,Medical/Surgical ICU Inpatient Unit,29.0,Female,Accelerated BSN,3.5 And Above,Full-time,,No,,Yes,10/03/2024,0.8904109589041096,Family obligations (family/friend caregiving responsibility),24438,Mercer University,3.75
Emory University Hospital,	07/30/2018,	0412588,,Cardiac/Heart/Vascular Critical Care,46.0,Female,BSN,3.0 - 3.49,,,No,,Yes,03/16/2021,,Relocating out of area,24439,Mercer University,3.25
Emory University Hospital,	07/30/2018,	0425312,07/30/2018,Oncology Inpatient Unit,30.0,Female,BSN,3.0 - 3.49,Full-time,,No,,No,,,,24440,Mercer University,3.25
Emory University Hospital,	07/30/2018,	0425371,,Medical ICU Inpatient Unit,22.0,Female,BSN,3.0 - 3.49,,,No,,No,,,,24441,Mercer University,3.25
Emory University Hospital,	07/30/2018,	0425382,07/30/2018,General Surgical Inpatient Unit,24.0,Female,BSN,3.0 - 3.49,,,No,,No,,,,24442,Mercer University,3.25
Emory University Hospital,	07/30/2018,	2072998,,Medical/Surgical ICU Inpatient Unit,26.0,Female,BSN,3.0 - 3.49,,,No,,No,,,,24443,Mercer University,3.25
Emory University Hospital,	07/30/2018,	2236566,,General Medical Inpatient Unit,26.0,Female,BSN,3.0 - 3.49,,,No,,Yes,09/05/2018,,Relocating out of area,24444,Mercer University,3.25
Emory University Hospital,	07/30/2018,	2268286,07/30/2018,Surgical ICU Inpatient Unit,22.0,Female,BSN,3.5 And Above,Full-time,,No,,Yes,09/08/2019,1.1095890410958904,Returning to school full-time,24445,Mercer University,3.75
Emory University Hospital,	07/23/2018,	0425477,,Obstetrics/Labor & Delivery Inpatient Unit,22.0,Female,BSN,3.5 And Above,,,No,,No,,,,24446,Mercer University,3.75
Emory University Hospital,	07/23/2018,	0425636,07/23/2018,Orthopedic Inpatient Unit,21.0,Female,BSN,3.5 And Above,,,No,,No,,,,24447,Mercer University,3.75
Emory University Hospital,	07/23/2018,	2067910,07/23/2018,Neonatal ICU Inpatient Unit,23.0,Female,BSN,3.5 And Above,Full-time,,No,,No,,,,24448,Mercer University,3.75
Emory Saint Joseph’s Hospital,	07/16/2018,	062867,07/16/2018,General Medical Inpatient Unit,23.0,Female,BSN,3.0 - 3.49,,,No,,Yes,05/28/2021,2.8684931506849316,Obtained position representing a different job experience,24449,Mercer University,3.25
Emory Saint Joseph’s Hospital,	07/16/2018,	423788,,General Medical Inpatient Unit,28.0,Female,BSN,3.5 And Above,,,No,,No,,,,24450,Mercer University,3.75
Emory Saint Joseph’s Hospital,	07/16/2018,	574324,,Medical/Surgical Intermediate Unit,27.0,Female,BSN,3.0 - 3.49,,,No,,No,,,,24451,Mercer University,3.25
Emory Saint Joseph’s Hospital,	07/16/2018,	642225,,Emergency Department,37.0,Female,BSN,3.5 And Above,,,No,,No,,,,24452,Mercer University,3.75
Emory Saint Joseph’s Hospital,	07/16/2018,	702702,,Medical/Surgical Inpatient Unit,40.0,Female,BSN,3.0 - 3.49,,,No,,Yes,01/24/2019,,Unsatisfactory performance,24453,Mercer University,3.25
Emory Saint Joseph’s Hospital,	07/16/2018,	728297,,Emergency Department,23.0,Female,BSN,3.0 - 3.49,,,Yes,Pregnancy,No,,,,24454,Mercer University,3.25
Emory Saint Joseph’s Hospital,	07/16/2018,	769661,,Orthopedic Inpatient Unit,25.0,Male,BSN,3.0 - 3.49,,,No,,No,,,,24455,Mercer University,3.25
Emory Saint Joseph’s Hospital,	07/16/2018,	891781,,Medical/Surgical Inpatient Unit,28.0,Female,BSN,3.0 - 3.49,,,No,,Yes,07/01/2020,,Obtained position with a more desirable work schedule,24456,Mercer University,3.25
Emory University Hospital,	07/18/2017,	0419661,,Oncology Inpatient Unit,27.0,Female,BSN,3.0 - 3.49,,,No,,No,,,,24457,Mercer University,3.25
Emory University Hospital,	07/18/2017,	0419752,,Cardiac/Heart/Vascular Critical Care,23.0,Female,BSN,3.0 - 3.49,,,No,,Yes,07/13/2019,,Obtained position representing a different job experience,24458,Mercer University,3.25
Emory University Hospital,	07/18/2017,	0419838,,Emergency Department,25.0,Female,BSN,3.0 - 3.49,,,No,,Yes,08/03/2019,,Other/Unknown,24459,Mercer University,3.25
Emory University Hospital,	02/25/2017,	902027,,General Medical Inpatient Unit,38.0,Male,BSN,3.0 - 3.49,,,No,,No,,,,24460,Mercer University,3.25
Emory University Hospital,	10/13/2016,	040991400,,Medical/Surgical Inpatient Unit,24.0,Female,BSN,3.0 - 3.49,,,No,,No,,,,24461,Mercer University,3.25
Emory University Hospital,	10/13/2016,	201154400,,Surgical ICU Inpatient Unit,29.0,Female,BSN,3.0 - 3.49,,,No,,Yes,02/28/2017,,Family obligations (family/friend caregiving responsibility),24462,Mercer University,3.25
Emory University Hospital,	10/12/2016,	2105508,,Emergency Department,23.0,Female,BSN,3.0 - 3.49,,,No,,Yes,12/01/2017,,Obtained position representing a different job experience,24463,Mercer University,3.25
Emory University Hospital,	10/10/2016,	040987700,,Obstetrics/Labor & Delivery Inpatient Unit,42.0,Female,BSN,3.0 - 3.49,,,No,,No,,,,24464,Mercer University,3.25
Emory University Hospital,	10/10/2016,	688854,,Other (please specify),36.0,Male,BSN,3.0 - 3.49,,,No,,No,,,,24465,Mercer University,3.25
Emory University Hospital,	04/22/2016,	0257806,,Medical/Surgical ICU Inpatient Unit,27.0,Female,BSN,3.0 - 3.49,,,No,,No,,,,24466,Mercer University,3.25
Emory Saint Joseph’s Hospital,	07/13/2015,	092021,,Medical/Surgical ICU Inpatient Unit,23.0,Female,BSN,3.5 And Above,,,No,,No,,,,24467,Mercer University,3.75
Emory Saint Joseph’s Hospital,	07/13/2015,	741692,,Emergency Department,23.0,Male,BSN,3.5 And Above,,,No,,No,,,,24468,Mercer University,3.75
Emory University Hospital,	02/16/2015,	0408120,,General Medical Inpatient Unit,26.0,Female,BSN,3.0 - 3.49,,,No,,No,,,,24470,Mercer University,3.25
Emory University Hospital,	08/25/2014,	0401574,,General Medical Inpatient Unit,28.0,Female,BSN,3.0 - 3.49,,,No,,No,,,,24472,Mercer University,3.25
Emory University Hospital,	08/25/2014,	1567366,,General Medical Inpatient Unit,23.0,Female,BSN,3.5 And Above,,,No,,No,,,,24473,Mercer University,3.75
Emory Saint Joseph’s Hospital,	07/14/2014,	143257700,,Medical/Surgical Inpatient Unit,24.0,Female,BSN,3.0 - 3.49,,,No,,No,,,,24474,Mercer University,3.25
Emory University Hospital,	03/17/2014,	743669,,Emergency Department,29.0,Female,BSN,3.0 - 3.49,,,No,,No,,,,24475,Mercer University,3.25
Emory University Hospital,	03/10/2014,	0404324,,Medical/Surgical ICU Inpatient Unit,24.0,Female,BSN,3.5 And Above,,,No,,No,,,,24476,Mercer University,3.75
Emory Saint Joseph’s Hospital,	10/07/2013,	040306700,,General Medical Inpatient Unit,23.0,Female,BSN,3.0 - 3.49,,,No,,Yes,10/30/2015,,Unhappy with job/facility,24477,Mercer University,3.25
Emory University Hospital,	09/16/2013,	040285400,,Perioperative OR,29.0,Female,BSN,3.5 And Above,,,No,,No,,,,24478,Mercer University,3.75
Emory University Hospital,	08/26/2013,	2385,,Medical/Surgical ICU Inpatient Unit,49.0,Female,BSN,3.0 - 3.49,,,No,,No,,,,24479,Mercer University,3.25
Emory University Hospital,	08/19/2013,	4846,,General Surgical Inpatient Unit,25.0,Female,BSN,3.0 - 3.49,,,No,,No,,,,24480,Mercer University,3.25
Emory University Hospital,	08/19/2013,	8757,,General Medical Inpatient Unit,23.0,Female,BSN,3.5 And Above,,,No,,No,,,,24481,Mercer University,3.75
Emory University Hospital,	08/19/2013,	988946,,General Medical Inpatient Unit,26.0,Female,BSN,3.0 - 3.49,,,No,,No,,,,24482,Mercer University,3.25
Emory University Hospital,	08/05/2013,	8007,,Emergency Department,52.0,Male,BSN,3.0 - 3.49,,,No,,No,,,,24483,Mercer University,3.25
Emory University Hospital,	10/20/2011,	0836,,Perioperative OR,29.0,Female,BSN,3.0 - 3.49,,,No,,No,,,,24484,Mercer University,3.25
Emory University Hospital,	10/20/2011,	0939,,Oncology Inpatient Unit,39.0,Female,BSN,3.5 And Above,,,No,,Yes,07/01/2012,,Unhappy with job/facility,24485,Mercer University,3.75
Emory University Hospital,	10/20/2011,	4072,,Perioperative OR,25.0,Female,BSN,3.0 - 3.49,,,No,,Yes,10/01/2012,,Unhappy with job/facility,24486,Mercer University,3.25
Emory University Hospital,	10/20/2011,	6601,,Emergency Department,37.0,Female,BSN,3.0 - 3.49,,,No,,No,,,,24487,Mercer University,3.25
Emory Saint Joseph’s Hospital,	06/06/2011,	24437,,Medical/Surgical Inpatient Unit,24.0,Female,BSN,3.0 - 3.49,,,No,,No,,,,24488,Mercer University,3.25
Emory Saint Joseph’s Hospital,	03/14/2011,	24315,,Medical/Surgical Inpatient Unit,25.0,Female,BSN,3.5 And Above,,,No,,Yes,01/01/2014,,Unhappy with job/facility,24489,Mercer University,3.75
Emory Saint Joseph’s Hospital,	03/14/2011,	24326,,Medical/Surgical Inpatient Unit,30.0,Female,BSN,3.0 - 3.49,,,No,,Yes,10/21/2011,,Relocating out of area,24490,Mercer University,3.25
Emory Saint Joseph’s Hospital,	03/29/2010,	1829,,Other (please specify),41.0,Female,BSN,3.0 - 3.49,,,No,,Yes,05/04/2010,,Unsatisfactory performance,24491,Mercer University,3.25
Emory Saint Joseph’s Hospital,	10/02/2024,	0473369,08/26/2024,Medical/Surgical Intermediate Unit,30.0,Female,Accelerated BSN,3.5 And Above,Full-time,,No,,No,,,,24503,Mercer University,3.75
Emory Saint Joseph’s Hospital,	10/02/2024,	0474502,10/21/2024,Emergency Department,28.0,Female,Accelerated BSN,3.5 And Above,Full-time,,No,,No,,,,24504,Mercer University,3.75
Emory Saint Joseph’s Hospital,	10/02/2024,	2603256,10/14/2024,Telemetry Unit,30.0,Female,Accelerated BSN,3.5 And Above,Full-time,,No,,No,,,,24505,Mercer University,3.75
Emory Saint Joseph’s Hospital,	07/12/2024,	2540205,07/15/2024,Medical/Surgical ICU Inpatient Unit,24.0,Female,BSN,3.0 - 3.49,Full-time,,No,,No,,,,24506,Mercer University,3.25
Emory Saint Joseph’s Hospital,	07/12/2024,	2540940,06/24/2024,Medical/Surgical Inpatient Unit,32.0,Female,BSN,3.5 And Above,Full-time,,No,,Yes,11/26/2024,0.4246575342465753,Unhappy with job/facility,24507,Mercer University,3.75
Emory Decatur Hospital,	11/12/2024,	0472579,11/04/2024,Medical/Surgical Intermediate Unit,50.0,Female,BSN,3.5 And Above,Full-time,,No,,No,,,,24509,Mercer University,3.75
Emory University Hospital,	10/28/2024,	0474034,10/21/2024,Oncology Inpatient Unit,27.0,Female,Accelerated BSN,3.5 And Above,Full-time,,No,,No,,,,24510,Mercer University,3.75
Emory University Hospital,	08/21/2024,	0472281,07/29/2024,Emergency Department,40.0,Female,BSN,3.0 - 3.49,Full-time,,No,,No,,,,24511,Mercer University,3.25
Emory University Hospital,	08/21/2024,	2485334,07/29/2024,Neurology/Neurosurgical ICU Inpatient Unit,23.0,Female,BSN,3.0 - 3.49,Full-time,,No,,No,,,,24512,Mercer University,3.25
Emory University Hospital Midtown,	08/09/2024,	2500170,07/22/2024,Perioperative OR,20.0,Female,BSN,3.0 - 3.49,Full-time,,No,,No,,,,24513,Mercer University,3.25
Emory University Hospital,	08/05/2024,	0452987,07/30/2024,Telemetry Unit,26.0,Female,BSN,3.0 - 3.49,Full-time,,No,,No,,,,24514,Mercer University,3.25
Emory University Hospital,	08/21/2024,	2023168,07/29/2024,Cardiac/Heart/Vascular Critical Care,27.0,Female,Accelerated BSN,3.0 - 3.49,Full-time,,No,,Yes,05/10/2025,0.7808219178082192,Obtained position representing a different job experience,24515,Mercer University,3.25
Emory University Hospital Midtown,	10/25/2024,	0474889,11/11/2024,Medical/Surgical Inpatient Unit,44.0,Female,Accelerated BSN,3.5 And Above,Full-time,,No,,Yes,02/21/2025,0.27945205479452057,Obtained position with a more desirable work schedule,24516,Mercer University,3.75
Emory University Hospital Midtown,	08/11/2023,	0464386,07/31/2023,Neonatal ICU Inpatient Unit,23.0,Female,BSN,3.5 And Above,Full-time,,No,,Yes,07/26/2024,0.989041095890411,Other/Unknown,24775,Reinhardt University,3.75
Emory Johns Creek Hospital,	02/21/2022,	0446267,01/10/2022,Medical/Surgical ICU Inpatient Unit,26.0,Female,BSN,3.5 And Above,Full-time,,No,,No,,,,24776,Reinhardt University,3.75
Emory Saint Joseph’s Hospital,	02/15/2021,	0445133,02/15/2021,General Medical Inpatient Unit,40.0,Female,BSN,3.0 - 3.49,Full-time,,No,,No,,,,24777,Reinhardt University,3.25
Emory Decatur Hospital,	07/21/2020,	0442094,07/13/2020,Medical/Surgical Intermediate Unit,23.0,Female,BSN,3.5 And Above,,,No,,Yes,11/29/2022,2.3808219178082193,Obtained position with a more desirable commute,24778,Reinhardt University,3.75
Emory University Hospital,	05/01/2020,	0440123,03/09/2020,Medical ICU Inpatient Unit,22.0,Female,BSN,3.5 And Above,,,No,,Yes,02/20/2023,2.9534246575342467,Other/Unknown,24779,Reinhardt University,3.75
Emory Decatur Hospital,	11/12/2024,	0474840,11/04/2024,Medical/Surgical Intermediate Unit,41.0,Female,ADN/ASN,3.0 - 3.49,Full-time,,No,,No,,,,24883,South College Atlanta,3.25
Emory University Hospital Midtown,	10/25/2024,	0474492,10/14/2024,Neonatal ICU Inpatient Unit,24.0,Female,Accelerated BSN,3.5 And Above,Full-time,,No,,No,,,,24884,South College Atlanta,3.75
Emory University Hospital Midtown,	08/09/2024,	0447185,06/17/2024,General Medical Inpatient Unit,31.0,Female,Accelerated BSN,3.0 - 3.49,Full-time,,No,,No,,,,24885,South College Atlanta,3.25
Emory University Hospital,	02/24/2017,	149696,,General Surgical Inpatient Unit,24.0,Female,BSN,3.5 And Above,,,No,,No,,,,25023,University Of West Georgia,3.75
Emory Saint Joseph’s Hospital,	07/21/2023,	1633753,07/17/2023,Perioperative OR,31.0,Female,Masters,3.0 - 3.49,Full-time,,No,,No,,,,25121,University Of Cincinnati,3.25
Emory University Hospital Midtown,	08/25/2022,	0455960,07/18/2022,Other (please specify),22.0,Female,BSN,3.5 And Above,Full-time,,No,,No,,,,25122,University Of Cincinnati,3.75
Emory Saint Joseph’s Hospital,	10/02/2025,	0478661,09/02/2025,Oncology Inpatient Unit,24.0,Female,BSN,3.0 - 3.49,Full-time,,No,,No,,,,25285,University Of North Georgia,3.25
Emory Johns Creek Hospital,	10/02/2025,	0480965,09/29/2025,Medical/Surgical Inpatient Unit,23.0,Male,BSN,3.5 And Above,Full-time,,No,,No,,,,25286,University Of North Georgia,3.75
Emory University Hospital,	08/28/2025,	0479703,08/18/2025,Transplant Unit,22.0,Male,BSN,3.5 And Above,Full-time,,No,,No,,,,15519,University Of North Georgia,3.75
Emory Saint Joseph’s Hospital,	07/10/2025,	0478694,07/14/2025,Medical/Surgical Inpatient Unit,22.0,Female,BSN,3.0 - 3.49,Full-time,,No,,No,,,,25289,University Of North Georgia,3.25
Emory Decatur Hospital,	02/17/2025,	0476495,02/17/2025,Perioperative OR,23.0,Female,BSN,3.0 - 3.49,Full-time,,No,,Yes,08/08/2025,0.4712328767123288,Unhappy with job/facility,25292,University Of North Georgia,3.25
Emory Johns Creek Hospital,	02/21/2022,	0452888,02/21/2022,Emergency Department,23.0,Female,BSN,3.0 - 3.49,,,No,,Yes,09/17/2022,0.5698630136986301,Family obligations (family/friend caregiving responsibility),25294,University Of North Georgia,3.25
Emory Decatur Hospital,	10/28/2024,	0474907,11/04/2024,Oncology Inpatient Unit,25.0,Female,BSN,3.0 - 3.49,Full-time,,No,,No,,,,25295,University Of North Georgia,3.25
Emory Hillandale Hospital,	08/22/2024,	0472739,08/12/2024,Emergency Department,25.0,Male,Accelerated BSN,3.0 - 3.49,Full-time,,No,,No,,,,25296,University Of North Georgia,3.25
Emory University Hospital Midtown,	08/22/2024,	0473361,08/19/2024,Oncology Inpatient Unit,26.0,Female,BSN,3.5 And Above,Full-time,,No,,No,,,,25297,University Of North Georgia,3.75
Emory University Hospital,	08/21/2024,	0470430,07/22/2024,Cardiac/Heart/Vascular Critical Care,40.0,Male,BSN,3.5 And Above,Full-time,,No,,No,,,,25298,University Of North Georgia,3.75
Emory Saint Joseph’s Hospital,	07/12/2024,	0471625,06/24/2024,Emergency Department,41.0,Female,BSN,3.5 And Above,Full-time,,No,,No,,,,25299,University Of North Georgia,3.75
Emory University Hospital,	08/16/2023,	0464302,07/24/2023,Medical ICU Inpatient Unit,22.0,Female,BSN,3.5 And Above,Full-time,,No,,Yes,03/19/2025,1.6547945205479453,Other/Unknown,25300,University Of North Georgia,3.75
Emory University Hospital,	08/16/2023,	0464316,07/24/2023,Cardiac/Heart/Vascular Critical Care,24.0,Female,BSN,3.5 And Above,Full-time,,No,,Yes,12/29/2024,1.4356164383561645,Other/Unknown,25301,University Of North Georgia,3.75
Emory Saint Joseph’s Hospital,	07/12/2021,	0447797,07/12/2021,Orthopedic Inpatient Unit,22.0,Female,BSN,3.5 And Above,Full-time,,No,,Yes,09/17/2021,0.18356164383561643,Relocating out of area,25302,University Of North Georgia,3.75
Emory Johns Creek Hospital,	07/21/2023,	2504428,07/09/2023,Medical ICU Inpatient Unit,41.0,Male,BSN,3.5 And Above,Full-time,,No,,No,,,,25303,University Of North Georgia,3.75
Emory University Hospital Midtown,	04/07/2023,	0460949,03/27/2023,Mother/Baby Unit,23.0,Female,BSN,3.5 And Above,Full-time,,No,,No,,,,25304,University Of North Georgia,3.75
Emory Decatur Hospital,	03/28/2023,	0461775,03/20/2023,Obstetrics/Labor & Delivery Inpatient Unit,30.0,Female,BSN,3.5 And Above,Full-time,,No,,No,,,,25305,University Of North Georgia,3.75
Emory Johns Creek Hospital,	02/24/2023,	0460949,02/20/2023,Obstetrics/Labor & Delivery Inpatient Unit,23.0,Female,BSN,3.5 And Above,Full-time,,No,,No,,,,25306,University Of North Georgia,3.75
Emory Johns Creek Hospital,	02/24/2023,	0462141,03/27/2023,Medical/Surgical Inpatient Unit,27.0,Female,BSN,3.5 And Above,Full-time,,No,,No,,,,25307,University Of North Georgia,3.75
Emory Johns Creek Hospital,	02/24/2023,	0462197,04/17/2023,Obstetrics/Labor & Delivery Inpatient Unit,26.0,Female,BSN,3.0 - 3.49,Full-time,,No,,No,,,,25308,University Of North Georgia,3.25
Emory Decatur Hospital,	10/11/2022,	0459403,11/07/2022,Mother/Baby Unit,24.0,Female,BSN,3.0 - 3.49,,,No,,No,,,,25309,University Of North Georgia,3.25
Emory University Hospital Midtown,	07/25/2019,	0436512,07/29/2019,General Medical Inpatient Unit,31.0,Other,BSN,3.5 And Above,,,No,,Yes,04/03/2020,0.6821917808219178,Family obligations (family/friend caregiving responsibility),25310,University Of North Georgia,3.75
Emory Saint Joseph’s Hospital,	07/18/2022,	0456038,07/18/2022,Cardiac/Heart/Vascular Critical Care,21.0,Female,BSN,3.5 And Above,Full-time,,No,,Yes,03/25/2024,1.6876712328767123,Returning to school full-time,25311,University Of North Georgia,3.75
Emory University Hospital,	04/27/2022,	0452859,03/28/2022,Cardiac/Heart/Vascular Critical Care,23.0,Female,BSN,3.5 And Above,,,No,,No,,,,25312,University Of North Georgia,3.75
Emory Decatur Hospital,	08/20/2024,	0472576,08/12/2024,Medical/Surgical Intermediate Unit,24.0,Female,Accelerated BSN,3.0 - 3.49,Full-time,,No,,Yes,11/24/2024,0.28493150684931506,Unhappy with job/facility,25313,University Of North Georgia,3.25
Emory University Hospital,	08/26/2021,	0448219,07/26/2021,Perioperative OR,23.0,Female,BSN,3.5 And Above,,,No,,Yes,07/26/2023,2.0,Relocating out of area,25314,University Of North Georgia,3.75
Emory Johns Creek Hospital,	07/12/2021,	0447686,07/12/2021,Emergency Department,23.0,Female,BSN,3.5 And Above,Full-time,,No,,No,,,,25315,University Of North Georgia,3.75
Emory Johns Creek Hospital,	07/12/2021,	0447722,07/12/2021,Medical/Surgical ICU Inpatient Unit,22.0,Female,BSN,3.5 And Above,Full-time,,No,,No,,,,25316,University Of North Georgia,3.75
Emory University Hospital,	04/16/2021,	0445344,03/22/2021,Medical/Surgical Intermediate Unit,23.0,Male,BSN,3.0 - 3.49,,,No,,No,,,,25317,University Of North Georgia,3.25
Emory University Hospital,	04/16/2021,	0445506,03/22/2021,Other (please specify),23.0,Female,BSN,3.5 And Above,,,No,,Yes,12/02/2023,2.6986301369863015,Other/Unknown,25318,University Of North Georgia,3.75
Emory University Hospital,	04/16/2021,	0445546,03/22/2021,Neurology/Neurosurgical ICU Inpatient Unit,24.0,Male,BSN,3.5 And Above,,,No,,No,,,,25319,University Of North Georgia,3.75
Emory University Hospital,	04/16/2021,	0445598,03/22/2021,Neurology/Neurosurgical ICU Inpatient Unit,24.0,Male,BSN,3.5 And Above,,,No,,Yes,06/18/2023,2.241095890410959,Other/Unknown,25320,University Of North Georgia,3.75
Emory Johns Creek Hospital,	02/15/2021,	0441733,01/24/2021,Medical/Surgical ICU Inpatient Unit,29.0,Female,BSN,3.5 And Above,,,No,,Yes,03/06/2022,1.1123287671232878,Other/Unknown,25321,University Of North Georgia,3.75
Emory Johns Creek Hospital,	02/15/2021,	0445203,02/15/2021,Obstetrics/Labor & Delivery Inpatient Unit,22.0,Female,BSN,3.5 And Above,Full-time,,No,,Yes,03/06/2025,4.054794520547945,Obtained position representing a different job experience,25322,University Of North Georgia,3.75
Emory University Hospital,	08/06/2020,	0442606,07/27/2020,Cardiac/Heart/Vascular Critical Care,22.0,Female,BSN,3.5 And Above,Full-time,,No,,Yes,02/19/2022,1.5671232876712329,Relocating out of area,25323,University Of North Georgia,3.75
Emory University Hospital,	08/06/2020,	1968809,07/27/2020,Medical ICU Inpatient Unit,26.0,Male,BSN,3.5 And Above,Full-time,,No,,No,,,,25324,University Of North Georgia,3.75
Emory University Hospital Midtown,	08/01/2020,	0442443,08/10/2020,Orthopedic Inpatient Unit,22.0,Female,BSN,3.5 And Above,Full-time,,No,,No,,,,25325,University Of North Georgia,3.75
Emory Decatur Hospital,	07/21/2020,	0442243,07/13/2020,Orthopedic Inpatient Unit,23.0,Female,BSN,3.0 - 3.49,,,No,,No,,,,25326,University Of North Georgia,3.25
Emory Saint Joseph’s Hospital,	07/13/2020,	0442398,08/03/2020,Perioperative OR,22.0,Female,BSN,3.5 And Above,,,No,,Yes,08/04/2022,2.0027397260273974,Other/Unknown,25328,University Of North Georgia,3.75
Emory Saint Joseph’s Hospital,	07/13/2020,	0442512,07/27/2020,General Medical Inpatient Unit,25.0,Female,BSN,3.0 - 3.49,Full-time,,No,,No,,,,25329,University Of North Georgia,3.25
Emory University Hospital,	05/01/2020,	0440339,03/02/2020,Oncology Inpatient Unit,22.0,Female,BSN,3.5 And Above,Full-time,,No,,No,,,,25330,University Of North Georgia,3.75
Emory University Hospital Midtown,	04/01/2020,	0440661,03/30/2020,Obstetrics/Labor & Delivery Inpatient Unit,21.0,Female,BSN,3.5 And Above,,,No,,Yes,05/27/2021,1.158904109589041,Obtained position with a more desirable commute,25331,University Of North Georgia,3.75
Emory University Hospital,	10/14/2022,	0458203,09/17/2022,Cardiac/Heart/Vascular Critical Care,26.0,Female,Accelerated BSN,3.5 And Above,,,No,,Yes,09/16/2023,0.9972602739726028,Other/Unknown,25332,University Of North Georgia,3.75
Emory Saint Joseph’s Hospital,	10/14/2019,	0438325,10/14/2019,Medical/Surgical Inpatient Unit,25.0,Female,BSN,3.5 And Above,Full-time,,No,,Yes,01/05/2021,1.2301369863013698,Other/Unknown,25333,University Of North Georgia,3.75
Emory University Hospital,	08/01/2019,	0435932,07/22/2019,Neurology/Neurosurgical ICU Inpatient Unit,22.0,Female,BSN,3.5 And Above,,,No,,Yes,07/31/2021,2.0273972602739727,Relocating out of area,25334,University Of North Georgia,3.75
Emory University Hospital,	08/01/2019,	0435942,07/22/2019,Medical ICU Inpatient Unit,22.0,Male,BSN,3.0 - 3.49,,,No,,No,,,,25335,University Of North Georgia,3.25
Emory University Hospital,	08/01/2019,	0435961,07/22/2019,Emergency Department,24.0,Female,BSN,3.5 And Above,,,No,,Yes,02/19/2022,2.5835616438356164,Compensation/pay,25336,University Of North Georgia,3.75
Emory University Hospital,	08/01/2019,	0435978,07/22/2019,General Medical Inpatient Unit,21.0,Female,BSN,3.0 - 3.49,,,No,,No,,,,25337,University Of North Georgia,3.25
Emory Decatur Hospital,	07/23/2019,	0435739,07/15/2019,General Medical Inpatient Unit,28.0,Female,BSN,3.5 And Above,,,No,,Yes,11/29/2021,2.378082191780822,Did not return from leave of absence,25338,University Of North Georgia,3.75
Emory Saint Joseph’s Hospital,	07/15/2019,	0435745,07/15/2019,General Medical Inpatient Unit,22.0,Female,BSN,3.5 And Above,Full-time,,No,,Yes,11/05/2020,1.3123287671232877,Obtained position representing a promotion/career advancement,25339,University Of North Georgia,3.75
Emory Saint Joseph’s Hospital,	07/15/2019,	843288,07/15/2019,General Medical Inpatient Unit,29.0,Female,BSN,3.0 - 3.49,,,No,,No,,,,25340,University Of North Georgia,3.25
Emory University Hospital,	02/26/2019,	0433097,03/04/2019,General Medical Inpatient Unit,22.0,Female,BSN,3.5 And Above,Full-time,,No,,No,,,,25341,University Of North Georgia,3.75
Emory University Hospital,	02/26/2019,	0433203,03/04/2019,Perioperative OR,44.0,Female,BSN,3.5 And Above,Full-time,,No,,No,,,,25342,University Of North Georgia,3.75
Emory Johns Creek Hospital,	02/25/2019,	0425068,02/25/2019,Medical/Surgical Inpatient Unit,24.0,Female,BSN,3.5 And Above,Full-time,,No,,Yes,11/01/2020,1.6849315068493151,Other/Unknown,25343,University Of North Georgia,3.75
Emory Saint Joseph’s Hospital,	10/08/2018,	211091,,Medical/Surgical Inpatient Unit,22.0,Male,BSN,3.0 - 3.49,,,No,,Yes,12/31/2020,,Military,25345,University Of North Georgia,3.25
Emory Saint Joseph’s Hospital,	10/08/2018,	629249,,Medical/Surgical Inpatient Unit,22.0,Female,BSN,3.5 And Above,,,No,,Yes,09/30/2020,,Relocating out of area,25346,University Of North Georgia,3.75
Emory University Hospital,	07/30/2018,	0425377,07/30/2018,General Medical Inpatient Unit,22.0,Female,BSN,3.5 And Above,Full-time,,No,,No,,,,25347,University Of North Georgia,3.75
Emory University Hospital,	07/23/2018,	0425445,07/23/2018,Mother/Baby Unit,22.0,Female,BSN,3.5 And Above,Full-time,,No,,No,,,,25348,University Of North Georgia,3.75
Emory University Hospital,	07/23/2018,	0425642,07/23/2018,Obstetrics/Labor & Delivery Inpatient Unit,22.0,Female,BSN,3.5 And Above,Full-time,,No,,Yes,03/28/2020,1.6821917808219178,Obtained position with a more desirable commute,25349,University Of North Georgia,3.75
Emory Saint Joseph’s Hospital,	07/23/2018,	131355,,General Medical Inpatient Unit,22.0,Female,BSN,3.5 And Above,,,No,,No,,,,25350,University Of North Georgia,3.75
Emory Saint Joseph’s Hospital,	07/16/2018,	151464,07/16/2018,Other (please specify),25.0,Male,BSN,3.5 And Above,,,No,,Yes,03/16/2020,1.6684931506849314,Obtained position representing a different job experience,25351,University Of North Georgia,3.75
Emory Saint Joseph’s Hospital,	07/16/2018,	302059,,Medical/Surgical Inpatient Unit,22.0,Female,BSN,3.0 - 3.49,,,No,,Yes,08/06/2020,,Obtained position with a more desirable commute,25352,University Of North Georgia,3.25
Emory Saint Joseph’s Hospital,	07/16/2018,	331773,,Medical/Surgical Inpatient Unit,22.0,Female,BSN,3.5 And Above,,,No,,No,,,,25353,University Of North Georgia,3.75
Emory Saint Joseph’s Hospital,	07/16/2018,	725110,07/16/2018,General Medical Inpatient Unit,22.0,Female,BSN,3.0 - 3.49,,,No,,Yes,09/28/2020,2.2054794520547945,Obtained position with a more desirable commute,25354,University Of North Georgia,3.25
Emory Saint Joseph’s Hospital,	07/16/2018,	782791,,Medical/Surgical Inpatient Unit,25.0,Female,BSN,3.0 - 3.49,,,No,,No,,,,25355,University Of North Georgia,3.25
Emory University Hospital,	07/16/2018,	807804,07/16/2018,Cardiac/Heart/Vascular Critical Care,22.0,Female,BSN,3.5 And Above,Full-time,,No,,No,,,,25356,University Of North Georgia,3.75
Emory Saint Joseph’s Hospital,	07/16/2018,	905954,,Medical/Surgical Intermediate Unit,22.0,Female,BSN,3.5 And Above,,,No,,Yes,11/07/2020,,Other/Unknown,25357,University Of North Georgia,3.75
Emory University Hospital,	02/23/2018,	0423505,,Cardiac/Heart/Vascular Critical Care,28.0,Female,BSN,3.0 - 3.49,,,No,,No,,,,25358,University Of North Georgia,3.25
Emory Saint Joseph’s Hospital,	10/16/2017,	470633,,Emergency Department,22.0,Female,BSN,3.5 And Above,,,No,,No,,,,25359,University Of North Georgia,3.75
Emory Saint Joseph’s Hospital,	08/07/2017,	131054,08/07/2017,Perioperative OR,22.0,Female,BSN,3.5 And Above,,,No,,Yes,08/22/2019,2.041095890410959,Obtained position representing a different job experience,25360,University Of North Georgia,3.75
Emory University Hospital,	07/17/2017,	0419961,,Medical ICU Inpatient Unit,27.0,Female,BSN,3.0 - 3.49,,,No,,No,,,,25361,University Of North Georgia,3.25
Emory Saint Joseph’s Hospital,	07/17/2017,	856863,,Medical/Surgical Inpatient Unit,22.0,Male,BSN,3.0 - 3.49,,,No,,Yes,02/23/2020,,Compensation/pay,25362,University Of North Georgia,3.25
Emory University Hospital,	10/13/2016,	8341,,Medical/Surgical Inpatient Unit,26.0,Female,BSN,3.0 - 3.49,,,No,,No,,,,25363,University Of North Georgia,3.25
Emory University Hospital,	10/12/2016,	04097100,,General Medical Inpatient Unit,23.0,Female,BSN,3.5 And Above,,,No,,No,,,,25364,University Of North Georgia,3.75
Emory University Hospital,	10/12/2016,	0415461,,Perioperative OR,22.0,Female,BSN,3.5 And Above,,,No,,No,,,,25365,University Of North Georgia,3.75
Emory University Hospital,	10/12/2016,	0415468,,General Medical Inpatient Unit,23.0,Female,BSN,3.0 - 3.49,,,No,,No,,,,25366,University Of North Georgia,3.25
Emory University Hospital,	10/10/2016,	0146,,Obstetrics/Labor & Delivery Inpatient Unit,28.0,Female,BSN,3.5 And Above,,,No,,No,,,,25367,University Of North Georgia,3.75
Emory University Hospital,	10/10/2016,	0415907,,Other (please specify),25.0,Female,BSN,3.5 And Above,,,No,,No,,,,25368,University Of North Georgia,3.75
Emory University Hospital,	10/10/2016,	504323,,General Medical Inpatient Unit,23.0,Female,BSN,3.5 And Above,,,No,,Yes,07/22/2017,,Unhappy with job/facility,25369,University Of North Georgia,3.75
Emory Saint Joseph’s Hospital,	07/11/2016,	308256,,Medical/Surgical Inpatient Unit,22.0,Female,BSN,3.0 - 3.49,,,No,,No,,,,25370,University Of North Georgia,3.25
Emory University Hospital,	04/12/2016,	1438310,,General Medical Inpatient Unit,37.0,Female,ADN/ASN,3.0 - 3.49,,,No,,No,,,,25371,University Of North Georgia,3.25
Emory University Hospital Midtown,	08/11/2023,	0464368,07/31/2023,Cardiac/Heart/Vascular Critical Care,22.0,Female,BSN,3.5 And Above,Full-time,,No,,No,,,,25393,University Of Pittsburgh,3.75
Emory University Hospital,	08/07/2023,	0465416,08/28/2023,Oncology Inpatient Unit,22.0,Female,BSN,3.0 - 3.49,Full-time,,No,,No,,,,25394,University Of Pittsburgh,3.25
Emory University Hospital Midtown,	08/26/2021,	0448618,08/09/2021,Neurology/Neurosurgical ICU Inpatient Unit,21.0,Female,BSN,3.5 And Above,,,No,,Yes,11/27/2022,1.3013698630136987,Other/Unknown,25395,University Of Pittsburgh,3.75
Emory Decatur Hospital,	07/21/2020,	0442074,07/27/2020,Mother/Baby Unit,28.0,Female,BSN,3.0 - 3.49,,,No,,No,,,,25396,University Of Pittsburgh,3.25
Emory University Hospital,	10/08/2015,	0410827,,Medical/Surgical ICU Inpatient Unit,22.0,Female,BSN,3.0 - 3.49,,,No,,No,,,,25397,University Of Pittsburgh,3.25
Emory University Hospital,	10/07/2015,	0410863,,General Surgical Inpatient Unit,22.0,Female,BSN,3.0 - 3.49,,,No,,No,,,,25398,University Of Pittsburgh,3.25
Emory Saint Joseph’s Hospital,	07/10/2025,	0478963,07/14/2025,Telemetry Unit,22.0,Female,BSN,3.5 And Above,Full-time,,No,,No,,,,25424,University Of South Carolina,3.75
Emory University Hospital,	04/24/2024,	0463218,03/25/2024,Cardiac/Heart/Vascular Critical Care,22.0,Female,BSN,3.5 And Above,Full-time,,No,,No,,,,25426,University Of South Carolina,3.75
Emory University Hospital,	08/17/2022,	0456486,08/01/2022,Medical ICU Inpatient Unit,22.0,Female,BSN,3.5 And Above,,,No,,No,,,,25427,University Of South Carolina,3.75
Emory Hillandale Hospital,	07/26/2021,	0448101,07/26/2021,Medical ICU Inpatient Unit,21.0,Female,BSN,3.0 - 3.49,,,No,,Yes,06/19/2022,0.8986301369863013,Relocating out of area,25428,University Of South Carolina,3.25
Emory University Hospital,	07/22/2021,	0447976,07/19/2021,Orthopedic Inpatient Unit,27.0,Female,BSN,3.5 And Above,,,No,,Yes,04/08/2023,1.7205479452054795,Obtained position representing a different job experience,25429,University Of South Carolina,3.75
Emory Decatur Hospital,	03/15/2021,	0445419,03/15/2021,Mother/Baby Unit,21.0,Female,BSN,3.0 - 3.49,,,No,,No,,,,25430,University Of South Carolina,3.25
Emory Decatur Hospital,	10/13/2020,	0433215,10/05/2020,Telemetry Unit,38.0,Male,BSN,3.5 And Above,,,No,,Yes,12/26/2020,0.22465753424657534,Disability/Illness/Injury ,25431,University Of South Carolina,3.75
Emory Decatur Hospital,	10/13/2020,	0443380,10/05/2020,General Medical Inpatient Unit,24.0,Female,BSN,3.0 - 3.49,,,No,,Yes,10/30/2021,1.0684931506849316,Obtained position representing a different job experience,25432,University Of South Carolina,3.25
Emory University Hospital,	07/30/2020,	0442623,08/03/2020,Medical/Surgical Intermediate Unit,22.0,Female,BSN,3.0 - 3.49,,,No,,Yes,03/31/2022,1.6575342465753424,Relocating out of area,25433,University Of South Carolina,3.25
Emory Decatur Hospital,	10/22/2019,	0437728,10/14/2019,Medical/Surgical Inpatient Unit,26.0,Female,BSN,3.5 And Above,,,No,,Yes,12/25/2021,2.2,Other/Unknown,25434,University Of South Carolina,3.75
Emory University Hospital Midtown,	07/25/2019,	0436601,07/29/2019,Medical/Surgical Intermediate Unit,24.0,Female,Accelerated BSN,3.5 And Above,Full-time,,No,,No,,,,25435,University Of South Carolina,3.75
Emory University Hospital Midtown,	07/25/2019,	2194178,07/29/2019,Medical/Surgical Inpatient Unit,21.0,Male,BSN,3.0 - 3.49,,,No,,No,,,,25436,University Of South Carolina,3.25
Emory University Hospital,	02/26/2019,	0433215,03/04/2019,Oncology Inpatient Unit,36.0,Male,BSN,3.5 And Above,Full-time,,No,,No,,,,25437,University Of South Carolina,3.75
Emory University Hospital,	02/23/2018,	0422829,,Neurology/Neurosurgical ICU Inpatient Unit,23.0,Female,BSN,3.5 And Above,,,No,,No,,,,25439,University Of South Carolina,3.75
Emory University Hospital,	07/18/2017,	0419947,,Neurology/Neurosurgical ICU Inpatient Unit,22.0,Female,BSN,3.5 And Above,,,No,,No,,,,25440,University Of South Carolina,3.75
Emory University Hospital,	07/18/2017,	0419959,,Neurology/Neurosurgical ICU Inpatient Unit,23.0,Female,BSN,3.5 And Above,,,No,,No,,,,25441,University Of South Carolina,3.75
Emory University Hospital,	02/24/2017,	461386,,Medical/Surgical ICU Inpatient Unit,23.0,Female,Accelerated BSN,3.0 - 3.49,,,No,,No,,,,25442,University Of South Carolina,3.25
Emory University Hospital,	02/24/2017,	854692,,Orthopedic Inpatient Unit,25.0,Female,BSN,3.0 - 3.49,,,No,,No,,,,25443,University Of South Carolina,3.25
Emory University Hospital,	10/13/2016,	4068,,Cardiac/Heart/Vascular Critical Care,22.0,Male,BSN,3.0 - 3.49,,,No,,No,,,,25444,University Of South Carolina,3.25
Emory University Hospital,	04/15/2016,	923730,,General Medical Inpatient Unit,22.0,Female,BSN,3.0 - 3.49,,,No,,No,,,,25445,University Of South Carolina,3.25
Emory University Hospital,	04/12/2016,	003486,,Telemetry Unit,23.0,Male,BSN,3.0 - 3.49,,,No,,No,,,,25446,University Of South Carolina,3.25
Emory University Hospital,	10/05/2015,	0410946,,Medical/Surgical ICU Inpatient Unit,22.0,Female,BSN,3.5 And Above,,,No,,No,,,,25447,University Of South Carolina,3.75
Emory Saint Joseph’s Hospital,	07/14/2014,	040604400,,Medical/Surgical Inpatient Unit,26.0,Female,BSN,3.0 - 3.49,,,No,,Yes,11/02/2015,,Relocating out of area,25448,University Of South Carolina,3.25
Emory Saint Joseph’s Hospital,	10/07/2013,	039720800,10/07/2013,Telemetry Unit,22.0,Female,BSN,3.0 - 3.49,,,No,,Yes,12/01/2020,7.156164383561644,Obtained position representing a promotion/career advancement,25449,University Of South Carolina,3.25
Emory University Hospital,	08/26/2013,	7475,,Emergency Department,22.0,Female,BSN,3.5 And Above,,,No,,No,,,,25450,University Of South Carolina,3.75
Emory University Hospital,	08/26/2013,	8437,,Other (please specify),22.0,Female,BSN,3.0 - 3.49,,,No,,No,,,,25451,University Of South Carolina,3.25
Emory Decatur Hospital,	07/21/2020,	0442079,08/03/2020,General Surgical Inpatient Unit,22.0,Female,BSN,3.5 And Above,,,No,,Yes,10/30/2021,1.2410958904109588,Relocating out of area,25486,University Of Tennessee,3.75
Emory Saint Joseph’s Hospital,	02/24/2020,	0440113,02/24/2020,Medical/Surgical Intermediate Unit,23.0,Female,Accelerated BSN,3.0 - 3.49,Full-time,,No,,Yes,12/17/2021,1.8136986301369864,Travel Nurse,25487,University Of Tennessee,3.25
Emory University Hospital Midtown,	10/31/2019,	0438052,10/28/2019,Oncology Inpatient Unit,27.0,Female,Accelerated BSN,3.5 And Above,,,No,,No,,,,25488,University Of Tennessee,3.75
Emory Decatur Hospital,	02/27/2019,	0432974,02/25/2019,Obstetrics/Labor & Delivery Inpatient Unit,23.0,Female,BSN,3.0 - 3.49,,,No,,Yes,06/25/2020,1.3315068493150686,Other/Unknown,25489,University Of Tennessee,3.25
Emory University Hospital,	10/16/2018,	1793828,10/15/2018,Neurology/Neurosurgical ICU Inpatient Unit,26.0,Female,Accelerated BSN,2.5 - 2.99,,,No,,No,,,,25490,University Of Tennessee,2.75
Emory University Hospital,	07/23/2018,	0425284,,Medical/Surgical ICU Inpatient Unit,21.0,Male,BSN,3.0 - 3.49,,,No,,No,,,,25491,University Of Tennessee,3.25
Emory Saint Joseph’s Hospital,	10/16/2017,	042318,,Telemetry Unit,23.0,Female,BSN,3.5 And Above,,,No,,No,,,,25492,University Of Tennessee,3.75
Emory University Hospital,	07/18/2017,	0419948,,Emergency Department,21.0,Female,BSN,3.0 - 3.49,,,No,,No,,,,25493,University Of Tennessee,3.25
Emory University Hospital,	08/25/2014,	1869912,,Obstetrics/Labor & Delivery Inpatient Unit,26.0,Female,BSN,3.0 - 3.49,,,No,,No,,,,25494,University Of Tennessee,3.25
Emory University Hospital,	08/25/2014,	186991200,,Obstetrics/Labor & Delivery Inpatient Unit,26.0,Female,MSN (CNL),3.0 - 3.49,,,No,,No,,,,25495,University Of Tennessee,3.25
Emory University Hospital Midtown,	08/08/2025,	0479874,08/04/2025,Medical ICU Inpatient Unit,30.0,Female,BSN,3.5 And Above,Full-time,,No,,No,,,,25557,University Of West Georgia,3.75
Emory University Hospital,	03/17/2014,	0389503,,Obstetrics/Labor & Delivery Inpatient Unit,51.0,Female,BSN,3.0 - 3.49,,,No,,No,,,,25559,University Of West Georgia,3.25
Emory University Hospital,	03/17/2014,	0404426,,Medical/Surgical ICU Inpatient Unit,59.0,Female,BSN,3.5 And Above,,,No,,No,,,,25560,University Of West Georgia,3.75
Emory University Hospital,	03/17/2014,	040445300,,Medical/Surgical ICU Inpatient Unit,23.0,Female,BSN,3.5 And Above,,,No,,No,,,,25561,University Of West Georgia,3.75
Emory University Hospital,	03/10/2014,	040481000,,Medical/Surgical ICU Inpatient Unit,50.0,Female,BSN,3.0 - 3.49,,,No,,No,,,,25562,University Of West Georgia,3.25
Emory Enterprise Staffing Pool,	08/28/2025,	0449121,08/11/2025,Float Pool,23.0,Female,BSN,3.0 - 3.49,Full-time,,No,,No,,,,25563,University Of West Georgia,3.25
Emory University Hospital Midtown,	08/08/2025,	0479873,08/11/2025,Medical ICU Inpatient Unit,22.0,Female,BSN,3.5 And Above,Full-time,,No,,No,,,,25564,University Of West Georgia,3.75
Emory Decatur Hospital,	11/12/2024,	0473915,09/16/2024,General Medical Inpatient Unit,23.0,Female,BSN,3.5 And Above,Full-time,,No,,No,,,,25566,University Of West Georgia,3.75
Emory Hillandale Hospital,	08/22/2024,	0468708,08/12/2024,Emergency Department,28.0,Female,BSN,3.0 - 3.49,Full-time,,No,,No,,,,25567,University Of West Georgia,3.25
Emory University Hospital Midtown,	08/22/2024,	0473368,08/26/2024,Oncology Inpatient Unit,25.0,Female,BSN,3.0 - 3.49,Full-time,,No,,No,,,,25568,University Of West Georgia,3.25
Emory University Hospital,	08/21/2024,	0472175,07/29/2024,Medical ICU Inpatient Unit,23.0,Male,BSN,3.5 And Above,Full-time,,No,,No,,,,25569,University Of West Georgia,3.75
Emory Decatur Hospital,	08/20/2024,	0472581,08/12/2024,Medical/Surgical Intermediate Unit,22.0,Female,BSN,3.5 And Above,Full-time,,No,,No,,,,25570,University Of West Georgia,3.75
Emory Decatur Hospital,	08/20/2024,	0473363,08/19/2024,Rehabilitation Inpatient Unit,24.0,Female,BSN,3.5 And Above,Full-time,,No,,No,,,,25571,University Of West Georgia,3.75
Emory University Hospital,	08/05/2024,	0472166,07/29/2024,Orthopedic Inpatient Unit,23.0,Female,BSN,3.5 And Above,Full-time,,No,,No,,,,25572,University Of West Georgia,3.75
Emory University Hospital,	03/11/2024,	0468858,03/04/2024,General Surgical Inpatient Unit,22.0,Female,BSN,3.5 And Above,Full-time,,No,,No,,,,25573,University Of West Georgia,3.75
Emory University Hospital,	10/20/2023,	0467124,11/07/2023,Perioperative OR,24.0,Female,BSN,3.5 And Above,Full-time,,No,,No,,,,25574,University Of West Georgia,3.75
Emory Decatur Hospital,	08/15/2023,	0465000,08/07/2023,Neonatal ICU Inpatient Unit,36.0,Female,BSN,3.0 - 3.49,Full-time,,No,,Yes,04/02/2025,1.6547945205479453,Obtained position representing a different job experience,25575,University Of West Georgia,3.25
Emory University Hospital,	08/07/2023,	0464762,07/24/2023,Medical/Surgical Intermediate Unit,22.0,Female,BSN,3.5 And Above,Full-time,,No,,No,,,,25576,University Of West Georgia,3.75
Emory University Hospital Midtown,	07/21/2023,	0464301,07/17/2023,Perioperative OR,22.0,Female,BSN,3.5 And Above,Full-time,,No,,No,,,,25577,University Of West Georgia,3.75
Emory Saint Joseph’s Hospital,	07/21/2023,	0464588,07/17/2023,Perioperative OR,25.0,Female,BSN,3.0 - 3.49,Full-time,,No,,No,,,,25578,University Of West Georgia,3.25
Emory Decatur Hospital,	07/21/2023,	0464837,07/24/2023,Perioperative OR,22.0,Female,BSN,3.5 And Above,Full-time,,No,,No,,,,25579,University Of West Georgia,3.75
Emory University Hospital,	03/13/2023,	0461867,03/20/2023,Cardiac/Heart/Vascular Critical Care,22.0,Female,BSN,3.5 And Above,Full-time,,No,,No,,,,25580,University Of West Georgia,3.75
Emory University Hospital,	08/17/2022,	0456240,07/11/2022,Neurology/Neurosurgical ICU Inpatient Unit,21.0,Female,BSN,3.5 And Above,,,No,,No,,,,25581,University Of West Georgia,3.75
Emory University Hospital Midtown,	08/12/2022,	0456564,08/08/2022,Cardiac/Heart/Vascular Critical Care,22.0,Female,BSN,3.5 And Above,,,No,,No,,,,25582,University Of West Georgia,3.75
Emory University Hospital Midtown,	04/01/2022,	0453227,03/28/2022,Neurology/Neurosurgical ICU Inpatient Unit,23.0,Female,BSN,3.5 And Above,,,No,,No,,,,25583,University Of West Georgia,3.75
Emory University Hospital Midtown,	04/01/2022,	0453234,04/11/2022,Neonatal ICU Inpatient Unit,23.0,Female,BSN,3.0 - 3.49,Full-time,,No,,No,,,,25584,University Of West Georgia,3.25
Emory University Hospital,	03/18/2022,	0453439,03/14/2022,Emergency Department,23.0,Female,BSN,3.5 And Above,,,No,,Yes,01/27/2024,1.873972602739726,Obtained position with a more desirable commute,25585,University Of West Georgia,3.75
Emory University Hospital,	08/18/2021,	0447984,08/09/2021,Cardiac/Heart/Vascular Critical Care,22.0,Female,BSN,3.5 And Above,,,No,,Yes,02/28/2022,0.5561643835616439,Other/Unknown,25586,University Of West Georgia,3.75
Emory University Hospital,	09/27/2021,	0450440,10/11/2021,Perioperative OR,22.0,Female,BSN,3.0 - 3.49,,,No,,Yes,03/30/2023,1.4657534246575343,Other/Unknown,25587,University Of West Georgia,3.25
Emory University Orthopaedics & Spine Hospital ,	09/27/2021,	0451804,11/29/2021,Orthopedic Inpatient Unit,28.0,Male,BSN,3.5 And Above,,,No,,Yes,07/13/2023,1.6191780821917807,Other/Unknown,25588,University Of West Georgia,3.75
Emory University Hospital Midtown,	08/13/2021,	0448627,08/15/2021,General Medical Inpatient Unit,22.0,Female,BSN,3.5 And Above,,,No,,Yes,11/01/2024,3.2164383561643834,Other/Unknown,25589,University Of West Georgia,3.75
Emory Decatur Hospital,	07/26/2021,	0445414,07/12/2021,Orthopedic Inpatient Unit,24.0,Female,BSN,3.5 And Above,,,No,,Yes,10/07/2022,1.2383561643835617,Returning to school full-time,25590,University Of West Georgia,3.75
Emory University Hospital,	07/22/2021,	0447989,07/19/2021,Oncology Inpatient Unit,22.0,Female,BSN,3.5 And Above,,,No,,No,,,,25591,University Of West Georgia,3.75
Emory University Hospital,	09/27/2021,	0450349,09/20/2021,General Medical Inpatient Unit,41.0,Female,BSN,3.5 And Above,,,No,,Yes,09/09/2022,0.9698630136986301,Unsatisfactory performance,25592,University Of West Georgia,3.75
Emory University Hospital,	04/16/2021,	0445185,02/22/2021,General Medical Inpatient Unit,25.0,Female,BSN,3.5 And Above,,,No,,No,,,,25593,University Of West Georgia,3.75
Emory University Hospital,	09/27/2021,	0450821,10/04/2021,Medical/Surgical Inpatient Unit,25.0,Female,BSN,3.5 And Above,,,No,,Yes,09/22/2022,0.9671232876712329,Unsatisfactory performance,25594,University Of West Georgia,3.75
Emory Saint Joseph’s Hospital,	02/15/2021,	0419205,02/14/2021,General Medical Inpatient Unit,23.0,Female,BSN,3.5 And Above,Per Diem,,No,,No,,,,25595,University Of West Georgia,3.75
Emory Hillandale Hospital,	10/13/2020,	0443003,10/05/2020,Medical/Surgical Inpatient Unit,22.0,Female,BSN,3.0 - 3.49,,,No,,No,,,,25596,University Of West Georgia,3.25
Emory Saint Joseph’s Hospital,	10/12/2020,	0443144,10/12/2020,Medical/Surgical Intermediate Unit,22.0,Female,BSN,3.5 And Above,Per Diem,,No,,No,,,,25597,University Of West Georgia,3.75
Emory University Hospital,	08/06/2020,	0442622,08/03/2020,General Medical Inpatient Unit,23.0,Female,BSN,3.5 And Above,,,No,,No,,,,25598,University Of West Georgia,3.75
Emory University Hospital Midtown,	08/01/2020,	0442395,08/02/2020,Medical ICU Inpatient Unit,22.0,Female,BSN,3.5 And Above,Full-time,,No,,Yes,07/27/2022,1.9835616438356165,Relocating out of area,25599,University Of West Georgia,3.75
Emory University Hospital Midtown,	04/01/2020,	0440643,03/30/2020,Oncology Inpatient Unit,22.0,Female,BSN,3.5 And Above,,,No,,No,,,,25601,University Of West Georgia,3.75
Emory University Hospital Midtown,	04/01/2020,	2181237,03/22/2020,Medical/Surgical Inpatient Unit,23.0,Female,BSN,3.0 - 3.49,,,No,,No,,,,25602,University Of West Georgia,3.25
Emory Hillandale Hospital,	03/24/2020,	0440235,03/16/2020,Emergency Department,22.0,Female,BSN,3.0 - 3.49,,,No,,No,,,,25603,University Of West Georgia,3.25
Emory University Hospital,	08/01/2019,	0435926,07/22/2019,Orthopedic Inpatient Unit,27.0,Female,BSN,3.5 And Above,,,No,,Yes,11/13/2021,2.315068493150685,Obtained position with a more desirable commute,25604,University Of West Georgia,3.75
Emory University Hospital,	08/01/2019,	0436154,07/29/2019,Perioperative OR,22.0,Female,BSN,3.5 And Above,,,No,,No,,,,25605,University Of West Georgia,3.75
Emory University Hospital,	08/01/2019,	0436704,07/29/2019,General Medical Inpatient Unit,25.0,Female,BSN,3.0 - 3.49,,,No,,Yes,10/13/2021,2.210958904109589,Family obligations (family/friend caregiving responsibility),25606,University Of West Georgia,3.25
Emory University Hospital,	02/26/2019,	0433093,02/28/2019,General Medical Inpatient Unit,27.0,Female,BSN,3.0 - 3.49,,,No,,No,,,,25607,University Of West Georgia,3.25
Emory Saint Joseph’s Hospital,	02/18/2019,	0432726,02/18/2019,Orthopedic Inpatient Unit,39.0,Female,BSN,3.0 - 3.49,Full-time,,No,,No,,,,25608,University Of West Georgia,3.25
Emory University Hospital,	10/15/2018,	0425632,10/15/2018,Emergency Department,22.0,Female,BSN,3.5 And Above,,,No,,No,,,,25609,University Of West Georgia,3.75
Emory University Hospital,	07/30/2018,	0425408,,Medical ICU Inpatient Unit,22.0,Female,BSN,3.5 And Above,,,No,,No,,,,25610,University Of West Georgia,3.75
Emory Saint Joseph’s Hospital,	07/16/2018,	191117,,Orthopedic Inpatient Unit,22.0,Female,BSN,3.0 - 3.49,,,No,,Yes,12/10/2020,,Other/Unknown,25611,University Of West Georgia,3.25
Emory Saint Joseph’s Hospital,	07/16/2018,	997650,,Perioperative OR,22.0,Female,BSN,3.0 - 3.49,,,No,,Yes,03/02/2021,,Other/Unknown,25612,University Of West Georgia,3.25
Emory University Hospital,	02/23/2018,	0422845,,General Medical Inpatient Unit,24.0,Female,BSN,3.5 And Above,,,No,,Yes,04/10/2020,,Obtained position representing a different job experience,25613,University Of West Georgia,3.75
Emory University Hospital,	02/23/2018,	2056572,,Oncology Inpatient Unit,22.0,Female,BSN,3.0 - 3.49,,,No,,No,,,,25614,University Of West Georgia,3.25
Emory University Hospital,	07/18/2017,	0419822,,Rehabilitation Inpatient Unit,44.0,Female,BSN,3.5 And Above,,,No,,No,,,,25615,University Of West Georgia,3.75
Emory University Hospital,	07/18/2017,	0419935,,Medical/Surgical ICU Inpatient Unit,24.0,Female,BSN,3.5 And Above,,,No,,No,,,,25616,University Of West Georgia,3.75
Emory University Hospital,	07/18/2017,	0419950,,Transplant Unit,21.0,Female,BSN,3.0 - 3.49,,,No,,No,,,,25617,University Of West Georgia,3.25
Emory University Hospital,	07/17/2017,	2080811,,Cardiac/Heart/Vascular Critical Care,22.0,Male,BSN,3.5 And Above,,,No,,No,,,,25618,University Of West Georgia,3.75
Emory University Hospital,	02/25/2017,	391909,,General Surgical Inpatient Unit,47.0,Male,BSN,3.5 And Above,,,No,,No,,,,25620,University Of West Georgia,3.75
Emory University Hospital,	02/25/2017,	760338,,General Surgical Inpatient Unit,42.0,Female,BSN,3.5 And Above,,,No,,No,,,,25621,University Of West Georgia,3.75
Emory University Hospital,	02/25/2017,	776049,,Emergency Department,23.0,Female,BSN,3.5 And Above,,,No,,No,,,,25622,University Of West Georgia,3.75
Emory University Hospital,	02/25/2017,	869638,,Emergency Department,28.0,Female,BSN,3.5 And Above,,,No,,No,,,,25623,University Of West Georgia,3.75
Emory University Hospital,	02/24/2017,	435628,,Orthopedic Inpatient Unit,33.0,Female,BSN,3.5 And Above,,,No,,No,,,,25624,University Of West Georgia,3.75
Emory University Hospital,	02/24/2017,	730050,,Medical/Surgical Inpatient Unit,45.0,Female,BSN,3.0 - 3.49,,,No,,No,,,,25625,University Of West Georgia,3.25
Emory University Hospital,	02/24/2017,	823522,,Neurology/Neurosurgical ICU Inpatient Unit,41.0,Female,BSN,3.5 And Above,,,No,,No,,,,25626,University Of West Georgia,3.75
Emory University Hospital,	10/13/2016,	1909945,,Neurology/Neurosurgical ICU Inpatient Unit,23.0,Female,BSN,3.5 And Above,,,No,,No,,,,25627,University Of West Georgia,3.75
Emory University Hospital,	10/13/2016,	6176,,Surgical ICU Inpatient Unit,33.0,Female,BSN,3.5 And Above,,,No,,Yes,05/11/2017,,Unsatisfactory performance,25628,University Of West Georgia,3.75
Emory University Hospital,	10/10/2016,	0145904,,Obstetrics/Labor & Delivery Inpatient Unit,35.0,Female,BSN,3.5 And Above,,,No,,No,,,,25629,University Of West Georgia,3.75
Emory University Hospital,	04/12/2016,	1875248,,Mother/Baby Unit,23.0,Female,BSN,3.5 And Above,,,No,,No,,,,25630,University Of West Georgia,3.75
Emory University Hospital,	10/05/2015,	0410998,,General Surgical Inpatient Unit,24.0,Female,BSN,3.0 - 3.49,,,No,,No,,,,25631,University Of West Georgia,3.25
Emory Saint Joseph’s Hospital,	03/02/2015,	040820600,,Medical/Surgical Inpatient Unit,24.0,Male,BSN,3.5 And Above,,,No,,No,,,,25632,University Of West Georgia,3.75
Emory University Hospital,	08/25/2014,	0406461,,General Surgical Inpatient Unit,25.0,Female,BSN,3.5 And Above,,,No,,No,,,,25633,University Of West Georgia,3.75
Emory University Hospital,	03/10/2014,	064390500,,General Surgical Inpatient Unit,33.0,Female,BSN,3.5 And Above,,,No,,No,,,,25634,University Of West Georgia,3.75
Emory Saint Joseph’s Hospital,	10/07/2013,	040306300,,General Medical Inpatient Unit,23.0,Female,BSN,3.5 And Above,,,No,,No,,,,25635,University Of West Georgia,3.75
Emory University Hospital,	08/19/2013,	0811,,General Medical Inpatient Unit,22.0,Female,BSN,3.5 And Above,,,No,,No,,,,25636,University Of West Georgia,3.75
Emory University Hospital,	08/19/2013,	9808,,Neonatal ICU Inpatient Unit,36.0,Female,BSN,3.5 And Above,,,No,,No,,,,25637,University Of West Georgia,3.75
Emory Saint Joseph’s Hospital,	08/12/2013,	040059400,,Perioperative OR,22.0,Female,BSN,3.5 And Above,,,No,,Yes,03/03/2014,,Unhappy with job/facility,25638,University Of West Georgia,3.75
Emory University Hospital,	03/11/2013,	1378,,General Medical Inpatient Unit,39.0,Female,BSN,3.0 - 3.49,,,No,,No,,,,25639,University Of West Georgia,3.25
Emory University Hospital,	03/11/2013,	5107,,General Medical Inpatient Unit,30.0,Female,BSN,3.0 - 3.49,,,No,,No,,,,25640,University Of West Georgia,3.25
Emory University Hospital,	03/11/2013,	8617,,General Medical Inpatient Unit,54.0,Female,BSN,3.0 - 3.49,,,No,,Yes,08/26/2013,,Unsatisfactory performance,25641,University Of West Georgia,3.25
Emory University Hospital,	11/05/2012,	3069,,Perioperative OR,23.0,Female,BSN,3.0 - 3.49,,,No,,No,,,,25642,University Of West Georgia,3.25
Emory University Hospital,	09/10/2012,	2472,,General Surgical Inpatient Unit,22.0,Female,BSN,3.0 - 3.49,,,No,,No,,,,25643,University Of West Georgia,3.25
Emory University Hospital,	06/30/2012,	6065,,Medical/Surgical ICU Inpatient Unit,23.0,Female,BSN,3.5 And Above,,,No,,No,,,,25644,University Of West Georgia,3.75
Emory University Hospital,	06/14/2012,	1457,,Perioperative OR,25.0,Male,BSN,3.0 - 3.49,,,No,,No,,,,25645,University Of West Georgia,3.25
Emory Saint Joseph’s Hospital,	04/02/2012,	039669700,,General Surgical Inpatient Unit,23.0,Female,BSN,3.5 And Above,,,No,,Yes,03/01/2014,,Unhappy with job/facility,25646,University Of West Georgia,3.75
Emory University Hospital,	10/20/2011,	4611,,Emergency Department,25.0,Female,BSN,3.5 And Above,,,No,,No,,,,25647,University Of West Georgia,3.75
Emory University Hospital,	10/20/2011,	5582,,Medical/Surgical ICU Inpatient Unit,36.0,Female,BSN,3.0 - 3.49,,,No,,No,,,,25648,University Of West Georgia,3.25
Emory Saint Joseph’s Hospital,	08/15/2011,	24527,,Medical/Surgical Inpatient Unit,23.0,Female,BSN,3.0 - 3.49,,,No,,Yes,01/01/2014,,Unhappy with job/facility,25649,University Of West Georgia,3.25
Emory Saint Joseph’s Hospital,	06/06/2011,	24449,,Medical/Surgical Inpatient Unit,23.0,Female,BSN,3.0 - 3.49,,,No,,No,,,,25650,University Of West Georgia,3.25
Emory Saint Joseph’s Hospital,	08/16/2009,	5625,,Other (please specify),23.0,Female,BSN,3.5 And Above,,,No,,No,,,,25651,University Of West Georgia,3.75
Emory Saint Joseph’s Hospital,	03/30/2009,	5595,,Other (please specify),26.0,Female,BSN,3.5 And Above,,,No,,No,,,,25653,University Of West Georgia,3.75
Emory Saint Joseph’s Hospital,	10/02/2024,	0474599,10/21/2024,Medical/Surgical Intermediate Unit,35.0,Female,BSN,3.0 - 3.49,Full-time,,No,,No,,,,25771,Western Governor'S University,3.25
Emory University Hospital,	08/21/2024,	2338680,06/03/2024,Surgical ICU Inpatient Unit,28.0,Female,Accelerated BSN,3.5 And Above,Full-time,,No,,No,,,,25794,Xavier University,3.75
Emory Decatur Hospital,	03/28/2023,	0427915,03/21/2023,Rehabilitation Inpatient Unit,50.0,Female,Accelerated BSN,3.5 And Above,Full-time,,No,,No,,,,25795,Xavier University,3.75
Emory University Hospital Midtown,	08/13/2021,	0448626,08/09/2021,General Medical Inpatient Unit,22.0,Female,BSN,3.0 - 3.49,,,No,,No,,,,25796,Xavier University,3.25
Emory Saint Joseph’s Hospital,	07/15/2019,	0436135,07/15/2019,Medical/Surgical Intermediate Unit,24.0,Female,BSN,3.5 And Above,Full-time,,No,,Yes,09/14/2020,1.16986301369863,Relocating out of area,25797,Xavier University,3.75
